Check,Name,Electorate,LAB,CON,REF,RESTORE,LD,GRN,OTHER,SNP,PLAID,OTH,UKIP,BNP,RES,Total,Winner,prev_Electorate,prev_LAB,prev_CON,prev_REF,prev_RESTORE,prev_LD,prev_GRN,prev_OTHER,prev_SNP,prev_PLAID,prev_OTH,prev_UKIP,prev_BNP,prev_RES,prev_TOTAL
Aberafan Maesteg,Aberafan Maesteg,72525,10875,643,10213,1495,603,1648,221,0,10058,,,,,35756,LAB,72525,17838.0,2903.0,7484.0,0,916.0,1094.0,801.0,,4719.0,,,,,35755
Aberdeen North,Aberdeen North,76018,7988,3890,6466,569,2697,4910,632,14773,0,,,,,41925,SNP,76018,12773.0,5881.0,3781.0,0,2583.0,1275.0,1269.0,14552.0,,,,,,42114
Aberdeen South,Aberdeen South,77370,8512,18375,2360,480,2341,1922,236,11959,0,,,,,46185,CON,77370,11455.0,11300.0,3199.0,0,2921.0,1609.0,648.0,15213.0,,,,,,46345
Aberdeenshire North and Moray East,Aberdeenshire North and Moray East,70069,2123,9258,8880,836,2528,2192,0,12093,0,,,,,37910,SNP,70069,3876.0,12513.0,5562.0,0,2782.0,,,13455.0,,,,,,38188
Airdrie and Shotts,Airdrie and Shotts,70241,11464,2304,6619,445,1072,2725,367,11522,0,,,,,36518,SNP,70241,18871.0,1696.0,2971.0,0,725.0,,1079.0,11324.0,,,,,,36666
Aldershot,Aldershot,78550,14899,13777,11897,1775,2449,3524,174,0,0,,,,,48495,LAB,78550,19764.0,14081.0,8210.0,0,4052.0,2155.0,282.0,,,,,,,48544
Aldridge-Brownhills,Aldridge-Brownhills,70403,7619,14320,12967,2006,1303,2761,0,0,0,,,,,40976,CON,70403,11670.0,15901.0,9903.0,0,1755.0,1746.0,,,,,,,,40975
Alloa and Grangemouth,Alloa and Grangemouth,70670,10989,2100,7684,569,1297,3729,598,14005,0,,,,,40971,SNP,70670,18039.0,3127.0,3804.0,0,1151.0,1421.0,1742.0,11917.0,,,,,,41201
Altrincham and Sale West,Altrincham and Sale West,74031,16001,18844,7108,1119,3010,4936,382,0,0,,,,,51400,CON,74031,20798.0,16624.0,4961.0,0,4727.0,3699.0,643.0,,,,,,,51452
Alyn and Deeside,Alyn and Deeside,75727,9587,4145,13387,1918,1351,3589,447,0,8968,,,,,43392,REF,75727,18395.0,7892.0,9601.0,0,2065.0,1926.0,1575.0,,1938.0,,,,,43392
Amber Valley,Amber Valley,71480,11483,6628,17690,2646,1062,3022,0,0,0,,,,,42531,REF,71480,15746.0,10725.0,12192.0,0,1590.0,2278.0,,,,,,,,42531
Angus and Perthshire Glens,Angus and Perthshire Glens,76614,4411,9597,8264,490,3134,2632,355,18302,0,,,,,47185,SNP,76614,6799.0,14272.0,3246.0,0,3156.0,,733.0,19142.0,,,,,,47348
Arbroath and Broughty Ferry,Arbroath and Broughty Ferry,76195,8545,4014,7637,569,2512,2866,463,17321,0,,,,,43927,SNP,76195,14722.0,6841.0,3800.0,0,2249.0,,924.0,15581.0,,,,,,44117
"Argyll, Bute and South Lochaber","Argyll, Bute and South Lochaber",72124,5268,5641,7443,458,7173,2531,471,15680,0,,,,,44665,SNP,72124,8585.0,9350.0,3045.0,0,7359.0,,941.0,15582.0,,,,,,44862
Arundel and South Downs,Arundel and South Downs,77977,7134,20593,10756,1706,7691,6728,133,0,0,,,,,54741,CON,77977,9782.0,22001.0,7391.0,0,9867.0,5515.0,184.0,,,,,,,54740
Ashfield,Ashfield,68879,9344,3391,17315,2802,609,2114,4308,0,0,,,,,39883,REF,68879,11554.0,3271.0,17062.0,0,619.0,1100.0,6276.0,,,,,,,39882
Ashford,Ashford,76258,12042,12358,13019,2039,1554,5300,663,0,0,,,,,46975,REF,76258,15262.0,13483.0,10141.0,0,2445.0,4355.0,1289.0,,,,,,,46975
Ashton-under-Lyne,Ashton-under-Lyne,71064,12636,3503,11346,1755,1020,3445,1755,0,0,,,,,35460,LAB,71064,15575.0,4375.0,8784.0,0,1411.0,2481.0,2835.0,,,,,,,35461
Aylesbury,Aylesbury,79144,12198,14371,10994,1520,6607,3865,385,0,0,,,,,49940,CON,79144,15081.0,14451.0,6746.0,0,10440.0,2590.0,632.0,,,,,,,49940
"Ayr, Carrick and Cumnock","Ayr, Carrick and Cumnock",70336,9239,4798,8307,534,1137,3132,170,13440,0,,,,,40757,SNP,70336,14930.0,9247.0,3544.0,0,1081.0,886.0,472.0,10776.0,,,,,,40936
Banbury,Banbury,73218,13757,12529,12348,1703,2667,4377,748,0,0,,,,,48129,LAB,73218,18468.0,15212.0,6284.0,0,4352.0,2615.0,1247.0,,,,,,,48178
Bangor Aberconwy,Bangor Aberconwy,70490,7940,5257,9144,1216,1000,2266,156,0,14169,,,,,41148,PLAID,70490,14008.0,9036.0,6091.0,0,1524.0,1361.0,528.0,,9112.0,,,,,41660
Barking,Barking,79818,13847,4330,5128,561,1397,7152,4062,0,0,,,,,36477,LAB,79818,16227.0,4294.0,5173.0,0,1015.0,4988.0,4780.0,,,,,,,36477
Barnsley North,Barnsley North,78444,13317,2303,14564,2340,1101,2531,738,0,0,,,,,36894,REF,78444,18610.0,3083.0,10799.0,0,1336.0,1805.0,1261.0,,,,,,,36894
Barnsley South,Barnsley South,75993,11817,2484,14362,2406,879,2458,641,0,0,,,,,35047,REF,75993,16399.0,3247.0,11651.0,0,1172.0,1521.0,1092.0,,,,,,,35082
Barrow and Furness,Barrow and Furness,74992,12604,6247,16578,2019,1279,3341,154,0,0,,,,,42222,REF,74992,18537.0,13213.0,7035.0,0,1680.0,1466.0,290.0,,,,,,,42221
Basildon and Billericay,Basildon and Billericay,76868,8447,11919,14720,1876,1617,3122,381,0,0,,,,,42082,REF,76868,12885.0,12905.0,11354.0,0,2292.0,2123.0,565.0,,,,,,,42124
Basingstoke,Basingstoke,78508,15541,10638,13674,1641,2161,4977,357,0,0,,,,,48989,LAB,78508,20922.0,14438.0,6314.0,0,3176.0,3568.0,571.0,,,,,,,48989
Bassetlaw,Bassetlaw,78184,12969,6638,17841,2420,1416,3549,0,0,0,,,,,44833,REF,78184,18476.0,12708.0,9751.0,0,1996.0,1947.0,,,,,,,,44878
Bath,Bath,69652,5461,7153,6846,1016,18022,8201,1431,0,0,,,,,48130,LD,69652,8665.0,7659.0,3798.0,0,19883.0,5952.0,2173.0,,,,,,,48130
Bathgate and Linlithgow,Bathgate and Linlithgow,72152,12316,2830,7058,530,2177,3839,218,12920,0,,,,,41888,SNP,72152,19774.0,3144.0,3524.0,0,2171.0,1390.0,611.0,11451.0,,,,,,42065
Battersea,Battersea,72769,18523,11332,2812,573,4676,8084,1081,0,0,,,,,47081,LAB,72769,22983.0,10944.0,2825.0,0,4826.0,4239.0,1265.0,,,,,,,47082
Beaconsfield,Beaconsfield,72753,4962,20117,7477,1219,9648,3570,733,0,0,,,,,47726,CON,72753,7216.0,18494.0,6055.0,0,13039.0,1977.0,945.0,,,,,,,47726
Beckenham and Penge,Beckenham and Penge,77115,21012,13224,7748,989,3198,6050,0,0,0,,,,,52221,LAB,77115,25753.0,12848.0,5355.0,0,4436.0,3830.0,,,,,,,,52222
Bedford,Bedford,72720,15329,6748,9217,1116,2804,3885,1559,0,0,,,,,40658,LAB,72720,18342.0,8912.0,4548.0,0,4025.0,2394.0,2438.0,,,,,,,40659
Bermondsey and Old Southwark,Bermondsey and Old Southwark,69506,15225,3851,2947,438,5162,9393,588,0,0,,,,,37604,LAB,69506,16857.0,2879.0,3397.0,0,9070.0,4477.0,923.0,,,,,,,37603
"Berwickshire, Roxburgh and Selkirk","Berwickshire, Roxburgh and Selkirk",76449,3585,16270,7147,503,3067,4083,86,11651,0,,,,,46392,CON,76449,6311.0,18872.0,3340.0,0,3686.0,1526.0,550.0,12273.0,,,,,,46558
Bethnal Green and Stepney,Bethnal Green and Stepney,81408,18146,2566,1504,371,2081,9779,12199,0,0,,,,,46646,LAB,81408,15896.0,1920.0,1964.0,0,4777.0,6391.0,15699.0,,,,,,,46647
Beverley and Holderness,Beverley and Holderness,71950,10563,13326,13917,1973,2141,2467,511,0,0,,,,,44898,REF,71950,15377.0,15501.0,8198.0,0,3386.0,1647.0,788.0,,,,,,,44897
Bexhill and Battle,Bexhill and Battle,72130,10179,14783,13116,1820,2229,4072,1552,0,0,,,,,47751,CON,72130,13529.0,16186.0,7929.0,0,3473.0,2972.0,3661.0,,,,,,,47750
Bexleyheath and Crayford,Bexleyheath and Crayford,70325,12145,12373,12393,1421,1549,3580,0,0,0,,,,,43461,REF,70325,15717.0,13603.0,9861.0,0,2204.0,2076.0,,,,,,,,43461
Bicester and Woodstock,Bicester and Woodstock,74288,4225,12994,10227,1517,17168,3875,213,0,0,,,,,50219,LD,74288,8236.0,14461.0,5408.0,0,19419.0,2404.0,291.0,,,,,,,50219
Birkenhead,Birkenhead,77859,16366,1768,12185,1524,1674,9404,212,0,0,,,,,43133,LAB,77859,22468.0,3238.0,6142.0,0,2292.0,8670.0,324.0,,,,,,,43134
Birmingham Edgbaston,Birmingham Edgbaston,71838,15366,8414,4411,787,1700,4622,2129,0,0,,,,,37429,LAB,71838,16599.0,8231.0,4363.0,0,2102.0,2797.0,3336.0,,,,,,,37428
Birmingham Erdington,Birmingham Erdington,76639,12544,4732,9119,1286,988,3676,1453,0,0,,,,,33798,LAB,76639,14774.0,5402.0,7755.0,0,1128.0,2452.0,2287.0,,,,,,,33798
Birmingham Hall Green and Moseley,Birmingham Hall Green and Moseley,76905,14755,4034,1984,475,2495,5658,12163,0,0,,,,,41564,LAB,76905,12798.0,3845.0,2305.0,0,4711.0,3913.0,14034.0,,,,,,,41606
Birmingham Hodge Hill and Solihull North,Birmingham Hodge Hill and Solihull North,77758,10995,4254,6973,1061,763,3049,7041,0,0,,,,,34136,LAB,77758,10655.0,4634.0,6456.0,0,942.0,2360.0,9089.0,,,,,,,34136
Birmingham Ladywood,Birmingham Ladywood,83704,15555,2108,1182,281,561,7447,9445,0,0,,,,,36579,LAB,83704,15558.0,2218.0,1477.0,0,1711.0,3478.0,12137.0,,,,,,,36579
Birmingham Northfield,Birmingham Northfield,74118,11535,7929,11039,1650,1276,3810,412,0,0,,,,,37651,LAB,74118,14929.0,9540.0,7895.0,0,1791.0,2809.0,688.0,,,,,,,37652
Birmingham Perry Barr,Birmingham Perry Barr,76325,13238,4200,2060,376,1248,4014,12339,0,0,,,,,37475,LAB,76325,12796.0,4227.0,2446.0,0,1302.0,2440.0,14265.0,,,,,,,37476
Birmingham Selly Oak,Birmingham Selly Oak,75635,14062,5849,6508,1087,1628,7472,1779,0,0,,,,,38385,LAB,75635,17371.0,5834.0,5732.0,0,2324.0,4320.0,2842.0,,,,,,,38423
Birmingham Yardley,Birmingham Yardley,73165,13123,4105,4354,878,2482,2987,8214,0,0,,,,,36143,LAB,73165,11275.0,3634.0,5061.0,0,3634.0,1958.0,10582.0,,,,,,,36144
Bishop Auckland,Bishop Auckland,70800,11489,7143,14834,2233,1150,3346,191,0,0,,,,,40386,REF,70800,17036.0,10364.0,9466.0,0,1373.0,1857.0,331.0,,,,,,,40427
Blackburn,Blackburn,73233,8582,3174,5403,1027,724,4608,15370,0,0,,,,,38888,OTHER,73233,10386.0,3474.0,4844.0,0,689.0,1416.0,18078.0,,,,,,,38887
Blackley and Middleton South,Blackley and Middleton South,72142,13219,3454,7304,1136,1584,4643,0,0,0,,,,,31340,LAB,72142,16864.0,3073.0,6614.0,0,1592.0,3197.0,,,,,,,,31340
Blackpool North and Fleetwood,Blackpool North and Fleetwood,73350,12453,6347,17615,2197,938,1942,276,0,0,,,,,41768,REF,73350,16744.0,12097.0,9913.0,0,1318.0,1269.0,469.0,,,,,,,41810
Blackpool South,Blackpool South,77488,12423,3726,13943,2075,783,1947,283,0,0,,,,,35180,REF,77488,16916.0,5504.0,10068.0,0,1041.0,1207.0,444.0,,,,,,,35180
Blaenau Gwent and Rhymney,Blaenau Gwent and Rhymney,70074,7510,780,9242,0,815,2037,800,0,8708,,,,,29892,REF,70074,16027.0,3776.0,,0,1268.0,1719.0,3288.0,,3844.0,,,,,29922
Blaydon and Consett,Blaydon and Consett,70477,14484,4729,15122,2242,1818,3700,78,0,0,,,,,42173,REF,70477,21160.0,6052.0,10007.0,0,2273.0,2589.0,135.0,,,,,,,42216
Blyth and Ashington,Blyth and Ashington,76662,13699,3633,15958,2409,1073,3629,0,0,0,,,,,40401,REF,76662,20030.0,6121.0,10857.0,0,1433.0,1960.0,,,,,,,,40401
Bognor Regis and Littlehampton,Bognor Regis and Littlehampton,76892,9168,11831,17524,2301,3322,3196,485,0,0,,,,,47827,REF,76892,13913.0,15678.0,10262.0,0,5081.0,2185.0,708.0,,,,,,,47827
Bolsover,Bolsover,77152,11975,5698,16877,2400,1315,4126,0,0,0,,,,,42391,REF,77152,17197.0,10874.0,9131.0,0,1478.0,3754.0,,,,,,,,42434
Bolton North East,Bolton North East,79998,13449,8771,11555,1864,1068,5387,1265,0,0,,,,,43359,LAB,79998,16166.0,9513.0,9428.0,0,1507.0,4683.0,2062.0,,,,,,,43359
Bolton South and Walkden,Bolton South and Walkden,79590,14515,3960,9049,1466,1043,3640,3258,0,0,,,,,36931,LAB,79590,15093.0,4170.0,8350.0,0,1384.0,2827.0,5106.0,,,,,,,36930
Bolton West,Bolton West,75172,13718,11901,11092,1772,1225,4757,133,0,0,,,,,44598,LAB,75172,17363.0,12418.0,8517.0,0,1966.0,4132.0,202.0,,,,,,,44598
Bootle,Bootle,73082,16966,1781,13161,1094,1107,4490,243,0,0,,,,,38842,LAB,73082,26729.0,1674.0,4746.0,0,1301.0,3904.0,526.0,,,,,,,38880
Boston and Skegness,Boston and Skegness,75758,5827,10353,17542,2691,1177,2101,764,0,0,,,,,40455,REF,75758,7629.0,13510.0,15520.0,0,1375.0,1506.0,915.0,,,,,,,40455
Bournemouth East,Bournemouth East,72318,14613,8472,13281,1455,2076,4046,967,0,0,,,,,44910,LAB,72318,18316.0,12837.0,6268.0,0,3082.0,2790.0,1617.0,,,,,,,44910
Bournemouth West,Bournemouth West,70263,11103,10698,9803,1426,2571,3606,212,0,0,,,,,39419,LAB,70263,14365.0,11141.0,6647.0,0,4311.0,2614.0,340.0,,,,,,,39418
Bracknell,Bracknell,71629,11571,13369,10877,1520,2842,3222,393,0,0,,,,,43794,CON,71629,14783.0,13999.0,7445.0,0,4768.0,2166.0,676.0,,,,,,,43837
Bradford East,Bradford East,75052,15473,3563,4755,960,1345,4053,7067,0,0,,,,,37216,LAB,75052,14098.0,3450.0,4952.0,0,1910.0,2571.0,10235.0,,,,,,,37216
Bradford South,Bradford South,71058,11034,4009,9125,1461,711,3885,2817,0,0,,,,,33042,LAB,71058,11833.0,4853.0,7441.0,0,954.0,3366.0,4595.0,,,,,,,33042
Bradford West,Bradford West,77901,13112,2883,2564,507,624,4531,12859,0,0,,,,,37080,LAB,77901,11724.0,3055.0,2958.0,0,756.0,3690.0,14898.0,,,,,,,37081
Braintree,Braintree,77698,8906,16556,14980,2325,1958,3776,527,0,0,,,,,49028,CON,77698,13744.0,17414.0,11346.0,0,2879.0,2878.0,767.0,,,,,,,49028
"Brecon, Radnor and Cwm Tawe","Brecon, Radnor and Cwm Tawe",73073,3688,2124,11536,1313,13313,2375,98,0,5676,,,,,40123,LD,73073,9904.0,12264.0,6567.0,0,13736.0,1188.0,609.0,,2280.0,,,,,46548
Brent East,Brent East,77622,16799,6781,1789,313,2718,6252,3149,0,0,,,,,37801,LAB,77622,19370.0,6323.0,2024.0,0,2635.0,3729.0,3721.0,,,,,,,37802
Brent West,Brent West,80030,15273,14806,1600,206,2070,5706,1715,0,0,,,,,41376,LAB,80030,17258.0,13465.0,2061.0,0,3013.0,2805.0,2774.0,,,,,,,41376
Brentford and Isleworth,Brentford and Isleworth,79392,18981,10856,3592,572,2909,6246,2054,0,0,,,,,45210,LAB,79392,20007.0,10183.0,3940.0,0,3863.0,4029.0,3232.0,,,,,,,45254
Brentwood and Ongar,Brentwood and Ongar,75400,7005,19730,12954,1539,3972,2986,146,0,0,,,,,48332,CON,75400,11082.0,17731.0,11751.0,0,5809.0,1770.0,189.0,,,,,,,48332
Bridgend,Bridgend,73289,9314,3374,12231,1580,940,2482,942,0,10512,,,,,41375,REF,73289,16516.0,6764.0,7921.0,0,1446.0,1760.0,3338.0,,3629.0,,,,,41374
Bridgwater,Bridgwater,71531,6716,9076,15365,2169,3860,2575,367,0,0,,,,,40128,REF,71531,10932.0,12281.0,8913.0,0,5781.0,1720.0,502.0,,,,,,,40129
Bridlington and The Wolds,Bridlington and The Wolds,74656,7313,12359,15474,2353,2130,2388,920,0,0,,,,,42937,REF,74656,11721.0,14846.0,10350.0,0,3097.0,1595.0,1328.0,,,,,,,42937
Brigg and Immingham,Brigg and Immingham,73037,7923,14307,14393,2371,996,2518,0,0,0,,,,,42508,REF,73037,12662.0,15905.0,10594.0,0,1442.0,1905.0,,,,,,,,42508
Brighton Kemptown and Peacehaven,Brighton Kemptown and Peacehaven,68726,13777,3087,10151,1069,2448,9459,654,0,0,,,,,40645,LAB,68726,17893.0,8230.0,,0,3949.0,7997.0,2617.0,,,,,,,40686
Brighton Pavilion,Brighton Pavilion,74804,11042,1666,5938,838,1741,30605,534,0,0,,,,,52364,GRN,74804,14519.0,3975.0,2836.0,0,1604.0,28809.0,620.0,,,,,,,52363
Bristol Central,Bristol Central,62756,11203,1393,2118,354,1548,26564,184,0,0,,,,,43364,GRN,62756,14132.0,1998.0,1338.0,0,1162.0,24539.0,196.0,,,,,,,43365
Bristol East,Bristol East,75962,15263,1943,9359,1320,1828,15780,570,0,0,,,,,46063,GRN,75962,20748.0,6435.0,,0,2713.0,14142.0,2071.0,,,,,,,46109
Bristol North East,Bristol North East,70098,14932,3865,10512,1381,1569,8776,954,0,0,,,,,41989,LAB,70098,19004.0,6216.0,5418.0,0,1964.0,7837.0,1550.0,,,,,,,41989
Bristol North West,Bristol North West,74217,18231,4973,11245,1321,2923,9621,150,0,0,,,,,48464,LAB,74217,24058.0,6773.0,4863.0,0,4159.0,8389.0,222.0,,,,,,,48464
Bristol South,Bristol South,75483,13389,1344,12731,1672,1678,12493,96,0,0,,,,,43403,LAB,75483,18521.0,4947.0,6195.0,0,2721.0,10855.0,164.0,,,,,,,43403
Broadland and Fakenham,Broadland and Fakenham,76883,10185,16113,13329,2138,3625,4123,0,0,0,,,,,49513,CON,76883,15603.0,16322.0,8859.0,0,5526.0,3203.0,,,,,,,,49513
Bromley and Biggin Hill,Bromley and Biggin Hill,70676,11309,16239,11084,1035,2921,4090,64,0,0,,,,,46742,CON,70676,15627.0,15929.0,8203.0,0,4352.0,2583.0,94.0,,,,,,,46788
Bromsgrove,Bromsgrove,76487,9078,17185,13540,1950,4779,2733,1139,0,0,,,,,50404,CON,76487,13517.0,16533.0,9584.0,0,7391.0,1675.0,1705.0,,,,,,,50405
Broxbourne,Broxbourne,75222,9328,14251,12117,1572,1874,3639,171,0,0,,,,,42952,CON,75222,12952.0,15810.0,8782.0,0,2688.0,2461.0,259.0,,,,,,,42952
Broxtowe,Broxtowe,71936,14758,8663,13944,1908,2431,5275,860,0,0,,,,,47839,LAB,71936,19561.0,11158.0,8402.0,0,3807.0,3488.0,1422.0,,,,,,,47838
Buckingham and Bletchley,Buckingham and Bletchley,75113,14072,16445,8548,1587,2643,4007,292,0,0,,,,,47594,CON,75113,17602.0,15181.0,7468.0,0,4300.0,2590.0,500.0,,,,,,,47641
Burnley,Burnley,74941,10254,6724,11456,1772,4371,4751,351,0,0,,,,,39679,REF,74941,12598.0,8058.0,7755.0,0,9178.0,1518.0,612.0,,,,,,,39719
Burton and Uttoxeter,Burton and Uttoxeter,77994,12668,11984,13644,2162,1054,2889,1226,0,0,,,,,45627,REF,77994,16222.0,13956.0,9611.0,0,1663.0,2119.0,2056.0,,,,,,,45627
Bury North,Bury North,77679,16025,10557,12025,1687,929,2575,1722,0,0,,,,,45520,LAB,77679,19625.0,12681.0,7385.0,0,1317.0,1747.0,2765.0,,,,,,,45520
Bury South,Bury South,75382,13886,12762,6908,1458,1484,4681,1036,0,0,,,,,42215,LAB,75382,19247.0,9886.0,6865.0,0,1796.0,2715.0,1705.0,,,,,,,42214
Bury St Edmunds and Stowmarket,Bury St Edmunds and Stowmarket,78417,13066,10866,15518,2101,1961,6806,524,0,0,,,,,50842,REF,78417,16745.0,15293.0,8595.0,0,3154.0,5761.0,1345.0,,,,,,,50893
Caerfyrddin,Caerfyrddin,74032,5763,5190,10281,1386,1167,2349,201,0,19267,,,,,45604,PLAID,74032,10985.0,8825.0,6944.0,0,1461.0,1371.0,498.0,,15520.0,,,,,45604
Caerphilly,Caerphilly,72688,7935,1431,10365,1552,1166,2149,0,0,13636,,,,,38234,PLAID,72688,14538.0,4385.0,7754.0,0,1788.0,1650.0,,,8119.0,,,,,38234
"Caithness, Sutherland and Easter Ross","Caithness, Sutherland and Easter Ross",74708,2313,1496,8198,504,20339,4106,0,8923,0,,,,,45879,LD,74708,3409.0,1860.0,3360.0,0,22736.0,1641.0,795.0,12247.0,,,,,,46048
Calder Valley,Calder Valley,77684,15751,10788,14220,1891,1960,4637,362,0,0,,,,,49609,LAB,77684,22046.0,13055.0,7644.0,0,2587.0,3701.0,575.0,,,,,,,49608
Camborne and Redruth,Camborne and Redruth,74315,14367,7142,16707,2236,2717,4013,556,0,0,,,,,47738,REF,74315,19360.0,11554.0,8952.0,0,4113.0,2840.0,966.0,,,,,,,47785
Cambridge,Cambridge,70283,14162,3985,4468,243,5429,12678,1135,0,0,,,,,42100,LAB,70283,19614.0,5073.0,,0,8536.0,6842.0,2035.0,,,,,,,42100
Cannock Chase,Cannock Chase,76976,11442,8084,17430,2540,724,2733,0,0,0,,,,,42953,REF,76976,15671.0,12546.0,11570.0,0,1029.0,2137.0,,,,,,,,42953
Canterbury,Canterbury,71131,15285,11211,9555,1394,2413,7201,171,0,0,,,,,47230,LAB,71131,19531.0,10878.0,6805.0,0,3812.0,5920.0,285.0,,,,,,,47231
Cardiff East,Cardiff East,72854,6856,1825,6078,994,4832,9071,42,0,7845,,,,,37543,GRN,72854,15833.0,3913.0,4980.0,0,6736.0,3916.0,195.0,,3550.0,,,,,39123
Cardiff North,Cardiff North,71495,10756,9067,6258,1196,1900,5541,0,0,11975,,,,,46693,PLAID,71495,20849.0,9642.0,5985.0,0,3168.0,3160.0,,,4669.0,,,,,47473
Cardiff South and Penarth,Cardiff South and Penarth,73089,6293,4032,4199,901,1613,13857,0,0,7079,,,,,37974,GRN,73089,17428.0,5459.0,4493.0,0,2908.0,5661.0,,,3227.0,,,,,39176
Cardiff West,Cardiff West,75730,9506,4472,8375,1128,1249,4462,388,0,15178,,,,,44758,PLAID,75730,16442.0,6835.0,5626.0,0,1921.0,3157.0,1353.0,,9423.0,,,,,44757
Carlisle,Carlisle,77930,13426,6359,18234,2360,1961,3197,442,0,0,,,,,45979,REF,77930,18129.0,12929.0,9295.0,0,2982.0,1922.0,722.0,,,,,,,45979
Carshalton and Wallington,Carshalton and Wallington,74315,3377,14554,6261,1193,17103,3639,543,0,0,,,,,46670,LD,74315,6108.0,12221.0,5941.0,0,20126.0,1517.0,757.0,,,,,,,46670
Castle Point,Castle Point,71036,5862,12639,16269,2160,975,2728,0,0,0,,,,,40633,REF,71036,9455.0,15485.0,12234.0,0,1341.0,2118.0,,,,,,,,40633
Central Ayrshire,Central Ayrshire,69378,11001,3607,7724,516,1180,3178,172,13870,0,,,,,41248,SNP,69378,18091.0,6147.0,3420.0,0,983.0,1039.0,517.0,11222.0,,,,,,41419
Central Devon,Central Devon,75256,11415,18014,12003,1998,5325,4370,308,0,0,,,,,53433,CON,75256,16770.0,16831.0,7784.0,0,8232.0,3338.0,477.0,,,,,,,53432
Central Suffolk and North Ipswich,Central Suffolk and North Ipswich,72877,7051,14446,12432,1974,3376,6772,372,0,0,,,,,46423,CON,72877,10854.0,15144.0,8806.0,0,5407.0,5652.0,560.0,,,,,,,46423
Ceredigion Preseli,Ceredigion Preseli,75656,2935,2448,8247,1074,5556,2908,93,0,22995,,,,,46256,PLAID,75656,5386.0,4763.0,5374.0,0,6949.0,1864.0,228.0,,21738.0,,,,,46302
Chatham and Aylesford,Chatham and Aylesford,75082,10868,9124,13481,1916,1483,3476,497,0,0,,,,,40845,REF,75082,13689.0,11691.0,9989.0,0,2175.0,2504.0,797.0,,,,,,,40845
Cheadle,Cheadle,74385,4154,12794,7746,1196,20960,3192,689,0,0,,,,,50731,LD,74385,7909.0,11446.0,5149.0,0,23681.0,1630.0,916.0,,,,,,,50731
Chelmsford,Chelmsford,77189,3409,13640,11048,1555,17231,3403,430,0,0,,,,,50716,LD,77189,6108.0,15461.0,6754.0,0,20214.0,1588.0,591.0,,,,,,,50716
Chelsea and Fulham,Chelsea and Fulham,78526,15952,19857,2407,535,2610,5375,379,0,0,,,,,47115,CON,78526,18556.0,18404.0,3144.0,0,3611.0,2798.0,603.0,,,,,,,47116
Cheltenham,Cheltenham,76101,1699,7931,11799,858,21416,5233,605,0,0,,,,,49541,LD,76101,2665.0,17866.0,,0,25076.0,3160.0,775.0,,,,,,,49542
Chesham and Amersham,Chesham and Amersham,74903,2058,19699,7587,1177,20114,3385,436,0,0,,,,,54456,LD,74903,3502.0,18971.0,5310.0,0,24422.0,1673.0,577.0,,,,,,,54455
Chester North and Neston,Chester North and Neston,70163,16065,6926,12798,1517,1590,5755,0,0,0,,,,,44651,LAB,70163,22258.0,10388.0,5870.0,0,2076.0,4102.0,,,,,,,,44694
Chester South and Eddisbury,Chester South and Eddisbury,74237,10918,21608,10026,1574,3644,3532,1131,0,0,,,,,52433,CON,74237,16848.0,19905.0,6414.0,0,5430.0,2278.0,1611.0,,,,,,,52486
Chesterfield,Chesterfield,71646,14185,3547,16075,2043,1732,3596,377,0,0,,,,,41555,REF,71646,19316.0,8496.0,7897.0,0,2553.0,2682.0,611.0,,,,,,,41555
Chichester,Chichester,78351,1823,10798,11843,1895,21618,3814,157,0,0,,,,,51948,LD,78351,3175.0,13368.0,7859.0,0,25540.0,1815.0,190.0,,,,,,,51947
Chingford and Woodford Green,Chingford and Woodford Green,74177,12351,16953,5582,842,1193,3414,8130,0,0,,,,,48465,CON,74177,12524.0,17281.0,3653.0,0,1275.0,1334.0,12445.0,,,,,,,48512
Chippenham,Chippenham,74187,2289,8848,13446,1728,19191,3566,396,0,0,,,,,49464,LD,74187,3925.0,14414.0,6127.0,0,22552.0,1954.0,540.0,,,,,,,49512
Chipping Barnet,Chipping Barnet,78004,17580,19960,4582,736,1860,5744,346,0,0,,,,,50808,CON,78004,21585.0,18671.0,3986.0,0,2614.0,3442.0,561.0,,,,,,,50859
Chorley,Chorley,74810,3692,1752,8720,0,0,6251,13549,0,0,,,,,33964,OTHER,74810,,,,0,,4663.0,29301.0,,,,,,,33964
Christchurch,Christchurch,71073,5328,13972,15551,1957,6248,2910,1322,0,0,,,,,47288,REF,71073,7762.0,16941.0,8961.0,0,9486.0,1900.0,2285.0,,,,,,,47335
Cities of London and Westminster,Cities of London and Westminster,73132,13303,14789,1460,283,2372,6159,849,0,0,,,,,39215,CON,73132,15302.0,12594.0,2752.0,0,4335.0,2844.0,1388.0,,,,,,,39215
City of Durham,City of Durham,70532,12057,4605,10440,1576,3445,8410,95,0,0,,,,,40628,LAB,70532,19131.0,5221.0,7374.0,0,5920.0,2803.0,178.0,,,,,,,40627
Clacton,Clacton,78695,5606,10044,22681,2960,1675,2576,415,0,0,,,,,45957,REF,78695,7448.0,12820.0,21225.0,0,2016.0,1935.0,514.0,,,,,,,45958
Clapham and Brixton Hill,Clapham and Brixton Hill,74203,19132,4551,2676,484,5822,9598,436,0,0,,,,,42699,LAB,74203,24166.0,4360.0,1758.0,0,6161.0,5768.0,528.0,,,,,,,42741
Clwyd East,Clwyd East,76637,9951,10044,11477,1521,1089,2491,170,0,10747,,,,,47490,REF,76637,18484.0,13862.0,7626.0,0,1859.0,1659.0,599.0,,3733.0,,,,,47822
Clwyd North,Clwyd North,75003,8182,4390,11504,1399,1053,2396,0,0,8252,,,,,37176,REF,75003,14794.0,13598.0,7000.0,0,1685.0,1391.0,,,3159.0,,,,,41627
Coatbridge and Bellshill,Coatbridge and Bellshill,72666,11727,2219,6702,389,1024,4034,214,12293,0,,,,,38602,SNP,72666,19291.0,1382.0,2601.0,0,671.0,1229.0,610.0,12947.0,,,,,,38731
Colchester,Colchester,78639,15003,8142,12160,1511,4120,3910,56,0,0,,,,,44902,LAB,78639,18804.0,10554.0,6664.0,0,6393.0,2414.0,74.0,,,,,,,44903
Colne Valley,Colne Valley,72560,14129,11865,12608,1708,1266,4322,276,0,0,,,,,46174,LAB,72560,18970.0,14007.0,7298.0,0,2007.0,3480.0,459.0,,,,,,,46221
Congleton,Congleton,73222,14483,14084,13637,1883,1730,2855,1452,0,0,,,,,50124,LAB,73222,18875.0,15488.0,8245.0,0,2785.0,2007.0,2725.0,,,,,,,50125
Corby and East Northamptonshire,Corby and East Northamptonshire,78837,14827,9830,16488,2242,1557,4406,238,0,0,,,,,49588,REF,78837,21020.0,14689.0,8760.0,0,2191.0,2507.0,422.0,,,,,,,49589
Coventry East,Coventry East,76110,14518,6435,7373,1282,1387,4477,1542,0,0,,,,,37014,LAB,76110,18308.0,6240.0,6685.0,0,1227.0,2730.0,1824.0,,,,,,,37014
Coventry North West,Coventry North West,75053,16151,7715,9967,1607,1519,4748,322,0,0,,,,,42029,LAB,75053,19696.0,8522.0,7950.0,0,1931.0,3420.0,511.0,,,,,,,42030
Coventry South,Coventry South,76305,15947,10907,5428,944,1903,6576,1027,0,0,,,,,42732,LAB,76305,20361.0,10160.0,5711.0,0,2531.0,2363.0,1605.0,,,,,,,42731
Cowdenbeath and Kirkcaldy,Cowdenbeath and Kirkcaldy,71855,11537,2356,6752,471,1642,3798,440,13661,0,,,,,40657,SNP,71855,18662.0,3203.0,3128.0,0,1593.0,1556.0,1258.0,11414.0,,,,,,40814
Cramlington and Killingworth,Cramlington and Killingworth,76292,15651,6517,15741,2143,1481,3248,614,0,0,,,,,45395,REF,76292,22274.0,8592.0,9454.0,0,1898.0,2144.0,1032.0,,,,,,,45394
Crawley,Crawley,75566,14055,13369,9628,1695,1450,3763,1637,0,0,,,,,45597,LAB,75566,17453.0,12218.0,8447.0,0,2205.0,2621.0,2698.0,,,,,,,45642
Crewe and Nantwich,Crewe and Nantwich,78400,15371,6050,17425,2269,1589,3709,736,0,0,,,,,47149,REF,78400,20837.0,11110.0,9602.0,0,2286.0,2151.0,1211.0,,,,,,,47197
Croydon East,Croydon East,76536,14842,13458,5732,922,2480,6345,0,0,0,,,,,43779,LAB,76536,18541.0,11716.0,5862.0,0,3563.0,4097.0,,,,,,,,43779
Croydon South,Croydon South,74928,12051,22607,5084,832,3210,5008,586,0,0,,,,,49378,CON,74928,17444.0,19757.0,4149.0,0,4384.0,2859.0,785.0,,,,,,,49378
Croydon West,Croydon West,77959,16513,7122,2053,389,3694,7120,1231,0,0,,,,,38122,LAB,77959,20612.0,6386.0,2148.0,0,3667.0,3851.0,1458.0,,,,,,,38122
Cumbernauld and Kirkintilloch,Cumbernauld and Kirkintilloch,70405,11270,1987,6419,473,1450,4281,0,14938,0,,,,,40818,SNP,70405,18513.0,1939.0,3167.0,0,1294.0,1694.0,,14369.0,,,,,,40976
Dagenham and Rainham,Dagenham and Rainham,76509,13393,6144,10987,1042,1047,5792,462,0,0,,,,,38867,LAB,76509,16571.0,6926.0,9398.0,0,1033.0,4184.0,755.0,,,,,,,38867
Darlington,Darlington,70747,12447,6146,17088,1881,1225,3592,0,0,0,,,,,42379,REF,70747,16621.0,14323.0,6852.0,0,1735.0,2847.0,,,,,,,,42378
Dartford,Dartford,75403,12103,12650,11949,1458,1564,4763,0,0,0,,,,,44487,CON,75403,15392.0,14200.0,9523.0,0,2184.0,3189.0,,,,,,,,44488
Daventry,Daventry,80917,9717,20618,12053,2206,4385,4103,0,0,0,,,,,53082,CON,80917,14860.0,17872.0,10636.0,0,6755.0,2959.0,,,,,,,,53082
Derby North,Derby North,71661,14307,7943,11300,1607,1360,4401,0,0,0,,,,,40918,LAB,71661,18619.0,9704.0,7488.0,0,1822.0,3286.0,,,,,,,,40919
Derby South,Derby South,72883,13588,4672,9731,1343,1410,3179,3477,0,0,,,,,37400,LAB,72883,14503.0,5192.0,8501.0,0,1807.0,1899.0,5497.0,,,,,,,37399
Derbyshire Dales,Derbyshire Dales,73350,12929,17135,12191,1938,3021,3670,388,0,0,,,,,51272,CON,73350,17759.0,17409.0,7728.0,0,4860.0,2830.0,686.0,,,,,,,51272
Dewsbury and Batley,Dewsbury and Batley,71694,7521,4107,5901,1190,1090,4212,14049,0,0,,,,,38070,OTHER,71694,8707.0,4182.0,6152.0,0,1340.0,2048.0,15641.0,,,,,,,38070
Didcot and Wantage,Didcot and Wantage,80727,4254,12746,11940,1654,19754,4170,160,0,0,,,,,54678,LD,80727,8045.0,15560.0,6400.0,0,21793.0,2693.0,242.0,,,,,,,54733
Doncaster Central,Doncaster Central,74915,13339,4201,13644,1833,923,3065,939,0,0,,,,,37944,REF,74915,17515.0,7964.0,7886.0,0,1199.0,1880.0,1500.0,,,,,,,37944
Doncaster East and the Isle of Axholme,Doncaster East and the Isle of Axholme,70369,10340,8992,13854,2028,824,2999,95,0,0,,,,,39132,REF,70369,15122.0,12811.0,8487.0,0,1166.0,1400.0,146.0,,,,,,,39132
Doncaster North,Doncaster North,69824,11100,2317,12454,585,941,2830,773,0,0,,,,,31000,REF,69824,16231.0,7105.0,,0,1045.0,1778.0,4843.0,,,,,,,31002
Dorking and Horley,Dorking and Horley,71583,2294,14940,10020,1458,17472,3782,0,0,0,,,,,49966,LD,71583,4053.0,15530.0,6898.0,0,20921.0,2563.0,,,,,,,,49965
Dover and Deal,Dover and Deal,76398,14527,7584,16821,2416,1703,3980,698,0,0,,,,,47729,REF,76398,18940.0,10370.0,11355.0,0,2595.0,3106.0,1409.0,,,,,,,47775
Droitwich and Evesham,Droitwich and Evesham,76948,7238,16584,15469,2152,3329,4664,172,0,0,,,,,49608,CON,76948,10980.0,19975.0,9456.0,0,5131.0,3828.0,239.0,,,,,,,49609
Dudley,Dudley,70326,9748,7798,12643,1904,788,1935,979,0,0,,,,,35795,REF,70326,12215.0,10315.0,9442.0,0,1056.0,1154.0,1614.0,,,,,,,35796
Dulwich and West Norwood,Dulwich and West Norwood,74268,20493,4667,3552,512,3971,11913,270,0,0,,,,,45378,LAB,74268,27356.0,3873.0,1801.0,0,3485.0,8567.0,296.0,,,,,,,45378
Dumfries and Galloway,Dumfries and Galloway,78516,6199,10677,8617,645,1873,3473,85,13991,0,,,,,45560,SNP,78516,11767.0,13527.0,4313.0,0,2092.0,1249.0,230.0,12597.0,,,,,,45775
"Dumfriesshire, Clydesdale and Tweeddale","Dumfriesshire, Clydesdale and Tweeddale",71827,5415,12385,7874,576,2368,3482,82,11799,0,,,,,43981,CON,71827,10140.0,14999.0,3822.0,0,2800.0,1448.0,208.0,10757.0,,,,,,44174
Dundee Central,Dundee Central,74279,9194,1400,5124,355,2472,4976,726,14482,0,,,,,38729,SNP,74279,14869.0,1569.0,2363.0,0,2402.0,,2101.0,15544.0,,,,,,38848
Dunfermline and Dollar,Dunfermline and Dollar,72772,12940,2979,6552,434,2918,4579,232,13758,0,,,,,44392,SNP,72772,20336.0,3297.0,2887.0,0,3181.0,2078.0,663.0,12095.0,,,,,,44537
Dunstable and Leighton Buzzard,Dunstable and Leighton Buzzard,76741,11673,12705,12837,1753,3787,3235,55,0,0,,,,,46045,REF,76741,14976.0,14309.0,8071.0,0,6497.0,2115.0,77.0,,,,,,,46045
Dwyfor Meirionnydd,Dwyfor Meirionnydd,73047,3151,1261,8218,969,1099,2264,113,0,23279,,,,,40354,PLAID,73047,5912.0,4712.0,4857.0,0,1381.0,1448.0,297.0,,21788.0,,,,,40395
Ealing Central and Acton,Ealing Central and Acton,78438,18590,9401,2826,501,5528,8813,2111,0,0,,,,,47770,LAB,78438,22340.0,8345.0,3105.0,0,6056.0,5444.0,2479.0,,,,,,,47769
Ealing North,Ealing North,74743,17507,8701,3990,478,2688,6561,3307,0,0,,,,,43232,LAB,74743,20663.0,8144.0,3948.0,0,2543.0,4056.0,3878.0,,,,,,,43232
Ealing Southall,Ealing Southall,78682,18691,7689,2245,461,3101,8772,5810,0,0,,,,,46769,LAB,78682,23000.0,7207.0,2585.0,0,2832.0,4356.0,6836.0,,,,,,,46816
Earley and Woodley,Earley and Woodley,73580,14279,14281,5825,1017,3601,6444,467,0,0,,,,,45914,CON,73580,18209.0,17361.0,,0,6142.0,3418.0,784.0,,,,,,,45914
Easington,Easington,69464,11264,3393,13530,2149,797,2648,543,0,0,,,,,34324,REF,69464,16774.0,3753.0,10232.0,0,811.0,1173.0,1581.0,,,,,,,34324
East Grinstead and Uckfield,East Grinstead and Uckfield,75325,8288,13365,11161,863,8396,6530,1790,0,0,,,,,50393,CON,75325,10440.0,19319.0,,0,10839.0,5277.0,4518.0,,,,,,,50393
East Ham,East Ham,79271,17846,4271,953,180,1221,6877,6506,0,0,,,,,37854,LAB,79271,19570.0,3876.0,1340.0,0,1210.0,4226.0,7670.0,,,,,,,37892
East Hampshire,East Hampshire,70771,2781,14002,13127,1555,14996,3262,332,0,0,,,,,50055,LD,70771,4967.0,18509.0,6476.0,0,17234.0,2404.0,516.0,,,,,,,50106
East Kilbride and Strathaven,East Kilbride and Strathaven,76443,13841,3104,7033,504,1371,4620,211,15855,0,,,,,46539,SNP,76443,22682.0,3547.0,3377.0,0,1074.0,1811.0,591.0,13625.0,,,,,,46707
East Renfrewshire,East Renfrewshire,74631,13809,7149,5279,355,1438,5059,473,16647,0,,,,,50209,SNP,74631,21935.0,8494.0,2360.0,0,1150.0,1510.0,1364.0,13514.0,,,,,,50327
East Surrey,East Surrey,73317,6656,18921,10921,1460,5942,4214,1082,0,0,,,,,49196,CON,73317,10052.0,17502.0,8380.0,0,8833.0,2957.0,1472.0,,,,,,,49196
East Thanet,East Thanet,74935,13211,4813,15719,1963,1033,5373,558,0,0,,,,,42670,REF,74935,17054.0,10083.0,8591.0,0,1365.0,4590.0,1030.0,,,,,,,42713
East Wiltshire,East Wiltshire,74202,8317,17312,10890,1756,5394,3321,203,0,0,,,,,47193,CON,74202,12133.0,16849.0,7885.0,0,8204.0,1844.0,278.0,,,,,,,47193
East Worthing and Shoreham,East Worthing and Shoreham,74700,16373,7652,16274,1804,2088,4435,450,0,0,,,,,49076,LAB,74700,22120.0,12601.0,7169.0,0,3180.0,3246.0,762.0,,,,,,,49078
Eastbourne,Eastbourne,72624,1576,7031,12001,1635,19576,3683,105,0,0,,,,,45607,LD,72624,2689.0,11538.0,6061.0,0,23742.0,1424.0,154.0,,,,,,,45608
Eastleigh,Eastleigh,70015,3767,8446,14374,1586,14493,3427,328,0,0,,,,,46421,LD,70015,7005.0,14424.0,6151.0,0,15970.0,2403.0,467.0,,,,,,,46420
Edinburgh East and Musselburgh,Edinburgh East and Musselburgh,76212,12166,2116,4110,321,1553,12012,116,13072,0,,,,,45466,SNP,76212,18790.0,2598.0,2129.0,0,1949.0,4669.0,365.0,15075.0,,,,,,45575
Edinburgh North and Leith,Edinburgh North and Leith,78316,14820,2645,3967,275,3004,9919,248,14507,0,,,,,49385,LAB,78316,20805.0,3254.0,1818.0,0,3879.0,5417.0,765.0,13537.0,,,,,,49475
Edinburgh South,Edinburgh South,70841,16671,4154,3571,274,2578,9190,457,9793,0,,,,,46688,LAB,70841,24976.0,4001.0,1845.0,0,2746.0,4270.0,1263.0,7725.0,,,,,,46826
Edinburgh South West,Edinburgh South West,73770,12911,4186,4271,315,2437,9646,152,11641,0,,,,,45559,LAB,73770,18663.0,5558.0,2087.0,0,3014.0,3450.0,446.0,12446.0,,,,,,45664
Edinburgh West,Edinburgh West,76488,5426,3055,5236,331,24086,5660,0,8568,0,,,,,52362,LD,76488,7854.0,2897.0,2209.0,0,26645.0,2100.0,591.0,10175.0,,,,,,52471
Edmonton and Winchmore Hill,Edmonton and Winchmore Hill,75728,17090,8271,3318,541,2880,6608,2338,0,0,,,,,41046,LAB,75728,20520.0,7888.0,3501.0,0,2721.0,3681.0,2734.0,,,,,,,41045
Ellesmere Port and Bromborough,Ellesmere Port and Bromborough,70765,16272,2540,15209,1952,1887,3864,156,0,0,,,,,41880,LAB,70765,24186.0,5210.0,7278.0,0,2328.0,2706.0,256.0,,,,,,,41964
Eltham and Chislehurst,Eltham and Chislehurst,73970,15901,12235,9108,1141,1793,4772,571,0,0,,,,,45521,LAB,73970,20069.0,11640.0,7428.0,0,2423.0,3079.0,927.0,,,,,,,45566
Ely and East Cambridgeshire,Ely and East Cambridgeshire,79107,5137,14138,12241,1717,15264,3469,404,0,0,,,,,52370,LD,79107,9160.0,16632.0,6443.0,0,17127.0,2359.0,648.0,,,,,,,52369
Enfield North,Enfield North,78789,17661,8874,5077,812,2704,6508,1811,0,0,,,,,43447,LAB,78789,21368.0,8632.0,5146.0,0,2517.0,3713.0,2116.0,,,,,,,43492
Epping Forest,Epping Forest,72237,9874,13743,8166,607,3388,3767,2208,0,0,,,,,41753,CON,72237,12356.0,18038.0,,0,5268.0,2486.0,3605.0,,,,,,,41753
Epsom and Ewell,Epsom and Ewell,76472,4515,16433,9933,1235,18362,3355,693,0,0,,,,,54526,LD,76472,8325.0,16988.0,5795.0,0,20674.0,1745.0,998.0,,,,,,,54525
Erewash,Erewash,71848,12653,5632,16957,2252,1612,3692,208,0,0,,,,,43006,REF,71848,17224.0,11365.0,9162.0,0,2426.0,2478.0,351.0,,,,,,,43006
Erith and Thamesmead,Erith and Thamesmead,78711,17489,5772,6204,789,2321,6699,1064,0,0,,,,,40338,LAB,78711,22246.0,5564.0,5944.0,0,1872.0,3482.0,1271.0,,,,,,,40379
Esher and Walton,Esher and Walton,74010,1726,15858,7903,1065,23602,3562,163,0,0,,,,,53879,LD,74010,2846.0,16312.0,4777.0,0,28315.0,1396.0,234.0,,,,,,,53880
Exeter,Exeter,67782,12918,4165,9502,1208,2592,9386,383,0,0,,,,,40154,LAB,67782,18225.0,6288.0,4914.0,0,4201.0,5907.0,660.0,,,,,,,40195
Exmouth and Exeter East,Exmouth and Exeter East,80183,10712,11743,15317,1847,7524,3431,742,0,0,,,,,51316,REF,80183,14607.0,14728.0,7085.0,0,11387.0,2331.0,1178.0,,,,,,,51316
Falkirk,Falkirk,73618,11162,2421,7245,505,1263,4209,415,15237,0,,,,,42457,SNP,73618,18343.0,3576.0,3375.0,0,1092.0,1711.0,1181.0,13347.0,,,,,,42625
Fareham and Waterlooville,Fareham and Waterlooville,76993,7166,14693,16397,2087,6311,3147,323,0,0,,,,,50124,REF,76993,11482.0,17561.0,9084.0,0,9533.0,2036.0,427.0,,,,,,,50123
Farnham and Bordon,Farnham and Bordon,75952,3869,15103,12951,1467,15862,3420,290,0,0,,,,,52962,LD,75952,7328.0,18951.0,6217.0,0,17602.0,2496.0,421.0,,,,,,,53015
Faversham and Mid Kent,Faversham and Mid Kent,74312,9342,14135,13298,2052,2632,5012,123,0,0,,,,,46594,CON,74312,13347.0,14816.0,9884.0,0,4158.0,4218.0,171.0,,,,,,,46594
Feltham and Heston,Feltham and Heston,76225,15325,8420,5230,604,1589,4487,3231,0,0,,,,,38886,LAB,76225,16139.0,8195.0,5130.0,0,1821.0,2543.0,5059.0,,,,,,,38887
Filton and Bradley Stoke,Filton and Bradley Stoke,77607,17041,11700,11159,1520,2342,6555,0,0,0,,,,,50317,LAB,77607,22905.0,12905.0,6819.0,0,3596.0,4142.0,,,,,,,,50367
Finchley and Golders Green,Finchley and Golders Green,77498,17148,20747,1877,522,2483,5841,671,0,0,,,,,49289,CON,77498,21857.0,17276.0,2598.0,0,3375.0,3107.0,1076.0,,,,,,,49289
Folkestone and Hythe,Folkestone and Hythe,70090,11497,9319,14098,2145,1173,4650,321,0,0,,,,,43203,REF,70090,15020.0,11291.0,10685.0,0,1736.0,3954.0,560.0,,,,,,,43246
Forest of Dean,Forest of Dean,72865,11680,13332,14061,2082,1667,5163,57,0,0,,,,,48042,REF,72865,16373.0,16095.0,8194.0,0,2604.0,4735.0,90.0,,,,,,,48091
Frome and East Somerset,Frome and East Somerset,71540,3275,7031,13277,1836,14760,6089,447,0,0,,,,,46715,LD,71540,6416.0,11165.0,6441.0,0,16580.0,5083.0,1031.0,,,,,,,46716
Fylde,Fylde,77339,12888,13925,13234,1834,1321,2711,2047,0,0,,,,,47960,CON,77339,15356.0,15917.0,8295.0,0,2120.0,1560.0,4712.0,,,,,,,47960
Gainsborough,Gainsborough,75787,8341,16207,13718,2235,3260,2748,130,0,0,,,,,46639,CON,75787,13104.0,16636.0,9916.0,0,5001.0,1832.0,196.0,,,,,,,46685
Gateshead Central and Whickham,Gateshead Central and Whickham,69821,13981,3030,12940,1903,3262,4777,324,0,0,,,,,40217,LAB,69821,18245.0,4628.0,8601.0,0,4987.0,3217.0,539.0,,,,,,,40217
Gedling,Gedling,76969,17160,7416,15811,1932,1739,4514,149,0,0,,,,,48721,LAB,76969,23278.0,11397.0,8211.0,0,2473.0,3122.0,241.0,,,,,,,48722
Gillingham and Rainham,Gillingham and Rainham,73464,12127,8840,13063,1782,1556,3396,375,0,0,,,,,41139,REF,73464,15562.0,11590.0,8792.0,0,2248.0,2318.0,630.0,,,,,,,41140
Glasgow East,Glasgow East,68959,10318,1869,4378,356,942,6180,157,11126,0,,,,,35326,SNP,68959,15543.0,1707.0,2371.0,0,872.0,2727.0,466.0,11759.0,,,,,,35445
Glasgow North,Glasgow North,67585,9926,1943,1687,250,967,11788,181,7914,0,,,,,34656,GRN,67585,14655.0,1366.0,1655.0,0,1142.0,4233.0,572.0,11116.0,,,,,,34739
Glasgow North East,Glasgow North East,72534,10172,1305,4420,343,711,5975,314,10738,0,,,,,33978,SNP,72534,15639.0,1182.0,2272.0,0,592.0,2471.0,933.0,11002.0,,,,,,34091
Glasgow South,Glasgow South,70162,11669,1419,4567,261,1276,8122,318,14660,0,,,,,42292,SNP,70162,17696.0,1617.0,1736.0,0,1316.0,5554.0,917.0,13542.0,,,,,,42378
Glasgow South West,Glasgow South West,68859,10116,1656,3935,337,1020,6349,182,11961,0,,,,,35556,SNP,68859,15552.0,1387.0,2236.0,0,958.0,2727.0,542.0,12267.0,,,,,,35669
Glasgow West,Glasgow West,69034,12110,1661,4214,317,1241,8037,106,12109,0,,,,,39795,LAB,69034,18621.0,1720.0,2098.0,0,1316.0,3662.0,310.0,12175.0,,,,,,39902
Glastonbury and Somerton,Glastonbury and Somerton,73295,1629,13642,10098,1923,16328,3975,0,0,0,,,,,47595,LD,73295,3111.0,13753.0,7678.0,0,20364.0,2736.0,,,,,,,,47642
Glenrothes and Mid Fife,Glenrothes and Mid Fife,70722,9669,1766,7202,531,1600,2358,0,12835,0,,,,,35961,SNP,70722,15994.0,1973.0,3528.0,0,1604.0,,,13040.0,,,,,,36139
Gloucester,Gloucester,79464,13569,7112,15540,1829,3079,3442,1121,0,0,,,,,45692,REF,79464,16472.0,13041.0,7307.0,0,4759.0,2307.0,1806.0,,,,,,,45692
Godalming and Ash,Godalming and Ash,76122,1703,18299,12221,1322,18230,2766,154,0,0,,,,,54695,CON,76122,2748.0,23293.0,4815.0,0,22402.0,1243.0,195.0,,,,,,,54696
Goole and Pocklington,Goole and Pocklington,79971,10427,16617,14541,2173,2169,3524,291,0,0,,,,,49742,CON,79971,15409.0,18981.0,9054.0,0,3380.0,2451.0,467.0,,,,,,,49742
Gordon and Buchan,Gordon and Buchan,69863,2442,13417,6347,600,6442,2303,0,12178,0,,,,,43729,CON,69863,4686.0,14418.0,3978.0,0,7307.0,,,13540.0,,,,,,43929
Gorton and Denton,Gorton and Denton,76851,13876,2924,6025,1087,1171,8276,3201,0,0,,,,,36560,LAB,76851,18555.0,2888.0,5142.0,0,1399.0,4810.0,3766.0,,,,,,,36560
Gosport,Gosport,73306,7398,12573,16161,1985,2769,2896,495,0,0,,,,,44277,REF,73306,11776.0,17830.0,7983.0,0,4039.0,1948.0,701.0,,,,,,,44277
Gower,Gower,76175,11467,7183,10476,1710,1601,3278,78,0,11436,,,,,47229,LAB,76175,20480.0,8913.0,8530.0,0,2593.0,2488.0,283.0,,3942.0,,,,,47229
Grantham and Bourne,Grantham and Bourne,73569,8452,14197,14805,2153,1418,3616,1483,0,0,,,,,46124,REF,73569,12274.0,16770.0,9393.0,0,2027.0,2570.0,3091.0,,,,,,,46125
Gravesham,Gravesham,73150,12828,12776,10814,1728,1200,3886,0,0,0,,,,,43232,LAB,73150,16623.0,13911.0,8910.0,0,1534.0,2254.0,,,,,,,,43232
Great Grimsby and Cleethorpes,Great Grimsby and Cleethorpes,76130,11260,3989,16253,2433,741,1740,204,0,0,,,,,36620,REF,76130,15336.0,8269.0,10533.0,0,1036.0,1115.0,330.0,,,,,,,36619
Great Yarmouth,Great Yarmouth,73287,8352,4408,5410,18655,984,2500,439,0,0,,,,,40748,RESTORE,73287,12959.0,10034.0,14385.0,0,1102.0,1736.0,532.0,,,,,,,40748
Greenwich and Woolwich,Greenwich and Woolwich,73023,18974,5836,3530,590,3922,8959,908,0,0,,,,,42719,LAB,73023,23999.0,4863.0,3305.0,0,3865.0,5633.0,1054.0,,,,,,,42719
Guildford,Guildford,70708,2131,16696,5407,992,18568,4276,176,0,0,,,,,48246,LD,70708,3931.0,14508.0,4395.0,0,22937.0,2268.0,255.0,,,,,,,48294
Hackney North and Stoke Newington,Hackney North and Stoke Newington,76990,18327,6382,2185,254,1761,11369,641,0,0,,,,,40919,LAB,76990,24355.0,3457.0,1283.0,0,1562.0,9275.0,1027.0,,,,,,,40959
Hackney South and Shoreditch,Hackney South and Shoreditch,77655,20610,3210,1655,360,2212,12820,835,0,0,,,,,41702,LAB,77655,24724.0,2076.0,1601.0,0,1996.0,9987.0,1317.0,,,,,,,41701
Halesowen,Halesowen,68522,11279,10013,11087,1815,1413,2971,0,0,0,,,,,38578,LAB,68522,15023.0,10659.0,8484.0,0,2261.0,2151.0,,,,,,,,38578
Halifax,Halifax,77770,12124,6475,11159,1691,1483,4967,2314,0,0,,,,,40213,LAB,77770,14135.0,7866.0,7811.0,0,2359.0,4133.0,3910.0,,,,,,,40214
Hamble Valley,Hamble Valley,80482,5119,15863,15535,1844,12011,3464,114,0,0,,,,,53950,CON,80482,8753.0,19671.0,8216.0,0,14869.0,2310.0,185.0,,,,,,,54004
Hamilton and Clyde Valley,Hamilton and Clyde Valley,75419,12813,3494,7386,492,1686,2817,44,13146,0,,,,,41878,SNP,75419,21020.0,4589.0,3299.0,0,1511.0,,117.0,11548.0,,,,,,42084
Hammersmith and Chiswick,Hammersmith and Chiswick,75817,19174,9706,2856,546,4217,8270,1252,0,0,,,,,46021,LAB,75817,24073.0,8783.0,2929.0,0,4292.0,4468.0,1476.0,,,,,,,46021
Hampstead and Highgate,Hampstead and Highgate,79983,19071,13590,1784,446,4263,8813,583,0,0,,,,,48550,LAB,79983,23432.0,8462.0,2940.0,0,6181.0,6630.0,905.0,,,,,,,48550
"Harborough, Oadby and Wigston","Harborough, Oadby and Wigston",77042,12127,19182,8665,1502,3126,5644,139,0,0,,,,,50385,CON,77042,16236.0,18614.0,6332.0,0,4732.0,4269.0,203.0,,,,,,,50386
Harlow,Harlow,74624,12115,12755,12226,1909,946,3258,104,0,0,,,,,43313,CON,74624,16313.0,13809.0,9461.0,0,1350.0,2267.0,157.0,,,,,,,43357
Harpenden and Berkhamsted,Harpenden and Berkhamsted,72255,2364,15794,7961,1078,23339,3635,164,0,0,,,,,54335,LD,72255,4061.0,16574.0,4245.0,0,27282.0,1951.0,223.0,,,,,,,54336
Harrogate and Knaresborough,Harrogate and Knaresborough,77940,2533,9109,14168,1575,20479,3638,561,0,0,,,,,52063,LD,77940,4153.0,15738.0,5679.0,0,23976.0,1762.0,756.0,,,,,,,52064
Harrow East,Harrow East,76565,12095,25360,2212,349,1626,3739,2396,0,0,,,,,47777,CON,76565,13786.0,25466.0,2188.0,0,1511.0,2006.0,2820.0,,,,,,,47777
Harrow West,Harrow West,79931,16844,16097,1973,327,1940,5121,2939,0,0,,,,,45241,LAB,79931,19833.0,13191.0,2639.0,0,2404.0,2438.0,4736.0,,,,,,,45241
Hartlepool,Hartlepool,71450,11672,3876,14427,2009,444,2327,720,0,0,,,,,35475,REF,71450,16414.0,7767.0,8716.0,0,572.0,834.0,1208.0,,,,,,,35511
Harwich and North Essex,Harwich and North Essex,76501,10413,17124,11779,2106,2296,4325,0,0,0,,,,,48043,CON,76501,15360.0,16522.0,9806.0,0,3561.0,2794.0,,,,,,,,48043
Hastings and Rye,Hastings and Rye,75891,14575,5722,14988,1844,1693,6784,385,0,0,,,,,45991,REF,75891,19134.0,10481.0,7401.0,0,2586.0,5761.0,627.0,,,,,,,45990
Havant,Havant,72360,8227,10863,15066,2143,2159,3581,147,0,0,,,,,42186,REF,72360,12894.0,12986.0,9959.0,0,3275.0,2861.0,211.0,,,,,,,42186
Hayes and Harlington,Hayes and Harlington,74398,17185,8486,3720,507,1698,5025,1694,0,0,,,,,38315,LAB,74398,20405.0,8374.0,4114.0,0,1316.0,2131.0,1975.0,,,,,,,38315
Hazel Grove,Hazel Grove,72896,5914,5684,14165,1696,15616,2815,63,0,0,,,,,45953,LD,72896,10828.0,9011.0,6955.0,0,17328.0,1763.0,113.0,,,,,,,45998
Hemel Hempstead,Hemel Hempstead,71027,13142,8847,13750,1577,3201,3590,0,0,0,,,,,44107,REF,71027,16844.0,11987.0,7689.0,0,5096.0,2492.0,,,,,,,,44108
Hendon,Hendon,74874,14419,16786,2382,444,1535,4517,1174,0,0,,,,,41257,CON,74874,15855.0,15840.0,3038.0,0,1966.0,2667.0,1890.0,,,,,,,41256
Henley and Thame,Henley and Thame,73726,2051,18249,7670,1352,19699,3571,564,0,0,,,,,53156,LD,73726,3574.0,17637.0,5213.0,0,23904.0,2008.0,821.0,,,,,,,53157
Hereford and South Herefordshire,Hereford and South Herefordshire,72221,8797,11263,15649,2059,3483,4164,158,0,0,,,,,45573,REF,72221,13592.0,14871.0,8395.0,0,5325.0,3175.0,214.0,,,,,,,45572
Herne Bay and Sandwich,Herne Bay and Sandwich,77874,9389,14574,16306,2292,1826,4392,0,0,0,,,,,48779,REF,77874,14744.0,17243.0,10602.0,0,2709.0,3529.0,,,,,,,,48827
Hertford and Stortford,Hertford and Stortford,78960,15689,15655,12702,1705,2532,5511,161,0,0,,,,,53955,LAB,78960,20808.0,16060.0,8325.0,0,4167.0,4373.0,276.0,,,,,,,54009
Hertsmere,Hertsmere,73517,9619,22438,6498,1176,3315,4463,449,0,0,,,,,47958,CON,73517,13459.0,21451.0,6584.0,0,3710.0,2267.0,536.0,,,,,,,48007
Hexham,Hexham,76442,17582,12628,13619,1107,1963,3438,1491,0,0,,,,,51828,LAB,76442,23988.0,20275.0,,0,2376.0,2467.0,2722.0,,,,,,,51828
Heywood and Middleton North,Heywood and Middleton North,73379,12285,5533,11618,1787,1538,1721,2647,0,0,,,,,37129,LAB,73379,15069.0,6423.0,8987.0,0,2302.0,,4349.0,,,,,,,37130
High Peak,High Peak,74359,15709,9993,16028,1952,1391,4133,0,0,0,,,,,49206,REF,74359,22533.0,14625.0,6959.0,0,1707.0,3382.0,,,,,,,,49206
Hinckley and Bosworth,Hinckley and Bosworth,76478,5179,13681,15594,2129,8448,2582,137,0,0,,,,,47750,REF,76478,8601.0,17032.0,8817.0,0,11624.0,1514.0,211.0,,,,,,,47799
Hitchin,Hitchin,75881,16683,15829,10525,1531,3070,4776,96,0,0,,,,,52510,LAB,75881,23067.0,14958.0,6760.0,0,4913.0,2631.0,181.0,,,,,,,52510
Holborn and St Pancras,Holborn and St Pancras,71221,16074,3613,2007,395,1913,9394,5167,0,0,,,,,38563,LAB,71221,18884.0,2776.0,2371.0,0,2236.0,4030.0,8305.0,,,,,,,38602
Honiton and Sidmouth,Honiton and Sidmouth,75491,1707,12545,12112,1833,18935,3028,495,0,0,,,,,50655,LD,75491,2947.0,16307.0,6289.0,0,23007.0,1394.0,711.0,,,,,,,50655
Hornchurch and Upminster,Hornchurch and Upminster,75419,8651,14208,16480,1583,1777,3951,261,0,0,,,,,46911,REF,75419,12939.0,15260.0,13317.0,0,2381.0,2620.0,394.0,,,,,,,46911
Hornsey and Friern Barnet,Hornsey and Friern Barnet,71221,19923,8164,3822,399,5846,9654,786,0,0,,,,,48594,LAB,71221,28535.0,4011.0,1989.0,0,6099.0,7060.0,948.0,,,,,,,48642
Horsham,Horsham,79058,3324,16061,12088,1550,18538,3586,353,0,0,,,,,55500,LD,79058,5979.0,19115.0,6116.0,0,21632.0,2137.0,520.0,,,,,,,55499
Houghton and Sunderland South,Houghton and Sunderland South,78494,13028,3747,15900,2453,1518,3386,0,0,0,,,,,40032,REF,78494,18837.0,5514.0,11668.0,0,2290.0,1723.0,,,,,,,,40032
Hove and Portslade,Hove and Portslade,74049,19694,5816,10164,1166,3013,9685,2372,0,0,,,,,51910,LAB,74049,27209.0,6630.0,4558.0,0,3046.0,7418.0,3048.0,,,,,,,51909
Huddersfield,Huddersfield,77839,12289,5952,7503,1281,1142,11957,0,0,0,,,,,40124,LAB,77839,15101.0,6559.0,6196.0,0,1741.0,10568.0,,,,,,,,40165
Huntingdon,Huntingdon,79382,11913,16833,13335,1848,3126,4233,752,0,0,,,,,52040,CON,79382,16758.0,18257.0,8039.0,0,4821.0,3042.0,1123.0,,,,,,,52040
Hyndburn,Hyndburn,67472,9283,8875,10498,1695,743,5279,0,0,0,,,,,36373,REF,67472,12186.0,10499.0,7541.0,0,1210.0,4938.0,,,,,,,,36374
Ilford North,Ilford North,78872,13350,12175,2783,385,1187,4053,12908,0,0,,,,,46841,LAB,78872,15647.0,9619.0,3621.0,0,1088.0,1794.0,15119.0,,,,,,,46888
Ilford South,Ilford South,81374,18350,6056,2108,229,1255,5285,7888,0,0,,,,,41171,LAB,81374,16537.0,6142.0,2329.0,0,1340.0,3437.0,11385.0,,,,,,,41170
Inverclyde and Renfrewshire West,Inverclyde and Renfrewshire West,70173,11577,2344,6496,369,1403,3443,379,14175,0,,,,,40186,SNP,70173,18931.0,2863.0,2476.0,0,1259.0,1173.0,1088.0,12560.0,,,,,,40350
"Inverness, Skye and West Ross-shire","Inverness, Skye and West Ross-shire",77886,2862,1657,6230,304,18877,4289,0,12789,0,,,,,47008,LD,77886,6246.0,2502.0,2034.0,0,18159.0,2038.0,178.0,15999.0,,,,,,47156
Ipswich,Ipswich,75335,14556,6631,14508,1733,1600,4783,216,0,0,,,,,44027,LAB,75335,19099.0,11696.0,7027.0,0,2241.0,3652.0,356.0,,,,,,,44071
Isle of Wight East,Isle of Wight East,55865,3748,8164,10538,1664,2308,7422,200,0,0,,,,,34044,REF,55865,6264.0,10427.0,7104.0,0,3550.0,6313.0,420.0,,,,,,,34078
Isle of Wight West,Isle of Wight West,55395,9977,5709,12357,1511,1728,2876,63,0,0,,,,,34221,REF,55395,13240.0,10063.0,5834.0,0,2726.0,2310.0,117.0,,,,,,,34290
Islington North,Islington North,72817,20497,2963,2862,343,1711,5858,14773,0,0,,,,,49007,LAB,72817,16873.0,1950.0,1710.0,0,1661.0,2660.0,24152.0,,,,,,,49006
Islington South and Finsbury,Islington South and Finsbury,74097,18344,5135,2917,541,4121,10606,1090,0,0,,,,,42754,LAB,74097,22946.0,3584.0,3388.0,0,4045.0,7491.0,1300.0,,,,,,,42754
Jarrow and Gateshead East,Jarrow and Gateshead East,70225,13062,2284,14072,2178,1328,3449,318,0,0,,,,,36691,REF,70225,18856.0,3354.0,9892.0,0,1740.0,2384.0,502.0,,,,,,,36728
Keighley and Ilkley,Keighley and Ilkley,74373,13904,13833,11712,1437,677,3152,1461,0,0,,,,,46176,LAB,74373,16964.0,18589.0,4782.0,0,970.0,2447.0,2425.0,,,,,,,46177
Kenilworth and Southam,Kenilworth and Southam,74887,9124,19615,9698,1531,8165,4698,490,0,0,,,,,53321,CON,74887,12821.0,19395.0,6920.0,0,10464.0,3125.0,595.0,,,,,,,53320
Kensington and Bayswater,Kensington and Bayswater,77321,14710,15402,1969,340,2070,5768,1608,0,0,,,,,41867,CON,77321,17025.0,14122.0,2514.0,0,2910.0,2732.0,2605.0,,,,,,,41908
Kettering,Kettering,79353,13902,9175,15470,2107,984,8000,594,0,0,,,,,50232,REF,79353,18009.0,14189.0,8468.0,0,1357.0,7004.0,1204.0,,,,,,,50231
Kilmarnock and Loudoun,Kilmarnock and Loudoun,74653,11378,2320,7539,522,1076,3606,133,15730,0,,,,,42304,SNP,74653,19055.0,3527.0,3472.0,0,850.0,1237.0,401.0,13936.0,,,,,,42478
Kingston and Surbiton,Kingston and Surbiton,77349,3808,11075,4655,957,23096,5670,1401,0,0,,,,,50662,LD,77349,6561.0,8635.0,4787.0,0,25870.0,3009.0,1802.0,,,,,,,50664
Kingston upon Hull East,Kingston upon Hull East,70654,9481,1108,12287,2031,2076,2833,0,0,0,,,,,29816,REF,70654,13047.0,2715.0,9127.0,0,3252.0,1675.0,,,,,,,,29816
Kingston upon Hull North and Cottingham,Kingston upon Hull North and Cottingham,75251,13998,2449,12884,1810,2178,3987,923,0,0,,,,,38229,LAB,75251,18480.0,4897.0,7801.0,0,3246.0,2322.0,1482.0,,,,,,,38228
Kingston upon Hull West and Haltemprice,Kingston upon Hull West and Haltemprice,73137,13414,3805,14091,2017,1781,2999,71,0,0,,,,,38178,REF,73137,17875.0,6924.0,8896.0,0,2625.0,1748.0,110.0,,,,,,,38178
Kingswinford and South Staffordshire,Kingswinford and South Staffordshire,71832,7807,16102,14333,2046,1423,2810,659,0,0,,,,,45180,CON,71832,11896.0,18199.0,9928.0,0,2080.0,2077.0,1000.0,,,,,,,45180
Knowsley,Knowsley,71950,15016,1606,13176,1324,1071,3702,152,0,0,,,,,36047,LAB,71950,24243.0,1496.0,5924.0,0,1232.0,2772.0,380.0,,,,,,,36047
Lancaster and Wyre,Lancaster and Wyre,74796,12908,9329,9863,1531,1077,8299,0,0,0,,,,,43007,LAB,74796,19315.0,10062.0,6866.0,0,1529.0,5236.0,,,,,,,,43008
Leeds Central and Headingley,Leeds Central and Headingley,70524,10718,2098,2531,521,1534,13587,606,0,0,,,,,31595,GRN,70524,15853.0,2237.0,2399.0,0,2611.0,7431.0,1064.0,,,,,,,31595
Leeds East,Leeds East,76287,15267,5415,9790,1576,1151,5143,1007,0,0,,,,,39349,LAB,76287,18610.0,6898.0,7345.0,0,1445.0,3506.0,1584.0,,,,,,,39388
Leeds North East,Leeds North East,70478,17062,8586,5610,827,2631,7725,2726,0,0,,,,,45167,LAB,70478,23260.0,7177.0,3426.0,0,2168.0,5911.0,3225.0,,,,,,,45167
Leeds North West,Leeds North West,71771,16698,11092,11282,1443,3692,4892,678,0,0,,,,,49777,LAB,71771,22882.0,10986.0,5935.0,0,5641.0,3231.0,1102.0,,,,,,,49777
Leeds South,Leeds South,76916,12767,1439,6677,1008,1556,7208,1023,0,0,,,,,31678,LAB,76916,17117.0,4172.0,,0,1340.0,5838.0,3211.0,,,,,,,31678
Leeds South West and Morley,Leeds South West and Morley,72005,12669,7406,12576,1816,1276,4028,439,0,0,,,,,40210,LAB,72005,17681.0,9258.0,8187.0,0,1798.0,2522.0,763.0,,,,,,,40209
Leeds West and Pudsey,Leeds West and Pudsey,69989,14673,4321,11116,1527,1421,4730,706,0,0,,,,,38494,LAB,69989,18976.0,6584.0,6281.0,0,1743.0,3794.0,1116.0,,,,,,,38494
Leicester East,Leicester East,76580,8263,17069,2478,523,2200,6810,9371,0,0,,,,,46714,CON,76580,10100.0,14526.0,2611.0,0,6329.0,2143.0,11005.0,,,,,,,46714
Leicester South,Leicester South,70910,10206,3884,2997,600,1233,9227,13647,0,0,,,,,41794,OTHER,70910,13760.0,4820.0,2470.0,0,1425.0,3826.0,15536.0,,,,,,,41837
Leicester West,Leicester West,74052,12243,6785,6881,1205,2069,5673,542,0,0,,,,,35398,LAB,74052,15798.0,7021.0,5666.0,0,2179.0,4089.0,644.0,,,,,,,35397
Leigh and Atherton,Leigh and Atherton,79941,13967,4683,15161,2285,1162,3641,229,0,0,,,,,41128,REF,79941,19971.0,6483.0,11090.0,0,1597.0,1653.0,376.0,,,,,,,41170
Lewes,Lewes,76415,2096,9317,13189,1716,22779,3859,163,0,0,,,,,53119,LD,76415,3574.0,14271.0,6335.0,0,26895.0,1869.0,229.0,,,,,,,53173
Lewisham East,Lewisham East,73351,18089,5443,4003,674,2892,8604,933,0,0,,,,,40638,LAB,73351,23646.0,4401.0,3469.0,0,2471.0,5573.0,1077.0,,,,,,,40637
Lewisham North,Lewisham North,74230,21353,2904,2859,486,2904,12981,636,0,0,,,,,44123,LAB,74230,25467.0,2701.0,2000.0,0,3284.0,9685.0,1030.0,,,,,,,44167
Lewisham West and East Dulwich,Lewisham West and East Dulwich,69378,20033,4731,4386,587,3953,12092,631,0,0,,,,,46413,LAB,69378,27406.0,3477.0,2234.0,0,3558.0,9009.0,730.0,,,,,,,46414
Leyton and Wanstead,Leyton and Wanstead,71457,16765,5770,3502,525,2962,9079,5130,0,0,,,,,43733,LAB,71457,20755.0,4846.0,2475.0,0,2815.0,6791.0,6050.0,,,,,,,43732
Lichfield,Lichfield,76130,12510,15312,13866,2122,2108,2930,257,0,0,,,,,49105,CON,76130,17232.0,16422.0,9734.0,0,3572.0,1724.0,420.0,,,,,,,49104
Lincoln,Lincoln,72315,13748,6235,13688,1784,1715,4332,658,0,0,,,,,42160,LAB,72315,18470.0,9677.0,7602.0,0,2580.0,2751.0,1080.0,,,,,,,42160
Liverpool Garston,Liverpool Garston,69295,17101,3399,12524,1110,2486,4384,986,0,0,,,,,41990,LAB,69295,24510.0,2943.0,4406.0,0,3239.0,2816.0,4078.0,,,,,,,41992
Liverpool Riverside,Liverpool Riverside,71323,13642,900,5436,726,1167,9825,686,0,0,,,,,32382,LAB,71323,20039.0,1155.0,3272.0,0,1544.0,5246.0,1125.0,,,,,,,32381
Liverpool Walton,Liverpool Walton,69334,16076,1449,12726,1268,869,4217,280,0,0,,,,,36885,LAB,69334,26032.0,1282.0,5787.0,0,945.0,2388.0,452.0,,,,,,,36886
Liverpool Wavertree,Liverpool Wavertree,70469,16801,2252,6916,821,2082,9773,1171,0,0,,,,,39816,LAB,70469,23077.0,1887.0,3454.0,0,2759.0,6773.0,1865.0,,,,,,,39815
Liverpool West Derby,Liverpool West Derby,69992,16708,1420,12557,1108,1076,4353,785,0,0,,,,,38007,LAB,69992,25302.0,1566.0,4879.0,0,1276.0,2647.0,2336.0,,,,,,,38006
Livingston,Livingston,77982,11440,2561,7305,599,1957,4523,187,16069,0,,,,,44641,SNP,77982,18324.0,3469.0,3977.0,0,2025.0,1704.0,545.0,14796.0,,,,,,44840
Llanelli,Llanelli,71480,7072,3043,11353,2249,819,1723,175,0,14310,,,,,40744,PLAID,71480,12751.0,4275.0,11247.0,0,1254.0,1106.0,600.0,,9511.0,,,,,40744
Lothian East,Lothian East,75199,14621,4019,7375,453,2618,5218,199,13248,0,,,,,47751,LAB,75199,23555.0,5335.0,3039.0,0,2649.0,2477.0,557.0,10290.0,,,,,,47902
Loughborough,Loughborough,68938,12093,13046,8145,1475,1553,5947,0,0,0,,,,,42259,CON,68938,17249.0,12289.0,7204.0,0,2561.0,2956.0,,,,,,,,42259
Louth and Horncastle,Louth and Horncastle,76824,6628,15586,15731,2604,1658,3354,919,0,0,,,,,46480,REF,76824,10475.0,17441.0,11935.0,0,2364.0,2504.0,1760.0,,,,,,,46479
Lowestoft,Lowestoft,74287,10815,5707,18198,2444,1036,3623,0,0,0,,,,,41823,REF,74287,14464.0,12448.0,10328.0,0,1489.0,3095.0,,,,,,,,41824
Luton North,Luton North,74797,15532,7470,4994,760,1439,3176,5374,0,0,,,,,38745,LAB,74797,14677.0,7167.0,4666.0,0,1890.0,1940.0,8405.0,,,,,,,38745
Luton South and South Bedfordshire,Luton South and South Bedfordshire,77227,14347,7125,4785,805,1773,3700,5846,0,0,,,,,38381,LAB,77227,13593.0,6735.0,4759.0,0,2400.0,2401.0,8494.0,,,,,,,38382
Macclesfield,Macclesfield,76606,17937,13014,14138,1684,1765,3655,599,0,0,,,,,52792,LAB,76606,24672.0,15552.0,6592.0,0,2482.0,2493.0,1001.0,,,,,,,52792
Maidenhead,Maidenhead,75117,3430,13943,7418,609,19827,3773,1330,0,0,,,,,50330,LD,75117,5766.0,18932.0,,0,21895.0,1996.0,1740.0,,,,,,,50329
Maidstone and Malling,Maidstone and Malling,76423,9261,12637,13472,1833,4042,4899,246,0,0,,,,,46390,REF,76423,12472.0,14146.0,9316.0,0,6375.0,3727.0,353.0,,,,,,,46389
Makerfield,Makerfield,76948,20507,1924,13583,2473,901,651,223,0,0,,,,,40262,LAB,76948,18202.0,4379.0,12803.0,0,2735.0,1776.0,368.0,,,,,,,40263
Maldon,Maldon,78243,6053,18849,15618,2228,3936,3158,0,0,0,,,,,49842,CON,78243,9817.0,19374.0,12468.0,0,5882.0,2300.0,,,,,,,,49841
Manchester Central,Manchester Central,85246,17285,2884,4700,983,2296,10011,1566,0,0,,,,,39725,LAB,85246,20184.0,2823.0,4760.0,0,3051.0,6387.0,2520.0,,,,,,,39725
Manchester Rusholme,Manchester Rusholme,72582,13075,1127,1451,305,221,10324,2530,0,0,,,,,29033,LAB,72582,15054.0,1678.0,1313.0,0,,6819.0,4169.0,,,,,,,29033
Manchester Withington,Manchester Withington,70610,18496,3351,4076,495,3774,10339,1201,0,0,,,,,41732,LAB,70610,22066.0,2280.0,1961.0,0,5412.0,8084.0,1928.0,,,,,,,41731
Mansfield,Mansfield,74784,12041,6163,17416,2295,599,1981,590,0,0,,,,,41085,REF,74784,16048.0,12563.0,9385.0,0,799.0,1326.0,966.0,,,,,,,41087
Melksham and Devizes,Melksham and Devizes,73490,2437,13169,13828,1852,16485,3433,0,0,0,,,,,51204,LD,73490,4587.0,17630.0,6726.0,0,20031.0,2229.0,,,,,,,,51203
Melton and Syston,Melton and Syston,74554,8036,17230,11768,2026,1731,4570,627,0,0,,,,,45988,CON,74554,12130.0,17526.0,8945.0,0,2547.0,3685.0,1153.0,,,,,,,45986
Meriden and Solihull East,Meriden and Solihull East,73909,7664,18721,9520,1753,2364,4013,0,0,0,,,,,44035,CON,73909,12208.0,16792.0,8753.0,0,3353.0,2929.0,,,,,,,,44035
Merthyr Tydfil and Aberdare,Merthyr Tydfil and Aberdare,74450,8904,635,10474,1669,823,1807,317,0,10552,,,,,35181,PLAID,74450,15791.0,2687.0,8344.0,0,1276.0,1231.0,1118.0,,4768.0,,,,,35215
Mid Bedfordshire,Mid Bedfordshire,75411,10882,18541,9615,1672,3561,3804,1547,0,0,,,,,49622,CON,75411,15591.0,16912.0,8594.0,0,4068.0,2584.0,1872.0,,,,,,,49621
Mid Buckinghamshire,Mid Buckinghamshire,77070,6841,21073,8599,1469,11108,4448,413,0,0,,,,,53951,CON,77070,9171.0,20150.0,6926.0,0,14278.0,2942.0,484.0,,,,,,,53951
Mid Cheshire,Mid Cheshire,70549,13667,5177,15366,1932,1676,3030,661,0,0,,,,,41509,REF,70549,18457.0,9530.0,7967.0,0,2465.0,1967.0,1123.0,,,,,,,41509
Mid Derbyshire,Mid Derbyshire,69916,12647,13618,13387,1928,1495,4218,250,0,0,,,,,47543,CON,69916,17346.0,15468.0,8356.0,0,2361.0,3547.0,465.0,,,,,,,47543
Mid Dorset and North Poole,Mid Dorset and North Poole,75249,2599,7548,15864,1121,18056,3615,711,0,0,,,,,49514,LD,75249,4566.0,20090.0,,0,21442.0,2355.0,1061.0,,,,,,,49514
Mid Dunbartonshire,Mid Dunbartonshire,73553,6552,2685,5056,316,21078,4818,0,12068,0,,,,,52573,LD,73553,10933.0,2452.0,2099.0,0,22349.0,1720.0,449.0,12676.0,,,,,,52678
Mid Leicestershire,Mid Leicestershire,76200,10218,19960,9772,1845,1742,4514,0,0,0,,,,,48051,CON,76200,15534.0,17735.0,8923.0,0,2444.0,3414.0,,,,,,,,48050
Mid Norfolk,Mid Norfolk,75117,8633,14379,14890,2223,2076,3650,0,0,0,,,,,45851,REF,75117,13716.0,16770.0,9427.0,0,3126.0,2858.0,,,,,,,,45897
Mid Sussex,Mid Sussex,75965,4933,11559,12097,1438,19513,3461,273,0,0,,,,,53274,LD,75965,9397.0,14474.0,5921.0,0,21136.0,2048.0,352.0,,,,,,,53328
Mid and South Pembrokeshire,Mid and South Pembrokeshire,79032,9010,5174,13432,1567,1504,2881,198,0,8966,,,,,42732,REF,79032,16505.0,14627.0,7828.0,0,2372.0,1654.0,681.0,,2962.0,,,,,46629
Middlesbrough South and East Cleveland,Middlesbrough South and East Cleveland,70304,12289,4531,15253,1162,1471,2211,1079,0,0,,,,,37996,REF,70304,16468.0,16254.0,,0,2032.0,1446.0,1835.0,,,,,,,38035
Middlesbrough and Thornaby East,Middlesbrough and Thornaby East,75124,13281,4128,10467,1570,798,2627,1501,0,0,,,,,34372,LAB,75124,16238.0,6174.0,7046.0,0,1037.0,1522.0,2390.0,,,,,,,34407
Midlothian,Midlothian,73608,13212,3109,6844,490,2541,2768,92,14945,0,,,,,44001,SNP,73608,21480.0,3248.0,3276.0,0,2589.0,,259.0,13313.0,,,,,,44165
Milton Keynes Central,Milton Keynes Central,81375,16133,15284,6274,1271,3202,5448,118,0,0,,,,,47730,LAB,81375,20209.0,12918.0,6245.0,0,4931.0,3226.0,200.0,,,,,,,47729
Milton Keynes North,Milton Keynes North,70733,15089,14261,8273,1418,2179,4757,0,0,0,,,,,45977,LAB,70733,19318.0,13888.0,6164.0,0,3365.0,3242.0,,,,,,,,45977
Mitcham and Morden,Mitcham and Morden,77226,19805,7449,5341,741,3501,7143,1231,0,0,,,,,45211,LAB,77226,25085.0,6324.0,4135.0,0,3622.0,4635.0,1454.0,,,,,,,45255
Monmouthshire,Monmouthshire,74770,10426,12623,10651,1088,1302,4811,221,0,8780,,,,,49902,CON,74770,21010.0,17672.0,5438.0,0,2279.0,2357.0,815.0,,1273.0,,,,,50844
Montgomeryshire and Glyndwr,Montgomeryshire and Glyndwr,74073,7593,2653,11745,1782,4556,2340,0,0,10246,,,,,40915,REF,74073,12709.0,7775.0,8894.0,0,6470.0,1744.0,,,5667.0,,,,,43259
"Moray West, Nairn and Strathspey","Moray West, Nairn and Strathspey",77076,4755,9653,8526,524,3611,4227,171,14868,0,,,,,46335,SNP,77076,8259.0,13960.0,3490.0,0,3785.0,1676.0,423.0,14961.0,,,,,,46554
Morecambe and Lunesdale,Morecambe and Lunesdale,76405,13621,9801,15183,2053,3021,4379,0,0,0,,,,,48058,REF,76405,19603.0,13788.0,7810.0,0,4769.0,2089.0,,,,,,,,48059
"Motherwell, Wishaw and Carluke","Motherwell, Wishaw and Carluke",71968,11534,2160,6568,451,1084,3798,122,13159,0,,,,,38876,SNP,71968,19168.0,2415.0,3004.0,0,822.0,1200.0,334.0,12083.0,,,,,,39026
Na h-Eileanan an Iar,Na h-Eileanan an Iar,21237,4074,637,2972,106,461,624,434,4186,0,,,,,13494,SNP,21237,6692.0,647.0,697.0,0,382.0,,2254.0,2856.0,,,,,,13528
Neath and Swansea East,Neath and Swansea East,76306,9785,2025,11200,2031,1510,2382,0,0,11164,,,,,40097,REF,76306,16797.0,3765.0,10170.0,0,2344.0,1711.0,,,5350.0,,,,,40137
New Forest East,New Forest East,70900,5693,13632,14675,1891,4783,4081,476,0,0,,,,,45231,REF,70900,8917.0,17412.0,7646.0,0,7198.0,3118.0,939.0,,,,,,,45230
New Forest West,New Forest West,68647,7247,13914,14070,1788,5254,3766,299,0,0,,,,,46338,REF,68647,10812.0,16412.0,7577.0,0,8186.0,2800.0,550.0,,,,,,,46337
Newark,Newark,79789,12146,17418,15547,2106,1995,3335,913,0,0,,,,,53460,CON,79789,17396.0,20968.0,8280.0,0,3026.0,2345.0,1444.0,,,,,,,53459
Newbury,Newbury,71955,2081,12410,12396,1534,16203,4057,201,0,0,,,,,48882,LD,71955,3662.0,17268.0,5357.0,0,19645.0,2714.0,284.0,,,,,,,48930
Newcastle upon Tyne Central and West,Newcastle upon Tyne Central and West,76868,14738,4125,8991,1557,1380,7267,3255,0,0,,,,,41313,LAB,76868,18875.0,4228.0,7815.0,0,1946.0,3228.0,5263.0,,,,,,,41355
Newcastle upon Tyne East and Wallsend,Newcastle upon Tyne East and Wallsend,76254,15144,2582,12060,1860,2044,7991,598,0,0,,,,,42279,LAB,76254,21200.0,3522.0,8383.0,0,2965.0,5257.0,994.0,,,,,,,42321
Newcastle upon Tyne North,Newcastle upon Tyne North,74795,18536,6202,10095,1293,3919,8199,373,0,0,,,,,48617,LAB,74795,24440.0,6678.0,5933.0,0,5936.0,5035.0,595.0,,,,,,,48617
Newcastle-under-Lyme,Newcastle-under-Lyme,67839,11132,8652,12557,1934,1273,4069,0,0,0,,,,,39617,REF,67839,15992.0,10923.0,8865.0,0,1987.0,1851.0,,,,,,,,39618
Newport East,Newport East,76754,8615,3474,10691,1472,1249,4253,534,0,8048,,,,,38336,REF,76754,16370.0,6487.0,7361.0,0,2045.0,2092.0,1937.0,,2239.0,,,,,38531
Newport West and Islwyn,Newport West and Islwyn,75723,9678,3956,11686,1712,1327,2762,445,0,10386,,,,,41952,REF,75723,17409.0,6710.0,8541.0,0,2087.0,2078.0,1597.0,,3529.0,,,,,41951
Newton Abbot,Newton Abbot,73833,4069,5669,17558,2104,14153,3172,1267,0,0,,,,,47992,REF,73833,7115.0,12955.0,8494.0,0,15201.0,2083.0,2144.0,,,,,,,47992
Newton Aycliffe and Spennymoor,Newton Aycliffe and Spennymoor,72327,12314,5288,15049,2262,1286,3363,284,0,0,,,,,39846,REF,72327,18394.0,8195.0,9555.0,0,1491.0,1701.0,510.0,,,,,,,39846
Normanton and Hemsworth,Normanton and Hemsworth,75569,11217,4683,13878,2233,1177,3123,0,0,0,,,,,36311,REF,75569,17275.0,4995.0,10613.0,0,1319.0,2147.0,,,,,,,,36349
North Ayrshire and Arran,North Ayrshire and Arran,72119,10216,3397,7730,513,1145,3638,162,15291,0,,,,,42092,SNP,72119,16821.0,5954.0,3415.0,0,1005.0,1327.0,470.0,13270.0,,,,,,42262
North Bedfordshire,North Bedfordshire,78719,10447,19396,11135,1775,4487,4321,0,0,0,,,,,51561,CON,78719,14567.0,19981.0,8433.0,0,5553.0,3027.0,,,,,,,,51561
North Cornwall,North Cornwall,77810,1648,9573,14494,2272,19624,4257,187,0,0,,,,,52055,LD,77810,2958.0,14137.0,8444.0,0,24904.0,1335.0,277.0,,,,,,,52055
North Cotswolds,North Cotswolds,73220,5342,15026,12449,1603,11308,4206,294,0,0,,,,,50228,CON,73220,8593.0,17426.0,6502.0,0,14069.0,3191.0,448.0,,,,,,,50229
North Devon,North Devon,79103,1888,9685,15673,2214,17423,3978,556,0,0,,,,,51417,LD,79103,3216.0,15076.0,8137.0,0,21820.0,2348.0,820.0,,,,,,,51417
North Dorset,North Dorset,72635,2418,14021,13839,1953,14018,3107,326,0,0,,,,,49682,CON,72635,4370.0,18208.0,7894.0,0,16619.0,2082.0,510.0,,,,,,,49683
North Durham,North Durham,73463,12699,4445,15336,2335,2764,3209,734,0,0,,,,,41522,REF,73463,16562.0,6492.0,10689.0,0,4208.0,2366.0,1248.0,,,,,,,41565
North East Cambridgeshire,North East Cambridgeshire,71489,5212,10750,15718,2135,1866,2666,789,0,0,,,,,39136,REF,71489,8008.0,16246.0,9057.0,0,2716.0,2001.0,1148.0,,,,,,,39176
North East Derbyshire,North East Derbyshire,73720,12397,9955,16463,2102,1367,3526,56,0,0,,,,,45866,REF,73720,17591.0,15838.0,7899.0,0,2159.0,2271.0,108.0,,,,,,,45866
North East Fife,North East Fife,69816,2949,1579,4652,314,20998,6956,0,5176,0,,,,,42624,LD,69816,4026.0,1666.0,2094.0,0,23384.0,1653.0,,9905.0,,,,,,42728
North East Hampshire,North East Hampshire,76952,2951,19633,9969,1462,18389,2689,467,0,0,,,,,55560,CON,76952,5057.0,20544.0,6673.0,0,21178.0,1425.0,683.0,,,,,,,55560
North East Hertfordshire,North East Hertfordshire,77692,13868,17270,11354,1837,3262,4929,0,0,0,,,,,52520,CON,77692,18358.0,16435.0,8462.0,0,5463.0,3802.0,,,,,,,,52520
North East Somerset and Hanham,North East Somerset and Hanham,73880,14306,13646,13710,1864,2400,4961,239,0,0,,,,,51126,LAB,73880,20739.0,15420.0,7424.0,0,3878.0,3222.0,442.0,,,,,,,51125
North Herefordshire,North Herefordshire,72777,2534,12235,10004,1975,1271,22257,86,0,0,,,,,50362,GRN,72777,3205.0,15842.0,8048.0,0,1436.0,21736.0,95.0,,,,,,,50362
North Norfolk,North Norfolk,76204,1503,12694,12833,1967,15194,2805,0,0,0,,,,,46996,LD,76204,2878.0,16903.0,6368.0,0,19488.0,1406.0,,,,,,,,47043
North Northumberland,North Northumberland,74116,14647,7652,16320,2089,3372,2850,1913,0,0,,,,,48843,REF,74116,17855.0,12788.0,7688.0,0,5169.0,1743.0,3600.0,,,,,,,48843
North Shropshire,North Shropshire,77611,1880,8422,13199,1943,19377,4663,110,0,0,,,,,49594,LD,77611,3423.0,10903.0,7687.0,0,26214.0,1234.0,133.0,,,,,,,49594
North Somerset,North Somerset,74468,14411,15781,13518,1574,4084,4281,64,0,0,,,,,53713,CON,74468,19138.0,18499.0,5602.0,0,7121.0,3273.0,133.0,,,,,,,53766
North Warwickshire and Bedworth,North Warwickshire and Bedworth,69744,10324,11229,12961,2274,815,3338,0,0,0,,,,,40941,REF,69744,14727.0,12529.0,10701.0,0,1228.0,1755.0,,,,,,,,40940
North West Cambridgeshire,North West Cambridgeshire,75938,11275,15003,10307,1799,1993,4047,0,0,0,,,,,44424,CON,75938,14785.0,14746.0,8741.0,0,3192.0,2960.0,,,,,,,,44424
North West Essex,North West Essex,79744,11143,21919,10193,1712,3991,4195,1179,0,0,,,,,54332,CON,79744,16750.0,19360.0,7668.0,0,6055.0,2846.0,1707.0,,,,,,,54386
North West Hampshire,North West Hampshire,78673,10450,15117,14410,1828,4776,3940,303,0,0,,,,,50824,CON,78673,14482.0,17770.0,7734.0,0,7626.0,2745.0,466.0,,,,,,,50823
North West Leicestershire,North West Leicestershire,77715,12453,13647,14595,2299,1187,3434,957,0,0,,,,,48572,REF,77715,16871.0,15859.0,9678.0,0,1629.0,2831.0,1704.0,,,,,,,48572
North West Norfolk,North West Norfolk,74400,6815,12237,15867,2200,4352,3094,0,0,0,,,,,44565,REF,74400,11143.0,16097.0,8697.0,0,6492.0,2137.0,,,,,,,,44566
Northampton North,Northampton North,75611,14894,7096,11100,1527,1659,3913,1624,0,0,,,,,41813,LAB,75611,18209.0,9195.0,7010.0,0,2251.0,2558.0,2590.0,,,,,,,41813
Northampton South,Northampton South,73912,12956,12413,10971,1624,2027,3678,236,0,0,,,,,43905,LAB,73912,16890.0,12819.0,8210.0,0,3193.0,2398.0,394.0,,,,,,,43904
Norwich North,Norwich North,73695,15299,4994,16630,2064,1495,5057,227,0,0,,,,,45766,REF,73695,20794.0,9944.0,8229.0,0,2073.0,4372.0,353.0,,,,,,,45765
Norwich South,Norwich South,76302,15972,3634,10476,1354,2376,10823,460,0,0,,,,,45095,LAB,76302,21484.0,5806.0,5227.0,0,3577.0,8245.0,756.0,,,,,,,45095
Nottingham East,Nottingham East,69335,15263,3329,4246,781,1402,9271,2070,0,0,,,,,36362,LAB,69335,19494.0,3925.0,3578.0,0,1741.0,4332.0,3291.0,,,,,,,36361
Nottingham North and Kimberley,Nottingham North and Kimberley,73698,13057,4998,9987,1520,1071,4373,0,0,0,,,,,35006,LAB,73698,16480.0,6787.0,7053.0,0,1336.0,3351.0,,,,,,,,35007
Nottingham South,Nottingham South,64216,11211,5706,4844,946,1384,7525,1263,0,0,,,,,32879,LAB,64216,15579.0,5285.0,4936.0,0,2059.0,2923.0,2097.0,,,,,,,32879
Nuneaton,Nuneaton,71801,11706,7147,15153,2039,973,3613,581,0,0,,,,,41212,REF,71801,15216.0,11737.0,9059.0,0,1340.0,2894.0,967.0,,,,,,,41213
Old Bexley and Sidcup,Old Bexley and Sidcup,73168,10221,16094,14381,1481,1387,3784,284,0,0,,,,,47632,CON,73168,14362.0,17910.0,10384.0,0,1927.0,2601.0,449.0,,,,,,,47633
Oldham East and Saddleworth,Oldham East and Saddleworth,73513,13394,6257,9882,1592,2198,2315,4427,0,0,,,,,40065,LAB,73513,14091.0,6838.0,7734.0,0,3386.0,1490.0,6526.0,,,,,,,40065
"Oldham West, Chadderton and Royton","Oldham West, Chadderton and Royton",76080,10997,3410,7878,1386,936,4181,9785,0,0,,,,,38573,LAB,76080,13232.0,4066.0,6848.0,0,1271.0,1857.0,11299.0,,,,,,,38573
Orkney and Shetland,Orkney and Shetland,34251,1002,507,3138,239,10092,3170,0,2460,0,,,,,20608,LD,34251,1493.0,586.0,1586.0,0,11392.0,2046.0,,3585.0,,,,,,20688
Orpington,Orpington,71320,8307,16329,13213,1278,3209,3577,160,0,0,,,,,46073,CON,71320,12386.0,17504.0,8896.0,0,4728.0,2319.0,240.0,,,,,,,46073
Ossett and Denby Dale,Ossett and Denby Dale,72278,12128,12178,12220,1968,1180,3728,471,0,0,,,,,43873,REF,72278,17232.0,12690.0,9224.0,0,1785.0,2132.0,810.0,,,,,,,43873
Oxford East,Oxford East,71790,14212,2912,6253,726,3141,7862,4235,0,0,,,,,39341,LAB,71790,19541.0,4739.0,,0,3437.0,5076.0,6548.0,,,,,,,39341
Oxford West and Abingdon,Oxford West and Abingdon,69799,3355,10330,4393,881,19958,6551,530,0,0,,,,,45998,LD,69799,5981.0,8520.0,4164.0,0,23414.0,3236.0,683.0,,,,,,,45998
Paisley and Renfrewshire North,Paisley and Renfrewshire North,70851,12218,2712,6227,486,1518,4033,0,14164,0,,,,,41358,SNP,70851,19561.0,2659.0,3228.0,0,1374.0,1469.0,,13228.0,,,,,,41519
Paisley and Renfrewshire South,Paisley and Renfrewshire South,71547,12086,2041,6515,446,1453,4403,144,14047,0,,,,,41135,SNP,71547,19583.0,2219.0,2956.0,0,1315.0,1724.0,430.0,13056.0,,,,,,41283
Peckham,Peckham,71828,18380,1974,2252,443,3166,11229,1352,0,0,,,,,38796,LAB,71828,22813.0,2276.0,1790.0,0,2724.0,7585.0,1609.0,,,,,,,38797
Pendle and Clitheroe,Pendle and Clitheroe,78710,13871,12929,12348,1915,1272,2158,2261,0,0,,,,,46754,LAB,78710,16129.0,15227.0,8171.0,0,2039.0,1421.0,3767.0,,,,,,,46754
Penistone and Stocksbridge,Penistone and Stocksbridge,70724,13172,8919,14307,2105,1909,3509,0,0,0,,,,,43921,REF,70724,19169.0,10430.0,9456.0,0,2866.0,2044.0,,,,,,,,43965
Penrith and Solway,Penrith and Solway,77976,13740,10784,15852,2174,3188,3283,259,0,0,,,,,49280,REF,77976,19986.0,14729.0,7624.0,0,4742.0,1730.0,470.0,,,,,,,49281
Perth and Kinross-shire,Perth and Kinross-shire,77279,5387,11391,7241,443,3550,2925,290,18702,0,,,,,49929,SNP,77279,9018.0,14801.0,2970.0,0,3681.0,,679.0,18928.0,,,,,,50077
Peterborough,Peterborough,73330,11886,10372,10029,1320,1184,3510,3571,0,0,,,,,41872,LAB,73330,13418.0,13300.0,5379.0,0,1746.0,2542.0,5487.0,,,,,,,41872
Plymouth Moor View,Plymouth Moor View,74792,12886,5816,18276,2338,1182,2359,0,0,0,,,,,42857,REF,74792,17665.0,12061.0,9670.0,0,1766.0,1694.0,,,,,,,,42856
Plymouth Sutton and Devonport,Plymouth Sutton and Devonport,75169,15120,4603,12015,1692,1740,6087,839,0,0,,,,,42096,LAB,75169,20795.0,6873.0,7467.0,0,2441.0,3186.0,1333.0,,,,,,,42095
"Pontefract, Castleford and Knottingley","Pontefract, Castleford and Knottingley",74599,11582,3231,14758,2318,968,3011,89,0,0,,,,,35957,REF,74599,17089.0,5406.0,10459.0,0,1213.0,1651.0,139.0,,,,,,,35957
Pontypridd,Pontypridd,76019,9075,1077,11365,1567,1047,2543,786,0,11918,,,,,39378,PLAID,76019,16225.0,3775.0,7823.0,0,1606.0,1865.0,2809.0,,5275.0,,,,,39378
Poole,Poole,72467,11587,9016,14953,1747,3400,3191,602,0,0,,,,,44496,REF,72467,14168.0,14150.0,7429.0,0,5507.0,2218.0,1023.0,,,,,,,44495
Poplar and Limehouse,Poplar and Limehouse,84083,16951,5516,3094,307,3595,8319,5269,0,0,,,,,43051,LAB,84083,18535.0,4738.0,3403.0,0,4189.0,5975.0,6211.0,,,,,,,43051
Portsmouth North,Portsmouth North,70377,11020,9556,14463,1889,1936,2729,0,0,0,,,,,41593,REF,70377,14495.0,13715.0,8501.0,0,3031.0,1851.0,,,,,,,,41593
Portsmouth South,Portsmouth South,73727,14274,5905,7900,1216,3780,5223,629,0,0,,,,,38927,LAB,73727,18857.0,5643.0,5702.0,0,4886.0,3107.0,733.0,,,,,,,38928
Preston,Preston,77624,12870,3435,9014,1328,2168,3450,7687,0,0,,,,,39952,LAB,77624,14006.0,5212.0,5738.0,0,3195.0,1751.0,10091.0,,,,,,,39993
Putney,Putney,63033,18578,10502,3440,555,3664,5491,464,0,0,,,,,42694,LAB,63033,20952.0,10011.0,2681.0,0,5189.0,3182.0,722.0,,,,,,,42737
Queen's Park and Maida Vale,Queen's Park and Maida Vale,76159,17112,5714,1773,404,3367,7953,2021,0,0,,,,,38344,LAB,76159,20126.0,5088.0,2106.0,0,3417.0,5213.0,2393.0,,,,,,,38343
Rawmarsh and Conisbrough,Rawmarsh and Conisbrough,69191,11304,2805,13629,2121,897,2990,158,0,0,,,,,33904,REF,69191,16612.0,4496.0,9704.0,0,1137.0,1687.0,268.0,,,,,,,33904
Rayleigh and Wickford,Rayleigh and Wickford,76519,7216,16133,16731,2125,2759,3013,0,0,0,,,,,47977,REF,76519,11823.0,17756.0,12135.0,0,4068.0,2196.0,,,,,,,,47978
Reading Central,Reading Central,73643,17051,8515,6087,883,3626,8744,385,0,0,,,,,45291,LAB,73643,21598.0,8961.0,3904.0,0,3963.0,6417.0,448.0,,,,,,,45291
Reading West and Mid Berkshire,Reading West and Mid Berkshire,68862,12703,15028,9574,1437,3042,4258,509,0,0,,,,,46551,CON,68862,16273.0,14912.0,6260.0,0,5103.0,3169.0,834.0,,,,,,,46551
Redcar,Redcar,70220,11181,5417,16056,1983,1025,2405,95,0,0,,,,,38162,REF,70220,15663.0,12340.0,7216.0,0,1542.0,1270.0,169.0,,,,,,,38200
Redditch,Redditch,70979,11048,11609,13222,1944,1310,2787,455,0,0,,,,,42375,REF,70979,14810.0,14021.0,8516.0,0,2165.0,2098.0,765.0,,,,,,,42375
Reigate,Reigate,77044,11466,18441,11512,1405,4311,5974,0,0,0,,,,,53109,CON,77044,15635.0,18822.0,7240.0,0,6773.0,4691.0,,,,,,,,53161
Rhondda and Ogmore,Rhondda and Ogmore,74440,10087,485,10396,1869,604,1760,0,0,10606,,,,,35807,PLAID,74440,17118.0,2050.0,9328.0,0,935.0,1177.0,,,5198.0,,,,,35806
Ribble Valley,Ribble Valley,80530,13913,17921,11958,1860,2904,2656,759,0,0,,,,,51971,CON,80530,18177.0,17321.0,8524.0,0,5001.0,1727.0,1273.0,,,,,,,52023
Richmond Park,Richmond Park,74339,2872,13049,4098,611,24872,5579,435,0,0,,,,,51516,LD,74339,5048.0,11373.0,3258.0,0,28528.0,2728.0,582.0,,,,,,,51517
Richmond and Northallerton,Richmond and Northallerton,74027,7145,19512,12979,1823,3027,3226,765,0,0,,,,,48477,CON,74027,10874.0,23059.0,7142.0,0,4322.0,2058.0,1071.0,,,,,,,48526
Rochdale,Rochdale,72555,11018,3863,8126,1399,1857,3426,9999,0,0,,,,,39688,LAB,72555,13027.0,4273.0,6773.0,0,2816.0,1212.0,11587.0,,,,,,,39688
Rochester and Strood,Rochester and Strood,74212,11702,12129,11885,1875,1258,3494,254,0,0,,,,,42597,CON,74212,15403.0,12473.0,9966.0,0,1894.0,2427.0,435.0,,,,,,,42598
Romford,Romford,72925,10314,12889,13647,1283,1464,3677,729,0,0,,,,,44003,REF,72925,13876.0,15339.0,9624.0,0,1895.0,2220.0,1093.0,,,,,,,44047
Romsey and Southampton North,Romsey and Southampton North,71877,2961,19734,8777,1399,13468,3539,149,0,0,,,,,50027,CON,71877,4640.0,19893.0,5716.0,0,17702.0,1893.0,183.0,,,,,,,50027
Rossendale and Darwen,Rossendale and Darwen,74363,13589,9792,14833,2116,856,3134,298,0,0,,,,,44618,REF,74363,18247.0,12619.0,9695.0,0,1241.0,2325.0,491.0,,,,,,,44618
Rother Valley,Rother Valley,69636,11567,9773,14854,1959,774,2681,0,0,0,,,,,41608,REF,69636,16023.0,15025.0,7679.0,0,1175.0,1706.0,,,,,,,,41608
Rotherham,Rotherham,76740,13016,2141,12376,1902,1316,3904,2240,0,0,,,,,36895,LAB,76740,16671.0,,11181.0,0,2824.0,2632.0,3624.0,,,,,,,36932
Rugby,Rugby,74929,14576,13366,12904,1889,2010,4053,205,0,0,,,,,49003,LAB,74929,19533.0,15105.0,8225.0,0,3252.0,2556.0,333.0,,,,,,,49004
"Ruislip, Northwood and Pinner","Ruislip, Northwood and Pinner",71675,11013,21693,5466,636,3710,4572,0,0,0,,,,,47090,CON,71675,13785.0,21366.0,4671.0,0,4343.0,2926.0,,,,,,,,47091
Runcorn and Helsby,Runcorn and Helsby,71031,15273,4483,14589,1948,1843,3703,354,0,0,,,,,42193,LAB,71031,22358.0,6756.0,7662.0,0,2149.0,2715.0,595.0,,,,,,,42235
Runnymede and Weybridge,Runnymede and Weybridge,73556,6713,19732,9178,1307,7270,3485,519,0,0,,,,,48204,CON,73556,9963.0,18442.0,6419.0,0,10815.0,1954.0,660.0,,,,,,,48253
Rushcliffe,Rushcliffe,79395,17827,20448,9299,1478,2306,5925,460,0,0,,,,,57743,CON,79395,25291.0,17865.0,6353.0,0,3133.0,4367.0,735.0,,,,,,,57744
Rutherglen,Rutherglen,72622,13341,2902,6239,401,1854,2889,532,14192,0,,,,,42350,SNP,72622,21460.0,2420.0,2685.0,0,1714.0,,1512.0,12693.0,,,,,,42484
Rutland and Stamford,Rutland and Stamford,71753,6956,20830,10540,1663,4260,3981,299,0,0,,,,,48529,CON,71753,10854.0,21248.0,7008.0,0,6252.0,2806.0,409.0,,,,,,,48577
Salford,Salford,83976,15199,3600,7402,1265,2606,8755,877,0,0,,,,,39704,LAB,83976,21132.0,3583.0,6031.0,0,2752.0,5188.0,1018.0,,,,,,,39704
Salisbury,Salisbury,71778,9329,12851,13881,1541,8900,3288,383,0,0,,,,,50173,REF,71778,13303.0,17110.0,5235.0,0,11825.0,2115.0,585.0,,,,,,,50173
Scarborough and Whitby,Scarborough and Whitby,74571,13410,6559,17622,2306,1310,2513,501,0,0,,,,,44221,REF,74571,17758.0,12350.0,9657.0,0,1899.0,1719.0,838.0,,,,,,,44221
Scunthorpe,Scunthorpe,74020,11340,5633,15871,2088,686,2635,797,0,0,,,,,39050,REF,74020,15484.0,11942.0,8163.0,0,942.0,1218.0,1302.0,,,,,,,39051
Sefton Central,Sefton Central,74255,18865,6194,14581,1547,2006,3927,282,0,0,,,,,47402,LAB,74255,26772.0,8490.0,5767.0,0,2630.0,3294.0,496.0,,,,,,,47449
Selby,Selby,78130,14696,12860,13887,2274,1522,3933,0,0,0,,,,,49172,LAB,78130,22788.0,12593.0,9565.0,0,1792.0,2484.0,,,,,,,,49222
Sevenoaks,Sevenoaks,73706,4405,18940,11881,1686,9307,3259,371,0,0,,,,,49849,CON,73706,6802.0,18328.0,9341.0,0,12888.0,2033.0,507.0,,,,,,,49899
Sheffield Brightside and Hillsborough,Sheffield Brightside and Hillsborough,71583,12757,942,7729,393,1324,5376,3092,0,0,,,,,31613,LAB,71583,16301.0,4069.0,,0,1694.0,4701.0,4847.0,,,,,,,31612
Sheffield Central,Sheffield Central,61123,12460,2277,2659,500,1378,12009,521,0,0,,,,,31804,LAB,61123,16569.0,2339.0,,0,2174.0,8283.0,2438.0,,,,,,,31803
Sheffield Hallam,Sheffield Hallam,72882,16859,4739,8645,457,12331,7753,817,0,0,,,,,51601,LAB,72882,23875.0,6205.0,,0,15686.0,4491.0,1344.0,,,,,,,51601
Sheffield Heeley,Sheffield Heeley,74730,14997,1847,10857,1335,2639,6357,413,0,0,,,,,38445,LAB,74730,21230.0,5242.0,,0,3863.0,5926.0,2185.0,,,,,,,38446
Sheffield South East,Sheffield South East,74213,14360,1858,10626,1419,2345,4100,1063,0,0,,,,,35771,LAB,74213,18710.0,6252.0,,0,3421.0,3158.0,4230.0,,,,,,,35771
Sherwood Forest,Sherwood Forest,78865,13550,10373,16744,2555,1308,3535,596,0,0,,,,,48661,REF,78865,18841.0,13398.0,11320.0,0,1838.0,2216.0,1047.0,,,,,,,48660
Shipley,Shipley,74084,16384,11771,12103,1692,1141,4434,779,0,0,,,,,48304,LAB,74084,21738.0,13135.0,7238.0,0,1341.0,3605.0,1246.0,,,,,,,48303
Shrewsbury,Shrewsbury,76916,17379,6099,17666,2004,4300,3859,253,0,0,,,,,51560,REF,76916,22932.0,11577.0,7524.0,0,6722.0,2387.0,418.0,,,,,,,51560
Sittingbourne and Sheppey,Sittingbourne and Sheppey,78994,10532,7269,15499,2204,936,2530,1986,0,0,,,,,40956,REF,78994,11919.0,11564.0,10512.0,0,1321.0,1692.0,3990.0,,,,,,,40998
Skipton and Ripon,Skipton and Ripon,79185,11998,17403,13933,2020,2711,4506,772,0,0,,,,,53343,CON,79185,17183.0,18833.0,8516.0,0,4194.0,3446.0,1278.0,,,,,,,53450
Sleaford and North Hykeham,Sleaford and North Hykeham,75646,8821,16928,14000,2259,1562,3369,1626,0,0,,,,,48565,CON,75646,13002.0,17348.0,10484.0,0,2264.0,2435.0,3032.0,,,,,,,48565
Slough,Slough,81349,13797,7438,2890,547,1770,4784,12008,0,0,,,,,43234,LAB,81349,14666.0,7457.0,3352.0,0,2060.0,1873.0,13870.0,,,,,,,43278
Smethwick,Smethwick,72873,13906,4538,5470,1004,1351,5170,3641,0,0,,,,,35080,LAB,72873,16858.0,4546.0,5670.0,0,1018.0,2741.0,4282.0,,,,,,,35115
Solihull West and Shirley,Solihull West and Shirley,71787,7547,19225,8221,1362,5376,4677,468,0,0,,,,,46876,CON,71787,11664.0,16284.0,7149.0,0,7916.0,3270.0,594.0,,,,,,,46877
South Basildon and East Thurrock,South Basildon and East Thurrock,72700,9088,7123,16076,1974,963,2650,1637,0,0,,,,,39511,REF,72700,12080.0,10159.0,12178.0,0,1071.0,1718.0,2343.0,,,,,,,39549
South Cambridgeshire,South Cambridgeshire,77302,3240,17644,6547,1243,21247,4535,319,0,0,,,,,54775,LD,77302,6106.0,15063.0,4897.0,0,25704.0,2656.0,459.0,,,,,,,54885
South Cotswolds,South Cotswolds,71921,2192,17256,8823,1513,18853,3129,468,0,0,,,,,52234,LD,71921,3942.0,17988.0,5146.0,0,22961.0,1564.0,686.0,,,,,,,52287
South Derbyshire,South Derbyshire,73769,12906,12066,13298,2084,1465,3135,783,0,0,,,,,45737,REF,73769,17734.0,13566.0,8979.0,0,2134.0,1941.0,1383.0,,,,,,,45737
South Devon,South Devon,72277,1724,12038,11717,1760,18505,3152,107,0,0,,,,,49003,LD,72277,3066.0,15413.0,6363.0,0,22540.0,1497.0,125.0,,,,,,,49004
South Dorset,South Dorset,75908,12704,8278,17501,2162,4956,3173,263,0,0,,,,,49037,REF,75908,15659.0,14611.0,8168.0,0,8017.0,2153.0,429.0,,,,,,,49037
South East Cornwall,South East Cornwall,72586,11782,12807,14135,2222,4714,3485,141,0,0,,,,,49286,REF,72586,15670.0,13759.0,9311.0,0,8284.0,1999.0,263.0,,,,,,,49286
South Holland and The Deepings,South Holland and The Deepings,78512,6373,14706,15617,2450,1368,2795,2621,0,0,,,,,45930,REF,78512,9086.0,17462.0,10606.0,0,1945.0,1800.0,5031.0,,,,,,,45930
South Leicestershire,South Leicestershire,78530,7816,20130,12600,2157,5072,3533,0,0,0,,,,,51308,CON,78530,12758.0,18264.0,10235.0,0,7621.0,2481.0,,,,,,,,51359
South Norfolk,South Norfolk,73998,13156,13606,12677,1788,3325,4802,225,0,0,,,,,49579,CON,73998,17353.0,14527.0,7583.0,0,5746.0,3987.0,383.0,,,,,,,49579
South Northamptonshire,South Northamptonshire,78275,10350,21918,10616,1950,3372,4168,1324,0,0,,,,,53698,CON,78275,15504.0,19191.0,8962.0,0,4989.0,3040.0,2011.0,,,,,,,53697
South Ribble,South Ribble,73459,13667,11890,13823,2002,1754,3584,0,0,0,,,,,46720,REF,73459,19840.0,13339.0,8995.0,0,2972.0,1574.0,,,,,,,,46720
South Shields,South Shields,68319,11959,1871,13078,1897,964,5885,1170,0,0,,,,,36824,REF,68319,15122.0,4128.0,8469.0,0,1402.0,5433.0,2270.0,,,,,,,36824
South Shropshire,South Shropshire,76636,3523,14747,14167,2147,14101,2969,0,0,0,,,,,51654,CON,76636,6939.0,17628.0,9171.0,0,16004.0,1911.0,,,,,,,,51653
South Suffolk,South Suffolk,74505,8326,16253,13076,2106,4163,4878,0,0,0,,,,,48802,CON,74505,13035.0,16082.0,9252.0,0,6424.0,4008.0,,,,,,,,48801
South West Devon,South West Devon,77625,11074,15510,15768,2157,3462,3843,430,0,0,,,,,52244,REF,77625,15804.0,17916.0,9361.0,0,5551.0,2925.0,685.0,,,,,,,52242
South West Hertfordshire,South West Hertfordshire,71699,6065,19936,7632,1188,8975,3829,630,0,0,,,,,48255,CON,71699,9637.0,16458.0,6790.0,0,12002.0,2532.0,835.0,,,,,,,48254
South West Norfolk,South West Norfolk,74763,11553,6940,15508,2318,1698,2967,3351,0,0,,,,,44335,REF,74763,11847.0,11217.0,9958.0,0,2618.0,1838.0,6857.0,,,,,,,44335
South West Wiltshire,South West Wiltshire,73050,8264,11611,15739,2010,4652,3301,590,0,0,,,,,46167,REF,73050,12374.0,15617.0,7840.0,0,7205.0,2243.0,889.0,,,,,,,46168
Southampton Itchen,Southampton Itchen,68440,12097,8048,10716,1515,1779,3736,162,0,0,,,,,38053,LAB,68440,15782.0,9677.0,6853.0,0,2684.0,2793.0,264.0,,,,,,,38053
Southampton Test,Southampton Test,65576,12995,5687,8198,1155,2283,4755,732,0,0,,,,,35805,LAB,65576,15945.0,6612.0,5261.0,0,3252.0,3594.0,1141.0,,,,,,,35805
Southend East and Rochford,Southend East and Rochford,70187,11987,7903,12470,1605,1541,3715,434,0,0,,,,,39655,REF,70187,15395.0,11368.0,7214.0,0,2269.0,2716.0,694.0,,,,,,,39656
Southend West and Leigh,Southend West and Leigh,75269,13104,10209,15040,1770,2077,4299,370,0,0,,,,,46869,REF,75269,16739.0,14790.0,8273.0,0,3174.0,3262.0,632.0,,,,,,,46870
Southgate and Wood Green,Southgate and Wood Green,77539,18644,8703,4453,603,3699,8211,1359,0,0,,,,,45672,LAB,77539,23337.0,8037.0,3147.0,0,3925.0,5607.0,1618.0,,,,,,,45671
Southport,Southport,73625,13695,6544,15551,1833,3684,3169,537,0,0,,,,,45013,REF,73625,17252.0,11463.0,7395.0,0,5868.0,2159.0,922.0,,,,,,,45059
Spelthorne,Spelthorne,73747,9229,14242,11380,1462,5942,3730,181,0,0,,,,,46166,CON,73747,12448.0,14038.0,8284.0,0,8710.0,2413.0,273.0,,,,,,,46166
Spen Valley,Spen Valley,72669,12689,8538,12927,2021,959,3000,924,0,0,,,,,41058,REF,72669,16076.0,9859.0,9888.0,0,1425.0,2284.0,1526.0,,,,,,,41058
St Albans,St Albans,72695,4099,12631,5831,994,21512,6372,175,0,0,,,,,51614,LD,72695,5189.0,9388.0,4336.0,0,29222.0,3272.0,207.0,,,,,,,51614
St Austell and Newquay,St Austell and Newquay,76110,12580,7771,17335,2314,3027,3164,542,0,0,,,,,46733,REF,76110,15958.0,13488.0,9212.0,0,4805.0,2337.0,932.0,,,,,,,46732
St Helens North,St Helens North,75511,14704,3103,14827,2146,1530,3948,175,0,0,,,,,40433,REF,75511,21284.0,4507.0,9115.0,0,1799.0,3495.0,274.0,,,,,,,40474
St Helens South and Whiston,St Helens South and Whiston,71789,14556,1207,13969,1671,1556,3387,1652,0,0,,,,,37998,LAB,71789,18919.0,3057.0,6974.0,0,2199.0,2642.0,4244.0,,,,,,,38035
St Ives,St Ives,69921,1562,7744,11932,1809,20113,4723,222,0,0,,,,,48105,LD,69921,2788.0,11247.0,6492.0,0,25033.0,1797.0,749.0,,,,,,,48106
St Neots and Mid Cambridgeshire,St Neots and Mid Cambridgeshire,78072,4048,13284,10586,1459,17548,3962,1996,0,0,,,,,52883,LD,78072,6918.0,14896.0,5673.0,0,19517.0,2663.0,3215.0,,,,,,,52882
Stafford,Stafford,70565,13639,12034,13356,1939,1079,3716,247,0,0,,,,,46010,LAB,70565,18531.0,13936.0,8612.0,0,1676.0,2856.0,398.0,,,,,,,46009
Staffordshire Moorlands,Staffordshire Moorlands,69841,8720,13584,14809,2251,1032,2907,0,0,0,,,,,43303,REF,69841,14135.0,15310.0,10065.0,0,1499.0,2293.0,,,,,,,,43302
Stalybridge and Hyde,Stalybridge and Hyde,72308,12504,4257,12861,1741,858,3529,1489,0,0,,,,,37239,REF,72308,16320.0,6872.0,7781.0,0,1080.0,2745.0,2441.0,,,,,,,37239
Stevenage,Stevenage,70955,13398,9319,12271,1629,2230,3705,78,0,0,,,,,42630,LAB,70955,17698.0,11080.0,7667.0,0,3467.0,2655.0,148.0,,,,,,,42715
Stirling and Strathallan,Stirling and Strathallan,75887,11122,6236,6749,470,2283,6383,0,16382,0,,,,,49625,SNP,75887,16856.0,9469.0,3145.0,0,2530.0,2320.0,,15462.0,,,,,,49782
Stockport,Stockport,76961,16745,3881,11950,1566,2696,5684,1160,0,0,,,,,43682,LAB,76961,21787.0,4967.0,6517.0,0,3724.0,4865.0,1823.0,,,,,,,43683
Stockton North,Stockton North,70302,12759,4575,14405,2053,816,2793,0,0,0,,,,,37401,REF,70302,17128.0,8028.0,9189.0,0,1133.0,1923.0,,,,,,,,37401
Stockton West,Stockton West,72031,12557,18347,12521,1694,861,2294,365,0,0,,,,,48639,CON,72031,18233.0,20372.0,6833.0,0,1203.0,1477.0,520.0,,,,,,,48638
Stoke-on-Trent Central,Stoke-on-Trent Central,73826,12005,3721,12285,1859,766,2849,1769,0,0,,,,,35254,REF,73826,14950.0,6221.0,8541.0,0,999.0,1703.0,2875.0,,,,,,,35289
Stoke-on-Trent North,Stoke-on-Trent North,69787,11464,5202,14272,2034,666,1818,693,0,0,,,,,36149,REF,69787,14579.0,9497.0,8824.0,0,911.0,1236.0,1103.0,,,,,,,36150
Stoke-on-Trent South,Stoke-on-Trent South,69986,11060,9725,14296,2067,1030,1826,896,0,0,,,,,40900,REF,69986,14221.0,13594.0,8851.0,0,1577.0,1207.0,1492.0,,,,,,,40942
"Stone, Great Wyrley and Penkridge","Stone, Great Wyrley and Penkridge",71521,10522,11126,13095,1048,1925,3134,1920,0,0,,,,,42770,REF,71521,14414.0,19880.0,,0,2952.0,2236.0,3288.0,,,,,,,42770
Stourbridge,Stourbridge,68167,11662,9199,13027,1802,1070,2463,655,0,0,,,,,39878,REF,68167,15338.0,12265.0,7869.0,0,1607.0,1732.0,1067.0,,,,,,,39878
Stratford and Bow,Stratford and Bow,81304,16982,3904,1719,404,2256,9973,8196,0,0,,,,,43434,LAB,81304,19145.0,3114.0,2093.0,0,1926.0,7511.0,9646.0,,,,,,,43435
Stratford-on-Avon,Stratford-on-Avon,75763,2120,17133,9616,1795,19134,2829,333,0,0,,,,,52960,LD,75763,3753.0,16328.0,7753.0,0,23450.0,1197.0,478.0,,,,,,,52959
Streatham and Croydon North,Streatham and Croydon North,76948,18060,6327,2922,485,4927,10696,1136,0,0,,,,,44553,LAB,76948,23232.0,5328.0,1994.0,0,5031.0,7629.0,1339.0,,,,,,,44553
Stretford and Urmston,Stretford and Urmston,75441,16313,6764,9123,1318,2425,5993,4067,0,0,,,,,46003,LAB,75441,22642.0,6492.0,5485.0,0,2216.0,4398.0,4769.0,,,,,,,46002
Stroud,Stroud,77918,18272,8592,17594,1905,2221,6447,213,0,0,,,,,55244,LAB,77918,25630.0,14219.0,6329.0,0,2913.0,5729.0,424.0,,,,,,,55244
Suffolk Coastal,Suffolk Coastal,74474,12061,12369,13817,2000,3982,5222,0,0,0,,,,,49451,REF,74474,15672.0,14602.0,7850.0,0,6947.0,4380.0,,,,,,,,49451
Sunderland Central,Sunderland Central,76108,12785,4615,14271,2115,2367,3803,0,0,0,,,,,39956,REF,76108,16852.0,5731.0,10779.0,0,3602.0,2993.0,,,,,,,,39957
Surrey Heath,Surrey Heath,72180,1827,15719,8592,1326,17342,2914,69,0,0,,,,,47789,LD,72180,3148.0,15747.0,6252.0,0,21387.0,1162.0,92.0,,,,,,,47788
Sussex Weald,Sussex Weald,72851,5802,15390,13798,1845,6987,4659,693,0,0,,,,,49174,CON,72851,8239.0,16758.0,8920.0,0,9916.0,3762.0,1580.0,,,,,,,49175
Sutton Coldfield,Sutton Coldfield,74130,10732,20037,9891,1418,1921,3841,494,0,0,,,,,48334,CON,74130,15959.0,18502.0,8213.0,0,2587.0,2419.0,653.0,,,,,,,48333
Sutton and Cheam,Sutton and Cheam,72239,4521,15639,6715,1007,15932,3553,239,0,0,,,,,47606,LD,72239,8430.0,13775.0,5787.0,0,17576.0,1721.0,317.0,,,,,,,47606
Swansea West,Swansea West,74285,6980,950,7764,1248,2903,5494,43,0,9059,,,,,34441,PLAID,74285,14761.0,3536.0,6246.0,0,4367.0,2305.0,337.0,,4105.0,,,,,35657
Swindon North,Swindon North,73242,13233,11372,12946,1801,1308,3267,237,0,0,,,,,44164,LAB,73242,17930.0,13827.0,7557.0,0,2086.0,2366.0,399.0,,,,,,,44165
Swindon South,Swindon South,72599,16291,8081,12851,1552,1340,4370,309,0,0,,,,,44794,LAB,72599,21676.0,12070.0,6194.0,0,1843.0,2539.0,472.0,,,,,,,44794
Tamworth,Tamworth,75108,11354,10654,15909,2381,960,2244,286,0,0,,,,,43788,REF,75108,15338.0,13956.0,11004.0,0,1451.0,1579.0,460.0,,,,,,,43788
Tatton,Tatton,76001,12804,20771,9651,1414,3000,4269,0,0,0,,,,,51909,CON,76001,18820.0,19956.0,5948.0,0,4614.0,2571.0,,,,,,,,51909
Taunton and Wellington,Taunton and Wellington,78707,2064,7676,14453,2018,20179,3791,114,0,0,,,,,50295,LD,78707,3552.0,12392.0,8053.0,0,24331.0,1832.0,134.0,,,,,,,50294
Telford,Telford,73786,13661,5446,15003,2188,1169,3222,0,0,0,,,,,40689,REF,73786,18212.0,8728.0,10110.0,0,1560.0,2120.0,,,,,,,,40730
Tewkesbury,Tewkesbury,73432,2462,8593,13476,1642,18150,4072,144,0,0,,,,,48539,LD,73432,4298.0,14468.0,6000.0,0,20730.0,2873.0,170.0,,,,,,,48539
The Wrekin,The Wrekin,78895,10937,15660,13586,2148,3076,4248,364,0,0,,,,,50019,CON,78895,15437.0,16320.0,9920.0,0,4757.0,3028.0,558.0,,,,,,,50020
Thirsk and Malton,Thirsk and Malton,78420,7962,16587,14972,2214,3522,4009,532,0,0,,,,,49798,CON,78420,11994.0,19544.0,8963.0,0,5379.0,2986.0,931.0,,,,,,,49797
Thornbury and Yate,Thornbury and Yate,78136,2658,13663,14511,1953,17231,3351,0,0,0,,,,,53367,LD,78136,5057.0,17801.0,7529.0,0,20815.0,2165.0,,,,,,,,53367
Thurrock,Thurrock,73355,12801,6082,12402,1333,1059,3152,691,0,0,,,,,37520,LAB,73355,16050.0,8009.0,9576.0,0,1157.0,1632.0,1134.0,,,,,,,37558
Tipton and Wednesbury,Tipton and Wednesbury,74069,9456,7684,9038,1632,561,2528,951,0,0,,,,,31850,LAB,74069,11755.0,8370.0,8019.0,0,592.0,1509.0,1605.0,,,,,,,31850
Tiverton and Minehead,Tiverton and Minehead,72065,2249,11746,13092,2015,14924,3466,0,0,0,,,,,47492,LD,72065,4325.0,14819.0,7787.0,0,18326.0,2234.0,,,,,,,,47491
Tonbridge,Tonbridge,72833,6099,20616,9782,1687,2908,8602,633,0,0,,,,,50327,CON,72833,9351.0,20517.0,7548.0,0,4234.0,7596.0,1082.0,,,,,,,50328
Tooting,Tooting,76176,22854,9428,5428,614,4307,9141,1170,0,0,,,,,52942,LAB,76176,29209.0,9722.0,2546.0,0,4438.0,5672.0,1356.0,,,,,,,52943
Torbay,Torbay,76223,1962,5670,17651,2174,15307,3183,168,0,0,,,,,46115,REF,76223,3276.0,13588.0,8660.0,0,18937.0,1420.0,234.0,,,,,,,46115
Torfaen,Torfaen,71696,8198,2294,11341,1571,1066,2523,296,0,8415,,,,,35704,REF,71696,15176.0,5737.0,7854.0,0,1644.0,1705.0,1018.0,,2571.0,,,,,35705
Torridge and Tavistock,Torridge and Tavistock,74735,6344,13251,16392,2281,8749,3524,278,0,0,,,,,50819,REF,74735,10765.0,16049.0,9152.0,0,12099.0,2350.0,405.0,,,,,,,50820
Tottenham,Tottenham,75894,17820,3551,2115,321,2559,10711,3071,0,0,,,,,40148,LAB,75894,23066.0,2320.0,1602.0,0,1928.0,7632.0,3600.0,,,,,,,40148
Truro and Falmouth,Truro and Falmouth,72952,15660,9123,14151,1670,4007,5220,383,0,0,,,,,50214,LAB,72952,20783.0,12632.0,6163.0,0,6552.0,3470.0,664.0,,,,,,,50264
Tunbridge Wells,Tunbridge Wells,78737,3509,13843,9905,1545,20866,4139,443,0,0,,,,,54250,LD,78737,6178.0,14974.0,6484.0,0,23661.0,2344.0,609.0,,,,,,,54250
Twickenham,Twickenham,75013,5344,11756,5886,852,22214,7310,274,0,0,,,,,53636,LD,75013,6693.0,8728.0,4092.0,0,30185.0,3590.0,347.0,,,,,,,53635
Tynemouth,Tynemouth,73138,18060,6461,14894,1805,2023,4486,689,0,0,,,,,48418,LAB,73138,24491.0,9036.0,7392.0,0,2709.0,3592.0,1198.0,,,,,,,48418
Uxbridge and South Ruislip,Uxbridge and South Ruislip,74778,13339,17399,6538,851,1372,6046,369,0,0,,,,,45914,CON,74778,16599.0,16012.0,6610.0,0,1752.0,4354.0,587.0,,,,,,,45914
Vale of Glamorgan,Vale of Glamorgan,74513,9338,9475,10125,1393,913,3177,233,0,9831,,,,,44485,REF,74513,17740.0,13524.0,6973.0,0,1612.0,1881.0,851.0,,3245.0,,,,,45826
Vauxhall and Camberwell Green,Vauxhall and Camberwell Green,69769,17319,3295,2011,445,4437,9870,160,0,0,,,,,37537,LAB,69769,21528.0,2809.0,2033.0,0,4549.0,6416.0,201.0,,,,,,,37536
Wakefield and Rothwell,Wakefield and Rothwell,75011,14034,4563,13827,1881,2163,3257,931,0,0,,,,,40656,LAB,75011,17773.0,7322.0,8427.0,0,3249.0,2389.0,1496.0,,,,,,,40656
Wallasey,Wallasey,74245,17325,2048,15122,1814,1547,4598,249,0,0,,,,,42703,LAB,74245,24674.0,4987.0,6678.0,0,1843.0,3905.0,659.0,,,,,,,42746
Walsall and Bloxwich,Walsall and Bloxwich,75266,12063,6680,7818,1407,748,3402,5072,0,0,,,,,37190,LAB,75266,12514.0,6679.0,7293.0,0,817.0,2288.0,7600.0,,,,,,,37191
Walthamstow,Walthamstow,74499,20986,3992,3458,461,2484,11438,3040,0,0,,,,,45859,LAB,74499,27172.0,2353.0,1836.0,0,1736.0,9176.0,3586.0,,,,,,,45859
Warrington North,Warrington North,70619,13177,5425,13675,2030,1873,3431,390,0,0,,,,,40001,REF,70619,18730.0,6486.0,9540.0,0,2737.0,1889.0,659.0,,,,,,,40041
Warrington South,Warrington South,78347,16775,8179,15609,1878,2562,4334,335,0,0,,,,,49672,LAB,78347,23201.0,11861.0,7913.0,0,3829.0,2313.0,555.0,,,,,,,49672
Warwick and Leamington,Warwick and Leamington,76275,17933,10246,9571,1260,2795,7300,93,0,0,,,,,49198,LAB,76275,23975.0,11563.0,5154.0,0,3881.0,4471.0,154.0,,,,,,,49198
Washington and Gateshead South,Washington and Gateshead South,70921,12269,3229,14650,2305,1175,3040,354,0,0,,,,,37022,REF,70921,17682.0,4654.0,10769.0,0,1602.0,1687.0,627.0,,,,,,,37021
Watford,Watford,73116,13446,13871,5354,928,5048,4078,1730,0,0,,,,,44455,CON,73116,15708.0,10985.0,4930.0,0,7577.0,2428.0,2827.0,,,,,,,44455
Waveney Valley,Waveney Valley,72700,3448,9918,11429,2076,1079,21040,83,0,0,,,,,49073,GRN,72700,4621.0,14874.0,7779.0,0,1214.0,20467.0,118.0,,,,,,,49073
Weald of Kent,Weald of Kent,76029,8369,20371,11332,1970,3177,5442,0,0,0,,,,,50661,CON,76029,11780.0,20202.0,10208.0,0,3975.0,4547.0,,,,,,,,50712
Wellingborough and Rushden,Wellingborough and Rushden,77574,13248,9269,14252,2107,1117,3788,160,0,0,,,,,43941,REF,77574,17734.0,12248.0,9456.0,0,1570.0,2704.0,273.0,,,,,,,43985
Wells and Mendip Hills,Wells and Mendip Hills,73529,2200,10476,10325,1759,20658,3545,1354,0,0,,,,,50317,LD,73529,3527.0,12501.0,6611.0,0,23622.0,2068.0,2039.0,,,,,,,50368
Welwyn Hatfield,Welwyn Hatfield,75240,14981,17354,8384,1343,1999,4394,0,0,0,,,,,48455,CON,75240,19877.0,16078.0,6397.0,0,3117.0,2986.0,,,,,,,,48455
West Aberdeenshire and Kincardine,West Aberdeenshire and Kincardine,72962,3584,16898,5740,521,5247,3508,39,13248,0,,,,,48785,CON,72962,6397.0,17428.0,3497.0,0,6342.0,1032.0,275.0,13987.0,,,,,,48958
West Bromwich,West Bromwich,73997,13138,7476,7470,1254,1543,4049,1550,0,0,,,,,36480,LAB,73997,16872.0,7318.0,7101.0,0,1314.0,2036.0,1840.0,,,,,,,36481
West Dorset,West Dorset,76911,1890,8824,12996,1137,22700,4271,735,0,0,,,,,52553,LD,76911,3086.0,19210.0,,0,26999.0,2288.0,1022.0,,,,,,,52605
West Dunbartonshire,West Dunbartonshire,69082,11587,1738,6783,416,1102,3878,138,13804,0,,,,,39446,SNP,69082,19312.0,1474.0,2770.0,0,839.0,1496.0,391.0,13302.0,,,,,,39584
West Ham and Beckton,West Ham and Beckton,79341,14131,3997,2674,337,1978,6552,6643,0,0,,,,,36312,LAB,79341,16434.0,3781.0,2800.0,0,1606.0,3897.0,7830.0,,,,,,,36348
West Lancashire,West Lancashire,74036,14634,6341,13995,1873,1565,5792,0,0,0,,,,,44200,LAB,74036,22305.0,8680.0,7909.0,0,2043.0,3263.0,,,,,,,,44200
West Suffolk,West Suffolk,77476,9194,14269,13153,2102,2796,4020,627,0,0,,,,,46161,CON,77476,12567.0,15814.0,9623.0,0,4284.0,2910.0,963.0,,,,,,,46161
West Worcestershire,West Worcestershire,79256,4753,16886,14053,1925,10954,5890,227,0,0,,,,,54688,CON,79256,8335.0,19783.0,7902.0,0,13236.0,5068.0,363.0,,,,,,,54687
Westmorland and Lonsdale,Westmorland and Lonsdale,71995,1305,8461,11676,1261,22072,4629,130,0,0,,,,,49534,LD,71995,2306.0,9589.0,4842.0,0,31061.0,1486.0,249.0,,,,,,,49533
Weston-super-Mare,Weston-super-Mare,71604,12528,5626,16304,1931,2483,3518,0,0,0,,,,,42390,REF,71604,16310.0,11901.0,7735.0,0,3756.0,2688.0,,,,,,,,42390
Wetherby and Easingwold,Wetherby and Easingwold,74591,10777,19901,10751,1673,2980,5561,562,0,0,,,,,52205,CON,74591,15751.0,20597.0,7288.0,0,3351.0,4529.0,743.0,,,,,,,52259
Whitehaven and Workington,Whitehaven and Workington,73270,14191,4324,16999,2271,1051,3076,0,0,0,,,,,41912,REF,73270,22173.0,8455.0,8887.0,0,1189.0,1207.0,,,,,,,,41911
Widnes and Halewood,Widnes and Halewood,70195,15209,2176,13931,1742,1388,3504,166,0,0,,,,,38116,LAB,70195,23484.0,3507.0,7059.0,0,1593.0,2058.0,415.0,,,,,,,38116
Wigan,Wigan,77607,15257,2438,14928,2209,1276,2494,2256,0,0,,,,,40858,LAB,77607,19401.0,4310.0,9852.0,0,1692.0,1629.0,4015.0,,,,,,,40899
Wimbledon,Wimbledon,76368,6238,16881,2887,677,22142,5720,440,0,0,,,,,54985,LD,76368,11733.0,12180.0,3221.0,0,24790.0,2442.0,619.0,,,,,,,54985
Winchester,Winchester,78439,1759,14362,8828,1310,25410,5058,350,0,0,,,,,57077,LD,78439,3023.0,16118.0,4797.0,0,29939.0,2740.0,459.0,,,,,,,57076
Windsor,Windsor,73374,8225,15618,6515,969,7718,4278,1923,0,0,,,,,45246,CON,73374,10026.0,16483.0,4660.0,0,9539.0,2288.0,2250.0,,,,,,,45246
Wirral West,Wirral West,72769,17024,7944,16592,1589,1948,4854,0,0,0,,,,,49951,LAB,72769,23156.0,13158.0,6422.0,0,3055.0,4160.0,,,,,,,,49951
Witham,Witham,78943,9013,19375,12576,2145,2300,4503,691,0,0,,,,,50603,CON,78943,13682.0,18827.0,9870.0,0,3439.0,3539.0,1246.0,,,,,,,50603
Witney,Witney,75498,2641,14639,10695,1652,17371,3234,352,0,0,,,,,50584,LD,75498,4773.0,16493.0,6307.0,0,20832.0,1661.0,518.0,,,,,,,50584
Woking,Woking,72946,2460,13984,6134,1104,20454,3852,109,0,0,,,,,48097,LD,72946,4444.0,12773.0,4888.0,0,24019.0,1853.0,168.0,,,,,,,48145
Wokingham,Wokingham,75102,2061,18563,7281,1161,21225,3708,0,0,0,,,,,53999,LD,75102,3631.0,17398.0,5274.0,0,25743.0,1953.0,,,,,,,,53999
Wolverhampton North East,Wolverhampton North East,70677,10911,6589,10636,1608,864,2681,0,0,0,,,,,33289,LAB,70677,14282.0,8860.0,7721.0,0,1002.0,1424.0,,,,,,,,33289
Wolverhampton South East,Wolverhampton South East,77452,13264,5146,8501,1525,823,3513,576,0,0,,,,,33348,LAB,77452,16800.0,5654.0,7612.0,0,758.0,1643.0,915.0,,,,,,,33382
Wolverhampton West,Wolverhampton West,77819,16369,11439,6639,1232,1367,4817,1795,0,0,,,,,43658,LAB,77819,19331.0,11463.0,6078.0,0,1376.0,2550.0,2859.0,,,,,,,43657
Worcester,Worcester,74977,14379,6468,14931,1731,2593,5680,254,0,0,,,,,46036,REF,74977,18622.0,11506.0,6723.0,0,3986.0,4789.0,410.0,,,,,,,46036
Worsley and Eccles,Worsley and Eccles,78940,15099,6198,12597,1888,1446,4587,726,0,0,,,,,42541,LAB,78940,20277.0,6791.0,9186.0,0,1851.0,3283.0,1155.0,,,,,,,42543
Worthing West,Worthing West,76918,15412,10539,16914,1831,1773,4260,217,0,0,,,,,50946,REF,76918,20519.0,16570.0,7562.0,0,2708.0,3274.0,364.0,,,,,,,50997
Wrexham,Wrexham,70336,8720,4618,11439,1381,1124,2145,135,0,9999,,,,,39561,REF,70336,15836.0,9888.0,6915.0,0,1777.0,1339.0,480.0,,4138.0,,,,,40373
Wycombe,Wycombe,73416,14792,12567,5838,1039,2623,4109,3669,0,0,,,,,44637,LAB,73416,16035.0,11444.0,4769.0,0,4236.0,2193.0,5960.0,,,,,,,44637
Wyre Forest,Wyre Forest,77325,9048,11559,15900,2277,1869,3273,1230,0,0,,,,,45156,REF,77325,13677.0,14489.0,9682.0,0,2809.0,2443.0,2058.0,,,,,,,45158
Wythenshawe and Sale East,Wythenshawe and Sale East,76880,15597,4497,10274,1410,1639,5040,675,0,0,,,,,39132,LAB,76880,20596.0,5392.0,5986.0,0,1985.0,4133.0,1040.0,,,,,,,39132
Yeovil,Yeovil,79840,1728,6760,14184,2140,19556,4108,429,0,0,,,,,48905,LD,79840,3002.0,11497.0,7677.0,0,23765.0,2403.0,608.0,,,,,,,48952
Ynys Môn,Ynys Môn,53140,4010,5375,7722,646,339,1335,78,0,13122,,,,,32627,PLAID,53140,7619.0,9953.0,3223.0,0,439.0,604.0,200.0,,10590.0,,,,,32628
York Central,York Central,79910,15607,2824,10281,1277,1992,11039,260,0,0,,,,,43280,LAB,79910,24537.0,5383.0,4721.0,0,3051.0,5185.0,446.0,,,,,,,43323
York Outer,York Outer,76277,15866,10924,14256,1663,3594,4466,335,0,0,,,,,51104,LAB,76277,23161.0,13770.0,5912.0,0,5496.0,2212.0,555.0,,,,,,,51106
