Seat,County,Region, ,Muslim,Left,Progressives,Average,Liberal,Blues,Reforms,Labour,Conservative,Reform,LibDem,Green,Oth,SNP,Plaid
Aldershot,Hampshire,South East,0,2.2302648,9.601583515200717,12.038584300145882,26.466818114945198,23.589032921867243,6.402711699999999,19.671004647840974,40.7,29.0,16.9,8.3,4.4,0.6,0,0
Aldridge-Brownhills,West Midlands,West Midlands,0,2.2039185999999997,8.258832976445381,11.961245363287087,27.860023447070517,23.581030353573098,1.3751106000000002,24.75983865962392,28.5,38.8,24.2,4.3,4.3,0.0,0,0
Altrincham and Sale West,Greater Manchester,North West,0,6.405810300000001,7.912408006495922,10.851632474267467,16.90653263441068,38.5400832894459,7.2261884,12.157344895380032,40.4,32.3,9.6,9.2,7.2,1.2,0,0
Amber Valley,Derbyshire,East Midlands,0,0.2424712,7.696986525976158,5.337383742933991,30.74954658286613,18.515733710723467,3.9505321999999996,33.507346037500255,37.0,25.2,28.7,3.7,5.4,0.0,0,0
Arundel and South Downs,West Sussex,South East,0,0.2634395,6.836464413596888,7.393255370169832,16.297449678482963,31.96866841944376,19.5726533,17.66806931830655,17.9,40.2,13.5,18.0,10.1,0.3,0,0
Ashfield,Nottinghamshire,East Midlands,0,0.6293346,8.516195771642842,6.20577270424171,34.392197182309644,13.699035932945968,1.4346389,35.12282490885984,29.0,8.2,42.8,1.6,2.8,15.7,0,0
Ashford,Kent,South East,0,1.885503,8.523884599008003,11.554827434543244,29.34204157112194,18.989074225438,7.8923325,21.81233666988881,32.5,28.7,21.6,5.2,9.3,2.7,0,0
Ashton-under-Lyne,Greater Manchester,North West,0,10.5627749,9.792277493415478,10.16454161714299,30.000355054456975,12.188734358014193,2.5520212,24.73929537697037,43.9,12.3,24.8,4.0,7.0,8.0,0,0
Aylesbury,Buckinghamshire,South East,0,8.715194,8.284727207465876,12.056770847626204,24.680799932680316,20.738888906661654,8.5906761,16.932943005565956,30.2,28.9,13.5,20.9,5.2,1.3,0,0
Banbury,Oxfordshire,South East,0,3.7180534,7.880454103761285,10.529536895770022,21.180471919846525,24.021172983764675,10.3280444,22.342266296857495,38.3,31.6,13.0,9.0,5.4,2.6,0,0
Barking,London (Barking and Dagenham),London,0,27.5624738,13.153872701276939,34.01778863681714,3.362734621128766,10.754109370546288,3.4540562999999995,7.69496457023089,44.5,11.8,14.2,2.8,13.7,13.1,0,0
Barnsley North,South Yorkshire,Yorkshire and the Humber,0,0.5789474,8.395561693859866,6.317744101264008,34.458126285376295,13.914362597064633,2.2161627,34.119095222435206,50.4,8.4,29.3,3.6,4.9,3.4,0,0
Barnsley South,South Yorkshire,Yorkshire and the Humber,0,0.6036332,8.620689655172404,6.459222332214579,34.840088441710364,13.537846017617609,0.5535668,35.384953553285044,46.7,9.3,33.2,3.3,4.3,3.1,0,0
Barrow and Furness,Cumbria,North West,0,0.40134259999999994,8.215921537389221,5.996353986760197,27.727123856137098,20.11180275172424,6.436544500000001,31.11091076798924,43.9,31.3,16.7,4.0,3.5,0.7,0,0
Basildon and Billericay,Essex,Eastern,0,1.8574878,9.260842715310421,11.27853759911659,30.356308760012624,23.015291678268568,1.9647904,22.266741047291795,30.6,30.6,27.0,5.4,5.0,1.3,0,0
Basingstoke,Hampshire,South East,0,2.0085979,8.3703114996578,11.442824698846579,26.25858349571328,26.014483891038076,5.303784,20.601414514744274,42.7,29.5,12.9,6.5,7.3,1.2,0,0
Bassetlaw,Nottinghamshire,East Midlands,0,0.6314658,7.616574460878383,6.52817256446471,27.665895887394726,18.463421075849645,6.881138000000001,32.21333221141254,41.2,28.3,21.7,4.4,4.3,0.0,0,0
Bath,Somerset,South West,0,1.5144857,25.70682856886815,13.785170754537118,23.661914210630357,20.011893167006416,2.1027524,13.216955198957958,18.0,15.9,7.9,41.3,12.4,4.5,0,0
Battersea,London (Wandsworth),London,0,8.5611438,10.50122779141989,42.07286673023057,0.0,24.796803039720153,7.8914756,6.176483038629381,48.8,23.2,6.0,10.3,9.0,2.7,0,0
Beaconsfield,Buckinghamshire,South East,0,3.6269967,7.230360879995898,16.179127003283917,16.55638729516076,35.49623687684743,8.0621789,12.848712344711984,15.1,38.8,12.7,27.3,4.1,2.0,0,0
Beckenham and Penge,London (Bromley),London,0,4.1577228,7.118224320696193,25.155436919118394,19.781400909944878,30.83290815517581,3.4806347,9.473672195064724,49.3,24.6,10.3,8.5,7.3,0.0,0,0
Bedford,Bedfordshire,Eastern,0,10.1722351,9.844723300532634,19.601181836382004,26.696406446203454,15.404774296349675,2.0260808,16.254598220532237,45.1,21.9,11.2,9.9,5.9,6.0,0,0
Bermondsey and Old Southwark,London (Southwark),London,0,9.741508,16.6045192338336,48.195029653246664,0.0,15.355828091765634,4.2853677,5.817747321154102,44.8,7.7,9.0,24.1,11.9,2.5,0,0
Bethnal Green and Stepney,London (Tower Hamlets),London,0,46.6155982,19.46252053637802,19.930360823924815,0.0,4.764863291513559,5.2545244,3.972132748183594,34.1,4.1,4.2,10.2,13.7,33.7,0,0
Beverley and Holderness,East Riding of Yorkshire,Yorkshire and the Humber,0,0.39998209999999995,7.025721150689962,6.493212066553758,29.27180985012663,20.526104076081296,10.6415738,25.64159695654836,34.2,34.5,18.3,7.5,3.7,1.8,0,0
Bexhill and Battle,East Sussex,South East,0,0.5768215999999999,6.595514267447773,6.999631534458233,29.724689245918512,24.874729496332176,9.720633,21.507980855843304,28.3,33.9,16.6,7.3,6.2,7.7,0,0
Bexleyheath and Crayford,London (Bexley),London,0,3.7055431,9.518486888375346,20.087695843292163,23.344813119441,23.301689091567503,3.6896867,16.352085257323996,36.2,31.3,22.7,5.1,4.8,0.0,0,0
Bicester and Woodstock,Oxfordshire,South East,0,1.6340935,7.609868288461294,11.153636217314443,21.88958499544316,27.625899074936427,10.6782193,19.40869862384467,16.4,28.8,10.8,38.7,4.8,0.6,0,0
Birkenhead,Merseyside,North West,0,1.8304531999999998,9.758331980425346,9.482783464244168,36.03292974365745,14.460009776816875,0.5604106000000001,27.875081234856157,52.1,7.5,14.2,5.3,20.1,0.8,0,0
Birmingham Edgbaston,West Midlands,West Midlands,0,16.244704300000002,16.19578846221442,29.735901600636875,6.954813585880601,15.657227136528713,4.7030542,10.508510714739398,44.3,22.0,11.7,5.6,7.5,8.9,0,0
Birmingham Erdington,West Midlands,West Midlands,0,14.217760300000002,12.19906234161178,21.936657395960758,18.955696908056495,12.458697807392964,1.2060834,19.026041846977986,43.7,16.0,22.9,3.3,7.3,6.8,0,0
Birmingham Hall Green and Moseley,West Midlands,West Midlands,0,54.4220703,14.65256287627296,14.131048899486146,0.0,7.907182256660215,2.9770328999999998,5.910102767580678,30.8,9.2,5.5,11.3,9.4,33.7,0,0
Birmingham Hodge Hill and Solihull North,West Midlands,West Midlands,0,37.4858946,14.712507806227098,13.967926806887965,11.000158903722053,6.890834753487138,0.4015294,15.541147729675732,31.2,13.6,18.9,2.8,6.9,26.6,0,0
Birmingham Ladywood,West Midlands,West Midlands,0,48.9382017,25.28304266927373,19.044643051063517,0.0,0.0,2.8878152999999998,3.846297279662755,42.5,6.1,4.0,4.7,9.5,33.2,0,0
Birmingham Northfield,West Midlands,West Midlands,0,5.263109099999999,10.760245256040509,15.02539306158051,26.49514795767621,18.77858961069335,0.8517133,22.825801714009422,39.6,25.3,21.0,4.8,7.5,1.8,0,0
Birmingham Perry Barr,West Midlands,West Midlands,0,42.8900852,15.801712522275748,29.45541217097587,0.0,3.4540094035506206,3.3817706000000003,5.017010103197756,34.1,11.3,6.5,3.5,6.5,38.1,0,0
Birmingham Selly Oak,West Midlands,West Midlands,0,12.900836199999999,23.7964425520225,17.117555272590508,15.258649443220534,14.500880732831211,2.2816293,14.144006499335248,45.2,15.2,14.9,6.0,11.2,7.4,0,0
Birmingham Yardley,West Midlands,West Midlands,0,42.557502400000004,14.417511488406321,15.84313386544776,1.5832724861949714,11.989346801869402,1.4658943999999998,12.143338558081547,31.2,10.1,14.0,10.1,5.4,29.3,0,0
Bishop Auckland,County Durham,North East,0,0.29474229999999996,8.8116264335863,6.335557794023536,22.199266258597362,16.3389472739007,14.180895600000001,31.83896433989211,42.1,25.6,23.4,3.4,4.6,0.8,0,0
Blackburn,Lancashire,North West,0,46.7578219,13.25303998052557,7.458824742832892,7.621654086227807,10.544901475945306,0.4563538,13.907404014468415,26.7,8.9,12.5,1.8,3.6,46.5,0,0
Blackley and Middleton South,Greater Manchester,North West,0,16.3151051,11.921373464139439,23.58795291035441,20.101003900995607,7.981303188408619,1.9724973,18.12076413610193,53.8,9.8,21.1,5.1,10.2,0.0,0,0
Blackpool North and Fleetwood,Lancashire,North West,0,0.5041734,7.730676418638193,6.673459646375791,41.50342450716809,14.502650424573186,0.23262689999999997,28.852988703244737,40.0,28.9,23.7,3.2,3.0,1.1,0,0
Blackpool South,Lancashire,North West,0,1.6558682000000002,9.433178378135585,9.271114568236555,40.320457315977336,8.331746430646238,0.6040447,30.38359040700428,48.1,15.6,28.6,3.0,3.4,1.3,0,0
Blaydon and Consett,County Durham; Tyne and Wear,North East,0,0.4315761,8.132637089455057,6.176323973808297,29.0563380390397,21.391200562524865,5.395919000000001,29.416005235172072,50.1,14.3,23.7,5.4,6.1,0.3,0,0
Blyth and Ashington,Northumberland,North East,0,0.6667586,8.797851701130929,6.329154839391547,34.3484757017945,13.799532450744172,3.3263000000000007,32.73192670693886,49.6,15.2,26.9,3.5,4.9,0.0,0,0
Bognor Regis and Littlehampton,West Sussex,South East,0,0.7818046000000001,7.649714247592783,7.830685105259473,37.76390128233513,18.91504480447685,0.45510560000000005,26.60374436033576,29.1,32.8,21.5,10.6,4.6,1.5,0,0
Bolsover,Derbyshire,East Midlands,0,0.2945199,7.794808958846332,5.652181303445897,22.292389301899476,18.456775606864234,10.448641300000002,35.060683628944055,40.5,25.6,21.5,3.5,8.8,0.0,0,0
Bolton North East,Greater Manchester,North West,0,17.039449400000002,10.50607242831007,10.755563322534098,22.19180644387822,16.738829889796698,1.2757399,21.49253861548091,37.3,21.9,21.7,3.5,10.8,4.8,0,0
Bolton South and Walkden,Greater Manchester,North West,0,25.0590921,12.13537435778413,13.42034051963632,16.42946110055246,10.998829822772754,2.1070781,19.84982399925434,40.9,11.3,22.6,3.7,7.7,13.8,0,0
Bolton West,Greater Manchester,North West,0,9.762898100000001,8.756681152904726,8.341123798274342,23.90810307263999,25.99727321257035,2.6066553,20.62726536361058,38.9,27.8,19.1,4.4,9.3,0.5,0,0
Bootle,Merseyside,North West,0,0.8591269,9.065318059956107,7.77464390819908,40.05813517285425,12.067677610842637,0.5730796,29.602018748147934,68.7,4.3,12.2,3.3,10.0,1.4,0,0
Boston and Skegness,Lincolnshire,East Midlands,0,0.9871762,7.632011462767077,6.530840117456058,31.031786442232658,12.232519986035152,8.332415800000001,33.25324999150906,18.9,33.4,38.4,3.4,3.7,2.3,0,0
Bournemouth East,Dorset,South West,0,2.5958967,10.63073158460445,15.116393328835573,35.68063543847052,15.551328277450033,2.0307935,18.394221170639437,40.8,28.6,14.0,6.9,6.2,3.6,0,0
Bournemouth West,Dorset,South West,0,2.2412072000000003,19.52852933297613,12.947998964369578,28.294422861101452,15.80196277935477,1.9036691000000001,19.282209762198065,36.4,28.3,16.9,10.9,6.6,0.9,0,0
Bracknell,Berkshire,South East,0,1.8098036000000002,8.95895038308078,11.93332754449809,28.906701520803153,27.011275227176622,3.7128066000000004,17.667135124441362,33.7,31.9,17.0,10.9,4.9,1.5,0,0
Bradford East,West Yorkshire,Yorkshire and the Humber,0,44.2476091,14.191677146709262,11.624617174138397,6.049356518565816,10.287460007930665,0.6958683999999999,12.903411652655857,37.9,9.3,13.3,5.1,6.9,27.5,0,0
Bradford South,West Yorkshire,Yorkshire and the Humber,0,20.076513300000002,11.13194310044514,10.3216162142542,20.347896556299375,14.360970745313761,1.6539926,22.10706748368753,35.8,14.7,22.5,2.9,10.2,13.9,0,0
Bradford West,West Yorkshire,Yorkshire and the Humber,0,58.7375881,15.60458496471836,11.126217873249905,0.0,6.048049184654779,1.6463632999999998,6.837196577376958,31.6,8.2,8.0,2.0,10.0,40.2,0,0
Braintree,Essex,Eastern,0,0.6885359,8.286406646665128,7.452758188191894,27.72764148114868,24.55426009062729,6.965451000000001,24.324946693367,28.0,35.5,23.1,5.9,5.9,1.6,0,0
Brent East,London (Brent),London,0,27.2215655,13.15834134751367,37.41008192649451,0.0,9.293606596320839,8.7740854,4.142319229670975,51.2,16.7,5.4,7.0,9.9,9.8,0,0
Brent West,London (Brent),London,0,17.8909412,15.50394950156936,26.06750095837944,0.0,8.123289240858352,29.924000000000003,2.4903190991928414,41.7,32.5,5.0,7.3,6.8,6.7,0,0
Brentford and Isleworth,London (Hounslow; Richmond upon Thames),London,0,17.2580946,9.907380325631268,31.656739831535724,1.159337911982817,18.199145525433202,15.5012118,6.318090005416998,44.2,22.5,8.7,8.5,8.9,7.1,0,0
Brentwood and Ongar,Essex,Eastern,0,1.4665865,7.7244311392309415,10.270881903048659,20.653011272419405,32.09227306216474,11.8718623,15.920953823136237,22.9,36.7,24.3,12.0,3.7,0.4,0,0
Bridgwater,Somerset,South West,0,0.5634853000000001,8.096240383219625,6.6452697819686914,31.813049040683836,16.649352441146295,4.376411,31.85619205298156,27.2,30.6,22.2,14.4,4.3,1.3,0,0
Bridlington and The Wolds,East Riding of Yorkshire,Yorkshire and the Humber,0,0.47731149999999994,6.375548045878811,6.852028186147108,28.148354762725475,17.649064982497904,9.7896,30.708092522750704,27.3,34.6,24.1,7.2,3.7,3.1,0,0
Brigg and Immingham,Lincolnshire,Yorkshire and the Humber,0,0.713626,7.089468619412321,5.284266770192909,23.820350058718006,23.39513752901866,8.8109911,30.886159922658106,29.8,37.4,24.9,3.4,4.5,0.0,0,0
Brighton Kemptown and Peacehaven,East Sussex,South East,0,2.8770039,16.48357031757106,13.8254325923032,32.789439528699745,14.009142416079886,2.2487287,17.766682545346104,43.4,16.3,8.5,9.6,19.4,2.7,0,0
Brighton Pavilion,East Sussex,South East,0,2.550015,22.595524109131908,19.36170741678917,22.17474867118294,20.13650564139342,2.3939176,10.78758156150256,27.7,7.6,5.4,3.1,55.0,1.2,0,0
Bristol Central,Somerset,South West,0,6.0697962,34.76810885321703,30.351501538926186,4.024033935433863,15.774044701469789,2.6274401,6.38507467095313,32.6,4.6,3.1,2.7,56.6,0.5,0,0
Bristol East,Somerset,South West,0,10.991477199999999,12.57965619183178,21.18402558305138,16.437445158114244,19.849089576575818,0.723255,18.235051290426775,43.1,9.2,10.4,5.6,29.4,2.2,0,0
Bristol North East,Bristol; Gloucestershire,South West,0,8.3197472,13.27455302473664,15.886504069322033,23.529377567105897,18.287203853349155,0.7240289999999999,19.97858528548627,45.3,14.8,12.9,4.7,18.7,3.7,0,0
Bristol North West,Bristol,South West,0,3.6475361,15.638759078880602,13.328658279503108,27.50501645676286,20.484235634142852,2.1392254,17.256569050710578,49.6,14.0,10.0,8.6,17.3,0.5,0,0
Bristol South,Bristol,South West,0,2.5611713000000003,11.258986045200361,11.733924197075025,28.359503193380903,21.238866354573986,0.6186775999999999,24.228871309769715,42.7,11.4,14.3,6.3,25.0,0.4,0,0
Broadland and Fakenham,Norfolk,Eastern,0,0.2582401,6.88932136355075,5.7839162281686995,18.556980552423042,25.04605223242986,18.1861001,25.27938942342765,31.5,33.0,17.9,11.2,6.5,0.0,0,0
Bromley and Biggin Hill,London (Bromley),London,0,2.9757572999999997,7.904658609647755,16.397993912319716,26.208087755673105,30.474725053651444,4.9798575,11.058919868707981,33.4,34.0,17.5,9.3,5.5,0.2,0,0
Bromsgrove,Worcestershire,West Midlands,0,0.8660758,7.539112783443902,7.1837257710348865,27.5118972801109,32.38414242227895,4.830319,19.684726943131352,26.8,32.8,19.0,14.7,3.3,3.4,0,0
Broxbourne,Hertfordshire,Eastern,0,3.9568611,9.174833285010143,14.454805768236795,27.592732834880934,23.630609622404513,2.8874971,18.302660289467607,30.2,36.8,20.4,6.3,5.7,0.6,0,0
Broxtowe,Nottinghamshire,East Midlands,0,2.2475832000000002,11.15231355197162,10.292656946193961,28.07930124524762,24.70787013534931,1.2445126000000002,22.27576232123749,40.9,23.3,17.6,8.0,7.3,3.0,0,0
Buckingham and Bletchley,Buckinghamshire,South East,0,4.9406441,8.859753203607013,15.143714066516623,17.472159012651446,26.78389990046988,9.1862612,17.61356851675505,36.9,31.9,15.7,9.0,5.4,1.0,0,0
Burnley,Lancashire,North West,0,18.8453288,10.48660108741492,7.345094897298048,23.40264676111798,13.678534113688581,1.1298928,25.111901540480467,31.7,20.3,19.5,23.1,3.8,1.5,0,0
Burton and Uttoxeter,Staffordshire,West Midlands,0,9.5321456,8.846045105587079,8.554913266081757,26.007643894226874,17.669017093830504,3.1132713,26.27696374027379,35.6,30.6,21.1,3.6,4.6,4.5,0,0
Bury North,Greater Manchester,North West,0,12.271348099999999,9.438787878787863,8.868545069507675,29.00519169184767,18.21977191214955,1.3434597,20.85289564770725,43.1,27.9,16.2,2.9,3.8,6.1,0,0
Bury South,Greater Manchester,North West,0,7.3736778,10.33022046789252,12.897754394053468,12.50606442897464,21.591848960435616,17.050811700000004,18.249622248643746,45.6,23.4,16.3,4.3,6.4,4.0,0,0
Bury St Edmunds and Stowmarket,Suffolk,Eastern,0,0.5011421,7.887817703768615,8.9491794169326,26.807512942568366,23.071899687115273,8.406207600000002,24.376240549615154,32.9,30.0,16.9,6.2,11.3,2.6,0,0
Calder Valley,West Yorkshire,Yorkshire and the Humber,0,1.750684,7.843673134736264,8.739630261018133,24.229482115299916,27.426382649863317,7.299254899999999,22.710892939082367,44.4,26.3,15.4,5.2,7.5,1.2,0,0
Camborne and Redruth,Cornwall,South West,0,0.23210050000000002,9.05673274094326,7.112415672835488,27.835117692637624,18.685053656361482,8.9794,28.09917973722215,40.5,24.2,18.7,8.6,5.9,2.0,0,0
Cambridge,Cambridgeshire,Eastern,0,4.9998791,23.97172719753353,21.662207681098945,14.829223961957354,20.524828567388965,6.2280127,7.78412079202122,46.6,12.0,0.0,20.3,16.3,4.8,0,0
Cannock Chase,Staffordshire,West Midlands,0,0.3442135,8.306149860884569,6.167669610546055,31.11143256520171,19.576108065114017,2.2700636000000003,32.22436279825365,36.5,29.2,26.9,2.4,5.0,0.0,0,0
Canterbury,Kent,South East,0,2.3818402,18.77660766300685,13.705938715049705,26.027782251191383,19.078710535008746,4.9096076,15.119513035743312,41.4,23.0,14.4,8.1,12.5,0.6,0,0
Carlisle,Cumbria,North West,0,0.8376923,8.498704783051144,6.366846551455369,31.304543073966002,16.794018723350263,5.0730547,31.125139868177218,39.4,28.1,20.2,6.5,4.2,1.6,0,0
Carshalton and Wallington,London (Sutton),London,0,6.2935064999999994,8.89857028901024,16.44652985749547,25.76975029582644,22.181810394378388,7.5534742999999995,12.856358363289461,13.1,26.2,12.7,43.1,3.3,1.6,0,0
Castle Point,Essex,Eastern,0,0.7842623,7.973537604456811,6.096936224768019,35.63075810831458,21.715883155699508,1.2168081,26.581814506761077,23.3,38.1,30.1,3.3,5.2,0.0,0,0
Central Devon,Devon,South West,0,0.2189781,6.769001978650725,7.422528310663632,16.63709550294334,25.607505823296094,20.557100000000002,22.787790284446203,31.4,31.5,14.6,15.4,6.2,0.9,0,0
Central Suffolk and North Ipswich,Suffolk,Eastern,0,1.2903019999999998,8.080873245251857,7.324969033677236,23.525041159473943,25.397538117037577,10.8596938,23.52158264455939,23.4,32.6,19.0,11.6,12.2,1.2,0,0
Chatham and Aylesford,Kent,South East,0,2.5252,9.366020222908867,13.663157957132226,29.184049139429334,19.66204853979496,2.1453204,23.454203740734613,33.5,28.6,24.5,5.3,6.1,2.0,0,0
Cheadle,Greater Manchester,North West,0,8.7205162,7.332833621959721,7.694007238778203,26.25014409617637,33.09794254020187,3.4362144,13.468341902883822,15.6,22.6,10.1,46.7,3.2,1.8,0,0
Chelmsford,Essex,Eastern,0,2.7917172,9.336026198381983,13.075812801689388,29.62706943125177,24.76493275716539,3.0402872999999997,17.364154311511474,12.0,30.5,13.3,39.9,3.1,1.2,0,0
Chelsea and Fulham,London (Hammersmith and Fulham; Kensington and Chelsea),London,0,8.6655678,12.706751527792559,34.68968016679208,0.0,15.708003927026198,22.5553058,5.674690778389169,39.4,39.1,6.7,7.7,5.9,1.3,0,0
Cheltenham,Gloucestershire,South West,0,1.4311806,10.81251668972883,13.333581318035485,30.54702368842311,24.42688114403055,2.1247842,17.324032359782027,5.4,36.1,0.0,50.6,6.4,1.6,0,0
Chesham and Amersham,Buckinghamshire,South East,0,4.2448592,7.56299322489785,10.476444371131553,19.454501970362884,35.66420332540423,10.7877078,11.809290108203479,6.4,34.8,9.8,44.8,3.1,1.1,0,0
Chester North and Neston,Cheshire,North West,0,1.7663605999999998,12.064546981717331,10.306329615818855,29.621182250596092,22.0524136310031,3.3446452,20.844521720864616,49.8,23.2,13.1,4.6,9.2,0.0,0,0
Chester South and Eddisbury,Cheshire,North West,0,0.6212967,7.4757281553398,7.571415347673217,20.560056221074205,30.259315896907964,15.7240472,17.788140479004817,32.1,37.9,12.2,10.3,4.3,3.1,0,0
Chesterfield,Derbyshire,East Midlands,0,0.9513084999999999,7.72249961393936,7.263140906100672,36.54958494125897,16.96427530454651,0.3946329,30.154557834154485,46.5,20.4,19.0,6.1,6.5,1.5,0,0
Chichester,West Sussex,South East,0,0.7393396,9.490127385004236,8.756770196107023,30.19129665882724,22.65141948311438,6.7988029,21.372243776947123,6.1,25.7,15.1,49.2,3.5,0.4,0,0
Chingford and Woodford Green,London (Redbridge; Waltham Forest),London,0,13.3220424,9.15772815192543,22.601465386721657,12.803573302454737,26.71378949621607,5.5502865,9.851114762682094,25.8,35.6,7.5,2.6,2.7,25.7,0,0
Chippenham,Wiltshire,South West,0,0.6911972,9.170984455958543,8.871320978442839,27.80521326889925,25.902282355539157,5.0626065,22.49639524116021,7.9,29.1,12.4,45.5,3.9,1.1,0,0
Chipping Barnet,London (Barnet),London,0,8.8043295,8.931360735484438,21.970552510153468,10.758180485894428,23.575939979884897,18.720684,7.238952788582759,42.4,36.7,7.8,5.1,6.8,1.1,0,0
Chorley,Lancashire,North West,0,1.4565271,8.031144374698203,6.972961999948896,28.226510374289973,25.209729930042926,5.581841300000001,24.521284921019998,0.0,0.0,0.0,0.0,13.7,86.3,0,0
Christchurch,Dorset,South West,0,0.41104130000000005,6.39320922986004,5.462483345139929,34.0987928599522,28.413743494374067,2.7741892999999997,22.446540470673757,16.4,35.8,18.9,20.0,4.0,4.8,0,0
Cities of London and Westminster,London (City; Westminster),London,0,14.4331186,15.13024232940543,23.65481939142576,0.0,8.716472626891052,34.4626899,3.6026571522777533,39.0,32.1,7.0,11.1,7.3,3.5,0,0
City of Durham,County Durham,North East,0,1.3448415999999999,23.37047129568944,7.830378107084238,23.062189759117373,15.216615017611876,8.580502000000001,20.59500222049707,47.1,12.9,18.2,14.6,6.9,0.4,0,0
Clacton,Essex,Eastern,0,0.46441520000000003,6.796184680203628,6.033365070770914,34.93447315904345,15.29722044576014,4.272754300000001,32.20158714422186,16.2,27.9,46.2,4.4,4.2,1.1,0,0
Clapham and Brixton Hill,London (Lambeth),London,0,6.8865013,11.681540045016,50.36648937423796,0.0,19.201393208715757,4.6420353,7.2220407720302875,56.5,10.2,4.1,14.4,13.5,1.2,0,0
Colchester,Essex,Eastern,0,2.7456812,11.895906761519651,16.226025649996846,30.774218484966894,16.9936790885023,2.5064422,18.85804661501431,41.9,23.5,14.8,14.2,5.4,0.2,0,0
Colne Valley,West Yorkshire,Yorkshire and the Humber,0,3.6495330999999998,7.939953689085357,9.67758668806809,30.278646829118273,23.068115838829616,4.2264983,21.159665554898663,41.0,30.3,15.8,4.3,7.5,1.0,0,0
Congleton,Cheshire,North West,0,0.43951399999999996,6.793530705986796,5.9872971360714535,29.272867363413397,31.565151564257125,4.776022899999999,21.165616330271234,37.7,30.9,16.4,5.6,4.0,5.4,0,0
Corby and East Northamptonshire,Northamptonshire,East Midlands,0,0.6441321,8.108892687804394,9.576135747730206,26.368899696347313,20.872102071065502,6.9109574,27.51888029705259,42.4,29.6,17.7,4.4,5.1,0.9,0,0
Coventry East,West Midlands,West Midlands,0,13.4332649,12.02728036718599,24.800172935453123,17.362487550840626,10.73830947447375,4.3205275,17.3179572720465,49.5,16.9,18.1,3.3,7.4,4.9,0,0
Coventry North West,West Midlands,West Midlands,0,7.289521000000001,11.40811731424283,19.21494293330293,21.87984361459911,17.76150295835948,3.1062406,19.339831579495645,46.9,20.3,18.9,4.6,8.1,1.2,0,0
Coventry South,West Midlands,West Midlands,0,10.093781100000001,24.47522773136182,25.935298188421015,6.7290882004919155,15.494045404842135,6.2276877,11.044871674883113,47.6,23.8,13.4,5.9,5.5,3.8,0,0
Cramlington and Killingworth,Northumberland; Tyne and Wear,North East,0,0.6731914,7.919288880182167,5.632042721372441,32.55722244692819,22.477858974688328,4.3277731,26.41262247682887,49.1,18.9,20.8,4.2,4.7,2.3,0,0
Crawley,West Sussex,South East,0,9.722937199999999,9.498873337776494,14.066492384918028,23.2419079587022,18.620352181272132,6.220544100000001,18.628892837331154,38.2,26.8,18.5,4.8,5.7,5.9,0,0
Crewe and Nantwich,Cheshire,North West,0,1.2656956000000001,8.073579817124925,8.66043443721292,32.3913961256159,19.740373145996884,2.087145,27.78137587404937,44.1,23.5,20.3,4.8,4.6,2.6,0,0
Croydon East,London (Croydon),London,0,7.9389354999999995,10.18489610434661,32.05005495896667,11.203903640229981,21.623109574878335,6.4660495,10.533050721578412,42.4,26.8,13.4,8.1,9.4,0.0,0,0
Croydon South,London (Croydon),London,0,6.600421600000001,7.894352305107037,22.850239028100525,13.008603109422523,32.17410780470953,9.0240204,8.448255752660392,35.3,40.0,8.4,8.9,5.8,1.6,0,0
Croydon West,London (Croydon),London,0,14.3367918,10.82439845095521,47.89443030963899,2.554738835080883,10.884573939849092,8.401031,5.104035664475813,54.1,16.8,5.6,9.6,10.1,3.8,0,0
Dagenham and Rainham,London (Barking and Dagenham; Havering),London,0,14.634944299999999,11.41095162147791,27.07052985776894,15.112005129014534,15.5111481533964,2.853164,13.407256938342218,42.6,17.8,24.2,2.7,10.8,1.9,0,0
Darlington,County Durham,North East,0,1.8521182,8.325066957643077,8.968703927195964,36.67460616371596,14.733946725962827,1.258696,28.186862025482174,39.2,33.8,16.2,4.1,6.7,0.0,0,0
Dartford,Kent,South East,0,3.6539539000000003,8.335533338689856,21.813670347221013,21.333552858447547,22.66747160480656,5.8039622,16.39185575083503,34.6,31.9,21.4,4.9,7.2,0.0,0,0
Daventry,Northamptonshire,East Midlands,0,0.8255679,7.53897294818889,7.901357638230007,19.265091721147826,29.10635861021069,13.8034462,21.55920498222258,28.0,33.7,20.0,12.7,5.6,0.0,0,0
Derby North,Derbyshire,East Midlands,0,5.9737492,12.88459298940252,15.680486438502967,28.30160407353145,14.260250589973067,1.9259025,20.973414208589993,45.5,23.7,18.3,4.5,8.0,0.0,0,0
Derby South,Derbyshire,East Midlands,0,19.0865523,12.33787616447669,20.024528668325015,16.119423198300098,12.651134954423737,1.831418,17.949066714474455,38.8,13.9,22.7,4.8,5.1,14.7,0,0
Derbyshire Dales,Derbyshire,East Midlands,0,0.3783596,6.544277884170892,7.191911740611847,20.299044254681633,26.365709656698293,16.5136572,22.707039663837346,34.6,34.0,15.1,9.5,5.5,1.3,0,0
Dewsbury and Batley,West Yorkshire,Yorkshire and the Humber,0,43.6788144,12.96452543162615,6.92635914528087,6.6121725561750395,13.14458290686969,1.0416339000000001,15.631911660048248,22.9,11.0,16.2,3.5,5.4,41.1,0,0
Didcot and Wantage,Oxfordshire,South East,0,1.0337231,7.50066970265202,9.698680360085078,24.27231087142266,28.81956019193194,10.1565956,18.518460173908306,14.7,28.4,11.7,39.8,4.9,0.4,0,0
Doncaster Central,South Yorkshire,Yorkshire and the Humber,0,4.8305259000000005,8.451143339389573,11.333345380736116,32.80766033290679,12.94705985194791,2.1293934,27.50087179501961,46.2,21.0,20.8,3.2,5.0,4.0,0,0
Doncaster East and the Isle of Axholme,Lincolnshire; South Yorkshire,Yorkshire and the Humber,0,1.0610589,7.757744717438299,5.813557969633216,25.641103664788744,19.46871790320443,10.1264056,30.131411244935308,38.6,32.7,21.7,3.0,3.6,0.4,0,0
Doncaster North,South Yorkshire,Yorkshire and the Humber,0,0.472537,8.817676436980813,6.195146880655144,30.76123854229212,15.554183761443129,4.018839400000001,34.18037797862879,52.4,22.9,0.0,3.4,5.7,15.6,0,0
Dorking and Horley,Surrey,South East,0,1.5423644,7.148485435639082,8.90956948873072,25.471347837939675,32.82214586675505,8.732999800000002,15.373087170935474,8.1,31.1,13.8,41.9,5.1,0.0,0,0
Dover and Deal,Kent,South East,0,0.6432397000000001,7.5452251483811255,8.065227278245905,32.57315190607724,18.050678061685737,6.343718500000001,26.77875940560998,39.6,21.7,23.8,5.4,6.5,2.9,0,0
Droitwich and Evesham,Worcestershire,West Midlands,0,0.6510825,7.281777654586173,6.669358786802681,27.32820207222406,25.34834521134969,8.4349566,24.286277175037405,22.1,40.3,19.1,10.3,7.7,0.5,0,0
Dudley,West Midlands,West Midlands,0,7.5866508,9.801061999850416,11.56930365930959,32.66683297365674,10.462716957379728,1.1299081999999998,26.78352540980353,34.1,28.8,26.4,3.0,3.2,4.5,0,0
Dulwich and West Norwood,London (Lambeth; Southwark),London,0,7.5750927,10.57765421537876,45.37227217727565,5.909005851620293,18.303964752270826,4.9780441,7.28396620345446,60.3,8.5,4.0,7.7,18.9,0.7,0,0
Dunstable and Leighton Buzzard,Bedfordshire,Eastern,0,2.0902406,7.96503903462058,10.94155828990774,30.680833039527485,25.29332307908303,2.4536661,20.575339856861163,32.5,31.1,17.5,14.1,4.6,0.2,0,0
Ealing Central and Acton,London (Ealing; Hammersmith and Fulham),London,0,16.6387265,12.488761894588741,38.39480123192483,0.6746579253832863,18.048102077863895,8.5140804,5.2408699702392365,46.8,17.5,6.5,12.7,11.4,5.2,0,0
Ealing North,London (Ealing),London,0,20.3465982,11.974440156669521,32.302402693276235,2.459343896137412,16.385383498484103,11.003444,5.528387555432737,47.8,18.8,9.1,5.9,9.4,9.0,0,0
Ealing Southall,London (Ealing),London,0,19.3167443,13.17800253088742,40.90180974561315,0.0,10.289035618594085,11.3881443,4.926263504905342,49.1,15.4,5.5,6.0,9.3,14.6,0,0
Earley and Woodley,Berkshire,South East,0,8.564617700000001,12.472647702407,15.212681258867423,11.394782813298178,30.40323983925329,9.6042068,12.34782388617411,39.7,28.0,9.8,13.4,7.4,1.7,0,0
Easington,County Durham,North East,0,0.3359162,9.73761842259158,5.306666234575062,27.924701370172784,13.453929612339948,7.897,35.34416816032062,48.9,10.9,29.8,2.4,3.4,4.6,0,0
East Grinstead and Uckfield,East Sussex; West Sussex,South East,0,0.9141303,7.2540411095589645,7.9273148813373275,25.23538863320269,30.77228705642315,10.7667838,17.130054219477863,20.7,38.3,0.0,21.5,10.5,9.0,0,0
East Ham,London (Newham),London,0,47.1373842,16.57817225379988,20.273843055987236,0.0,2.8013082472677366,10.8379044,2.371387842945153,51.6,10.2,3.5,3.2,11.2,20.2,0,0
East Hampshire,Hampshire,South East,0,0.477679,6.971246430705882,7.576896422682938,25.59017746905633,32.814243744585355,8.426860900000001,18.14289603296948,9.9,36.9,12.9,34.4,4.8,1.0,0,0
East Surrey,Surrey,South East,0,1.546948,7.946754239731248,9.588145050331388,23.5016913065744,33.543268861695125,9.0395468,14.83364574166784,20.4,35.6,17.0,18.0,6.0,3.0,0,0
East Thanet,Kent,South East,0,1.6940442,8.145896656534955,11.011378619953934,38.97698337617072,13.51031168443363,0.8051468,25.85623866290676,39.9,23.6,20.1,3.2,10.7,2.4,0,0
East Wiltshire,Wiltshire,South West,0,0.6049284,9.305063337707098,13.53239854188098,20.4788917784264,20.838268471008075,14.7389367,20.501512770977442,25.7,35.7,16.7,17.4,3.9,0.6,0,0
East Worthing and Shoreham,West Sussex,South East,0,1.4313964000000001,7.636880422858273,7.8827701226966385,35.58942054635301,24.520529640026965,0.7739176999999999,22.165085168065115,45.1,25.7,14.6,6.5,6.6,1.6,0,0
Eastbourne,East Sussex,South East,0,2.2274453,8.696166447843096,11.738442467744878,38.091253805423,15.503136719223685,1.1883937,22.555161559765338,5.9,25.3,13.3,52.1,3.1,0.3,0,0
Eastleigh,Hampshire,South East,0,1.3424827000000001,8.001569961405114,8.82012764442807,32.086483241675694,27.34935374268042,1.5333582000000001,20.86662450981069,15.1,31.1,13.3,34.4,5.2,1.0,0,0
Edmonton and Winchmore Hill,London (Enfield),London,0,22.8226926,11.47314941504651,39.99992569262918,1.7764666393079835,12.37477249302811,4.9658381,6.587155059988228,50.0,19.2,8.5,6.6,9.0,6.7,0,0
Ellesmere Port and Bromborough,Cheshire; Merseyside,North West,0,0.8912806000000001,8.50255902261846,5.969761079628884,33.190719940359855,20.743972322630295,0.4867771,30.2149299347625,57.6,12.4,17.3,5.5,6.4,0.6,0,0
Eltham and Chislehurst,London (Bromley; Greenwich),London,0,5.4745517,9.852672453174954,21.559056752748944,21.76900164271281,24.994081599690887,3.828292,12.522343851672408,44.0,25.5,16.3,5.3,6.8,2.0,0,0
Ely and East Cambridgeshire,Cambridgeshire,Eastern,0,0.7111094,7.270222352715307,9.161031621965064,19.324127380291458,28.382441384451095,14.661539000000001,20.489528860577074,17.5,31.8,12.3,32.7,4.5,1.2,0,0
Enfield North,London (Enfield),London,0,17.7202569,11.77371494208865,36.19880099677959,3.948211357682567,14.880532115608535,6.1433966,9.335087087840654,49.1,19.8,11.8,5.8,8.5,4.9,0,0
Epping Forest,Essex,Eastern,0,4.220712799999999,8.732076296395206,13.528703381823139,21.22050019721982,28.461182402540942,9.3032949,14.533530022020905,29.6,43.2,0.0,12.6,6.0,8.6,0,0
Epsom and Ewell,Surrey,South East,0,4.1091064,8.540162980209532,11.54826063665345,27.585789742585916,30.66196091594417,5.5134844,12.041234924606918,15.3,31.2,10.6,37.9,3.2,1.8,0,0
Erewash,Derbyshire,East Midlands,0,0.46125560000000004,8.592848904267592,7.308739215143429,31.043951860435158,19.33668082297665,2.1810861999999998,31.075437397177172,40.1,26.4,21.3,5.6,5.8,0.8,0,0
Erith and Thamesmead,London (Bexley; Greenwich),London,0,8.7820166,11.79399791725837,45.06100916072404,7.308456450945613,12.771033747635242,4.513629,9.769857123436744,55.1,13.8,14.7,4.6,8.6,3.1,0,0
Esher and Walton,Surrey,South East,0,2.6328829000000002,7.069320521619761,11.844799835089221,23.08338469885615,36.9200432384197,7.5743143,10.875254506015164,5.3,30.3,8.9,52.6,2.6,0.4,0,0
Exeter,Devon,South West,0,2.2675425,28.004372405264522,11.633272030030874,25.65812338740541,13.32072426367808,1.2561753,17.859790113621116,45.3,15.6,12.2,10.5,14.7,1.6,0,0
Exmouth and Exeter East,Devon,South West,0,0.7224984999999999,8.31903945111492,7.718664701372158,31.43207459694912,23.791854760929716,5.823245,22.192622989634085,28.5,28.7,13.8,22.2,4.5,2.3,0,0
Fareham and Waterlooville,Hampshire,South East,0,0.6487263,7.608445204399652,6.398383710154391,32.9830089987217,25.397091936774945,3.4334232000000005,23.53092064994931,22.9,35.0,18.1,19.0,4.1,0.9,0,0
Farnham and Bordon,Hampshire; Surrey,South East,0,1.3742926,8.37576374745416,8.221197291160214,25.804616102878413,33.62294245204421,6.6329501,15.968237706463007,13.8,35.7,11.7,33.2,4.7,0.8,0,0
Faversham and Mid Kent,Kent,South East,0,1.092135,7.60690890355504,7.439256783429417,27.791300156108363,25.96471210658212,7.272641900000001,22.83304515032506,28.6,31.8,21.2,8.9,9.1,0.4,0,0
Feltham and Heston,London (Hounslow),London,0,17.787808,12.150290957923,31.935981536954614,6.3799833270627175,12.514854833349487,11.4706742,7.760407144710198,41.5,21.1,13.2,4.7,6.5,13.0,0,0
Filton and Bradley Stoke,Gloucestershire,South West,0,2.7976522999999998,15.162443144899191,12.745689706302267,26.190806336253843,23.581391034958184,2.8346294,16.687388077586505,45.5,25.6,13.5,7.1,8.2,0.0,0,0
Finchley and Golders Green,London (Barnet),London,0,10.9254957,9.346103369165558,22.76353413108089,0.0,15.262183231948734,36.0439937,5.65868986780482,44.3,35.1,5.3,6.8,6.3,2.2,0,0
Folkestone and Hythe,Kent,South East,0,1.1063682,7.4738650821757835,9.570137591684922,32.415038198028086,16.99931805648576,7.5367593,24.89851357162545,34.7,26.1,24.7,4.0,9.1,1.3,0,0
Forest of Dean,Gloucestershire,South West,0,0.2763185,8.000051872600897,5.408269769087832,23.26940720957529,23.20475667920271,13.538069799999999,26.303126169533265,34.0,33.5,17.0,5.4,9.8,0.2,0,0
Frome and East Somerset,Somerset,South West,0,0.2897544,8.494950037606092,6.667661081813668,25.037605124045953,24.8420574163677,9.1578169,25.510155040166588,13.7,23.9,13.8,35.5,10.9,2.2,0,0
Fylde,Lancashire,North West,0,0.6865393,6.422202776529566,8.557984307354861,31.54856479178929,26.75626112952772,5.0876028,20.94084489479856,32.0,33.2,17.3,4.4,3.3,9.8,0,0
Gainsborough,Lincolnshire,East Midlands,0,0.4025139,7.016173041623238,7.212633909898478,21.774130513465565,21.617341317685277,15.3120755,26.665131817327435,28.1,35.6,21.2,10.7,3.9,0.4,0,0
Gateshead Central and Whickham,Tyne and Wear,North East,0,2.8597381,10.39656230816451,10.749991604360773,30.138600664513717,16.54830463468581,3.3777744000000003,25.9290282882752,45.4,11.5,21.4,12.4,8.0,1.3,0,0
Gedling,Nottinghamshire,East Midlands,0,2.3624618,7.599898377672113,10.2066279070958,32.62100734066601,23.061896146181443,1.3861845000000002,22.761923928384647,47.8,23.4,16.9,5.1,6.4,0.5,0,0
Gillingham and Rainham,Kent,South East,0,2.9478458,9.867380459909953,14.561708591301088,33.434616983785645,15.733816426089238,1.5302814,21.92435033891407,37.8,28.2,21.4,5.5,5.6,1.5,0,0
Glastonbury and Somerton,Somerset,South West,0,0.3327425,7.594227083686415,7.13516550980645,18.66601790212681,24.023005415370328,17.994408200000002,24.25443338901,6.5,28.9,16.1,42.7,5.7,0.0,0,0
Gloucester,Gloucestershire,South West,0,5.1008049,11.390263767934341,12.367760387289461,31.161663561632338,14.980236741151591,0.9646512,24.034619441992273,36.1,28.5,16.0,10.4,5.0,4.0,0,0
Godalming and Ash,Surrey,South East,0,0.9069237000000001,7.355321097464579,8.602923045858052,26.73344503839118,33.1709110836035,7.852064700000001,15.378411334682689,5.0,42.6,8.8,41.0,2.3,0.4,0,0
Goole and Pocklington,East Riding of Yorkshire,Yorkshire and the Humber,0,0.6353719,7.275147323155312,6.790606717251397,23.498186596443574,24.759466979163797,11.558157099999999,25.483063383985925,31.0,38.2,18.2,6.8,4.9,0.9,0,0
Gorton and Denton,Greater Manchester,North West,0,28.3850822,12.4233181008969,18.487097091795718,12.174016920792099,12.324110616891595,0.5681654,15.638209669623674,50.8,7.9,14.1,3.8,13.2,10.3,0,0
Gosport,Hampshire,South East,0,0.5266329000000001,9.111669330897447,8.298570928418915,34.44277678530267,20.491446301049056,0.30334859999999997,26.825555154331923,26.6,40.3,18.0,9.1,4.4,1.6,0,0
Grantham and Bourne,Lincolnshire,East Midlands,0,0.5745673,7.034239183753539,7.909826538921154,28.49655837741767,21.585504061917018,8.1191207,26.280183837990613,26.6,36.4,20.4,4.4,5.6,6.7,0,0
Gravesham,Kent,South East,0,3.1113481,9.375483533094489,22.846108690460827,22.023126930586557,18.273972042822116,4.3858745,19.98408620303601,38.5,32.2,20.6,3.5,5.2,0.0,0,0
Great Grimsby and Cleethorpes,Lincolnshire,Yorkshire and the Humber,0,1.3143442,9.016771811047859,7.321049055756224,34.20847774358066,10.242699358510144,0.2503695,37.64628833110512,41.9,22.6,28.8,2.8,3.0,0.9,0,0
Great Yarmouth,Norfolk,Eastern,0,0.7248411,8.110976723520833,7.2717374117458045,31.187391720040367,12.204972098308106,7.3750938,33.12498714638489,31.8,24.6,35.3,2.7,4.3,1.3,0,0
Greenwich and Woolwich,London (Greenwich),London,0,9.0910639,11.12995205652281,44.161281776394084,5.634232157528345,16.921709260996256,6.159855599999999,6.901905248558497,56.2,11.4,7.7,9.0,13.2,2.5,0,0
Guildford,Surrey,South East,0,2.5300778,18.25567172101825,13.628561536597845,21.766108425306896,24.63430949072173,7.7478792,11.43739182635527,8.1,30.0,9.1,47.5,4.7,0.5,0,0
Hackney North and Stoke Newington,London (Hackney),London,0,13.4671621,12.3795211353544,40.34786800942312,0.0,12.231511762000961,14.3957753,7.178161693221526,59.5,8.4,3.1,3.8,22.6,2.5,0,0
Hackney South and Shoreditch,London (Hackney),London,0,13.3331556,12.30242360379342,50.83217747881072,0.0,13.808972335833293,3.9688327,5.754438281562561,59.3,5.0,3.8,4.8,23.9,3.2,0,0
Halesowen,West Midlands,West Midlands,0,7.7783758999999995,9.135302525011893,10.642877523146073,26.276095598528443,20.607464175631456,0.502477,25.05740727768213,38.9,27.6,22.0,5.9,5.6,0.0,0,0
Halifax,West Yorkshire,Yorkshire and the Humber,0,16.653188699999998,9.902580274557147,9.062402012501023,24.522039207092433,15.4933016062492,1.7122444000000003,22.654243799600206,35.1,19.6,19.4,5.9,10.3,9.7,0,0
Hamble Valley,Hampshire,South East,0,0.5695195,7.730684998887409,7.914080072116037,30.141597699093438,33.15430190365325,1.5456207000000002,18.944195126249866,16.2,36.4,15.2,27.5,4.3,0.3,0,0
Hammersmith and Chiswick,London (Hammersmith and Fulham; Hounslow),London,0,11.6027566,11.96110243773022,38.92853384366427,1.031608312987288,21.496195271765515,9.0429472,5.936856333852705,52.3,19.1,6.4,9.3,9.7,3.2,0,0
Hampstead and Highgate,London (Camden; Haringey),London,0,11.5029559,11.00197074992221,31.31346154822883,0.0,15.245557800375481,26.3424211,4.593632901473474,48.3,17.4,6.1,12.7,13.7,1.9,0,0
"Harborough, Oadby and Wigston",Leicestershire,East Midlands,0,6.830889399999999,9.91522471257694,13.874497362686423,14.97546132710022,25.85182021671654,11.342599,17.20950798091988,32.2,36.9,12.6,9.4,8.5,0.4,0,0
Harlow,Essex,Eastern,0,3.5313175,9.054102958472816,12.655250615651468,29.64177507460093,19.69999889285277,3.1785961,22.238958858422027,37.6,31.8,21.8,3.1,5.2,0.4,0,0
Harpenden and Berkhamsted,Hertfordshire,Eastern,0,1.0857569,6.842491041372564,9.434426399579275,19.61588102899313,40.47189537338286,10.5123438,12.037205456672165,7.5,30.5,7.8,50.2,3.6,0.4,0,0
Harrogate and Knaresborough,North Yorkshire,Yorkshire and the Humber,0,0.6769978999999999,7.399514940309393,10.212629366226032,32.58856898724581,26.766165327694655,2.9956684000000005,19.360455078524105,8.0,30.2,10.9,46.1,3.4,1.5,0,0
Harrow East,London (Brent; Harrow),London,0,15.0911658,10.4962270855542,19.429383129553607,0.0,15.49879658411276,35.8327782,3.651649200779426,28.9,53.3,4.6,3.2,4.2,5.9,0,0
Harrow West,London (Harrow),London,0,17.774995099999998,10.86249644352312,24.160553152976284,0.0,15.31883080681872,28.271798599999997,3.611325896681879,43.8,29.2,5.8,5.3,5.4,10.5,0,0
Hartlepool,County Durham,North East,0,1.313652,9.82228564016083,6.525403720078756,35.722803402862894,13.640263956141723,0.8896211,32.0859701807558,46.2,21.9,24.5,1.6,2.3,3.4,0,0
Harwich and North Essex,Essex,Eastern,0,0.8521569,9.237639015935684,8.253259173841123,20.964029381691972,24.293136062066175,12.963301000000001,23.43647846646505,32.0,34.4,20.4,7.4,5.8,0.0,0,0
Hastings and Rye,East Sussex,South East,0,1.7363596,7.72432769304938,11.19960120803154,36.19082733238705,15.362005735896027,3.8001982,23.986680230636008,41.6,22.8,16.1,5.6,12.5,1.4,0,0
Havant,Hampshire,South East,0,0.5304983999999999,8.081248477232208,5.927287814559408,35.70721536810454,21.807441775415693,0.7515894000000001,27.194718764688147,30.6,30.8,23.6,7.8,6.8,0.5,0,0
Hayes and Harlington,London (Hillingdon),London,0,19.9750006,13.95606854500356,36.95794500666092,0.0,9.585559925325162,12.9039486,6.621477323010354,53.3,21.9,10.7,3.4,5.6,5.2,0,0
Hazel Grove,Greater Manchester,North West,0,1.4134463,7.2989765607772314,5.970878279956352,33.90517445202448,28.962067878039285,0.6793859,21.770070629202657,23.5,19.6,15.1,37.7,3.8,0.2,0,0
Hemel Hempstead,Hertfordshire,Eastern,0,4.3679875,8.545198589837675,12.064488826431472,41.25314252944712,12.15219733013447,3.2651306,18.35185462414927,38.2,27.2,17.4,11.6,5.6,0.0,0,0
Hendon,London (Barnet),London,0,16.5422439,11.54318384179201,28.973770168412422,0.0,13.124968893783816,24.439704,5.376129196011761,38.4,38.4,7.4,4.8,6.5,4.6,0,0
Henley and Thame,Oxfordshire,South East,0,0.8095422999999999,7.137987627824768,9.212470195666906,15.83768601926937,34.06851373889979,17.291044,15.642756118339172,6.7,33.2,9.8,45.0,3.8,1.5,0,0
Hereford and South Herefordshire,Herefordshire,West Midlands,0,0.5420756,7.6665996582571045,8.037770232634154,32.433258419925906,18.269114838871705,6.2792184,26.77196285031113,29.8,32.6,18.4,11.7,7.0,0.5,0,0
Herne Bay and Sandwich,Kent,South East,0,0.7463893,7.625546889861116,7.345395096201888,33.05388012403931,22.08136379134234,3.9080194000000006,25.239405398555352,30.2,35.3,21.7,5.5,7.2,0.0,0,0
Hertford and Stortford,Hertfordshire,Eastern,0,1.4787273,7.529268348782099,11.377024001179032,29.968743826130847,30.13346655498603,3.3517795,16.160990468921995,38.5,29.7,15.4,7.7,8.1,0.5,0,0
Hertsmere,Hertfordshire,Eastern,0,3.5700797,8.62019711469789,15.03103118723151,3.808851893604924,29.438996951002384,27.2839967,12.246846453463284,28.0,44.7,13.7,7.7,4.7,1.1,0,0
Hexham,Northumberland; Tyne and Wear,North East,0,0.6353791999999999,6.888220563993497,7.834707464080951,23.77889645361219,26.722240638172003,12.790958400000001,21.349597280141346,46.3,39.1,0.0,4.6,4.8,5.3,0,0
Heywood and Middleton North,Greater Manchester,North West,0,10.4122991,9.576390533281824,10.4988699424638,26.743388294974267,18.07465150263185,0.6303024,24.064098226648262,40.6,17.3,24.2,6.2,0.0,11.7,0,0
High Peak,Derbyshire,East Midlands,0,0.2628251,7.054075004677758,6.967789261115949,28.980642169489386,25.020748701440283,6.1351,25.578819763276627,45.8,29.7,14.1,3.5,6.9,0.0,0,0
Hinckley and Bosworth,Leicestershire,East Midlands,0,0.6484413,7.428312559688513,7.149449957365399,26.73375033979937,25.568183603371143,6.3253349000000005,26.14652733977557,18.0,35.6,18.4,24.3,3.2,0.4,0,0
Hitchin,Bedfordshire; Hertfordshire,Eastern,0,1.5124347999999999,7.391807679992102,12.42826282162046,24.417178264881898,29.300259462703636,8.6842739,16.265783070801895,43.9,28.5,12.9,9.4,5.0,0.3,0,0
Holborn and St Pancras,London (Camden),London,0,19.7159053,25.385845202144132,32.38728552936662,0.0,11.960984096616464,5.4332821,5.116697771872788,48.9,7.2,6.1,5.8,10.4,21.5,0,0
Honiton and Sidmouth,Devon,South West,0,0.3589,6.092326615331381,6.5555461102533865,23.39597183106312,24.64931092207955,15.154197300000002,23.79374722127256,5.8,32.2,12.4,45.4,2.8,1.4,0,0
Hornchurch and Upminster,London (Havering),London,0,4.0041669,9.149182798191722,14.589902742468631,27.612830490381157,24.112237092326335,3.656423,16.875256976632155,27.6,32.5,28.4,5.1,5.6,0.8,0,0
Hornsey and Friern Barnet,London (Barnet; Haringey),London,0,7.603224,8.562326256488463,32.05664854795122,10.095907578095918,25.57785075328244,9.5018816,6.60216126418196,58.7,8.2,4.1,12.5,14.5,1.9,0,0
Horsham,West Sussex,South East,0,1.0925963,7.235269301082821,9.326746193225866,26.135514502008306,31.097051045961237,8.1863759,16.926446757721763,10.8,34.4,11.0,39.0,3.9,0.9,0,0
Houghton and Sunderland South,Tyne and Wear,North East,0,0.3683791,8.442646156749854,4.8342354246659465,36.27774226445469,17.419457444787284,0.48650000000000004,32.17103960934222,47.1,13.8,29.1,5.7,4.3,0.0,0,0
Hove and Portslade,East Sussex,South East,0,3.3948885,9.594329028635595,19.543258366821753,27.960545863234785,22.80921965253329,3.0446151,13.653143488774571,52.4,12.8,8.8,5.9,14.3,5.9,0,0
Huddersfield,West Yorkshire,Yorkshire and the Humber,0,21.5722675,12.89578482362414,17.62910066978778,16.8469551108099,13.814366654565529,0.7547908999999999,16.486734341212657,37.6,16.3,15.4,4.3,26.3,0.0,0,0
Huntingdon,Cambridgeshire,Eastern,0,1.914673,7.514558634833238,10.38961711492678,25.19639687769984,23.77803118880491,11.094581100000001,20.112142083735232,32.2,35.1,15.4,9.3,5.8,2.2,0,0
Hyndburn,Lancashire,North West,0,14.8203688,10.31451994324451,7.242338523128058,24.13323344770346,15.73442035910987,1.8608055000000001,25.894313426814094,33.5,28.9,20.7,3.3,13.6,0.0,0,0
Ilford North,London (Redbridge),London,0,30.558508200000002,11.86376377853184,21.320184519396683,0.0,13.373863539431637,18.7746717,4.109008262639836,33.4,20.5,7.7,2.3,3.8,32.2,0,0
Ilford South,London (Barking and Dagenham; Redbridge),London,0,41.3951175,14.35132258446007,25.039661565327606,0.0,4.359491960983077,12.0790541,2.7753522892292404,40.2,14.9,5.7,3.3,8.3,27.7,0,0
Ipswich,Suffolk,Eastern,0,4.011496299999999,9.75571298246404,14.301284196030787,31.75196613224375,14.603955752976901,2.1618024,23.413782236284522,43.3,26.5,15.9,5.1,8.3,0.8,0,0
Isle of Wight East,Isle of Wight,South East,0,0.33608129999999997,6.288503216778429,7.337687887470011,31.744331178011166,19.106493489151692,7.1514481,28.035454828588705,18.4,30.6,20.8,10.4,18.5,1.2,0,0
Isle of Wight West,Isle of Wight,South East,0,0.5054069999999999,6.933511974543616,7.404181105660469,31.88461789619521,16.813228409981065,9.3879973,27.071056313619636,38.6,29.3,17.0,7.9,6.7,0.3,0,0
Islington North,London (Islington),London,0,12.4304588,12.606236906945659,42.55449400937397,2.475371884400971,17.46422081868831,5.7881441,6.681073480591083,34.4,4.0,3.5,3.4,5.4,49.3,0,0
Islington South and Finsbury,London (Hackney; Islington),London,0,11.3965642,16.42589464282241,41.38071690151356,0.0,18.751440946709906,5.724119399999999,6.3212639089541405,53.7,8.4,7.9,9.5,17.5,3.0,0,0
Jarrow and Gateshead East,Tyne and Wear,North East,0,1.4225736,8.90921941259618,5.689199207739764,34.69402182016853,16.706889520921198,0.1864461,32.39165033857432,51.3,9.1,26.9,4.7,6.5,1.4,0,0
Keighley and Ilkley,West Yorkshire,Yorkshire and the Humber,0,15.7395854,8.830377707575527,8.252033484010912,22.85835391014153,19.687325631471488,3.9029222,20.72940166680055,36.7,40.3,10.4,2.1,5.3,5.3,0,0
Kenilworth and Southam,Warwickshire,West Midlands,0,0.7718751,8.77999676886176,8.325632409137372,15.089214462187243,35.71101033200224,15.616355700000002,15.705915227811378,24.0,36.4,13.0,19.6,5.9,1.1,0,0
Kensington and Bayswater,London (Kensington and Chelsea; Westminster),London,0,12.58166,12.35223268055487,30.361602931938222,0.0,11.958377024516937,28.6887799,4.057347462989973,40.6,33.7,6.0,6.9,6.5,6.2,0,0
Kettering,Northamptonshire,East Midlands,0,1.4086799,8.392775158729254,11.42849254679008,30.506899141482805,18.143663477407436,5.0711302,25.048359575590432,35.9,28.2,16.9,2.7,13.9,2.4,0,0
Kingston and Surbiton,London (Kingston upon Thames),London,0,6.9416332999999995,12.38960652039751,20.23947715901487,18.81037906865447,24.97887569024721,7.143462799999999,9.49656546168595,13.0,17.0,9.4,51.1,5.9,3.6,0,0
Kingston upon Hull East,East Riding of Yorkshire,Yorkshire and the Humber,0,1.1505162,9.612921051970533,6.063946464954638,33.226707750152855,12.126697522989463,0.2992911,37.519919909932504,43.8,9.1,30.6,10.9,5.6,0.0,0,0
Kingston upon Hull North and Cottingham,East Riding of Yorkshire,Yorkshire and the Humber,0,4.5757972,13.33347307523001,11.281908683302964,33.42816355611188,10.017353188519131,0.4134057,26.949898596836007,48.3,12.8,20.4,8.5,6.1,3.9,0,0
Kingston upon Hull West and Haltemprice,East Riding of Yorkshire,Yorkshire and the Humber,0,3.1649548999999997,8.509881740287433,10.146392155842847,32.23112673187093,16.065201614975148,0.3439214,29.538521457023634,46.8,18.1,23.3,6.9,4.6,0.3,0,0
Kingswinford and South Staffordshire,Staffordshire; West Midlands,West Midlands,0,0.4732699,7.259382282821238,6.668976348883426,30.960468377823616,27.452143150949095,3.8928241,23.292935839522634,26.3,40.3,22.0,4.6,4.6,2.2,0,0
Knowsley,Merseyside,North West,0,0.5555496,9.552631236414271,5.998903385954923,37.270019508383974,14.513671765516966,0.2713831,31.837841403729865,67.3,4.2,16.4,3.4,7.7,1.1,0,0
Lancaster and Wyre,Lancashire,North West,0,2.4350951,19.60436398513365,8.72770663833474,22.06782729827023,17.971388251482253,9.5943499,19.599268826779134,44.9,23.4,16.0,3.6,12.2,0.0,0,0
Leeds Central and Headingley,West Yorkshire,Yorkshire and the Humber,0,9.937759699999999,45.62886658391881,23.002680624311807,2.773102154443393,7.4489415455230255,2.3250785,8.883570891802966,50.2,7.1,7.6,8.3,23.5,3.4,0,0
Leeds East,West Yorkshire,Yorkshire and the Humber,0,12.7115106,11.675518533012779,14.877380179699646,20.256214206069842,17.1873759722553,1.8855393999999999,21.406461108962443,47.2,17.5,18.6,3.7,8.9,4.0,0,0
Leeds North East,West Yorkshire,Yorkshire and the Humber,0,13.553753399999998,9.298061812467251,23.359103456805542,11.067112270732935,25.502822118827794,6.5067956,10.712351341166483,51.5,15.9,7.6,4.8,13.1,7.1,0,0
Leeds North West,West Yorkshire,Yorkshire and the Humber,0,2.125755,8.63949179460031,8.816791636382975,26.585146980076274,34.05616026611916,2.6791026000000002,17.097551722821294,46.0,22.1,11.9,11.3,6.5,2.2,0,0
Leeds South,West Yorkshire,Yorkshire and the Humber,0,12.0765335,14.46394075981969,26.678580318105006,15.720196547388525,9.725811034240198,1.2886887999999999,20.046249040446583,53.2,8.3,12.4,4.2,18.1,3.8,0,0
Leeds South West and Morley,West Yorkshire,Yorkshire and the Humber,0,1.7069553000000002,9.164538114980282,9.636811280246482,28.519510925711444,24.494779722370776,1.7032831,24.774121556691014,44.0,23.0,20.4,4.5,6.3,1.9,0,0
Leeds West and Pudsey,West Yorkshire,Yorkshire and the Humber,0,5.7777645,9.962025632697904,14.07495515650722,26.192656811894835,19.514641821968866,1.1113149,23.366641176931175,49.3,17.1,16.3,4.5,9.9,2.9,0,0
Leicester East,Leicestershire,East Midlands,0,25.6367472,14.166675218323672,13.006389204023499,0.0,2.823886482143081,37.5887379,6.777563995509749,21.6,31.1,5.6,13.5,4.6,23.6,0,0
Leicester South,Leicestershire,East Midlands,0,34.8285382,24.61258721256872,18.816935631674532,0.0,4.149640678466506,8.956086599999999,8.636211677290252,32.9,11.5,5.9,3.4,9.1,37.1,0,0
Leicester West,Leicestershire,East Midlands,0,10.4768451,16.180742334588448,22.63538806256102,16.571547066982504,8.590992842704843,7.508498900000001,18.035985693163187,44.6,19.8,16.0,6.2,11.6,1.8,0,0
Leigh and Atherton,Greater Manchester,North West,0,1.4716622000000001,8.61433927413058,8.201056008829154,33.68338071016102,18.40866420240693,1.0097209,28.61117670447232,48.5,15.7,26.9,3.9,4.0,0.9,0,0
Lewes,East Sussex,South East,0,0.6993007,7.310329296366716,7.772670661442488,34.85139284021281,23.546327141689286,5.4488848,20.37109456028869,6.7,26.8,11.9,50.6,3.5,0.4,0,0
Lewisham East,London (Lewisham),London,0,7.4808221999999995,10.10336086709496,43.56410038572254,9.12539440316354,17.11067794820802,4.3235773,8.292066895810937,58.2,10.8,8.5,6.1,13.7,2.7,0,0
Lewisham North,London (Lewisham),London,0,8.3139813,12.29352632018009,50.502228381021936,3.532363302578375,15.917163576733552,2.9371969,6.503540219486063,57.7,6.1,4.5,7.4,21.9,2.3,0,0
Lewisham West and East Dulwich,London (Lewisham; Southwark),London,0,5.260357,8.283410138248847,38.29603317983211,9.984587239026439,26.79981372953768,3.5201719000000002,7.855626813354921,59.0,7.5,4.8,7.7,19.4,1.6,0,0
Leyton and Wanstead,London (Redbridge; Waltham Forest),London,0,22.210755300000002,9.332339987290998,32.02556854896094,8.82778012675361,17.055011700779296,4.2496054999999995,6.298938836215154,47.5,11.1,5.7,6.4,15.5,13.8,0,0
Lichfield,Staffordshire,West Midlands,0,0.49272350000000004,7.239985299522234,6.607102096040195,27.248186118616957,28.604802300445034,6.3877383000000005,23.41946238537558,35.1,33.4,19.8,7.3,3.5,0.9,0,0
Lincoln,Lincolnshire,East Midlands,0,1.6818465,19.567621817585888,10.134110608235495,31.071475414207868,11.160192396399854,2.0797196000000002,24.3050336635709,43.8,23.0,18.0,6.1,6.5,2.6,0,0
Liverpool Garston,Merseyside,North West,0,1.8713338,9.683974119031074,7.857591713426565,32.33797169319682,22.77643845672169,1.5663521,23.90633811762385,58.4,7.0,10.5,7.7,6.7,9.7,0,0
Liverpool Riverside,Merseyside,North West,0,10.1064236,30.48360869291788,21.52631401933575,14.884006719842844,5.64854608549818,1.3937844999999998,15.957316382405354,61.9,3.6,10.1,4.8,16.2,3.5,0,0
Liverpool Walton,Merseyside,North West,0,1.4314748,11.285104668873739,8.277395028687193,38.49123486004967,9.972310641353317,0.5115215,30.030958501036075,70.6,3.5,15.7,2.6,6.5,1.2,0,0
Liverpool Wavertree,Merseyside,North West,0,8.2952942,23.244041579291512,18.776223708323343,19.07359692510292,14.098846513341327,1.4881503,15.02384677394091,58.0,4.7,8.7,6.9,17.0,4.7,0,0
Liverpool West Derby,Merseyside,North West,0,2.3937018,10.70381785017924,9.517303933966437,40.38389735635434,9.538362467497786,0.5560295000000001,26.9068870920022,66.6,4.1,12.8,3.4,7.0,6.1,0,0
Loughborough,Leicestershire,East Midlands,0,4.3117827,21.919807877945942,10.593463677517004,18.522458697063172,19.304900114335375,7.4463972,17.901189733138516,40.8,29.1,17.0,6.1,7.0,0.0,0,0
Louth and Horncastle,Lincolnshire,East Midlands,0,0.2867198,6.431919764526314,6.09569903372139,24.087539361400843,18.8789036239996,13.901837100000002,30.317381316351852,22.5,37.5,25.7,5.1,5.4,3.8,0,0
Lowestoft,Suffolk,Eastern,0,0.4198881,7.675969311569954,6.3787334098794,34.140254384530394,15.666234676898894,1.9718504000000001,33.74706971712136,34.6,29.8,24.7,3.6,7.4,0.0,0,0
Luton North,Bedfordshire,Eastern,0,32.545462400000005,11.79775918631443,19.419922795008677,10.069217562594275,12.64111153824436,3.7164701,9.810056417838254,37.9,18.5,12.0,4.9,5.0,21.7,0,0
Luton South and South Bedfordshire,Bedfordshire,Eastern,0,29.7314148,13.00244391901289,21.08384909271878,8.071170829790148,11.992695949125912,5.625853299999999,10.492572109352283,35.4,17.5,12.4,6.3,6.3,22.1,0,0
Macclesfield,Cheshire,North West,0,0.7104666,6.454022559199204,8.277688819059737,32.81409124891586,29.17611869168041,3.1678055,19.399806581144798,46.7,29.5,12.5,4.7,4.7,1.9,0,0
Maidenhead,Berkshire,South East,0,6.0986143,7.45624745624745,14.25222446388154,17.279899302741924,34.02759709922899,8.7922982,12.093119177900098,11.5,37.6,0.0,43.5,4.0,3.5,0,0
Maidstone and Malling,Kent,South East,0,2.3158108,8.548147161349053,11.912628276192741,31.965941250478267,20.201606818617375,5.3007035,19.755162193362565,26.9,30.5,20.1,13.7,8.0,0.8,0,0
Makerfield,Greater Manchester,North West,0,0.8336806999999999,8.836618681983778,5.289826788433419,35.40857398817751,18.4287390316376,0.4916896,30.710871209767692,45.2,10.9,31.8,6.8,4.4,0.9,0,0
Maldon,Essex,Eastern,0,0.5891414,7.67367780574809,5.7947866859455335,25.248254641858395,28.51147274764902,9.8331231,22.34954361879896,19.7,38.9,25.0,11.8,4.6,0.0,0,0
Manchester Central,Greater Manchester,North West,0,15.9851331,22.62746721390887,30.774404145867145,4.502282941988653,11.889854331636913,1.4681882,12.752670066598418,50.8,7.1,12.0,7.7,16.1,6.3,0,0
Manchester Rusholme,Greater Manchester,North West,0,33.708647,36.55769487213674,20.20082205117568,0.0,0.6179766289603525,2.9112079,6.003651547727222,51.9,5.8,4.5,0.0,23.5,14.4,0,0
Manchester Withington,Greater Manchester,North West,0,14.1397607,20.86393821184869,23.828438166569406,9.206910178110661,20.013194072741562,3.0499413,8.897817370729676,52.9,5.5,4.7,13.0,19.4,4.6,0,0
Mansfield,Nottinghamshire,East Midlands,0,1.0823436,7.894643553475826,7.062876817670668,33.037789911168446,15.091655381510053,2.7683479,33.062342836175006,39.1,30.6,22.8,1.9,3.2,2.4,0,0
Melksham and Devizes,Wiltshire,South West,0,0.5010998,6.9362516816723385,6.681520368671003,25.15006244008822,27.65721349994294,10.001492700000002,23.072359509625503,9.0,34.4,13.1,39.1,4.4,0.0,0,0
Melton and Syston,Leicestershire,East Midlands,0,0.9432463,8.108590819789233,7.933730503975485,20.019846959078308,24.453485681422066,13.993143400000001,24.547956335734906,26.4,38.1,19.5,5.5,8.0,2.5,0,0
Meriden and Solihull East,West Midlands,West Midlands,0,3.4516745,8.751278118609388,10.36064760966538,21.925033692990013,29.32115986510785,6.2718093,19.918396913627372,27.7,38.1,19.9,7.6,6.7,0.0,0,0
Mid Bedfordshire,Bedfordshire,Eastern,0,1.5488391000000001,8.277930336753844,9.281675931010994,14.886908845472476,33.31734769946989,15.840526,16.84677208729279,31.4,34.1,17.3,8.2,5.2,3.8,0,0
Mid Buckinghamshire,Buckinghamshire,South East,0,1.6237716999999998,7.357605761695664,8.965038287326376,10.988281693661634,34.973587407152785,21.6607902,14.430924950163527,17.0,37.3,12.8,26.5,5.5,0.9,0,0
Mid Cheshire,Cheshire,North West,0,0.559864,8.227864283705346,6.807863753207278,34.10614807978574,22.06804589937003,0.8840756000000001,27.34613838393161,44.5,23.0,19.2,5.9,4.7,2.7,0,0
Mid Derbyshire,Derbyshire,East Midlands,0,0.6023001,7.779823116635049,6.856580188565882,27.295674728818227,30.07761257717637,4.4270414,22.96096788880447,36.5,32.5,17.6,5.0,7.5,1.0,0,0
Mid Dorset and North Poole,Dorset,South West,0,0.4540104,7.437974747538564,6.055096999708261,28.987850247162328,28.22112242425673,6.206653800000001,22.637291381334116,9.2,40.6,0.0,43.3,4.8,2.1,0,0
Mid Leicestershire,Leicestershire,East Midlands,0,1.7729764,8.186866248189279,10.644196223795902,20.858991122105422,24.592674227201236,14.157099899999999,19.787195878708157,32.3,36.9,18.6,5.1,7.1,0.0,0,0
Mid Norfolk,Norfolk,Eastern,0,0.4377073,7.1369753579548885,6.654816632548847,26.108498543758884,21.1667924701825,10.5536831,27.941526595554887,29.9,36.5,20.5,6.8,6.2,0.0,0,0
Mid Sussex,West Sussex,South East,0,1.2205409,7.056154141817399,9.255658307942527,30.021999699783066,31.958730850169427,4.6275347,15.859381400287583,17.6,27.1,11.1,39.6,3.8,0.7,0,0
Middlesbrough and Thornaby East,North Yorkshire,North East,0,13.1051393,12.827129037830359,11.623727108445353,27.873769406870352,8.216118932257158,1.2133827000000001,25.140733514596782,47.2,17.9,20.5,3.0,4.4,6.9,0,0
Middlesbrough South and East Cleveland,North Yorkshire,North East,0,1.166553,8.357649020425173,5.735812235562351,30.24528282682826,18.179353091550123,5.759164800000001,30.556185025634104,43.3,42.7,0.0,5.3,3.8,4.8,0,0
Milton Keynes Central,Buckinghamshire,South East,0,8.0911165,9.535644592875913,27.175324531601472,14.02400848506062,20.442542596822737,7.2054179,13.525945393639253,42.3,27.1,13.1,10.3,6.8,0.4,0,0
Milton Keynes North,Buckinghamshire,South East,0,5.6504889,7.862751963187107,15.889845854304186,17.557187457955735,26.817393007583192,8.7864433,17.43588951696978,42.0,30.2,13.4,7.3,7.1,0.0,0,0
Mitcham and Morden,London (Merton),London,0,12.692910600000001,10.12369230144798,29.364147758097307,13.949427722300925,17.883106600617285,7.795454199999999,8.191260817536506,55.4,14.0,9.1,8.0,10.2,3.2,0,0
Morecambe and Lunesdale,Cumbria; Lancashire,North West,0,0.43129759999999995,8.959255924112131,7.172512821290883,24.590816675898196,22.16576131326402,10.2610932,26.419262465434763,40.8,28.7,16.3,9.9,4.3,0.0,0,0
New Forest East,Hampshire,South East,0,0.3040485,7.141799582744457,6.247811670872167,28.773433591468518,25.527910817049936,7.107353300000001,24.897642537864932,19.7,38.5,16.9,15.9,6.9,2.1,0,0
New Forest West,Hampshire,South East,0,0.3693857,6.198766926920232,6.719296091824887,30.301138100717225,27.42534631377585,6.8011566000000006,22.184910266761804,23.3,35.4,16.4,17.7,6.0,1.2,0,0
Newark,Nottinghamshire,East Midlands,0,0.6215437,7.750436398445847,7.634548372729072,25.877140189269483,24.506781270680293,9.7093241,23.900225968875304,32.5,39.2,15.5,5.7,4.4,2.7,0,0
Newbury,Berkshire,South East,0,1.1253789,7.7288565093443,10.694558367919521,23.38324139476788,27.91584497887243,8.697860200000001,20.454259649095874,7.5,35.3,10.9,40.1,5.5,0.6,0,0
Newcastle upon Tyne Central and West,Tyne and Wear,North East,0,14.6178792,21.226546681664672,13.877165412296172,19.68133068824983,10.361428564654908,1.4119195,18.823729953134418,45.6,10.2,18.9,4.7,7.8,12.7,0,0
Newcastle upon Tyne East and Wallsend,Tyne and Wear,North East,0,3.4096249000000003,18.46085047564831,11.547083664276354,27.503848549742486,13.938874336936156,0.9946834,24.145034673396697,50.1,8.3,19.8,7.0,12.4,2.3,0,0
Newcastle upon Tyne North,Tyne and Wear,North East,0,4.2059008,20.390261952180342,13.365098484683735,27.96456926247143,17.81768385449607,1.857005,14.399480646168428,50.3,13.7,12.2,12.2,10.4,1.2,0,0
Newcastle-under-Lyme,Staffordshire,West Midlands,0,2.1829925,14.636657092748381,7.400688351046225,24.750643927307436,20.286992879079325,4.3162485,26.42577674981863,40.4,27.6,22.4,5.0,4.7,0.0,0,0
Newton Abbot,Devon,South West,0,0.3288522,6.69977714103787,7.126586978290629,34.29289997180689,21.52718523580168,3.8807000000000005,26.143998473062926,14.8,27.0,17.7,31.7,4.3,4.5,0,0
Newton Aycliffe and Spennymoor,County Durham,North East,0,0.37771380000000004,9.419287717116859,6.060711471567512,23.47751705993487,17.511436345098964,10.3829565,32.7703771062818,46.2,20.6,24.0,3.7,4.3,1.3,0,0
Normanton and Hemsworth,West Yorkshire,Yorkshire and the Humber,0,0.6223301,8.30654249955513,5.5925954692176685,21.92768527588919,17.568332063780627,10.655168900000001,35.3273456915574,47.5,13.7,29.2,3.6,5.9,0.0,0,0
North Bedfordshire,Bedfordshire,Eastern,0,1.5458131,7.786174941344294,9.881582654513979,19.391373232402287,30.878537224482553,12.498368600000001,18.01815024725688,28.3,38.8,16.4,10.8,5.9,0.0,0,0
North Cornwall,Cornwall,South West,0,0.2430415,7.089456674187447,6.986413778665064,25.674266172929066,17.91411389992135,14.6511,27.44160797429707,5.7,27.2,16.2,47.8,2.6,0.5,0,0
North Cotswolds,Gloucestershire,South West,0,0.342284,6.951410859891452,8.405203735928835,21.730439528573868,30.432132607304762,13.123097000000001,19.01543226830109,17.1,34.7,12.9,28.0,6.4,0.9,0,0
North Devon,Devon,South West,0,0.43707090000000004,7.391504742498108,7.409048207013413,28.597673061045626,17.871601194459398,11.028765,27.264336894983447,6.3,29.3,15.8,42.4,4.6,1.6,0,0
North Dorset,Dorset,South West,0,0.290913,7.118696186961849,7.0140623897925956,24.79066472158216,24.540283360778364,12.8285996,23.41678074088503,8.8,36.6,15.9,33.5,4.2,1.0,0,0
North Durham,County Durham,North East,0,0.4969991,8.922905790597998,6.219059819789675,29.917619097158266,18.576889460074565,5.383179,30.4833477323795,39.8,15.6,25.7,10.1,5.7,3.0,0,0
North East Cambridgeshire,Cambridgeshire,Eastern,0,0.6656321,7.594801368561106,6.80412132351605,33.09406891492026,15.421727747481679,5.015248,31.404400545520918,20.4,41.5,23.1,6.9,5.1,2.9,0,0
North East Derbyshire,Derbyshire,East Midlands,0,0.3775381,7.235344794332062,4.678324775556029,30.41828633803064,22.406614408799623,6.244985400000001,28.638906183281645,38.4,34.5,17.2,4.7,5.0,0.2,0,0
North East Hampshire,Hampshire,South East,0,0.7201157,7.427174478693907,8.989793617322846,19.778055567258974,38.81931835171651,9.9535457,14.31199658500776,9.1,37.0,12.0,38.1,2.6,1.2,0,0
North East Hertfordshire,Hertfordshire,Eastern,0,0.8259799,7.46035747296145,10.066349182118104,22.416150481138743,31.219123497272523,9.130174199999999,18.881865266509195,35.0,31.3,16.1,10.4,7.2,0.0,0,0
North East Somerset and Hanham,Somerset; Gloucestershire,South West,0,0.49297179999999996,9.741065149287131,5.700318251696785,26.520434844857277,28.05267423902379,7.538430099999999,21.954105615135024,40.6,30.2,14.5,7.6,6.3,0.9,0,0
North Herefordshire,Herefordshire,West Midlands,0,0.2948484,6.381790796717561,7.7335822906793785,20.766945290968664,25.422374820574973,16.180776400000003,23.219682001059414,6.4,31.5,16.0,2.9,43.2,0.2,0,0
North Norfolk,Norfolk,Eastern,0,0.17132740000000002,5.792843183502919,6.3037354212060315,21.38350579147803,20.793412535550747,17.250382400000003,28.30479326826227,6.1,35.9,13.5,41.4,3.0,0.0,0,0
North Northumberland,Northumberland,North East,0,0.37882089999999996,6.196976220021771,7.274660378216222,24.88762011478964,20.139721930991346,14.0539,27.068300455981024,36.6,26.2,15.7,10.6,3.6,7.4,0,0
North Shropshire,Shropshire,West Midlands,0,0.4339082,7.714411761199004,6.80113028196673,22.342019677382808,21.924569561188946,13.8173762,26.966584318262512,6.9,22.0,15.5,52.9,2.5,0.3,0,0
North Somerset,Somerset,South West,0,0.48396849999999997,7.0557525226945,7.403135738527275,28.138349559845352,32.05012101848128,6.0014122,18.867260460451586,35.6,34.4,10.4,13.2,6.1,0.2,0,0
North Warwickshire and Bedworth,Warwickshire,West Midlands,0,0.7387953,8.357180778743167,8.910888928769955,23.129463592357496,21.53730605795624,7.8881564,29.43820894217314,36.0,30.6,26.1,3.0,4.3,0.0,0,0
North West Cambridgeshire,Cambridgeshire,Eastern,0,2.9128254,8.573745165284272,13.41928873607746,22.677126961138043,22.61772978425184,9.0073833,20.79190065324838,33.3,33.2,19.7,7.2,6.7,0.0,0,0
North West Essex,Essex,Eastern,0,0.9050552999999999,7.910033148139495,8.667495434585014,20.9421500029284,28.99045081864029,15.201866,17.382949295706805,30.8,35.6,14.1,11.1,5.2,3.1,0,0
North West Hampshire,Hampshire,South East,0,0.9573445999999999,7.715838791848624,9.413699909685358,29.587022345041532,23.957390694832835,7.598495300000001,20.77020835859166,28.5,35.0,15.2,15.0,5.4,0.9,0,0
North West Leicestershire,Leicestershire,East Midlands,0,0.41469970000000006,8.726409551340804,6.541164680988295,21.94750734832084,26.030718524680886,8.9133601,27.42614009466917,34.7,32.7,19.9,3.4,5.8,3.5,0,0
North West Norfolk,Norfolk,Eastern,0,0.5965082,7.0645352279455125,7.058871327253085,28.645223321149217,16.028988333287653,10.737764400000001,29.868109190364528,25.0,36.1,19.5,14.6,4.8,0.0,0,0
Northampton North,Northamptonshire,East Midlands,0,7.2435972,11.700580695486359,18.295537658600114,27.410447776667155,13.845507599603904,1.7767709999999999,19.727558069642463,43.5,22.0,16.8,5.4,6.1,6.2,0,0
Northampton South,Northamptonshire,East Midlands,0,3.6698827000000005,10.49193060203535,15.510515001413065,28.705204288234583,20.781059385841285,2.3458947,18.495513322475716,38.5,29.2,18.7,7.3,5.5,0.9,0,0
Norwich North,Norfolk,Eastern,0,1.7270077000000001,8.796346898871752,7.877072560085969,34.346556277323984,19.656002131426924,0.49933930000000004,27.09767513229137,45.4,21.7,18.0,4.5,9.6,0.8,0,0
Norwich South,Norfolk,Eastern,0,2.901319,20.934464011997818,15.50376638855614,25.195307223287855,14.273762225926212,2.7637891000000003,18.427592050231976,47.6,12.9,11.6,7.9,18.3,1.7,0,0
Nottingham East,Nottinghamshire,East Midlands,0,16.8635267,28.08349146110054,25.608420405972154,6.511600610620505,9.441587020341716,1.8152139999999999,11.676159801965078,53.6,10.8,9.8,4.8,11.9,9.1,0,0
Nottingham North and Kimberley,Nottinghamshire,East Midlands,0,7.6039578,11.23353612075324,17.69065291499564,24.845312845603033,13.928504899703574,1.3728777,23.325157718944524,47.1,19.4,20.1,3.8,9.6,0.0,0,0
Nottingham South,Nottinghamshire,East Midlands,0,10.1790384,34.39571981881429,18.321243058691177,11.246088887081385,8.339899321850735,3.1297983,14.388212213562406,47.4,16.1,15.0,6.3,8.9,6.4,0,0
Nuneaton,Warwickshire,West Midlands,0,3.5351708000000004,8.554647911400886,9.542972735651256,30.89663552644855,17.35272232104852,2.6314491999999996,27.486401505450782,36.9,28.5,22.0,3.3,7.0,2.3,0,0
Old Bexley and Sidcup,London (Bexley),London,0,3.2070432,9.57378664695736,12.773070712910584,27.65570951756949,25.786738415784217,5.4553369,15.548314606778348,30.2,37.6,21.8,4.0,5.5,0.9,0,0
Oldham East and Saddleworth,Greater Manchester,North West,0,20.8411981,10.65513984048977,9.55053181008838,20.98104813634278,16.72550656732841,0.8001217,20.44645384575065,35.2,17.1,19.3,8.5,3.7,16.3,0,0
"Oldham West, Chadderton and Royton",Greater Manchester,North West,0,32.1252589,12.73399584007396,9.698299561859503,14.707900910256512,11.731622227579756,0.8819572,18.120965360230283,34.3,10.5,17.8,3.3,4.8,29.3,0,0
Orpington,London (Bromley),London,0,2.5247127000000003,8.29841501184186,12.850226754364193,27.9615054102174,28.136125153552285,6.3642917,13.864723270024262,26.9,38.0,19.3,10.3,5.0,0.5,0,0
Ossett and Denby Dale,West Yorkshire,Yorkshire and the Humber,0,2.4264919,8.087918402528357,7.137253082107148,25.33645429012057,26.395551369566782,6.761770800000002,23.854560155677145,39.3,28.9,21.0,4.1,4.9,1.8,0,0
Oxford East,Oxfordshire,South East,0,10.5052105,18.89397098022125,22.028364684107746,20.113227082674896,13.370139331488879,3.0382100999999997,12.050877321507228,49.7,9.5,6.4,8.7,12.9,12.8,0,0
Oxford West and Abingdon,Oxfordshire,South East,0,2.9257597,21.22550988530367,14.730927139205962,17.817256117560163,26.210413375322577,7.044222899999999,10.045910882607627,13.0,18.5,9.1,50.9,7.0,1.5,0,0
Peckham,London (Southwark),London,0,11.3049592,14.547899086178951,56.28880707749619,0.0,9.141392987416815,1.8945173,6.822424348908045,58.8,5.9,4.6,7.0,19.6,4.1,0,0
Pendle and Clitheroe,Lancashire,North West,0,16.4336596,9.272225040870389,7.643350534451663,21.116695527305254,18.182936113060602,3.8997034000000004,23.451429784312094,34.5,32.6,17.5,4.4,3.0,8.1,0,0
Penistone and Stocksbridge,South Yorkshire,Yorkshire and the Humber,0,0.5830216,7.76314192878618,5.268397976024403,28.505710120549878,26.889731734338284,4.622166200000001,26.36783044030126,43.6,23.7,21.5,6.5,4.6,0.0,0,0
Penrith and Solway,Cumbria,North West,0,0.2838367,6.756641947738275,5.4306696059076325,20.708719852979982,21.747268354978512,16.4599,28.612963538395608,40.6,29.9,15.5,9.6,3.5,1.0,0,0
Peterborough,Cambridgeshire,Eastern,0,17.8287459,10.413384426171191,13.643557754241742,23.57172852136108,12.052978154691443,3.7535619000000002,18.736043343534543,32.0,31.8,12.8,4.2,6.1,13.1,0,0
Plymouth Moor View,Devon,South West,0,0.7176296000000001,10.11511511511511,5.678895421781435,38.85571995047833,12.348355341713324,0.33295959999999997,31.951324970911802,41.2,28.1,22.6,4.1,4.0,0.0,0,0
Plymouth Sutton and Devonport,Devon,South West,0,2.3717734,19.49914542617225,13.758181196263,29.082122086189315,12.229556010676445,0.5754833,22.48373858069899,49.4,16.3,17.7,5.8,7.6,3.2,0,0
"Pontefract, Castleford and Knottingley",West Yorkshire,Yorkshire and the Humber,0,0.5450400999999999,8.27301180650384,5.572824180632023,31.59791608246684,18.05143909304382,0.5830144,35.37675433735348,47.5,15.0,29.1,3.4,4.6,0.4,0,0
Poole,Dorset,South West,0,1.0134058,7.825870955722521,9.848098466095419,34.95308298908381,22.47279126447985,1.3199841,22.566766424618393,31.8,31.8,16.7,12.4,5.0,2.3,0,0
Poplar and Limehouse,London (Tower Hamlets),London,0,35.8619744,16.49422342693743,26.756136127842176,0.0,9.05971621849548,8.2657894,3.562160426724923,43.1,11.0,7.9,9.7,13.9,14.4,0,0
Portsmouth North,Hampshire,South East,0,2.6395158,10.26097491624324,9.832380476570414,34.30149094080744,16.90007872533789,1.0512686,25.01429054104101,34.8,33.0,20.4,7.3,4.5,0.0,0,0
Portsmouth South,Hampshire,South East,0,6.9815519,20.398114543684052,18.977732885789514,24.201424825194096,11.14581732679997,1.6523130000000001,16.64304551853236,48.4,14.5,14.6,12.6,8.0,1.9,0,0
Preston,Lancashire,North West,0,18.1504091,16.64276206494478,12.09063710267033,19.90008765568757,11.277905997050661,3.0211509,18.917047179646666,35.0,13.0,14.3,8.0,4.4,25.2,0,0
Putney,London (Wandsworth),London,0,10.6505686,10.36178167750858,32.918921868279774,7.610673680236914,24.24879747696219,7.5245441,6.684712597012543,49.0,23.4,6.3,12.1,7.4,1.7,0,0
Queen's Park and Maida Vale,London (Brent; Westminster),London,0,24.6763199,12.86603620214512,40.340966827355054,0.0,11.44346885550174,5.40338,5.269828214998089,52.5,13.3,5.5,8.9,13.6,6.2,0,0
Rawmarsh and Conisbrough,South Yorkshire,Yorkshire and the Humber,0,0.7553415,8.719099354432359,5.52129085,33.93987296030963,16.459852499999997,0.6591656,33.94537723525801,49.0,13.3,28.6,3.4,5.0,0.8,0,0
Rayleigh and Wickford,Essex,Eastern,0,0.6259002,8.189800954516405,5.655311367997161,33.51182178995404,27.661445444162503,2.2148104,22.14090984336989,24.6,37.0,25.3,8.5,4.6,0.0,0,0
Reading Central,Berkshire,South East,0,9.2448532,14.73884607117636,26.352236226698196,13.768193288642195,17.89586522637446,7.101345200000001,10.898660787108794,47.7,19.8,8.6,8.8,14.2,1.0,0,0
Reading West and Mid Berkshire,Berkshire,South East,0,3.1047879,8.487114222080795,11.777219337254648,23.178865372329483,25.478174562941373,10.512919,17.460919605393716,35.0,32.0,13.4,11.0,6.8,1.8,0,0
Redcar,North Yorkshire,North East,0,0.9594254,8.51074966305073,5.355788289019394,32.71767890631597,15.427487042674679,4.0193423,33.009528398939224,41.0,32.3,18.9,4.0,3.3,0.4,0,0
Redditch,Worcestershire,West Midlands,0,3.6990931999999996,8.2253606835873,7.172720566796772,29.84993329713282,22.388179524386803,2.8855604,25.77915232809629,34.9,33.1,20.1,5.1,5.0,1.8,0,0
Reigate,Surrey,South East,0,3.1069231,7.7534791252484885,11.8587070361326,30.522053989193125,28.21204752453922,5.334409900000001,13.212379324886554,29.4,35.4,13.6,12.7,8.8,0.0,0,0
Ribble Valley,Lancashire,North West,0,3.7206721,8.152298982832415,6.990213069508442,27.248410266274448,24.520927417258836,10.019980200000001,19.34749796412585,34.9,33.3,16.4,9.6,3.3,2.4,0,0
Richmond and Northallerton,North Yorkshire,Yorkshire and the Humber,0,0.2912507,8.49980913602239,10.957559922218055,21.96972523070167,21.82391845511428,13.583437700000001,22.8742988559436,22.4,47.5,14.7,8.9,4.2,2.2,0,0
Richmond Park,London (Kingston upon Thames; Richmond upon Thames),London,0,5.7021635,7.852417949043536,20.73146844554336,17.839268808143913,30.361832043565318,11.5789315,5.9339177537038665,9.8,22.1,6.3,55.4,5.3,1.1,0,0
Rochdale,Greater Manchester,North West,0,30.1899811,11.47229197225466,10.437368934359606,15.740644240341737,13.544474531886694,0.45781669999999997,18.1574225211573,32.8,10.8,17.1,7.1,3.1,29.2,0,0
Rochester and Strood,Kent,South East,0,2.1195241,9.261113097366223,14.02084856276558,25.566710525203263,19.791346723532225,7.238031500000001,22.002425491132712,36.2,29.3,23.4,4.4,5.7,1.0,0,0
Romford,London (Havering),London,0,7.523276399999999,9.315723556871236,18.62664943276264,28.23753626518122,17.113812188376652,4.6217025000000005,14.561299656808252,31.5,34.8,21.8,4.3,5.0,2.5,0,0
Romsey and Southampton North,Hampshire,South East,0,2.7390731,14.29327064354981,11.01986377505404,18.70507124345508,26.79606340120299,9.872518000000001,16.574139836738087,9.3,39.8,11.4,35.4,3.8,0.4,0,0
Rossendale and Darwen,Lancashire,North West,0,3.1319337000000003,8.70688400523941,7.245390876454972,31.214990808495514,21.639051607513274,2.3329882,25.72876080229683,40.9,28.3,21.7,2.8,5.2,1.1,0,0
Rother Valley,South Yorkshire,Yorkshire and the Humber,0,1.9449653,8.272031827830656,5.727420423259848,29.304821188226924,21.133988002461727,5.024916800000001,28.591856458220835,38.5,36.1,18.5,2.8,4.1,0.0,0,0
Rotherham,South Yorkshire,Yorkshire and the Humber,0,10.2664092,9.942537170209619,8.244053977184183,29.98687670623883,12.296600152427388,1.2598664,28.003656393939977,45.1,9.5,23.5,4.9,7.1,9.8,0,0
Rugby,Warwickshire,West Midlands,0,1.8691673999999998,8.0863157199035,12.041710524470648,25.612382685089628,24.36424949297642,6.2681322,21.758041977559802,39.9,30.8,16.8,6.6,5.2,0.7,0,0
"Ruislip, Northwood and Pinner",London (Harrow; Hillingdon),London,0,9.2846987,8.021095619276675,17.73244484466754,6.287617038257082,27.752884306159324,24.1650379,6.75622159163937,29.3,45.4,9.9,9.2,6.2,0.0,0,0
Runcorn and Helsby,Cheshire,North West,0,0.6055726,8.859176986142714,6.126512457924961,28.10140649717455,22.934887566946788,5.346957000000001,28.02548689181098,52.9,16.0,18.1,5.1,6.4,1.4,0,0
Runnymede and Weybridge,Surrey,South East,0,2.4003845,9.803079708042741,12.768202402504082,24.486133601652284,28.481113112871533,8.281530499999999,13.779556174929352,20.6,38.2,13.3,22.4,4.0,1.4,0,0
Rushcliffe,Nottinghamshire,East Midlands,0,2.5508524,8.957885537473109,10.275573340656415,18.73496639741093,32.504102485255174,12.382078600000002,14.59454123920437,43.8,30.9,11.0,5.4,7.6,1.3,0,0
Rutland and Stamford,Leicestershire and Rutland; Lincolnshire,East Midlands,0,0.9688030999999999,7.28627400603763,9.553069895588017,20.19396395599142,28.451900051882543,13.7106197,19.835369290500385,22.3,43.7,14.4,12.9,5.8,0.8,0,0
Salford,Greater Manchester,North West,0,6.2140334,19.29931683834192,26.392345523005986,17.716300249957953,9.932991988585988,3.7902785000000003,16.654733500108154,53.2,9.0,15.2,6.9,13.1,2.6,0,0
Salisbury,Wiltshire,South West,0,0.8755904999999999,6.879901864829232,9.61648362969636,29.679799095120188,21.91070421421255,10.7318528,20.305667896141674,26.5,34.1,10.4,23.6,4.2,1.2,0,0
Scarborough and Whitby,North Yorkshire,Yorkshire and the Humber,0,0.7171815,7.366312788754523,7.6965237392739425,33.16683525660554,16.023174528580846,4.6836853,30.346286886785162,40.2,27.9,21.8,4.3,3.9,1.9,0,0
Scunthorpe,Lincolnshire,Yorkshire and the Humber,0,3.7467993999999996,8.656894291502779,6.83517061746732,29.250633962649246,14.083357675700821,4.8490164,32.57812765267984,39.7,30.6,20.9,2.4,3.1,3.3,0,0
Sefton Central,Merseyside,North West,0,0.43838879999999997,7.238279665563203,4.909442196376724,40.24984236228204,25.46517966014499,1.2996636000000001,20.39920371563304,56.4,17.9,12.2,5.5,6.9,1.0,0,0
Selby,North Yorkshire; West Yorkshire,Yorkshire and the Humber,0,0.2914238,7.8852277199384595,5.775990323372206,20.148221907783423,26.436193898965016,12.658095900000001,26.80484644994089,46.3,25.6,19.4,3.6,5.0,0.0,0,0
Sevenoaks,Kent,South East,0,1.0927479,7.440206934339108,9.142518904537571,21.815977400315887,32.47623031782544,11.1409494,16.891369142981997,13.6,36.7,18.7,25.8,4.1,1.0,0,0
Sheffield Brightside and Hillsborough,South Yorkshire,Yorkshire and the Humber,0,18.543828700000002,12.30899045241234,16.29425644955279,20.88150862823332,8.892043779772795,0.4698173,22.609554690028762,51.6,12.9,0.0,5.4,14.9,15.3,0,0
Sheffield Central,South Yorkshire,Yorkshire and the Humber,0,14.640057800000001,35.58483779483978,24.239565624164058,5.808201556262816,9.212784453360237,2.3889321,8.125620671373104,50.5,7.1,7.6,6.6,25.3,2.9,0,0
Sheffield Hallam,South Yorkshire,Yorkshire and the Humber,0,3.6474524,14.976991565746681,9.276052374939743,24.011905906894413,33.529534814298806,3.1361310000000002,11.42193193812035,46.3,12.0,0.0,30.4,8.7,2.6,0,0
Sheffield Heeley,South Yorkshire,Yorkshire and the Humber,0,6.4028920000000005,10.5857282727639,13.55804430725727,28.44373316200698,16.586904251411905,0.4845234,23.93817460655995,52.5,8.0,13.6,9.6,14.7,1.7,0,0
Sheffield South East,South Yorkshire,Yorkshire and the Humber,0,12.4513581,10.49852333136442,8.07890946020112,24.45964574439006,18.09358131581899,0.3487656,26.069216448225408,50.9,12.9,13.6,9.3,8.6,4.7,0,0
Sherwood Forest,Nottinghamshire,East Midlands,0,0.6255768,7.869372151839703,6.897156704907928,26.357437831945205,20.73283484892641,8.316874000000002,29.200747662380753,38.7,27.5,23.3,3.8,4.6,2.2,0,0
Shipley,West Yorkshire,Yorkshire and the Humber,0,5.4792552,7.326391963867741,9.551781912181664,26.08463701742417,26.426216869767405,5.1034726,20.028244436759017,45.0,27.2,15.0,2.8,7.5,2.6,0,0
Shrewsbury,Shropshire,West Midlands,0,0.6552595999999999,7.632205812291566,8.069249994030319,35.36865067185981,18.987778355619078,5.0175693,24.269286266199227,44.5,22.5,14.6,13.0,4.6,0.8,0,0
Sittingbourne and Sheppey,Kent,South East,0,1.1759605,8.938392619533396,9.131508066493328,31.316867040546086,17.35792100348067,3.9212018000000004,28.15814896994652,29.1,28.2,25.6,3.2,4.1,9.7,0,0
Skipton and Ripon,North Yorkshire,Yorkshire and the Humber,0,0.7758054999999999,6.979070019640682,8.268507884154815,22.90251799825701,26.926704689260664,12.246427800000001,21.900966108686827,32.1,35.2,15.9,7.8,6.4,2.4,0,0
Sleaford and North Hykeham,Lincolnshire,East Midlands,0,0.4514837,7.786986947243024,6.788027814654756,23.64492515534353,24.283605683690002,12.132919699999999,24.912050999068693,26.8,35.7,21.6,4.7,5.0,6.2,0,0
Slough,Berkshire,South East,0,31.0531099,11.5692378205985,30.50064679442476,0.0,12.029550502491537,8.5226365,6.324818482485206,33.9,17.2,7.7,4.8,4.3,32.0,0,0
Smethwick,West Midlands,West Midlands,0,19.8320205,12.24232462312688,32.86077914869815,5.933901806498113,12.543785120119592,2.2899393000000003,14.29724950155727,48.0,12.9,16.1,2.9,7.8,12.2,0,0
Solihull West and Shirley,West Midlands,West Midlands,0,7.5258223,7.957905954442506,12.02594776679894,18.815249159476494,32.91977308404895,6.2288591,14.526442635233115,24.9,34.7,15.3,16.9,7.0,1.3,0,0
South Basildon and East Thurrock,Essex,Eastern,0,2.0144878,9.43198281460757,11.863028494931722,31.1293227197836,16.565522367649148,4.0423348,24.953321003027952,30.5,25.7,30.8,2.7,4.3,5.9,0,0
South Cambridgeshire,Cambridgeshire,Eastern,0,2.0436175,9.231620316479775,10.418952247735891,21.370488721188025,26.867088291584878,16.3256078,13.742625123011418,11.1,27.4,8.9,46.8,4.8,0.8,0,0
South Cotswolds,Gloucestershire; Wiltshire,South West,0,0.449607,7.551185241214855,8.754837792228534,15.434907803613868,31.64982622322746,17.0263762,19.133259739715278,7.5,34.4,9.8,43.9,3.0,1.3,0,0
South Derbyshire,Derbyshire,East Midlands,0,0.7469545999999999,7.73150308179652,8.97007358155123,23.29616873199575,25.540769028234923,7.7601474,25.954383576421577,38.8,29.7,19.6,4.7,4.2,3.0,0,0
South Devon,Devon,South West,0,0.37269820000000004,6.45312683327465,7.151288993716644,26.47670343919583,23.48193923540369,13.1547139,22.90952939840918,6.3,31.5,13.0,46.0,3.1,0.3,0,0
South Dorset,Dorset,South West,0,0.4895488,7.2393210445100955,7.836599363373686,28.379805392092095,19.654743017667315,9.0078214,27.392160982356803,31.9,29.8,16.7,16.3,4.4,0.9,0,0
South East Cornwall,Cornwall,South West,0,0.12313779999999999,6.763696420737515,6.6327816530646135,23.548043228183673,22.430005345272487,14.312700000000001,26.189635552741706,31.8,27.9,18.9,16.8,4.1,0.5,0,0
South Holland and The Deepings,Lincolnshire,East Midlands,0,0.45943629999999996,7.2483294398869855,6.01108006475937,24.80262264156201,19.844306974421375,11.3850355,30.249189079370254,19.8,38.0,23.1,4.2,3.9,11.0,0,0
South Leicestershire,Leicestershire,East Midlands,0,0.5181652999999999,7.795624159829412,6.602405645017361,22.085260321608843,29.8618765035342,11.045741200000002,22.09092687001017,24.8,35.6,19.9,14.8,4.8,0.0,0,0
South Norfolk,Norfolk,Eastern,0,0.7066756000000001,7.022225660066003,7.355797441526629,28.61137478709493,20.877482926253492,14.6688764,20.757567185058942,35.0,29.3,15.3,11.6,8.0,0.8,0,0
South Northamptonshire,Northamptonshire,East Midlands,0,0.5513928,7.688643525417087,7.742543366796961,18.555892709327665,31.481911109882734,14.3714552,19.608161288575552,28.9,35.7,16.7,9.3,5.7,3.7,0,0
South Ribble,Lancashire,North West,0,0.8530945999999999,7.761514195583576,5.544973370395612,31.955246047810718,26.158421996071638,4.1853255,23.541424290138462,42.5,28.6,19.3,6.4,3.4,0.0,0,0
South Shields,Tyne and Wear,North East,0,3.6080384,8.661958284096835,6.8243352772295225,37.93799116265957,14.180385463256219,0.27430920000000003,28.51298221275786,41.1,11.2,23.0,3.8,14.8,6.2,0,0
South Shropshire,Shropshire,West Midlands,0,0.30017059999999995,6.217105668610022,7.639844034788366,23.1399297214993,24.98899477184259,13.956900000000001,23.75705520325972,13.4,34.1,17.8,31.0,3.7,0.0,0,0
South Suffolk,Suffolk,Eastern,0,0.4689141,7.153932456792764,6.839409240189229,20.401658803468933,26.516540286427794,14.4664727,24.153072413121286,26.7,33.0,19.0,13.2,8.2,0.0,0,0
South West Devon,Devon,South West,0,0.31862240000000003,7.854584216462756,6.2924929748835225,29.814509601934816,27.494926973853666,4.8443000000000005,23.38056383286524,30.3,34.3,17.9,10.6,5.6,1.3,0,0
South West Hertfordshire,Hertfordshire,Eastern,0,3.5796848,8.592660224707686,10.898799670163642,17.69138442259724,33.50931477515108,13.4232373,12.304918807380348,20.0,34.1,14.1,24.9,5.2,1.7,0,0
South West Norfolk,Norfolk,Eastern,0,0.42781269999999993,7.67814334850431,7.205593689507246,23.48965979849646,19.044444159443483,12.372737800000001,29.781608504048485,26.7,25.3,22.5,5.9,4.1,15.5,0,0
South West Wiltshire,Wiltshire,South West,0,0.8840702,7.756545290400236,7.965403710107719,30.880378361921686,21.67842116150952,4.2888655,26.546315776060855,26.8,33.8,17.0,15.6,4.9,1.9,0,0
Southampton Itchen,Hampshire,South East,0,3.5053289000000003,16.850565913937228,13.449694581039331,27.34730650299042,15.514170521116565,1.5221502,21.810783380916465,41.5,25.4,18.0,7.1,7.3,0.7,0,0
Southampton Test,Hampshire,South East,0,7.091095,17.45746847987657,18.92743128955963,26.17574877092231,10.66920201309945,2.1212363,17.55781814654204,44.5,18.5,14.7,9.1,10.0,3.2,0,0
Southend East and Rochford,Essex,Eastern,0,2.9598868,9.047161931357747,14.249690056106678,32.154761561903484,16.712761301553588,2.5965979,22.279140449078515,38.8,28.7,18.2,5.7,6.8,1.8,0,0
Southend West and Leigh,Essex,Eastern,0,2.5848236,7.646075176308063,11.652742314602447,36.935477715232324,18.811423004778284,2.2989176999999996,20.07054048907888,35.7,31.6,17.7,6.8,7.0,1.3,0,0
Southgate and Wood Green,London (Enfield; Haringey),London,0,14.387570799999999,9.85242970269791,31.286187433601846,13.013675640622893,16.1060467362825,8.754063200000001,6.600026486794853,51.1,17.6,6.9,8.6,12.3,3.5,0,0
Southport,Lancashire; Merseyside,North West,0,1.0598638,7.5720104742507885,9.184877872901547,34.35986935746595,19.523379701678763,4.0145269,24.285471893702944,38.3,25.4,16.4,13.0,4.8,2.0,0,0
Spelthorne,Surrey,South East,0,4.027002100000001,8.422608053195404,14.028117196290495,24.688632922477126,26.399430538301456,6.5955214,15.838687789735507,27.0,30.4,17.9,18.9,5.2,0.6,0,0
Spen Valley,West Yorkshire,Yorkshire and the Humber,0,7.3666064,8.81489120077273,7.449009988191996,27.81229913292188,22.894134573509124,0.5404078999999999,25.122650804604273,39.2,24.0,24.1,3.5,5.6,3.7,0,0
St Albans,Hertfordshire,Eastern,0,6.1804809,7.7291477758904605,14.281146554433217,17.829076882270613,34.72876589209877,8.3941475,10.857234495306948,10.1,18.2,8.4,56.6,6.3,0.4,0,0
St Austell and Newquay,Cornwall,South West,0,0.11628490000000001,7.988444616351588,7.2622698274911865,27.945271017895323,17.23880008035758,9.6344,29.814529557904326,34.1,28.9,19.7,10.3,5.0,2.0,0,0
St Helens North,Merseyside,North West,0,0.7028193,8.468238016931588,5.473331112676572,32.2048107729879,20.731399424844618,1.8956193,30.52378207255933,52.6,11.1,22.5,4.4,8.6,0.7,0,0
St Helens South and Whiston,Merseyside,North West,0,0.7327591,9.049134419551915,6.770296455281331,38.6848791124484,14.066388700619951,0.6703633,30.0261789120984,49.7,8.0,18.3,5.8,6.9,11.2,0,0
St Ives,Cornwall,South West,0,0.1841662,7.246337929924334,7.991942196181563,26.206703588895138,20.172476157322038,12.799,25.39937392767693,5.8,23.4,13.5,52.0,3.7,1.6,0,0
St Neots and Mid Cambridgeshire,Cambridgeshire,Eastern,0,1.7965601000000002,7.885267455539398,10.10955819105775,21.863599881042518,30.961061889279758,10.4982869,16.885665583080563,13.1,28.2,10.7,36.9,5.0,6.1,0,0
Stafford,Staffordshire,West Midlands,0,1.317877,7.267551704158996,9.503794602820424,30.53705353768953,21.22423480044109,6.710736000000001,23.438752354889964,40.3,30.3,18.7,3.6,6.2,0.9,0,0
Staffordshire Moorlands,Staffordshire,West Midlands,0,0.2710409,7.1642635001413515,4.788591201056259,29.75867520707712,23.442988051070493,5.797273700000001,28.777167440654782,32.6,35.4,23.2,3.5,5.3,0.0,0,0
Stalybridge and Hyde,Greater Manchester,North West,0,5.819937299999999,8.906083859644625,7.811620398989795,31.636860200916203,19.368330702848567,0.6039364,25.853231137600808,43.8,18.5,20.9,2.9,7.4,6.6,0,0
Stevenage,Hertfordshire,Eastern,0,2.9228184,8.850636858583451,12.353453571311942,31.487775602961676,20.889743783802924,3.2684728,20.227098983339996,41.4,25.9,17.9,8.1,6.2,0.3,0,0
Stockport,Greater Manchester,North West,0,6.362786600000001,8.373941429720384,11.649846711905067,30.157513738001597,21.66120519199974,0.8393423,20.955364028373214,49.9,11.4,14.9,8.5,11.1,4.2,0,0
Stockton North,County Durham,North East,0,3.6662631,9.023100609718702,8.189802842658125,33.01500097330488,14.54015173230008,1.2693952,30.296285542018214,45.8,21.5,24.6,3.0,5.1,0.0,0,0
Stockton West,North Yorkshire; County Durham,North East,0,2.4161941,7.628931315852003,6.714393884537966,29.4327620896607,28.313571312988106,4.6717274,20.82241989696122,37.5,41.9,14.0,2.5,3.0,1.1,0,0
Stoke-on-Trent Central,Staffordshire,West Midlands,0,9.900920000000001,13.27689448688828,10.97235161360733,27.866309454702048,8.782468459338796,0.7145568,28.486499185463547,42.4,17.6,24.2,2.8,4.8,8.1,0,0
Stoke-on-Trent North,Staffordshire,West Midlands,0,7.6975219,10.04317116314739,7.4176014743497065,28.80980068937336,13.737042459546247,0.4280093,31.866853013583288,40.3,26.3,24.4,2.5,3.4,3.1,0,0
Stoke-on-Trent South,Staffordshire,West Midlands,0,5.4566621,8.635669527670991,6.00438283429175,26.665104552574533,20.66974441666618,3.6720662,28.896370368796546,34.7,33.2,21.6,3.9,2.9,3.6,0,0
"Stone, Great Wyrley and Penkridge",Staffordshire,West Midlands,0,0.9220462,7.537421168604197,6.550235430516271,25.512916333391118,25.44622729067149,9.5240699,24.507083676816933,33.7,46.5,0.0,6.9,5.2,7.7,0,0
Stourbridge,West Midlands,West Midlands,0,6.463559000000001,9.2749092643124,8.856177055109256,29.407747372438635,19.946891709810412,0.5565291,25.494186498329295,38.5,30.8,19.7,4.0,4.3,2.7,0,0
Stratford and Bow,London (Newham; Tower Hamlets),London,0,32.1651164,15.478638849721971,33.33189043105571,0.0,8.445516149659653,5.924332100000001,4.654506069562665,44.1,7.2,4.8,4.4,17.3,22.2,0,0
Stratford-on-Avon,Warwickshire,West Midlands,0,0.5206033,6.617603277243868,8.23957272754458,19.687530536730918,31.703732710383534,13.9342067,19.296750748097104,7.1,30.8,14.6,44.3,2.3,0.9,0,0
Streatham and Croydon North,London (Croydon; Lambeth),London,0,11.750915,9.62520234092888,41.94900101685779,3.548527248500392,20.389954473170864,6.346227799999999,6.390172120542063,52.1,12.0,4.5,11.3,17.1,3.0,0,0
Stretford and Urmston,Greater Manchester,North West,0,12.5304614,9.991673605328874,15.17193159713788,19.16219055143449,25.50611882663315,0.8922255,16.745398519465592,49.2,14.1,11.9,4.8,9.6,10.4,0,0
Stroud,Gloucestershire,South West,0,0.3030587,7.163109983584527,6.7230600540024446,29.38792782614246,28.134299684477853,5.3093074,22.97923635179272,46.4,25.7,11.5,5.3,10.4,0.8,0,0
Suffolk Coastal,Suffolk,Eastern,0,0.5480363,6.750404272122131,7.778811339914762,25.372765925992212,24.845283594076715,10.165715,24.53898356789418,31.7,29.5,15.9,14.0,8.9,0.0,0,0
Sunderland Central,Tyne and Wear,North East,0,4.2396805,10.536229324857251,9.29698368726202,35.02298184520674,13.975519463426107,0.45788840000000003,26.47071677924788,42.2,14.3,27.0,9.0,7.5,0.0,0,0
Surrey Heath,Surrey,South East,0,2.9715986,8.734242662989935,11.336352936286346,27.690871898729483,28.85114129097093,5.7786332,14.637159411023312,6.6,33.0,13.1,44.8,2.4,0.2,0,0
Sussex Weald,East Sussex,South East,0,0.41817979999999993,6.737773832214936,6.222174467808719,31.090757257644213,28.114768424328336,7.9981798,19.418166418003793,16.8,34.1,18.1,20.2,7.7,3.2,0,0
Sutton and Cheam,London (Sutton),London,0,7.7677419,7.815199669043374,16.675897473694352,23.55877200885513,23.775487275307583,9.827957,10.578944673099569,17.7,28.9,12.2,36.9,3.6,0.7,0,0
Sutton Coldfield,West Midlands,West Midlands,0,4.007902,8.196378920986321,14.573907797079901,23.340867320629172,31.750800704923677,3.4588837999999997,14.671259456380918,33.0,38.3,17.0,5.4,5.0,1.4,0,0
Swindon North,Wiltshire,South West,0,1.9277403,8.635309550022244,9.713546704942054,30.530653220078847,20.988079974496934,4.5210975,23.683572750459923,40.6,31.3,17.1,4.7,5.4,0.9,0,0
Swindon South,Wiltshire,South West,0,3.6391145,8.859551110291468,13.347358337177788,30.207685603259293,18.4586871960271,4.6338058,20.853797453244354,48.4,26.9,13.8,4.1,5.7,1.1,0,0
Tamworth,Staffordshire,West Midlands,0,0.6495835,8.7777441790142,6.713937681346088,30.09809165311526,21.772370504415445,2.7182359,29.270036582109014,35.0,31.9,25.1,3.3,3.6,1.1,0,0
Tatton,Cheshire,North West,0,1.748291,6.6890374793357745,8.691102665665525,22.622676538450833,36.33784501827441,8.1749141,15.736133198273453,36.3,38.4,11.5,8.9,5.0,0.0,0,0
Taunton and Wellington,Somerset,South West,0,0.7608615,8.04447424293215,8.86972655533877,34.67792055730179,19.339843640156083,4.1810859,24.126087604271206,7.1,24.6,16.0,48.4,3.6,0.3,0,0
Telford,Shropshire,West Midlands,0,1.3110686999999999,9.440692025121455,12.99262360306641,30.06555866882462,16.23508950036289,1.0331831999999999,28.921784302624623,44.7,21.4,24.8,3.8,5.2,0.0,0,0
Tewkesbury,Gloucestershire,South West,0,0.9512473,7.438264280093414,7.648380023666302,28.701403244423517,28.262704208700328,5.5651509,21.43285004311644,8.9,29.8,12.4,42.7,5.9,0.4,0,0
The Wrekin,Shropshire,West Midlands,0,3.6901663,10.74170490645958,10.980068863602504,23.48472782042036,20.404314566254023,7.558716600000001,23.140300943263533,30.9,32.6,19.8,9.5,6.1,1.1,0,0
Thirsk and Malton,North Yorkshire,Yorkshire and the Humber,0,0.2520922,6.893602669268467,7.856287704269101,21.385912521885842,22.384243591200498,14.7651,26.4627613133761,24.1,39.2,18.0,10.8,6.0,1.9,0,0
Thornbury and Yate,Gloucestershire,South West,0,0.5949287999999999,8.312827384577904,6.107522511284736,25.894676189199302,29.503908232956583,7.098497700000001,22.48763918198148,9.5,33.4,14.1,39.0,4.1,0.0,0,0
Thurrock,Essex,Eastern,0,6.3057694,10.25322659696128,24.18552484516129,21.158803594458107,16.897936570064516,3.4534575,17.745281493354803,42.7,21.3,25.5,3.1,4.3,3.0,0,0
Tipton and Wednesbury,West Midlands,West Midlands,0,7.6871792999999995,11.18696047251248,19.381550965485438,21.14183584579132,12.355772960908254,2.1948429,26.05185755530251,36.9,26.3,25.2,1.9,4.7,5.0,0,0
Tiverton and Minehead,Devon; Somerset,South West,0,0.1720303,6.839386329034852,7.178743405857818,25.274852390897678,21.552250473903694,12.952300000000001,26.030437100305953,9.1,31.2,16.4,38.6,4.7,0.0,0,0
Tonbridge,Kent,South East,0,0.9731009,7.571526017065845,7.8135947487412825,23.843576413846534,30.063824599120256,11.211395300000001,18.52298202122607,18.6,40.8,15.0,8.4,15.1,2.1,0,0
Tooting,London (Wandsworth),London,0,10.5697801,10.48389801142395,35.033129857037395,14.805063093824828,15.112014327910932,7.198491000000001,6.797623609802897,55.2,18.4,4.8,8.4,10.7,2.6,0,0
Torbay,Devon,South West,0,0.63122,7.22091254311296,9.298988879449816,41.73180518513033,12.493526069179627,0.279722,28.343825323127273,7.1,29.5,18.8,41.1,3.1,0.5,0,0
Torridge and Tavistock,Devon,South West,0,0.1697206,6.4729308197812685,6.638394213539479,28.65970570134874,20.101024608220655,11.066600000000001,26.89162405710986,21.2,31.6,18.0,23.8,4.6,0.8,0,0
Tottenham,London (Hackney; Haringey),London,0,15.8684151,12.344583414219281,47.67072413404259,2.3625886210109,9.684253169606357,6.0607329000000005,6.00870266112086,57.5,5.8,4.0,4.8,19.0,9.0,0,0
Truro and Falmouth,Cornwall,South West,0,0.49427730000000003,12.59076009648084,9.300800045968435,29.97230631638257,18.60922187044304,8.1067078,20.925926570725103,41.3,25.1,12.3,13.0,6.9,1.3,0,0
Tunbridge Wells,Kent,South East,0,1.7490941999999998,6.71527154133382,11.53414313084314,24.66581953746993,28.501789389474894,10.3587836,16.475098600878205,11.4,27.6,12.0,43.6,4.3,1.1,0,0
Twickenham,London (Richmond upon Thames),London,0,4.1673266,8.518562448108167,18.60989347369489,22.193217458136857,32.09328574083324,6.1338101,8.283904179226846,12.5,16.3,7.6,56.3,6.7,0.6,0,0
Tynemouth,Tyne and Wear,North East,0,1.3312055999999999,7.727597104699758,8.388745338781522,35.38670934622323,24.85023653258697,0.34126599999999996,21.974240077708522,50.6,18.7,15.3,5.6,7.4,2.5,0,0
Uxbridge and South Ruislip,London (Hillingdon),London,0,12.150559399999999,12.9004257429835,24.08059579141012,11.305546932521764,20.664428999129594,9.631646499999999,9.266796633955023,36.2,34.9,14.4,3.8,9.5,1.3,0,0
Vauxhall and Camberwell Green,London (Lambeth; Southwark),London,0,9.532657799999999,14.941265294339651,52.502136847946744,0.0,13.291686083824892,3.2736018,6.458652173888713,57.4,7.5,5.4,12.1,17.1,0.5,0,0
Wakefield and Rothwell,West Yorkshire,Yorkshire and the Humber,0,7.650737100000001,8.70079327723372,9.578203268275143,32.649352282862026,14.680576948303909,1.1710792,25.569257923325207,43.7,18.0,20.7,8.0,5.9,3.7,0,0
Wallasey,Merseyside,North West,0,0.7683932,8.26851603509712,8.093813741812061,38.32872868732748,16.188212816304713,0.4552193,27.897116219458628,57.7,11.7,15.6,4.3,9.1,1.5,0,0
Walsall and Bloxwich,West Midlands,West Midlands,0,21.858244900000003,12.55412197297709,18.759757000406463,15.46747619924949,10.113659849695141,2.3279531999999996,18.91878687767181,33.6,18.0,19.6,2.2,6.2,20.4,0,0
Walthamstow,London (Waltham Forest),London,0,23.313755399999998,10.05227890380266,33.136550963861666,7.603514835965441,16.26098031460375,3.0568344,6.576085181766489,59.3,5.1,4.0,3.8,20.0,7.8,0,0
Warrington North,Cheshire,North West,0,1.4216980000000001,8.31659405733962,6.867704919366281,30.826929847756944,22.130135130957676,3.5469983000000003,26.889939744579483,46.8,16.2,23.8,6.8,4.7,1.6,0,0
Warrington South,Cheshire,North West,0,2.1884959,7.7902532250358325,8.696044223203614,30.441961643317413,26.840030940812856,2.1337522,21.90946186763028,46.7,23.9,15.9,7.7,4.7,1.1,0,0
Warwick and Leamington,Warwickshire,West Midlands,0,1.6707281,13.043134240629332,18.492220023928198,21.24632099810124,25.04563090061816,5.3826678999999995,15.119297836723067,48.7,23.5,10.5,7.9,9.1,0.3,0,0
Washington and Gateshead South,Tyne and Wear,North East,0,0.6619925,8.923891325219907,5.274332553221699,33.700843539586415,17.700279781164905,0.5851094,33.153550900807076,47.8,12.6,29.1,4.3,4.6,1.7,0,0
Watford,Hertfordshire,Eastern,0,12.4452386,8.971134674642013,20.930336477924563,15.045511513985758,21.539029656984873,10.6352868,10.433462276462784,35.3,24.7,11.1,17.0,5.5,6.4,0,0
Waveney Valley,Norfolk; Suffolk,Eastern,0,0.28346920000000003,6.337475474166116,5.962223783335885,18.402370040140852,24.961434495330984,17.646051300000003,26.40697570702617,9.4,30.3,15.9,2.5,41.7,0.2,0,0
Weald of Kent,Kent,South East,0,0.5385668,6.900099110514494,6.729338576820577,18.560352589493775,29.738397937593277,18.1060794,19.427165585577875,23.2,39.8,20.1,7.8,9.0,0.0,0,0
Wellingborough and Rushden,Northamptonshire,East Midlands,0,1.7641828,8.71585715222953,11.214290079947553,27.29043785980015,18.790424352747724,5.8329895,26.391818255275037,40.3,27.8,21.5,3.6,6.1,0.6,0,0
Wells and Mendip Hills,Somerset; Somerset,South West,0,0.2245898,7.252906976744171,6.545669078614043,19.849179028764638,29.196281347675082,15.103445200000003,21.827928568202054,7.0,24.8,13.1,46.9,4.1,4.0,0,0
Welwyn Hatfield,Hertfordshire,Eastern,0,3.2923077000000003,13.34658109913018,15.728823649559265,24.594869936390566,21.544840525856998,6.9701097999999995,14.522467289062988,41.0,33.2,13.2,6.4,6.2,0.0,0,0
West Bromwich,West Midlands,West Midlands,0,11.6739413,11.46471997157885,29.896225327819835,13.621603274949862,12.173670974413314,3.9842459000000003,17.185593251238146,46.2,20.1,19.5,3.6,5.6,5.0,0,0
West Dorset,Dorset,South West,0,0.531051,6.197242631062036,7.97946212725512,30.65369260170671,22.05721712783121,10.973237600000001,21.608096912144926,5.9,36.5,0.0,51.3,4.3,1.9,0,0
West Ham and Beckton,London (Newham),London,0,25.0781552,14.296910661533548,41.93180546883774,1.0063111641602092,8.721721122248454,4.3258761,4.639220283220071,45.2,10.4,7.7,4.4,10.7,21.5,0,0
West Lancashire,Lancashire,North West,0,0.45699829999999997,14.20472701880622,5.919818828583163,27.512869063246058,21.988818411632646,5.432688300000001,24.484080077731907,50.5,19.6,17.9,4.6,7.4,0.0,0,0
West Suffolk,Suffolk,Eastern,0,1.2662085,9.388814244248648,11.67594921633435,21.698775376053874,20.100948420299087,11.1376808,24.73162344306404,27.2,34.3,20.8,9.3,6.3,2.1,0,0
West Worcestershire,Worcestershire,West Midlands,0,0.42657600000000007,6.842130188723909,6.707999131804798,22.6172281857464,29.783651956375685,12.8274387,20.794975837349206,15.2,36.2,14.4,24.2,9.3,0.7,0,0
Westmorland and Lonsdale,Cumbria,North West,0,0.293668,6.841596286506343,7.331728149678419,23.616965540148655,23.63747315628299,13.5474,24.731168867383598,4.7,19.4,9.8,62.7,3.0,0.5,0,0
Weston-super-Mare,Somerset,South West,0,0.8430068000000001,8.36099276726443,9.196648140560331,35.50296997314172,17.27270688755173,1.4802622000000003,27.343413231481797,38.5,28.1,18.2,8.9,6.3,0.0,0,0
Wetherby and Easingwold,North Yorkshire; West Yorkshire,Yorkshire and the Humber,0,0.6369636,6.705661713596246,7.594542317867567,15.940292357215384,32.84108328809786,18.161120500000003,18.120336223222928,30.1,39.4,13.9,6.4,8.7,1.4,0,0
Whitehaven and Workington,Cumbria,North West,0,0.38264760000000003,7.845538517659623,4.107839963430624,30.793805446696027,13.624525027344545,8.421000000000001,34.82464344486918,52.9,20.2,21.2,2.8,2.9,0.0,0,0
Widnes and Halewood,Cheshire; Merseyside,North West,0,0.5834217,9.048714587624719,5.477665114937776,35.06818864414137,18.814700549452265,0.49178279999999996,30.51552660384387,61.6,9.2,18.5,4.2,5.4,1.1,0,0
Wigan,Greater Manchester,North West,0,1.4872724,8.951684730431559,7.496709322525816,34.826290418029885,15.787096939781412,1.5461519000000001,29.90479428923133,47.4,10.5,24.1,4.1,4.0,9.8,0,0
Wimbledon,London (Kingston upon Thames; Merton),London,0,7.492255,7.835077371531354,23.340741476399902,9.6276233021635,31.772349475504083,13.51751,6.414443374401152,21.3,22.2,5.9,45.1,4.4,1.1,0,0
Winchester,Hampshire,South East,0,0.7578722,12.64637541123147,10.643538381440562,25.223236553246352,25.99523986154839,10.178317,14.555420592533222,5.3,28.2,8.4,52.5,4.8,0.8,0,0
Windsor,Berkshire; Surrey,South East,0,6.6454412000000005,13.8050409282276,20.44753300908809,11.344227820416165,27.319170547457198,9.3324988,11.106087694810949,22.2,36.4,10.3,21.1,5.1,5.0,0,0
Wirral West,Merseyside,North West,0,0.4642483,6.853864734299507,5.908573668558024,44.60639040769824,22.385256678865186,0.861623,18.920043210579042,46.4,26.3,12.9,6.1,8.3,0.0,0,0
Witham,Essex,Eastern,0,0.5938254,7.529879089863749,7.191016665817995,21.702420225094897,27.909294371447444,12.188564,22.88500024777592,27.0,37.2,19.5,6.8,7.0,2.5,0,0
Witney,Oxfordshire,South East,0,0.7495604,8.19043946642244,10.33201403083902,20.92211893039817,28.616281757244884,11.030253300000002,20.159332115095484,9.4,32.6,12.5,41.2,3.3,1.0,0,0
Woking,Surrey,South East,0,9.3608997,8.014891054418028,13.841881695994255,19.076782304179943,30.711025940145227,6.2681603,12.726359005262543,9.2,26.5,10.2,49.9,3.8,0.3,0,0
Wokingham,Berkshire,South East,0,2.3629422,7.345281186545403,11.631867354484413,17.126426418074985,39.58132623491918,10.244952900000001,11.707203705976015,6.7,32.2,9.8,47.7,3.6,0.0,0,0
Wolverhampton North East,West Midlands,West Midlands,0,3.0864316,10.370843527412529,21.78907083943614,28.19481758036825,9.934021206338313,1.5221924,25.102622846444763,42.9,26.6,23.2,3.0,4.3,0.0,0,0
Wolverhampton South East,West Midlands,West Midlands,0,5.3688193,11.143324020873969,25.84331503405302,19.80934838274483,11.401674914033341,3.5608019,22.872716448294845,50.3,16.9,22.8,2.3,4.9,2.7,0,0
Wolverhampton West,West Midlands,West Midlands,0,8.196706800000001,10.52625873936371,32.620594220557436,13.305117304031654,16.29537770355405,4.7258882,14.33005703249315,44.3,26.3,13.9,3.2,5.8,6.5,0,0
Worcester,Worcestershire,West Midlands,0,4.0694708,11.96040756914117,10.227186767122403,32.29924208015663,17.979936756329423,0.4659632,22.99779282725039,40.5,25.0,14.6,8.7,10.4,0.9,0,0
Worsley and Eccles,Greater Manchester,North West,0,3.6959926,9.379828870592034,10.553174047848454,29.793727976846398,22.801335481893354,0.9940798,22.781861222819757,47.7,16.0,21.6,4.4,7.7,2.7,0,0
Worthing West,West Sussex,South East,0,1.4418931,6.84588235294116,9.656940892379081,39.0324297608391,20.455783627563275,1.4601604,21.10690986627738,40.2,32.5,14.8,5.3,6.4,0.7,0,0
Wycombe,Buckinghamshire,South East,0,18.2193663,9.86816754048972,16.585580840167104,12.46751737940582,24.76858616944793,5.516205,12.574576770489426,35.9,25.6,10.7,9.5,4.9,13.4,0,0
Wyre Forest,Worcestershire,West Midlands,0,1.0392985000000001,7.626878366884012,6.446598785601701,30.632700124583636,20.79543684238254,4.425307200000001,29.033780180548106,30.3,32.1,21.4,6.2,5.4,4.6,0,0
Wythenshawe and Sale East,Greater Manchester,North West,0,5.337025799999999,9.526935158704097,14.121098245823443,28.501649227150295,19.379203543466538,2.4089614,20.725126624855626,52.6,13.8,15.3,5.1,10.6,2.7,0,0
Yeovil,Somerset,South West,0,0.5454164,7.615840204389723,7.235769738401557,28.280239191257266,19.816419924510726,8.4946348,28.011679741440723,6.1,23.5,15.7,48.5,4.9,1.2,0,0
York Central,North Yorkshire,Yorkshire and the Humber,0,1.6280772,26.96337246619865,12.088013161519088,26.455092842686497,13.512956231551831,0.7769744000000001,18.57551369804393,56.6,12.4,10.9,7.0,12.0,1.0,0,0
York Outer,North Yorkshire,Yorkshire and the Humber,0,0.7557617,9.052072508948147,5.480919930155898,26.192933494534344,31.11054409746281,6.461346900000001,20.946421368898804,45.3,26.9,11.6,10.8,4.3,1.1,0,0
