Seat,Nation,County,Region,DominantHandTribe,Archetype_1,Archetype_2,Archetype_3,Archetype_4,Archetype_5,Hand_Muslim,Hand_Left,Hand_Progressives,Hand_Average,Hand_Liberal,Hand_Blues,Hand_Reforms
Aldershot,england,Hampshire,South East,Average,2.3942947632214495,25.464832381859033,26.997868963785347,34.871805199815306,10.271198691318864,2.2302648,9.601583515200716,12.038584300145882,26.4668181149452,23.589032921867243,6.402711699999999,19.671004647840974
Aldridge-Brownhills,england,West Midlands,West Midlands,Average,8.91793965126218,46.26604777188307,2.0691806734743468,36.74640127226823,6.00043063111217,2.2039186,8.258832976445381,11.961245363287087,27.86002344707052,23.581030353573095,1.3751106000000002,24.75983865962392
Altrincham and Sale West,england,Greater Manchester,North West,Liberal,7.430342734459269,8.703835830635265,17.240944901988335,51.23361972508362,15.391256807833514,6.405810300000001,7.912408006495922,10.851632474267468,16.90653263441068,38.5400832894459,7.2261884,12.157344895380032
Amber Valley,england,Derbyshire,East Midlands,Reforms,0.0,58.678341751791606,0.0,30.532659050848597,10.788999197359802,0.2424712,7.696986525976158,5.337383742933991,30.74954658286613,18.515733710723467,3.9505322,33.507346037500255
Arundel and South Downs,england,West Sussex,South East,Liberal,0.0,28.30730938310359,4.9321327631816,57.655544670110714,9.105013183604104,0.2634395,6.836464413596888,7.393255370169832,16.297449678482963,31.96866841944376,19.5726533,17.66806931830655
Ashfield,england,Nottinghamshire,East Midlands,Reforms,0.874847807899668,66.9971948969115,0.0,22.43199020731985,9.695967087868999,0.6293346,8.516195771642842,6.20577270424171,34.392197182309644,13.699035932945968,1.4346389,35.12282490885984
Ashford,england,Kent,South East,Average,3.626650775983277,40.4548707707581,10.660522680742151,33.95410019978778,11.303855572728699,1.885503,8.523884599008003,11.554827434543244,29.34204157112194,18.989074225438,7.8923325,21.81233666988881
Ashton-under-Lyne,england,Greater Manchester,North West,Average,11.30990850692343,54.86868511870284,3.2220564335411255,17.84283370939598,12.756516231436626,10.5627749,9.792277493415478,10.16454161714299,30.00035505445697,12.188734358014193,2.5520212,24.73929537697037
Aylesbury,england,Buckinghamshire,South East,Average,9.852412136520329,31.481413317815182,9.91050008227882,35.756172195445934,12.999502267939741,8.715194,8.284727207465876,12.056770847626204,24.68079993268032,20.738888906661654,8.5906761,16.932943005565956
Banbury,england,Oxfordshire,South East,Liberal,2.1633993868349886,39.99826236519989,11.844093455978586,36.297015362676596,9.697229429309926,3.7180534,7.880454103761285,10.529536895770022,21.180471919846525,24.021172983764675,10.3280444,22.342266296857492
Barking,england,London (Barking and Dagenham),London,Progressives,26.72794098718645,35.549100384763896,25.238850858076933,0.0,12.48410776997273,27.5624738,13.15387270127694,34.01778863681714,3.362734621128766,10.754109370546288,3.4540562999999995,7.69496457023089
Barnsley North,england,South Yorkshire,Yorkshire and the Humber,Average,0.1783523163396859,69.47124768556438,2.621225372747696,20.77481915784967,6.9543554674985675,0.5789474,8.395561693859866,6.317744101264008,34.458126285376295,13.914362597064631,2.2161627,34.119095222435206
Barnsley South,england,South Yorkshire,Yorkshire and the Humber,Reforms,0.0,73.58551578957385,4.450798130846652,16.206502198829245,5.757183880750242,0.6036332,8.620689655172404,6.459222332214579,34.840088441710364,13.537846017617609,0.5535668,35.384953553285044
Barrow and Furness,england,Cumbria,North West,Reforms,0.0,51.614197187831564,0.0,37.18209112611249,11.203711686055948,0.4013425999999999,8.215921537389221,5.996353986760197,27.727123856137094,20.11180275172424,6.436544500000001,31.11091076798924
Basildon and Billericay,england,Essex,Eastern,Average,3.673652504691126,50.15122143844475,10.43192318366138,28.65706112594179,7.086141747260963,1.8574878,9.26084271531042,11.27853759911659,30.356308760012624,23.015291678268568,1.9647904,22.266741047291795
Basingstoke,england,Hampshire,South East,Average,2.4310381896604087,34.86682873397115,13.703793064358177,34.195266532310384,14.803073479699894,2.0085979,8.3703114996578,11.44282469884658,26.25858349571328,26.01448389103808,5.303784,20.601414514744278
Bassetlaw,england,Nottinghamshire,East Midlands,Reforms,0.0,61.92515933473665,3.929523901602463,28.338460543334172,5.806856220326717,0.6314658,7.616574460878383,6.52817256446471,27.66589588739473,18.463421075849645,6.881138000000001,32.21333221141254
Bath,england,Somerset,South West,Left,1.9008290489771935,11.246830302585959,2.475938343784022,41.84847901490142,42.5279232897514,1.5144857,25.70682856886815,13.785170754537118,23.66191421063036,20.011893167006416,2.1027524,13.216955198957958
Battersea,england,London (Wandsworth),London,Progressives,0.0,0.0,41.6315694925967,27.761573022817075,30.606857484586225,8.5611438,10.50122779141989,42.07286673023057,0.0,24.796803039720157,7.8914756,6.176483038629381
Beaconsfield,england,Buckinghamshire,South East,Liberal,10.233528234879492,14.010789981374527,14.143500962122651,50.58882057975502,11.023360241868305,3.6269967,7.230360879995898,16.179127003283917,16.55638729516076,35.49623687684743,8.0621789,12.848712344711984
Beckenham and Penge,england,London (Bromley),London,Liberal,3.8530608173225374,8.420013472401559,25.67649797145153,42.90692359075916,19.143504148065198,4.1577228,7.118224320696193,25.155436919118397,19.78140090994488,30.83290815517581,3.4806347,9.473672195064724
Bedford,england,Bedfordshire,Eastern,Average,13.46955327908502,38.42948271094888,15.493365473082957,19.13607754692662,13.471520989956526,10.1722351,9.844723300532634,19.601181836382004,26.69640644620345,15.404774296349675,2.0260808,16.254598220532237
Bermondsey and Old Southwark,england,London (Southwark),London,Progressives,2.767083284478218,0.35937010160939575,39.47920065480323,13.483816883100278,43.91052907600888,9.741508,16.6045192338336,48.19502965324666,0.0,15.355828091765634,4.2853677,5.817747321154102
Bethnal Green and Stepney,england,London (Tower Hamlets),London,Muslim,32.752539129345855,0.0,9.38224693484402,1.483589229018795,56.38162470679132,46.6155982,19.46252053637802,19.93036082392481,0.0,4.764863291513559,5.2545244,3.972132748183594
Beverley and Holderness,england,East Riding of Yorkshire,Yorkshire and the Humber,Average,0.0,44.44454608076495,0.0,46.12389245610549,9.431561463129562,0.3999820999999999,7.025721150689962,6.493212066553758,29.27180985012663,20.526104076081296,10.6415738,25.64159695654836
Bexhill and Battle,england,East Sussex,South East,Average,0.0,38.41187510627699,1.2938296375032652,52.134663519803794,8.159631736415957,0.5768215999999999,6.595514267447773,6.999631534458233,29.724689245918512,24.874729496332176,9.720633,21.507980855843304
Bexleyheath and Crayford,england,London (Bexley),London,Average,9.256568078376118,33.04379301105576,15.267221958803592,33.882850129082414,8.549566822682124,3.7055431,9.518486888375346,20.087695843292163,23.344813119441,23.301689091567503,3.6896867,16.352085257323996
Bicester and Woodstock,england,Oxfordshire,South East,Liberal,0.9994063896374056,29.703206156596035,12.47631109336389,43.77133881079793,13.049737549604739,1.6340935,7.609868288461294,11.153636217314444,21.88958499544316,27.625899074936427,10.6782193,19.40869862384467
Birkenhead,england,Merseyside,North West,Average,1.1489004284694861,56.29671947544268,6.195521772374066,23.539565915218898,12.819292408494858,1.8304532,9.758331980425346,9.482783464244168,36.03292974365745,14.460009776816875,0.5604106000000001,27.87508123485616
Birmingham Edgbaston,england,West Midlands,West Midlands,Progressives,21.01097526301893,18.097159844326743,15.966598656724464,16.638259708568278,28.28700652736158,16.244704300000002,16.19578846221442,29.735901600636875,6.954813585880601,15.657227136528713,4.7030542,10.508510714739398
Birmingham Erdington,england,West Midlands,West Midlands,Progressives,14.620667066386872,53.90752748712219,17.524268844433045,4.2831653215926515,9.664371280465229,14.217760300000002,12.19906234161178,21.93665739596076,18.955696908056492,12.458697807392964,1.2060834,19.026041846977986
Birmingham Hall Green and Moseley,england,West Midlands,West Midlands,Muslim,49.75093471831356,6.452817634695069,0.0,12.777748178223142,31.018499468768233,54.4220703,14.65256287627296,14.131048899486146,0.0,7.907182256660215,2.9770329,5.910102767580678
Birmingham Hodge Hill and Solihull North,england,West Midlands,West Midlands,Muslim,32.82674481825177,51.04967374897825,0.0,0.0,16.123581432769978,37.4858946,14.712507806227098,13.967926806887965,11.000158903722053,6.890834753487138,0.4015294,15.541147729675732
Birmingham Ladywood,england,West Midlands,West Midlands,Muslim,39.35655004031078,4.22746761612544,11.651854034430663,0.0,44.76412830913313,48.9382017,25.28304266927373,19.04464305106352,0.0,0.0,2.8878153,3.846297279662755
Birmingham Northfield,england,West Midlands,West Midlands,Average,5.915151662398066,53.36020293767388,15.444823565866367,15.476443914580726,9.803377919480962,5.263109099999999,10.760245256040507,15.02539306158051,26.49514795767621,18.77858961069335,0.8517133,22.825801714009422
Birmingham Perry Barr,england,West Midlands,West Midlands,Muslim,51.646767751211875,21.706234581331447,1.0942290076920165,0.0,25.552768659764663,42.8900852,15.801712522275748,29.45541217097587,0.0,3.4540094035506206,3.3817706000000003,5.017010103197756
Birmingham Selly Oak,england,West Midlands,West Midlands,Left,14.521038070318726,24.214691854443075,4.2811869521781665,21.27351096069722,35.70957216236283,12.9008362,23.7964425520225,17.117555272590508,15.258649443220534,14.500880732831211,2.2816293,14.144006499335248
Birmingham Yardley,england,West Midlands,West Midlands,Muslim,38.72475197160047,33.29211091802089,1.0458230240210056,7.696295743672332,19.241018342685308,42.5575024,14.41751148840632,15.84313386544776,1.5832724861949714,11.989346801869402,1.4658943999999998,12.143338558081547
Bishop Auckland,england,County Durham,North East,Reforms,0.0,61.6635900748265,1.0105575864431586,30.10385515936204,7.2219971793683015,0.2947422999999999,8.8116264335863,6.335557794023536,22.19926625859736,16.3389472739007,14.1808956,31.83896433989211
Blackburn,england,Lancashire,North West,Muslim,38.74613858756308,38.32137466685641,0.0,6.946181522541855,15.986305223038656,46.7578219,13.25303998052557,7.458824742832892,7.621654086227807,10.544901475945306,0.4563538,13.907404014468415
Blackley and Middleton South,england,Greater Manchester,North West,Progressives,14.921182235110736,55.44552123317633,18.751575358772666,2.0443686165502966,8.83735255638998,16.3151051,11.92137346413944,23.58795291035441,20.101003900995607,7.981303188408619,1.9724973,18.12076413610193
Blackpool North and Fleetwood,england,Lancashire,North West,Average,0.0,55.77165955797455,0.0,36.85008397839259,7.378256463632864,0.5041734,7.730676418638193,6.673459646375791,41.50342450716809,14.502650424573186,0.2326268999999999,28.852988703244737
Blackpool South,england,Lancashire,North West,Average,2.4974413390718375,61.137473344282945,2.2001036825360987,21.048798576772352,13.116183057336773,1.6558682000000002,9.433178378135583,9.271114568236555,40.320457315977336,8.331746430646238,0.6040447,30.38359040700428
Blaydon and Consett,england,County Durham; Tyne and Wear,North East,Reforms,0.0,53.17204025181817,0.8842328733623235,35.25303149866233,10.690695376157173,0.4315761,8.132637089455057,6.176323973808297,29.0563380390397,21.391200562524865,5.395919000000001,29.416005235172072
Blyth and Ashington,england,Northumberland,North East,Average,0.0,65.70811737978872,0.0,23.89787423218492,10.39400838802637,0.6667586,8.797851701130929,6.329154839391547,34.3484757017945,13.799532450744172,3.3263000000000007,32.73192670693886
Bognor Regis and Littlehampton,england,West Sussex,South East,Average,0.0,50.16926582693729,3.2831334398362872,37.71107189267172,8.836528840554697,0.7818046000000001,7.649714247592783,7.830685105259473,37.76390128233513,18.91504480447685,0.4551056,26.60374436033576
Bolsover,england,Derbyshire,East Midlands,Reforms,0.0,64.85877065061408,0.7729268317796968,25.82583749897185,8.542465018634383,0.2945199,7.794808958846332,5.652181303445897,22.29238930189948,18.456775606864237,10.448641300000002,35.060683628944055
Bolton North East,england,Greater Manchester,North West,Average,14.347036778665728,48.15043491413376,5.251425999811019,21.89446890879672,10.356633398592779,17.039449400000002,10.50607242831007,10.755563322534098,22.19180644387822,16.738829889796698,1.2757399,21.49253861548091
Bolton South and Walkden,england,Greater Manchester,North West,Muslim,22.271298164466312,53.43107019202583,5.63343895228465,6.374165692277027,12.290026998946175,25.0590921,12.13537435778413,13.42034051963632,16.42946110055246,10.998829822772754,2.1070781,19.84982399925434
Bolton West,england,Greater Manchester,North West,Liberal,9.218027278209878,36.347367102260954,5.284595612657946,39.86431030015334,9.285699706717878,9.7628981,8.756681152904726,8.341123798274342,23.90810307263999,25.99727321257035,2.6066553,20.62726536361058
Bootle,england,Merseyside,North West,Average,0.0,68.97383054636136,10.193882488573438,17.36328969380875,3.46899727125646,0.8591269,9.065318059956107,7.77464390819908,40.05813517285425,12.067677610842637,0.5730796,29.60201874814793
Boston and Skegness,england,Lincolnshire,East Midlands,Reforms,0.0,74.70971433862134,9.130125851095908,16.160159810282757,0.0,0.9871762,7.632011462767077,6.530840117456058,31.031786442232654,12.232519986035152,8.332415800000001,33.25324999150906
Bournemouth East,england,Dorset,South West,Average,1.9005935500515148,31.112479787288212,13.170778896241863,34.66538256826613,19.150765198152282,2.5958967,10.63073158460445,15.116393328835573,35.68063543847052,15.551328277450033,2.0307935,18.39422117063944
Bournemouth West,england,Dorset,South West,Average,1.4869969280351223,30.832904482232802,6.985077072078444,31.492301862658117,29.20271965499552,2.2412072000000003,19.52852933297613,12.947998964369578,28.29442286110145,15.80196277935477,1.9036691,19.282209762198065
Bracknell,england,Berkshire,South East,Average,3.526879143035628,29.81626525329236,13.49660118561005,39.191606936920195,13.968647481141765,1.8098036,8.95895038308078,11.93332754449809,28.906701520803157,27.011275227176625,3.7128066,17.667135124441362
Bradford East,england,West Yorkshire,Yorkshire and the Humber,Muslim,40.168237385017335,37.51004955410271,0.0,4.349608678653962,17.972104382226004,44.2476091,14.191677146709262,11.624617174138397,6.049356518565816,10.287460007930664,0.6958683999999999,12.903411652655857
Bradford South,england,West Yorkshire,Yorkshire and the Humber,Reforms,20.615443214537844,48.84022255439154,1.3243377452810414,16.762220715511376,12.45777577027819,20.0765133,11.13194310044514,10.3216162142542,20.34789655629937,14.36097074531376,1.6539926,22.10706748368753
Bradford West,england,West Yorkshire,Yorkshire and the Humber,Muslim,50.95652706570705,24.560833630666863,0.0,0.0,24.482639303626087,58.7375881,15.60458496471836,11.126217873249905,0.0,6.048049184654779,1.6463632999999998,6.837196577376958
Braintree,england,Essex,Eastern,Average,0.07621012270566935,45.918056362275934,3.3527810972503604,40.35532357719418,10.29762884057387,0.6885359,8.286406646665128,7.452758188191894,27.72764148114868,24.55426009062729,6.965451000000001,24.324946693367
Brent East,england,London (Brent),London,Progressives,20.386400468397667,15.707962969066877,50.415779077445166,0.0,13.48985748509031,27.2215655,13.15834134751367,37.41008192649451,0.0,9.29360659632084,8.7740854,4.142319229670975
Brent West,england,London (Brent),London,Blues,40.21391060179697,3.530042791512672,28.720190728728262,5.180428000909599,22.35542787705249,17.8909412,15.50394950156936,26.06750095837944,0.0,8.123289240858352,29.924000000000003,2.490319099192841
Brentford and Isleworth,england,London (Hounslow; Richmond upon Thames),London,Progressives,27.60025903150946,3.4697873447641006,33.1355316711816,18.600733601769058,17.193688350775776,17.2580946,9.907380325631268,31.656739831535724,1.159337911982817,18.1991455254332,15.5012118,6.318090005416998
Brentwood and Ongar,england,Essex,Eastern,Liberal,2.2704353371358432,29.825522662753436,12.560388751447979,48.56208514790793,6.781568100754807,1.4665865,7.724431139230941,10.27088190304866,20.653011272419405,32.09227306216474,11.8718623,15.920953823136236
Bridgwater,england,Somerset,South West,Reforms,0.0,60.169780457244535,2.4244914919964207,29.75579177395827,7.649936276800778,0.5634853000000001,8.096240383219625,6.6452697819686914,31.81304904068384,16.649352441146295,4.376411,31.85619205298156
Bridlington and The Wolds,england,East Riding of Yorkshire,Yorkshire and the Humber,Reforms,0.0,55.417459456958596,0.0,38.36001995263282,6.222520590408592,0.4773114999999999,6.375548045878811,6.852028186147108,28.148354762725475,17.649064982497904,9.7896,30.708092522750704
Brigg and Immingham,england,Lincolnshire,Yorkshire and the Humber,Reforms,0.0,53.38186263711954,0.0,39.81480120654309,6.8033361563373695,0.713626,7.089468619412321,5.284266770192909,23.82035005871801,23.39513752901866,8.8109911,30.886159922658106
Brighton Kemptown and Peacehaven,england,East Sussex,South East,Average,1.679142681933818,27.911251559485844,4.979136960937416,29.73133040781327,35.699138389829656,2.8770039,16.48357031757106,13.8254325923032,32.789439528699745,14.009142416079886,2.2487287,17.766682545346104
Brighton Pavilion,england,East Sussex,South East,Left,1.1464094740437898,0.0,5.401341322230151,40.19169214382009,53.26055705990598,2.550015,22.595524109131908,19.36170741678917,22.17474867118294,20.13650564139342,2.3939176,10.78758156150256
Bristol Central,england,Somerset,South West,Left,0.5200599364559324,0.0,5.559055127303083,28.740760861122773,65.18012407511823,6.0697962,34.76810885321703,30.351501538926183,4.024033935433863,15.774044701469789,2.6274401,6.38507467095313
Bristol East,england,Somerset,South West,Progressives,6.937597305351533,28.71479022823939,9.665758780152863,26.828895711398076,27.85295797485813,10.9914772,12.57965619183178,21.18402558305138,16.437445158114244,19.849089576575818,0.723255,18.23505129042677
Bristol North East,england,Bristol; Gloucestershire,South West,Average,7.662641551796864,34.43194729201976,6.2600939122053845,28.307105523936542,23.338211720041436,8.3197472,13.27455302473664,15.886504069322031,23.529377567105897,18.287203853349155,0.7240289999999999,19.97858528548627
Bristol North West,england,Bristol,South West,Average,4.34157159335024,26.385641346006633,6.871587129697682,34.98951238085809,27.411687550087354,3.6475361,15.638759078880602,13.328658279503108,27.50501645676286,20.48423563414285,2.1392254,17.256569050710578
Bristol South,england,Bristol,South West,Average,2.166724259886506,40.97930687745316,5.012314805178045,28.093728629627527,23.747925427854774,2.5611713000000003,11.25898604520036,11.733924197075025,28.359503193380903,21.238866354573982,0.6186775999999999,24.228871309769715
Broadland and Fakenham,england,Norfolk,Eastern,Reforms,0.0,44.00620450102542,0.0,47.88936006329273,8.104435435681848,0.2582401,6.88932136355075,5.7839162281687,18.55698055242304,25.04605223242986,18.1861001,25.27938942342765
Bromley and Biggin Hill,england,London (Bromley),London,Liberal,5.087040789387077,13.135735144640536,19.521670278030964,48.1753937890857,14.080159998855718,2.9757573,7.904658609647755,16.397993912319716,26.208087755673105,30.474725053651444,4.9798575,11.05891986870798
Bromsgrove,england,Worcestershire,West Midlands,Liberal,2.031897227829055,31.817577747386117,3.9077035860794793,51.600723328090346,10.642098110614992,0.8660758,7.539112783443902,7.183725771034887,27.5118972801109,32.38414242227895,4.830319,19.684726943131352
Broxbourne,england,Hertfordshire,Eastern,Average,3.609997597430312,42.35179034962405,20.54538411690364,30.972221208374744,2.5206067276672517,3.9568611,9.174833285010145,14.454805768236795,27.59273283488093,23.630609622404517,2.8874971,18.302660289467607
Broxtowe,england,Nottinghamshire,East Midlands,Average,2.9390434071353764,32.61699728571829,1.92863172310682,40.86266913611327,21.65265844792624,2.2475832,11.15231355197162,10.29265694619396,28.07930124524762,24.70787013534931,1.2445126000000002,22.27576232123749
Buckingham and Bletchley,england,Buckinghamshire,South East,Liberal,6.882718771691134,32.141087000128174,12.85993022660901,36.791557867471305,11.324706134100387,4.9406441,8.859753203607013,15.143714066516624,17.472159012651446,26.78389990046988,9.1862612,17.61356851675505
Burnley,england,Lancashire,North West,Reforms,16.08363707825496,52.24955230665499,0.0,20.112480492797204,11.554330122292859,18.8453288,10.48660108741492,7.345094897298048,23.40264676111798,13.67853411368858,1.1298928,25.111901540480467
Burton and Uttoxeter,england,Staffordshire,West Midlands,Reforms,7.49404309035875,51.317047105770165,6.00376302295366,25.683222191865084,9.501924589052335,9.5321456,8.846045105587079,8.554913266081757,26.007643894226877,17.669017093830504,3.1132713,26.27696374027379
Bury North,england,Greater Manchester,North West,Average,9.92340338719931,41.503255995418456,2.8604286676758344,33.383207699597875,12.32970425010852,12.2713481,9.438787878787863,8.868545069507675,29.00519169184767,18.21977191214955,1.3434597,20.85289564770725
Bury South,england,Greater Manchester,North West,Liberal,4.5928850370582825,38.57332135140676,27.623717926386192,24.548357341976068,4.6617183431727005,7.3736778,10.33022046789252,12.897754394053468,12.50606442897464,21.591848960435616,17.050811700000004,18.249622248643742
Bury St Edmunds and Stowmarket,england,Suffolk,Eastern,Average,0.0,42.737463485073015,4.2597467910575055,40.79847886748154,12.204310856387936,0.5011421,7.887817703768615,8.9491794169326,26.80751294256837,23.071899687115277,8.406207600000002,24.376240549615154
Calder Valley,england,West Yorkshire,Yorkshire and the Humber,Liberal,0.3771308914620606,34.14604156735297,1.0478706452254554,46.66876010456721,17.760196791392303,1.750684,7.843673134736264,8.739630261018133,24.22948211529992,27.42638264986332,7.299254899999999,22.710892939082367
Camborne and Redruth,england,Cornwall,South West,Reforms,0.0,48.00969868923799,0.0,38.750410489266294,13.23989082149571,0.2321005,9.05673274094326,7.112415672835488,27.835117692637624,18.68505365636148,8.9794,28.09917973722215
Cambridge,england,Cambridgeshire,Eastern,Left,2.2698610605189216,0.0,22.725821393803237,26.118043322017492,48.88627422366036,4.9998791,23.97172719753353,21.662207681098945,14.829223961957354,20.524828567388965,6.2280127,7.78412079202122
Cannock Chase,england,Staffordshire,West Midlands,Reforms,0.0,60.36218525664331,2.0063732181785876,29.98332171797417,7.648119807203936,0.3442135,8.306149860884569,6.167669610546055,31.11143256520171,19.576108065114017,2.2700636000000003,32.22436279825365
Canterbury,england,Kent,South East,Average,2.8158642269380953,23.98106651193807,6.220095435222412,37.81335239319076,29.169621432710663,2.3818402,18.77660766300685,13.705938715049705,26.027782251191383,19.078710535008742,4.9096076,15.119513035743312
Carlisle,england,Cumbria,North West,Average,0.0,57.20411777130262,1.8433094784775235,31.306303244046706,9.646269506173146,0.8376923,8.498704783051144,6.366846551455369,31.304543073966,16.794018723350263,5.0730547,31.125139868177214
Carshalton and Wallington,england,London (Sutton),London,Average,11.16974198033459,24.50070893342261,19.93910606535418,31.716237752370258,12.67420526851835,6.2935065,8.89857028901024,16.44652985749547,25.76975029582644,22.181810394378388,7.553474299999999,12.85635836328946
Castle Point,england,Essex,Eastern,Average,1.4286264061206992,51.9601665802768,0.0,42.078869816146984,4.532337197455514,0.7842623,7.973537604456811,6.096936224768019,35.63075810831458,21.715883155699508,1.2168081,26.58181450676108
Central Devon,england,Devon,South West,Liberal,0.0,35.51218618010357,0.6802217894453331,52.93766174543172,10.869930285019379,0.2189781,6.769001978650725,7.422528310663632,16.63709550294334,25.60750582329609,20.5571,22.787790284446203
Central Suffolk and North Ipswich,england,Suffolk,Eastern,Liberal,0.5605948521101926,41.79397077369956,3.001212697240539,44.77576768490509,9.868453992044612,1.2903019999999998,8.080873245251857,7.324969033677236,23.525041159473943,25.397538117037577,10.8596938,23.52158264455939
Chatham and Aylesford,england,Kent,South East,Average,5.944623033832993,48.56880999767174,6.662452256571038,29.992822842784665,8.831291869139557,2.5252,9.366020222908867,13.663157957132226,29.184049139429334,19.66204853979496,2.1453204,23.454203740734613
Cheadle,england,Greater Manchester,North West,Liberal,8.396816572653416,13.592880530905477,6.279593513031944,56.2696956138235,15.46101376958566,8.7205162,7.332833621959721,7.694007238778203,26.25014409617637,33.09794254020187,3.4362144,13.468341902883822
Chelmsford,england,Essex,Eastern,Average,4.541080711824693,28.027439782657538,9.552016491156229,40.5478696864348,17.331593327926736,2.7917172,9.336026198381983,13.075812801689388,29.62706943125177,24.76493275716539,3.0402873,17.364154311511474
Chelsea and Fulham,england,London (Hammersmith and Fulham; Kensington and Chelsea),London,Progressives,0.0,2.181134324068995,59.544003559615696,18.051228480139006,20.22363363617631,8.6655678,12.70675152779256,34.68968016679208,0.0,15.708003927026198,22.5553058,5.674690778389169
Cheltenham,england,Gloucestershire,South West,Average,1.2294979047596655,22.488056206190564,7.362726562576125,46.27771826794304,22.642001058530624,1.4311806,10.81251668972883,13.333581318035485,30.54702368842311,24.42688114403055,2.1247842,17.324032359782027
Chesham and Amersham,england,Buckinghamshire,South East,Liberal,8.293187883468972,11.464334242001653,13.851335819430007,54.25251651199721,12.13862554310217,4.2448592,7.56299322489785,10.476444371131551,19.454501970362884,35.66420332540423,10.7877078,11.80929010820348
Chester North and Neston,england,Cheshire,North West,Average,0.0,33.73696577446278,3.6932282213774434,40.7659751429188,21.803830861240986,1.7663605999999998,12.064546981717331,10.306329615818855,29.62118225059609,22.0524136310031,3.3446452,20.844521720864616
Chester South and Eddisbury,england,Cheshire,North West,Liberal,0.0,27.6205839938936,4.606946105623999,55.919772362742016,11.85269753774038,0.6212967,7.4757281553398,7.571415347673217,20.560056221074205,30.259315896907964,15.7240472,17.788140479004817
Chesterfield,england,Derbyshire,East Midlands,Average,0.0,56.13197526031853,0.5814145610511158,29.977973329720538,13.308636848909824,0.9513085,7.72249961393936,7.263140906100672,36.54958494125897,16.96427530454651,0.3946329,30.154557834154485
Chichester,england,West Sussex,South East,Average,0.0,37.48436946526914,3.8754401502157227,45.15719009375074,13.48300029076441,0.7393396,9.490127385004236,8.756770196107023,30.19129665882724,22.65141948311438,6.7988029,21.372243776947123
Chingford and Woodford Green,england,London (Redbridge; Waltham Forest),London,Liberal,12.039838934030387,18.29922401009218,27.870102976802542,31.272576087959603,10.518257991115288,13.3220424,9.15772815192543,22.601465386721657,12.803573302454735,26.71378949621607,5.5502865,9.851114762682094
Chippenham,england,Wiltshire,South West,Average,0.0,37.70211709196007,2.763238339105085,45.47080441286017,14.063840156074681,0.6911972,9.170984455958545,8.871320978442839,27.80521326889925,25.90228235553916,5.0626065,22.49639524116021
Chipping Barnet,england,London (Barnet),London,Liberal,9.320748891276857,6.630511112347313,42.90107586590536,31.675880759720677,9.471783370749783,8.8043295,8.931360735484438,21.970552510153468,10.758180485894428,23.575939979884897,18.720684,7.238952788582759
Chorley,england,Lancashire,North West,Average,0.0,44.4498555371095,5.729943391939474,41.3261859345507,8.494015136400325,1.4565271,8.031144374698203,6.972961999948896,28.226510374289973,25.20972993004293,5.581841300000001,24.52128492102
Christchurch,england,Dorset,South West,Average,0.0,38.365641325303876,0.0,54.53230203134751,7.102056643348612,0.4110413,6.39320922986004,5.462483345139929,34.0987928599522,28.413743494374067,2.7741893,22.44654047067376
Cities of London and Westminster,england,London (City; Westminster),London,Blues,0.0,0.0,75.49903153793787,0.927101700609397,23.573866761452738,14.4331186,15.13024232940543,23.65481939142576,0.0,8.716472626891052,34.4626899,3.6026571522777533
City of Durham,england,County Durham,North East,Left,0.31354124025068203,36.37436802788434,0.0,31.50959180551342,31.802498926351554,1.3448416,23.37047129568944,7.830378107084238,23.062189759117373,15.216615017611876,8.580502000000001,20.59500222049707
Clacton,england,Essex,Eastern,Average,0.0,63.83767635412728,0.0,32.785255138817895,3.377068507054828,0.4644152,6.796184680203628,6.033365070770914,34.93447315904345,15.29722044576014,4.272754300000001,32.20158714422186
Clapham and Brixton Hill,england,London (Lambeth),London,Progressives,0.0,5.699512183352606,38.86656620102058,19.33482312437351,36.09909849125329,6.8865013,11.681540045016,50.36648937423796,0.0,19.20139320871576,4.6420353,7.222040772030287
Colchester,england,Essex,Eastern,Average,4.5071238948067815,33.03312221799062,10.557789302758058,30.862818525432978,21.039146059011543,2.7456812,11.895906761519653,16.226025649996846,30.77421848496689,16.9936790885023,2.5064422,18.85804661501431
Colne Valley,england,West Yorkshire,Yorkshire and the Humber,Average,3.7679955239028535,31.889995907691343,0.0,47.04691466771328,17.295093900692525,3.6495331,7.939953689085357,9.67758668806809,30.278646829118276,23.068115838829616,4.2264983,21.159665554898663
Congleton,england,Cheshire,North West,Liberal,0.0,33.325250754425326,2.5207887542774894,53.15118181417727,11.002778677119922,0.4395139999999999,6.793530705986796,5.9872971360714535,29.2728673634134,31.565151564257125,4.776022899999999,21.165616330271234
Corby and East Northamptonshire,england,Northamptonshire,East Midlands,Reforms,0.7019769703937904,56.65560597591243,10.317811110890656,26.989161218530143,5.335444724272976,0.6441321,8.108892687804394,9.576135747730206,26.368899696347317,20.872102071065505,6.9109574,27.51888029705259
Coventry East,england,West Midlands,West Midlands,Progressives,21.31711021914762,49.22351722398207,13.445636866714636,5.877270412688412,10.136465277467261,13.4332649,12.02728036718599,24.800172935453123,17.362487550840626,10.73830947447375,4.3205275,17.3179572720465
Coventry North West,england,West Midlands,West Midlands,Average,12.820120665619287,37.62032104787881,9.756289833952616,25.610496892893647,14.19277155965563,7.289521000000001,11.40811731424283,19.21494293330293,21.87984361459911,17.76150295835948,3.1062406,19.339831579495645
Coventry South,england,West Midlands,West Midlands,Progressives,18.65187715187881,13.057264064380918,8.317279872710701,22.973601422026547,36.99997748900302,10.0937811,24.47522773136182,25.93529818842101,6.729088200491916,15.494045404842137,6.2276877,11.044871674883112
Cramlington and Killingworth,england,Northumberland; Tyne and Wear,North East,Average,0.0,48.99818116534321,0.0,37.965794930482076,13.036023904174712,0.6731914,7.919288880182167,5.632042721372441,32.55722244692819,22.477858974688328,4.3277731,26.41262247682887
Crawley,england,West Sussex,South East,Average,11.655018168806599,40.991145167479694,15.842538720165376,20.384690961143846,11.126606982404489,9.7229372,9.498873337776494,14.066492384918028,23.2419079587022,18.62035218127213,6.220544100000001,18.628892837331158
Crewe and Nantwich,england,Cheshire,North West,Average,0.4403284398500706,52.02726665526952,8.969313949113626,29.29923148314141,9.26385947262537,1.2656956,8.073579817124925,8.66043443721292,32.3913961256159,19.740373145996884,2.087145,27.78137587404937
Croydon East,england,London (Croydon),London,Progressives,10.36556354404802,27.754259765216904,29.518432827053736,22.81393974239065,9.547804121290694,7.938935499999999,10.18489610434661,32.05005495896667,11.20390364022998,21.62310957487833,6.4660495,10.533050721578412
Croydon South,england,London (Croydon),London,Liberal,11.957313901019072,4.145890539258615,23.873638226997354,45.54511173154597,14.478045601178987,6.600421600000001,7.894352305107037,22.850239028100525,13.008603109422523,32.17410780470953,9.0240204,8.448255752660392
Croydon West,england,London (Croydon),London,Progressives,19.475772187808875,21.952743757781835,37.272967344922534,5.848314610669355,15.450202098817378,14.3367918,10.82439845095521,47.89443030963899,2.554738835080883,10.884573939849092,8.401031,5.104035664475813
Dagenham and Rainham,england,London (Barking and Dagenham; Havering),London,Progressives,17.718231038042198,42.08038773674912,20.513028453177085,13.848249277999534,5.840103494032063,14.6349443,11.41095162147791,27.07052985776894,15.112005129014534,15.5111481533964,2.853164,13.407256938342218
Darlington,england,County Durham,North East,Average,1.0822494128625517,55.61589893156532,2.9050893129091446,28.618794858607053,11.777967484055921,1.8521182,8.325066957643077,8.968703927195964,36.67460616371596,14.733946725962827,1.258696,28.18686202548217
Dartford,england,Kent,South East,Liberal,9.77771323005631,32.03925722309205,16.35726314549995,31.952319236133004,9.873447165218698,3.6539539,8.335533338689856,21.813670347221013,21.333552858447547,22.66747160480656,5.8039622,16.39185575083503
Daventry,england,Northamptonshire,East Midlands,Liberal,0.0,36.758395630698324,6.077345515211362,46.6712603052253,10.492998548865005,0.8255679,7.53897294818889,7.901357638230007,19.265091721147822,29.10635861021069,13.8034462,21.55920498222258
Derby North,england,Derbyshire,East Midlands,Average,9.9477590172042,38.28268856819317,2.9696535083340962,25.650605881600193,23.149293024668342,5.9737492,12.88459298940252,15.680486438502967,28.30160407353145,14.260250589973069,1.9259025,20.973414208589997
Derby South,england,Derbyshire,East Midlands,Progressives,23.003498217103644,45.34040062271795,9.137567733864842,7.299512361968493,15.219021064345077,19.0865523,12.33787616447669,20.02452866832501,16.119423198300098,12.651134954423735,1.831418,17.949066714474455
Derbyshire Dales,england,Derbyshire,East Midlands,Liberal,0.0,35.11229729630142,0.8491119534110876,51.810817106052006,12.227773644235489,0.3783596,6.544277884170892,7.191911740611847,20.299044254681636,26.365709656698293,16.5136572,22.707039663837342
Dewsbury and Batley,england,West Yorkshire,Yorkshire and the Humber,Muslim,35.23219614801818,39.27061958603553,0.0,9.731974944634265,15.765209321312012,43.6788144,12.96452543162615,6.92635914528087,6.61217255617504,13.14458290686969,1.0416339,15.631911660048248
Didcot and Wantage,england,Oxfordshire,South East,Liberal,1.3107755311450051,29.048821989757244,8.125078474469433,46.763775141088196,14.751548863540126,1.0337231,7.50066970265202,9.698680360085078,24.27231087142266,28.81956019193194,10.1565956,18.518460173908306
Doncaster Central,england,South Yorkshire,Yorkshire and the Humber,Average,4.071650417076953,60.621631384272725,10.55029572023825,17.418015173851757,7.338407304560303,4.8305259000000005,8.451143339389573,11.333345380736116,32.80766033290679,12.94705985194791,2.1293934,27.50087179501961
Doncaster East and the Isle of Axholme,england,Lincolnshire; South Yorkshire,Yorkshire and the Humber,Reforms,0.27217085343915987,58.3603674606539,1.4360774252172062,34.48629528212913,5.445088978560616,1.0610589,7.757744717438299,5.813557969633216,25.641103664788744,19.46871790320443,10.1264056,30.131411244935308
Doncaster North,england,South Yorkshire,Yorkshire and the Humber,Reforms,0.3178260474637997,68.65450092777935,2.4438136818564473,22.428640484641967,6.155218858258429,0.472537,8.817676436980813,6.195146880655144,30.76123854229212,15.554183761443127,4.018839400000001,34.18037797862879
Dorking and Horley,england,Surrey,South East,Liberal,0.5673111680644182,24.181160641994605,10.503950030337988,53.795718799999314,10.95185935960368,1.5423644,7.148485435639082,8.90956948873072,25.471347837939675,32.82214586675505,8.732999800000002,15.373087170935474
Dover and Deal,england,Kent,South East,Average,0.0,51.75967160284949,3.333672357611089,35.550149727934816,9.356506311604608,0.6432397000000001,7.545225148381125,8.065227278245905,32.57315190607724,18.050678061685737,6.343718500000001,26.77875940560998
Droitwich and Evesham,england,Worcestershire,West Midlands,Average,0.0,46.037664935050266,6.482423401578921,41.14549124856811,6.3344204148027075,0.6510825,7.281777654586173,6.669358786802681,27.32820207222406,25.34834521134969,8.4349566,24.286277175037405
Dudley,england,West Midlands,West Midlands,Average,11.017359499945897,63.24837940746806,3.908888043309193,13.745377803695321,8.079995245581525,7.5866508,9.801061999850416,11.56930365930959,32.66683297365674,10.462716957379728,1.1299081999999998,26.78352540980353
Dulwich and West Norwood,england,London (Lambeth; Southwark),London,Progressives,3.456825243049376,12.962070607669162,38.38321676561788,18.249216864283177,26.948670519380414,7.5750927,10.57765421537876,45.37227217727565,5.909005851620293,18.303964752270826,4.9780441,7.28396620345446
Dunstable and Leighton Buzzard,england,Bedfordshire,Eastern,Average,3.213131703742813,39.950003872229765,12.143249910015887,36.21811841066538,8.475496103346146,2.0902406,7.96503903462058,10.94155828990774,30.680833039527485,25.29332307908303,2.4536661,20.575339856861163
Ealing Central and Acton,england,London (Ealing; Hammersmith and Fulham),London,Progressives,8.267090971712532,0.0,52.17491532207866,14.96762876389282,24.590364942315983,16.6387265,12.48876189458874,38.39480123192483,0.6746579253832863,18.04810207786389,8.5140804,5.2408699702392365
Ealing North,england,London (Ealing),London,Progressives,22.670153381551053,12.675384988513219,43.407717407356486,10.107065569274676,11.139678653304562,20.3465982,11.97444015666952,32.302402693276235,2.459343896137412,16.385383498484103,11.003444,5.528387555432737
Ealing Southall,england,London (Ealing),London,Progressives,45.86804697097955,2.6985870309109377,12.525829129814033,11.901679319150585,27.005857549144896,19.3167443,13.17800253088742,40.90180974561315,0.0,10.289035618594085,11.3881443,4.926263504905342
Earley and Woodley,england,Berkshire,South East,Liberal,15.088714913155963,9.373777930093322,13.278033061251854,40.721332218360075,21.538141877138788,8.564617700000001,12.472647702407,15.212681258867423,11.394782813298178,30.40323983925329,9.6042068,12.34782388617411
Easington,england,County Durham,North East,Reforms,0.0,73.33352976942598,0.8897614207117174,19.174412293106357,6.602296516755936,0.3359162,9.73761842259158,5.306666234575062,27.924701370172784,13.453929612339948,7.897,35.34416816032062
East Grinstead and Uckfield,england,East Sussex; West Sussex,South East,Liberal,0.29478427085077474,27.2191184192348,6.114632669705298,54.61436598964472,11.757098650564405,0.9141303,7.254041109558964,7.927314881337327,25.23538863320269,30.77228705642315,10.7667838,17.130054219477863
East Ham,england,London (Newham),London,Muslim,50.63046362870486,10.981374990395663,6.200238421228998,0.662457912676852,31.525465046993634,47.1373842,16.57817225379988,20.27384305598724,0.0,2.8013082472677366,10.8379044,2.371387842945153
East Hampshire,england,Hampshire,South East,Liberal,0.0,27.57298562527261,3.5626727580944935,56.46788149809806,12.396460118534828,0.477679,6.971246430705882,7.576896422682938,25.59017746905633,32.814243744585355,8.426860900000001,18.14289603296948
East Surrey,england,Surrey,South East,Liberal,2.2177131311334812,24.8805278562469,11.2600347350282,51.41491470498396,10.226809572607456,1.546948,7.946754239731248,9.588145050331388,23.5016913065744,33.543268861695125,9.0395468,14.83364574166784
East Thanet,england,Kent,South East,Average,1.8764038032395423,51.38451467477182,5.329692969910258,29.45450092254673,11.954887629531664,1.6940442,8.145896656534955,11.011378619953934,38.97698337617072,13.51031168443363,0.8051468,25.85623866290676
East Wiltshire,england,Wiltshire,South West,Liberal,0.12423769586667573,39.313889205783944,7.961913134848213,42.735399254651504,9.864560708849652,0.6049284,9.305063337707098,13.53239854188098,20.4788917784264,20.838268471008075,14.7389367,20.50151277097744
East Worthing and Shoreham,england,West Sussex,South East,Average,1.0833073995048745,37.3050392963229,3.0978995386690844,44.63746398632984,13.876289779173309,1.4313964,7.636880422858273,7.8827701226966385,35.58942054635301,24.520529640026965,0.7739176999999999,22.165085168065115
Eastbourne,england,East Sussex,South East,Average,0.788787585234662,42.3295609845814,7.487064020716411,34.33908994549476,15.055497463972761,2.2274453,8.696166447843096,11.738442467744878,38.091253805423,15.503136719223685,1.1883937,22.555161559765335
Eastleigh,england,Hampshire,South East,Average,2.8864824657024886,32.172215539627445,2.9312061050787332,46.583751534362705,15.426344355228622,1.3424827,8.001569961405114,8.82012764442807,32.086483241675694,27.34935374268042,1.5333582,20.86662450981069
Edmonton and Winchmore Hill,england,London (Enfield),London,Progressives,15.964041373138208,35.13019240181409,42.92053789089909,2.0064429049125194,3.9787854292360993,22.8226926,11.47314941504651,39.99992569262918,1.7764666393079835,12.37477249302811,4.9658381,6.587155059988228
Ellesmere Port and Bromborough,england,Cheshire; Merseyside,North West,Average,0.0,55.74648420905651,4.00934132469629,31.200995741251976,9.043178724995226,0.8912806000000001,8.50255902261846,5.969761079628884,33.190719940359855,20.74397232263029,0.4867771,30.2149299347625
Eltham and Chislehurst,england,London (Bromley; Greenwich),London,Liberal,5.595639754827603,25.69601245350328,25.69611569419637,28.651853491374325,14.360378606098422,5.4745517,9.852672453174954,21.559056752748944,21.76900164271281,24.994081599690887,3.828292,12.522343851672408
Ely and East Cambridgeshire,england,Cambridgeshire,Eastern,Liberal,0.0,34.627081245354994,9.23978361583863,44.32572215425999,11.807412984546389,0.7111094,7.270222352715307,9.161031621965064,19.324127380291458,28.38244138445109,14.661539,20.489528860577074
Enfield North,england,London (Enfield),London,Progressives,12.78354375684027,36.49066884931649,41.916155900973,5.3017680470275526,3.50786344584267,17.7202569,11.77371494208865,36.19880099677959,3.948211357682567,14.880532115608537,6.1433966,9.335087087840654
Epping Forest,england,Essex,Eastern,Liberal,6.061570645570223,28.4975137755054,19.404576207385908,38.66553805642701,7.370801315111455,4.220712799999999,8.732076296395206,13.52870338182314,21.22050019721982,28.461182402540945,9.3032949,14.533530022020903
Epsom and Ewell,england,Surrey,South East,Liberal,5.923064240372211,13.44014583728385,16.34621136339394,49.6915514208988,14.599027138051191,4.1091064,8.540162980209532,11.54826063665345,27.58578974258592,30.66196091594417,5.5134844,12.041234924606918
Erewash,england,Derbyshire,East Midlands,Reforms,0.14121214294373832,53.94566079247628,0.0,31.736586111494574,14.176540953085418,0.4612556,8.592848904267592,7.308739215143429,31.04395186043516,19.33668082297665,2.1810862,31.07543739717717
Erith and Thamesmead,england,London (Bexley; Greenwich),London,Progressives,11.325721169624005,34.18108252443483,39.459175710115325,4.20733098236264,10.826689613463218,8.7820166,11.79399791725837,45.06100916072404,7.308456450945613,12.771033747635242,4.513629,9.769857123436744
Esher and Walton,england,Surrey,South East,Liberal,2.937839269864453,10.501153610747457,23.221768272626868,52.479444826083,10.85979402067822,2.6328829,7.069320521619761,11.84479983508922,23.08338469885615,36.9200432384197,7.5743143,10.875254506015164
Exeter,england,Devon,South West,Left,1.3289021517487147,25.453964150267755,0.0,30.296811269884905,42.92032242809863,2.2675425,28.00437240526452,11.633272030030874,25.65812338740541,13.32072426367808,1.2561753,17.859790113621116
Exmouth and Exeter East,england,Devon,South West,Average,0.0,37.03945604813009,0.3602837491382971,49.13914201259443,13.461118190137192,0.7224984999999999,8.31903945111492,7.718664701372158,31.43207459694912,23.79185476092972,5.823245,22.192622989634085
Fareham and Waterlooville,england,Hampshire,South East,Average,0.0,41.039319941616974,0.0,48.24487520699028,10.715804851392743,0.6487263,7.608445204399652,6.398383710154391,32.9830089987217,25.397091936774945,3.4334232000000005,23.53092064994931
Farnham and Bordon,england,Hampshire; Surrey,South East,Liberal,0.19388153913574604,24.19640228869084,8.881938489347954,53.71500444182418,13.012773241001286,1.3742926,8.37576374745416,8.221197291160214,25.804616102878413,33.62294245204421,6.6329501,15.968237706463007
Faversham and Mid Kent,england,Kent,South East,Average,0.9972017525657566,44.735120174690465,6.768091360950507,40.37413595894917,7.125450752844105,1.092135,7.60690890355504,7.439256783429417,27.791300156108363,25.96471210658212,7.272641900000001,22.83304515032506
Feltham and Heston,england,London (Hounslow),London,Progressives,36.88410970805426,19.112248244975692,22.678049927254566,6.444182368787055,14.881409750928434,17.787808,12.150290957923,31.93598153695461,6.3799833270627175,12.514854833349489,11.4706742,7.760407144710198
Filton and Bradley Stoke,england,Gloucestershire,South West,Average,5.7235012054028775,21.139160498109938,4.820741836599037,42.19401797470032,26.122578485187827,2.7976523,15.162443144899193,12.745689706302269,26.190806336253843,23.581391034958184,2.8346294,16.687388077586505
Finchley and Golders Green,england,London (Barnet),London,Blues,4.8658808284573,2.6450024261505756,71.27961654411564,16.1716357092203,5.037864492056193,10.9254957,9.346103369165558,22.76353413108089,0.0,15.262183231948734,36.0439937,5.65868986780482
Folkestone and Hythe,england,Kent,South East,Average,0.1533804816008957,45.63282826478463,7.045325396982571,36.51657162289744,10.65189423373446,1.1063682,7.473865082175783,9.570137591684922,32.415038198028086,16.99931805648576,7.5367593,24.89851357162545
Forest of Dean,england,Gloucestershire,South West,Reforms,0.0,46.66963265543925,0.0,44.54602617330218,8.78434117125856,0.2763185,8.000051872600897,5.408269769087832,23.26940720957529,23.20475667920271,13.5380698,26.303126169533265
Frome and East Somerset,england,Somerset,South West,Reforms,0.0,41.57535140022686,1.9974399036684065,44.664124519892596,11.763084176212143,0.2897544,8.494950037606092,6.667661081813668,25.037605124045957,24.8420574163677,9.1578169,25.510155040166588
Fylde,england,Lancashire,North West,Average,0.0,34.72680838494663,3.9339715194012608,52.89681214979216,8.442407945859953,0.6865393,6.422202776529566,8.557984307354861,31.54856479178929,26.75626112952772,5.0876028,20.94084489479856
Gainsborough,england,Lincolnshire,East Midlands,Reforms,0.0,48.338009731356536,0.10502732118613672,43.340953319984926,8.216009627472404,0.4025139,7.016173041623238,7.212633909898478,21.774130513465565,21.61734131768528,15.3120755,26.665131817327435
Gateshead Central and Whickham,england,Tyne and Wear,North East,Average,0.6539224953336944,53.18670083673609,9.19941093448634,22.163962644902956,14.796003088540935,2.8597381,10.39656230816451,10.749991604360773,30.13860066451372,16.54830463468581,3.3777744000000003,25.9290282882752
Gedling,england,Nottinghamshire,East Midlands,Average,3.3817003180762994,37.288996937689674,2.051905425912091,41.611932275534805,15.66546504278714,2.3624618,7.599898377672113,10.2066279070958,32.62100734066601,23.061896146181443,1.3861845000000002,22.761923928384647
Gillingham and Rainham,england,Kent,South East,Average,6.730808879311365,44.42871035818307,3.961933790172852,32.623879114830864,12.254667857501843,2.9478458,9.867380459909953,14.561708591301088,33.434616983785645,15.733816426089238,1.5302814,21.92435033891407
Glastonbury and Somerton,england,Somerset,South West,Reforms,0.0,40.93617351921285,1.4149165720818027,48.27940587555015,9.369504033155202,0.3327425,7.594227083686415,7.13516550980645,18.66601790212681,24.023005415370328,17.994408200000002,24.25443338901
Gloucester,england,Gloucestershire,South West,Average,5.463094251347693,47.99678400078087,6.654433169201054,25.76471602132421,14.120972557346164,5.1008049,11.39026376793434,12.36776038728946,31.161663561632334,14.980236741151591,0.9646512,24.034619441992277
Godalming and Ash,england,Surrey,South East,Liberal,0.006238659657933717,23.998107572612412,11.219244630243018,54.0717631236505,10.70464601383614,0.9069237,7.355321097464579,8.602923045858052,26.73344503839118,33.1709110836035,7.852064700000001,15.378411334682689
Goole and Pocklington,england,East Riding of Yorkshire,Yorkshire and the Humber,Reforms,0.0,43.75817131921258,2.2774418003778227,45.10660946216661,8.857777418242986,0.6353719,7.275147323155312,6.790606717251397,23.49818659644357,24.7594669791638,11.5581571,25.483063383985925
Gorton and Denton,england,Greater Manchester,North West,Muslim,23.86518687251377,40.332062285896,9.707016517802717,8.443404773914073,17.652329549873432,28.3850822,12.4233181008969,18.48709709179572,12.1740169207921,12.324110616891597,0.5681654,15.638209669623674
Gosport,england,Hampshire,South East,Average,0.0,49.46228511639366,0.0,40.53858680042332,9.999128083183017,0.5266329000000001,9.111669330897447,8.298570928418915,34.44277678530267,20.491446301049056,0.3033485999999999,26.825555154331923
Grantham and Bourne,england,Lincolnshire,East Midlands,Average,0.0,49.88678510507634,4.246476662379772,39.377310733540114,6.489427499003776,0.5745673,7.034239183753539,7.909826538921154,28.49655837741767,21.585504061917018,8.1191207,26.280183837990613
Gravesham,england,Kent,South East,Progressives,13.703846144683778,43.13605374204711,9.608992613680591,26.120051561894385,7.431055937694129,3.1113481,9.375483533094489,22.846108690460827,22.02312693058656,18.27397204282212,4.3858745,19.98408620303601
Great Grimsby and Cleethorpes,england,Lincolnshire,Yorkshire and the Humber,Reforms,1.5788236682286212,71.90336056374491,0.33543227407521714,15.075585367376467,11.106798126574773,1.3143442,9.01677181104786,7.321049055756224,34.20847774358066,10.242699358510144,0.2503695,37.64628833110512
Great Yarmouth,england,Norfolk,Eastern,Reforms,0.4430500921421491,68.66023055975327,1.7521010737871254,21.61932673423089,7.525291540086562,0.7248411,8.110976723520833,7.2717374117458045,31.187391720040367,12.204972098308106,7.3750938,33.12498714638489
Greenwich and Woolwich,england,London (Greenwich),London,Progressives,5.939177822373811,4.8825999294516915,39.523984701044476,17.300568140516948,32.35366940661308,9.0910639,11.12995205652281,44.16128177639408,5.634232157528345,16.921709260996256,6.159855599999999,6.901905248558497
Guildford,england,Surrey,South East,Liberal,2.707221695276297,10.626712882639174,13.533548254063483,43.25741346480855,29.875103703212485,2.5300778,18.25567172101825,13.628561536597845,21.766108425306896,24.63430949072173,7.7478792,11.43739182635527
Hackney North and Stoke Newington,england,London (Hackney),London,Progressives,7.809290043404961,20.511336095069073,48.38086877074795,2.932622505445975,20.36588258533204,13.4671621,12.3795211353544,40.34786800942312,0.0,12.23151176200096,14.3957753,7.178161693221526
Hackney South and Shoreditch,england,London (Hackney),London,Progressives,3.4690732265739834,9.279275274115742,44.22152821363844,6.323425212581774,36.706698073090074,13.3331556,12.30242360379342,50.83217747881072,0.0,13.808972335833293,3.9688327,5.754438281562561
Halesowen,england,West Midlands,West Midlands,Average,9.10601913911735,48.91275092292592,6.115599679668528,26.688745862136827,9.176884396151372,7.778375899999999,9.135302525011893,10.642877523146073,26.276095598528443,20.607464175631456,0.502477,25.05740727768213
Halifax,england,West Yorkshire,Yorkshire and the Humber,Average,14.807801809121331,45.70311009682652,0.0,24.439009784297518,15.05007830975463,16.653188699999998,9.902580274557147,9.062402012501025,24.522039207092437,15.4933016062492,1.7122444000000003,22.65424379960021
Hamble Valley,england,Hampshire,South East,Liberal,0.0,29.04209968981511,2.5468306362590276,54.37101426304991,14.040055410875949,0.5695195,7.730684998887409,7.914080072116037,30.14159769909344,33.15430190365325,1.5456207000000002,18.944195126249863
Hammersmith and Chiswick,england,London (Hammersmith and Fulham; Hounslow),London,Progressives,2.001318955267412,0.0,49.48555037612682,20.877298597985636,27.635832070620133,11.6027566,11.96110243773022,38.92853384366427,1.031608312987288,21.496195271765515,9.0429472,5.936856333852705
Hampstead and Highgate,england,London (Camden; Haringey),London,Progressives,0.0,0.0,60.81196509450512,16.33990228510666,22.848132620388238,11.5029559,11.00197074992221,31.31346154822883,0.0,15.24555780037548,26.3424211,4.593632901473474
"Harborough, Oadby and Wigston",england,Leicestershire,East Midlands,Liberal,17.016005201067877,21.102446550010598,0.48488091133975697,44.333553633037766,17.063113704544,6.830889399999999,9.91522471257694,13.874497362686425,14.97546132710022,25.85182021671654,11.342599,17.20950798091988
Harlow,england,Essex,Eastern,Average,3.902031089784424,51.65763702962731,13.884567214577576,22.787487943907937,7.768276722102748,3.5313175,9.054102958472816,12.655250615651468,29.64177507460093,19.69999889285277,3.1785961,22.238958858422027
Harpenden and Berkhamsted,england,Hertfordshire,Eastern,Liberal,1.1493627562485504,12.834623613772402,15.387868769289856,58.8251018268101,11.803043033879087,1.0857569,6.842491041372564,9.434426399579277,19.61588102899313,40.47189537338286,10.5123438,12.037205456672163
Harrogate and Knaresborough,england,North Yorkshire,Yorkshire and the Humber,Average,0.0,30.076160055649982,6.186816143611158,49.99548267750118,13.741541123237674,0.6769978999999999,7.399514940309393,10.212629366226032,32.58856898724581,26.76616532769465,2.9956684000000005,19.360455078524105
Harrow East,england,London (Brent; Harrow),London,Blues,35.861793781215596,0.0,32.606706649024545,21.49549426147825,10.036005308281629,15.0911658,10.4962270855542,19.429383129553607,0.0,15.49879658411276,35.8327782,3.651649200779426
Harrow West,england,London (Harrow),London,Blues,32.07335759456805,0.0,36.032601860362746,17.182237596979068,14.711802948090135,17.774995099999998,10.86249644352312,24.160553152976284,0.0,15.31883080681872,28.2717986,3.611325896681879
Hartlepool,england,County Durham,North East,Average,0.6974604980477465,66.76952048453717,1.3080540542948946,21.20919901926378,10.015765943856396,1.313652,9.82228564016083,6.525403720078756,35.722803402862894,13.640263956141723,0.8896211,32.0859701807558
Harwich and North Essex,england,Essex,Eastern,Liberal,0.0,41.0070413074315,1.6105060694365378,44.28656141757703,13.095891205554938,0.8521569,9.237639015935684,8.253259173841123,20.96402938169197,24.29313606206617,12.963301,23.43647846646505
Hastings and Rye,england,East Sussex,South East,Average,0.7988866126705536,43.93080919221606,5.152744613552359,33.8054311436505,16.31212843791053,1.7363596,7.72432769304938,11.19960120803154,36.19082733238705,15.362005735896028,3.8001982,23.986680230636008
Havant,england,Hampshire,South East,Average,0.0,53.12345867510629,0.0,36.95241149244012,9.92412983245359,0.5304983999999999,8.081248477232208,5.927287814559408,35.70721536810454,21.807441775415693,0.7515894000000001,27.194718764688147
Hayes and Harlington,england,London (Hillingdon),London,Progressives,43.08299116089334,13.690401112653724,17.29225751318433,6.891349896274805,19.043000316993787,19.9750006,13.95606854500356,36.95794500666092,0.0,9.585559925325162,12.9039486,6.621477323010354
Hazel Grove,england,Greater Manchester,North West,Average,0.601399839328316,36.916589619118014,2.8648072115599255,48.594387743505045,11.022815586488695,1.4134463,7.298976560777231,5.970878279956352,33.90517445202448,28.962067878039285,0.6793859,21.770070629202657
Hemel Hempstead,england,Hertfordshire,Eastern,Average,6.243785031677659,42.31745960226436,9.981250847305974,27.98151664025369,13.475987878498325,4.3679875,8.545198589837675,12.064488826431472,41.25314252944712,12.15219733013447,3.2651306,18.35185462414927
Hendon,england,London (Barnet),London,Progressives,12.723390084511854,9.543070435063848,58.919181368518956,8.197846877176024,10.616511234729307,16.5422439,11.54318384179201,28.973770168412425,0.0,13.124968893783816,24.439704,5.376129196011761
Henley and Thame,england,Oxfordshire,South East,Liberal,0.0,22.020366696822087,9.542719274567112,56.636245489115964,11.800668539494836,0.8095422999999999,7.137987627824768,9.212470195666906,15.83768601926937,34.06851373889979,17.291044,15.642756118339172
Hereford and South Herefordshire,england,Herefordshire,West Midlands,Average,0.0,51.223450281562044,4.7597685429053325,36.13936786927069,7.877413306261929,0.5420756,7.666599658257104,8.037770232634154,32.433258419925906,18.269114838871705,6.2792184,26.77196285031113
Herne Bay and Sandwich,england,Kent,South East,Average,0.0,45.52922101215257,2.1446151902963004,43.90095352823919,8.425210269311947,0.7463893,7.625546889861116,7.345395096201888,33.05388012403931,22.08136379134234,3.9080194000000006,25.239405398555352
Hertford and Stortford,england,Hertfordshire,Eastern,Liberal,1.4441078155376441,25.195753204375894,12.423408097566881,46.779284144955156,14.157446737564424,1.4787273,7.529268348782099,11.377024001179032,29.968743826130847,30.13346655498603,3.3517795,16.160990468921995
Hertsmere,england,Hertfordshire,Eastern,Liberal,2.1193355567543795,25.57780794195958,41.18970614100738,30.589069393424957,0.5240809668537014,3.5700797,8.62019711469789,15.03103118723151,3.808851893604924,29.438996951002384,27.2839967,12.246846453463284
Hexham,england,Northumberland; Tyne and Wear,North East,Liberal,0.0,35.19240220685963,1.34522613691969,51.58545375117342,11.876917905047266,0.6353791999999999,6.888220563993497,7.834707464080951,23.77889645361219,26.722240638172003,12.7909584,21.349597280141342
Heywood and Middleton North,england,Greater Manchester,North West,Average,8.850794514839427,53.90620714731581,7.84111735060844,23.005693766793712,6.396187220442613,10.4122991,9.576390533281824,10.4988699424638,26.743388294974267,18.07465150263185,0.6303024,24.064098226648262
High Peak,england,Derbyshire,East Midlands,Average,0.0,38.69200952550421,0.17248337145553258,45.963073283698684,15.172433819341578,0.2628251,7.054075004677758,6.967789261115949,28.980642169489386,25.020748701440283,6.1351,25.578819763276627
Hinckley and Bosworth,england,Leicestershire,East Midlands,Average,0.589052784207807,44.74566691009808,2.01523783486972,42.27462777399944,10.37541469682495,0.6484413,7.428312559688513,7.149449957365399,26.73375033979937,25.568183603371143,6.3253349000000005,26.14652733977557
Hitchin,england,Bedfordshire; Hertfordshire,Eastern,Liberal,4.061964544832635,24.13870077316767,8.03011832741824,47.68426565241282,16.084950702168644,1.5124348,7.391807679992102,12.42826282162046,24.417178264881898,29.30025946270364,8.6842739,16.265783070801895
Holborn and St Pancras,england,London (Camden),London,Progressives,9.0915420645576,0.0,30.00137195988191,8.833098846841606,52.07398712871887,19.7159053,25.38584520214413,32.38728552936662,0.0,11.960984096616464,5.4332821,5.116697771872788
Honiton and Sidmouth,england,Devon,South West,Liberal,0.0,38.617636894381974,0.0,52.90365336385858,8.478709741759442,0.3589,6.092326615331381,6.5555461102533865,23.39597183106312,24.64931092207955,15.154197300000002,23.79374722127256
Hornchurch and Upminster,england,London (Havering),London,Average,7.271970292232144,37.64543949679992,14.101298024586972,36.15122478105692,4.830067405324037,4.0041669,9.149182798191722,14.589902742468633,27.61283049038116,24.112237092326332,3.656423,16.875256976632155
Hornsey and Friern Barnet,england,London (Barnet; Haringey),London,Progressives,2.619710954527346,0.0,40.54949713224595,31.74869705822987,25.08209485499684,7.603224,8.562326256488463,32.05664854795122,10.095907578095918,25.57785075328244,9.5018816,6.60216126418196
Horsham,england,West Sussex,South East,Liberal,0.7615812353019452,26.033158349981615,7.783438578503961,51.383641978927955,14.038179857284518,1.0925963,7.235269301082821,9.326746193225866,26.135514502008306,31.09705104596124,8.1863759,16.926446757721763
Houghton and Sunderland South,england,Tyne and Wear,North East,Average,0.0,68.11703064925622,2.1553040741427196,23.257137859781764,6.470527416819291,0.3683791,8.442646156749854,4.8342354246659465,36.27774226445469,17.419457444787284,0.4865,32.17103960934222
Hove and Portslade,england,East Sussex,South East,Average,1.1334505974828957,9.216064658420512,15.008803182696676,42.131432558326416,32.51024900307351,3.3948885,9.594329028635595,19.543258366821757,27.960545863234785,22.80921965253329,3.0446151,13.653143488774573
Huddersfield,england,West Yorkshire,Yorkshire and the Humber,Muslim,20.823843033082486,33.880259714137,4.809455516507879,17.57605250607794,22.910389230194696,21.5722675,12.89578482362414,17.62910066978778,16.8469551108099,13.814366654565529,0.7547908999999999,16.486734341212657
Huntingdon,england,Cambridgeshire,Eastern,Average,1.06623746259159,35.57895924127158,6.027349748769492,43.71186184617656,13.615591701190777,1.914673,7.514558634833238,10.38961711492678,25.19639687769984,23.77803118880491,11.0945811,20.112142083735232
Hyndburn,england,Lancashire,North West,Reforms,12.28479890074053,50.87493303803048,0.0,25.87067110240076,10.969596958828234,14.8203688,10.31451994324451,7.242338523128058,24.13323344770346,15.73442035910987,1.8608055,25.894313426814094
Ilford North,england,London (Redbridge),London,Muslim,41.58157544278703,0.0,14.846329020294288,23.38443995395211,20.187655582966567,30.5585082,11.86376377853184,21.320184519396683,0.0,13.373863539431635,18.7746717,4.109008262639836
Ilford South,england,London (Barking and Dagenham; Redbridge),London,Muslim,53.77554097851854,0.0,4.965436869044939,13.071679393343869,28.187342759092644,41.3951175,14.35132258446007,25.03966156532761,0.0,4.359491960983077,12.0790541,2.7753522892292404
Ipswich,england,Suffolk,Eastern,Average,4.551062315331337,49.926782270211596,13.069286480513679,19.077007236594234,13.375861697349153,4.011496299999999,9.75571298246404,14.301284196030789,31.75196613224375,14.6039557529769,2.1618024,23.41378223628452
Isle of Wight East,england,Isle of Wight,South East,Average,0.0,47.886395535104064,0.0,42.694088426240036,9.419516038655905,0.3360812999999999,6.288503216778429,7.337687887470011,31.74433117801117,19.10649348915169,7.1514481,28.035454828588705
Isle of Wight West,england,Isle of Wight,South East,Average,0.0,47.09012245010021,0.0,41.32355078058939,11.586326769310391,0.5054069999999999,6.933511974543616,7.404181105660469,31.88461789619521,16.813228409981065,9.3879973,27.07105631361964
Islington North,england,London (Islington),London,Progressives,2.7395956893011735,6.549566621319211,39.82894138614125,14.646624659276869,36.235271643961504,12.4304588,12.60623690694566,42.55449400937397,2.475371884400971,17.46422081868831,5.7881441,6.681073480591083
Islington South and Finsbury,england,London (Hackney; Islington),London,Progressives,1.6928931581860052,3.3785950402641505,39.71463674474081,13.67382821161873,41.54004684519032,11.3965642,16.42589464282241,41.38071690151356,0.0,18.751440946709906,5.724119399999999,6.3212639089541405
Jarrow and Gateshead East,england,Tyne and Wear,North East,Average,0.0,69.22003906863603,4.305852456882458,18.31379529941254,8.16031317506897,1.4225736,8.90921941259618,5.689199207739764,34.69402182016853,16.706889520921198,0.1864461,32.39165033857432
Keighley and Ilkley,england,West Yorkshire,Yorkshire and the Humber,Average,12.574468686104437,36.207443390252074,0.0,36.378604885421986,14.839483038221497,15.7395854,8.830377707575527,8.252033484010912,22.85835391014153,19.687325631471488,3.9029222,20.72940166680055
Kenilworth and Southam,england,Warwickshire,West Midlands,Liberal,0.7978118257171934,20.986742602648153,6.2000258573751355,56.789868094579454,15.22555161968007,0.7718751,8.77999676886176,8.325632409137372,15.089214462187243,35.71101033200224,15.616355700000002,15.705915227811378
Kensington and Bayswater,england,London (Kensington and Chelsea; Westminster),London,Progressives,0.0,0.0,77.16372130679964,5.744536078697752,17.091742614502607,12.58166,12.35223268055487,30.361602931938226,0.0,11.958377024516937,28.6887799,4.057347462989973
Kettering,england,Northamptonshire,East Midlands,Average,3.5344828729330655,48.009901353069075,5.6819053148472465,32.342715638493324,10.430994820657288,1.4086799,8.392775158729254,11.42849254679008,30.506899141482805,18.14366347740744,5.0711302,25.048359575590432
Kingston and Surbiton,england,London (Kingston upon Thames),London,Liberal,9.213766402037473,2.9958616457134024,24.529814793734744,37.825085605003,25.435471553511395,6.9416333,12.38960652039751,20.23947715901487,18.81037906865447,24.97887569024721,7.143462799999999,9.49656546168595
Kingston upon Hull East,england,East Riding of Yorkshire,Yorkshire and the Humber,Reforms,0.956155480472363,77.91628624650711,2.0991205844007257,9.531050949339036,9.497386739280767,1.1505162,9.612921051970533,6.063946464954638,33.226707750152855,12.126697522989463,0.2992911,37.5199199099325
Kingston upon Hull North and Cottingham,england,East Riding of Yorkshire,Yorkshire and the Humber,Average,3.4857300828233058,56.95255805665369,4.775502727112289,14.656467142660468,20.129741990750244,4.5757972,13.33347307523001,11.281908683302964,33.42816355611188,10.017353188519133,0.4134057,26.949898596836007
Kingston upon Hull West and Haltemprice,england,East Riding of Yorkshire,Yorkshire and the Humber,Average,0.8380845351734407,58.34890146276501,6.175884535879541,22.443108168411317,12.19402129777068,3.1649549,8.509881740287433,10.146392155842848,32.23112673187093,16.065201614975148,0.3439214,29.538521457023634
Kingswinford and South Staffordshire,england,Staffordshire; West Midlands,West Midlands,Average,0.7623687093535215,42.502495852935795,2.6101922836915037,47.996140327192876,6.128802826826302,0.4732699,7.259382282821238,6.668976348883426,30.960468377823616,27.45214315094909,3.8928241,23.292935839522634
Knowsley,england,Merseyside,North West,Average,0.0,74.33046147943456,10.57740346055113,15.092135060014309,0.0,0.5555496,9.552631236414271,5.998903385954923,37.27001950838397,14.513671765516966,0.2713831,31.837841403729865
Lancaster and Wyre,england,Lancashire,North West,Average,1.8818636995713802,30.964387483904115,0.0,38.87944407623415,28.27430474029035,2.4350951,19.60436398513365,8.72770663833474,22.06782729827023,17.971388251482253,9.5943499,19.59926882677913
Leeds Central and Headingley,england,West Yorkshire,Yorkshire and the Humber,Left,9.155982176650888,0.7029312726615207,0.0,17.604284456726862,72.53680209396073,9.9377597,45.62886658391881,23.002680624311807,2.773102154443393,7.4489415455230255,2.3250785,8.883570891802966
Leeds East,england,West Yorkshire,Yorkshire and the Humber,Reforms,12.091412342573129,51.53142233602094,9.203816291036507,16.727052268844847,10.446296761524588,12.7115106,11.67551853301278,14.877380179699646,20.25621420606984,17.1873759722553,1.8855394,21.406461108962443
Leeds North East,england,West Yorkshire,Yorkshire and the Humber,Liberal,17.004824939484962,7.64013997998943,14.280643311909657,37.31209141687193,23.762300351744024,13.553753399999998,9.298061812467251,23.359103456805546,11.067112270732936,25.502822118827797,6.5067956,10.712351341166483
Leeds North West,england,West Yorkshire,Yorkshire and the Humber,Liberal,2.4100461734909033,22.586381902682156,4.538206505396614,53.65971782087568,16.805647597554664,2.125755,8.63949179460031,8.816791636382975,26.585146980076274,34.05616026611916,2.6791026,17.097551722821294
Leeds South,england,West Yorkshire,Yorkshire and the Humber,Progressives,10.87877210405874,53.95773369004083,17.862714491342814,0.0,17.300779714557628,12.0765335,14.46394075981969,26.67858031810501,15.720196547388523,9.725811034240198,1.2886888,20.046249040446583
Leeds South West and Morley,england,West Yorkshire,Yorkshire and the Humber,Average,2.8314948215485676,43.36515088660013,2.8521065137760653,36.19269912568964,14.758548652385603,1.7069553000000002,9.164538114980282,9.636811280246482,28.519510925711444,24.494779722370776,1.7032831,24.77412155669101
Leeds West and Pudsey,england,West Yorkshire,Yorkshire and the Humber,Average,6.749789753918386,43.9525634678761,5.607351072163806,26.178755143117765,17.511540562923937,5.7777645,9.962025632697904,14.07495515650722,26.192656811894835,19.514641821968866,1.1113149,23.36664117693117
Leicester East,england,Leicestershire,East Midlands,Blues,63.02272233601709,18.364731492807014,0.0,0.0,18.612546171175886,25.6367472,14.166675218323672,13.0063892040235,0.0,2.823886482143081,37.5887379,6.777563995509749
Leicester South,england,Leicestershire,East Midlands,Muslim,38.78483560580659,14.823155882281219,0.0,4.299347912047699,42.09266059986449,34.8285382,24.61258721256872,18.81693563167453,0.0,4.149640678466506,8.956086599999999,8.636211677290252
Leicester West,england,Leicestershire,East Midlands,Progressives,18.457426736846813,49.150483043894845,14.543190933625006,0.0,17.848899285633333,10.4768451,16.180742334588448,22.63538806256102,16.571547066982504,8.590992842704843,7.508498900000001,18.035985693163187
Leigh and Atherton,england,Greater Manchester,North West,Average,0.4302313906068246,57.98792970294502,8.147060470252383,27.737656765410613,5.697121670785155,1.4716622,8.61433927413058,8.201056008829154,33.68338071016102,18.40866420240693,1.0097209,28.61117670447232
Lewes,england,East Sussex,South East,Average,0.0,31.87878652202283,1.091095950362169,51.481593085868504,15.5485244417465,0.6993007,7.310329296366716,7.772670661442488,34.85139284021281,23.54632714168929,5.4488848,20.37109456028869
Lewisham East,england,London (Lewisham),London,Progressives,7.336377785813049,26.39677571774811,38.64175439382991,12.260968845237898,15.36412325737101,7.480822199999999,10.10336086709496,43.56410038572254,9.12539440316354,17.11067794820802,4.3235773,8.292066895810937
Lewisham North,england,London (Lewisham),London,Progressives,3.4202244959932884,6.35052621373289,40.54666906317043,13.745116557611711,35.937463669491684,8.3139813,12.29352632018009,50.502228381021936,3.532363302578375,15.917163576733552,2.9371969,6.503540219486063
Lewisham West and East Dulwich,england,London (Lewisham; Southwark),London,Progressives,3.6004970160399856,5.52153052772638,32.323271494911836,31.69032749494291,26.864373466378893,5.260357,8.283410138248847,38.29603317983211,9.98458723902644,26.79981372953768,3.5201719,7.855626813354921
Leyton and Wanstead,england,London (Redbridge; Waltham Forest),London,Progressives,17.991797650985525,7.640495539279795,28.628272582174603,22.1686936597598,23.570740567800268,22.2107553,9.332339987290998,32.02556854896094,8.82778012675361,17.055011700779296,4.2496055,6.298938836215154
Lichfield,england,Staffordshire,West Midlands,Liberal,0.0,40.02059283004599,2.7050588715259445,47.0232843379231,10.251063960504968,0.4927235,7.239985299522234,6.607102096040195,27.24818611861696,28.604802300445037,6.3877383000000005,23.41946238537558
Lincoln,england,Lincolnshire,East Midlands,Average,0.6934404907401404,47.1699087146719,0.0,23.492539129908582,28.644111664679382,1.6818465,19.567621817585888,10.134110608235495,31.071475414207868,11.160192396399854,2.0797196,24.3050336635709
Liverpool Garston,england,Merseyside,North West,Average,0.7266689478315371,49.91735461390693,12.82375505844323,29.5640958764932,6.968125503325109,1.8713338,9.683974119031074,7.857591713426565,32.33797169319682,22.77643845672169,1.5663521,23.90633811762385
Liverpool Riverside,england,Merseyside,North West,Left,5.644604892561013,34.24588321482423,16.88120948996174,0.0,43.22830240265302,10.1064236,30.48360869291788,21.52631401933575,14.884006719842844,5.64854608549818,1.3937844999999998,15.957316382405354
Liverpool Walton,england,Merseyside,North West,Average,1.3917441636816612,72.88715505534307,12.49466957640997,11.152886801233267,2.073544403332039,1.4314748,11.28510466887374,8.277395028687193,38.49123486004967,9.972310641353316,0.5115215,30.030958501036075
Liverpool Wavertree,england,Merseyside,North West,Left,5.8467965142891165,25.857038632591106,14.587377528711421,21.095709699982322,32.61307762442603,8.2952942,23.244041579291512,18.776223708323343,19.07359692510292,14.098846513341329,1.4881503,15.02384677394091
Liverpool West Derby,england,Merseyside,North West,Average,2.5040426691003854,63.78510769753027,11.281910467535777,16.74639380955184,5.682545356281727,2.3937018,10.70381785017924,9.517303933966437,40.38389735635434,9.538362467497786,0.5560295000000001,26.9068870920022
Loughborough,england,Leicestershire,East Midlands,Left,7.3456182386619355,25.49183375397504,0.0,34.403834109267336,32.758713898095685,4.3117827,21.919807877945946,10.593463677517004,18.52245869706317,19.30490011433537,7.4463972,17.901189733138516
Louth and Horncastle,england,Lincolnshire,East Midlands,Reforms,0.0,55.88975720044218,0.0,39.77727429318059,4.3329685063772265,0.2867198,6.431919764526314,6.09569903372139,24.087539361400843,18.8789036239996,13.901837100000002,30.31738131635185
Lowestoft,england,Suffolk,Eastern,Average,0.0,61.56045710648036,0.0,29.242064368797354,9.197478524722282,0.4198881,7.675969311569954,6.3787334098794,34.140254384530394,15.666234676898894,1.9718504,33.74706971712136
Luton North,england,Bedfordshire,Eastern,Muslim,33.5453741481242,27.765587875971676,6.105216032256056,17.17743618279839,15.406385760849673,32.545462400000005,11.79775918631443,19.41992279500868,10.069217562594275,12.64111153824436,3.7164701,9.810056417838254
Luton South and South Bedfordshire,england,Bedfordshire,Eastern,Muslim,27.942242576187088,29.48390021891627,14.687221464526976,9.814827530333337,18.07180821003634,29.7314148,13.00244391901289,21.08384909271878,8.071170829790148,11.992695949125912,5.625853299999999,10.492572109352285
Macclesfield,england,Cheshire,North West,Average,0.0,29.139263234045732,4.592042296710592,52.270160686730506,13.998533782513183,0.7104666,6.454022559199204,8.277688819059737,32.81409124891586,29.17611869168041,3.1678055,19.3998065811448
Maidenhead,england,Berkshire,South East,Liberal,8.73148662594774,12.51816109393587,16.312381866388293,49.29682986273865,13.141140550989446,6.0986143,7.45624745624745,14.25222446388154,17.279899302741924,34.02759709922899,8.7922982,12.093119177900098
Maidstone and Malling,england,Kent,South East,Average,3.213322170541603,37.12273522998652,12.158339017811533,35.81938164472344,11.68622193693691,2.3158108,8.548147161349053,11.91262827619274,31.965941250478267,20.20160681861737,5.3007035,19.755162193362565
Makerfield,england,Greater Manchester,North West,Average,0.0,60.73272993262496,4.470141472422826,31.555319935721336,3.2418086592308826,0.8336806999999999,8.836618681983778,5.289826788433419,35.40857398817751,18.4287390316376,0.4916896,30.71087120976769
Maldon,england,Essex,Eastern,Liberal,0.0,41.06054561337386,1.1479616306659017,49.03015665561291,8.761336100347329,0.5891414,7.67367780574809,5.7947866859455335,25.248254641858395,28.51147274764902,9.8331231,22.34954361879896
Manchester Central,england,Greater Manchester,North West,Progressives,11.49303180191548,14.361530306603953,18.39781162989355,11.516876388991093,44.23074987259593,15.9851331,22.62746721390887,30.774404145867145,4.502282941988653,11.889854331636911,1.4681882,12.752670066598418
Manchester Rusholme,england,Greater Manchester,North West,Left,25.16225596420813,2.4754671688098013,12.584739403279405,0.0,59.77753746370264,33.708647,36.55769487213674,20.20082205117568,0.0,0.6179766289603525,2.9112079,6.003651547727222
Manchester Withington,england,Greater Manchester,North West,Progressives,10.503378239660579,0.0,9.303895680359446,33.79062625973161,46.40209982024837,14.1397607,20.86393821184869,23.82843816656941,9.20691017811066,20.01319407274156,3.0499413,8.897817370729676
Mansfield,england,Nottinghamshire,East Midlands,Reforms,0.7414318139982907,65.44353170388158,3.922013735157986,21.923515310798678,7.969507436163473,1.0823436,7.894643553475826,7.062876817670668,33.037789911168446,15.091655381510051,2.7683479,33.062342836175006
Melksham and Devizes,england,Wiltshire,South West,Liberal,0.0,37.848951348168356,1.221630805833885,49.59650621294623,11.332911633051522,0.5010998,6.9362516816723385,6.681520368671003,25.15006244008822,27.65721349994294,10.001492700000002,23.072359509625503
Melton and Syston,england,Leicestershire,East Midlands,Reforms,5.5451897745912655,40.287743441236934,1.2860187577301105,42.38632420549909,10.494723820942605,0.9432463,8.108590819789233,7.933730503975485,20.019846959078308,24.453485681422062,13.9931434,24.547956335734906
Meriden and Solihull East,england,West Midlands,West Midlands,Liberal,6.199977479225488,36.15505089154931,8.471325720920133,39.54293916330284,9.63070674500222,3.4516745,8.751278118609388,10.36064760966538,21.925033692990013,29.32115986510785,6.2718093,19.91839691362737
Mid Bedfordshire,england,Bedfordshire,Eastern,Liberal,3.3846699064282704,26.070310624931857,7.667276765157531,50.112075340978244,12.765667362504091,1.5488391,8.277930336753844,9.281675931010994,14.886908845472476,33.31734769946989,15.840526,16.84677208729279
Mid Buckinghamshire,england,Buckinghamshire,South East,Liberal,1.428421030010598,20.60693531599999,12.692294715313585,56.04947704478983,9.222871893885994,1.6237716999999998,7.357605761695664,8.965038287326376,10.988281693661634,34.973587407152785,21.6607902,14.430924950163527
Mid Cheshire,england,Cheshire,North West,Average,0.0,49.69500975318702,3.935355299609602,35.558938658220086,10.810696288983298,0.559864,8.227864283705346,6.807863753207278,34.10614807978574,22.06804589937003,0.8840756000000001,27.34613838393161
Mid Derbyshire,england,Derbyshire,East Midlands,Liberal,0.0,33.63258164396804,0.3251661095839013,51.537976862832814,14.504275383615239,0.6023001,7.779823116635049,6.856580188565882,27.295674728818227,30.07761257717637,4.4270414,22.96096788880447
Mid Dorset and North Poole,england,Dorset,South West,Average,0.0,37.50558787455466,0.0,52.17693125514747,10.317480870297876,0.4540104,7.437974747538564,6.055096999708261,28.987850247162328,28.22112242425673,6.206653800000001,22.63729138133412
Mid Leicestershire,england,Leicestershire,East Midlands,Liberal,11.926899763893548,28.945674725463792,0.0,45.46982711561539,13.657598395027263,1.7729764,8.186866248189279,10.644196223795902,20.858991122105422,24.59267422720124,14.1570999,19.78719587870816
Mid Norfolk,england,Norfolk,Eastern,Reforms,0.0,52.21258474064523,0.3512863031436747,40.68094976478411,6.755179191426983,0.4377073,7.1369753579548885,6.654816632548847,26.108498543758884,21.1667924701825,10.5536831,27.941526595554887
Mid Sussex,england,West Sussex,South East,Liberal,1.7619685699274559,22.749065132933335,7.97897752086389,52.994351987055225,14.515636789220101,1.2205409,7.056154141817399,9.255658307942529,30.021999699783063,31.958730850169427,4.6275347,15.859381400287583
Middlesbrough and Thornaby East,england,North Yorkshire,North East,Average,12.099736082638287,58.64192859900508,4.679819245525241,7.095616278965998,17.482899793865382,13.1051393,12.82712903783036,11.623727108445353,27.873769406870352,8.216118932257158,1.2133827,25.140733514596786
Middlesbrough South and East Cleveland,england,North Yorkshire,North East,Reforms,0.0,59.96318513346354,0.7919187861313406,30.737171458185614,8.507724622219508,1.166553,8.357649020425173,5.735812235562351,30.24528282682826,18.179353091550123,5.759164800000001,30.556185025634104
Milton Keynes Central,england,Buckinghamshire,South East,Progressives,11.417228739673428,26.051772842421027,22.946395413358466,22.357225835332457,17.227377169214623,8.0911165,9.535644592875911,27.175324531601472,14.02400848506062,20.442542596822737,7.2054179,13.525945393639253
Milton Keynes North,england,Buckinghamshire,South East,Liberal,6.635718155689426,30.051635986855274,12.638527961170437,37.18665517724645,13.487462719038417,5.6504889,7.862751963187107,15.889845854304186,17.557187457955735,26.817393007583192,8.7864433,17.43588951696978
Mitcham and Morden,england,London (Merton),London,Progressives,14.594138398134243,20.758797805736442,32.335044220584095,19.390914586885202,12.921104988660012,12.6929106,10.12369230144798,29.364147758097307,13.949427722300925,17.883106600617285,7.795454199999999,8.191260817536506
Morecambe and Lunesdale,england,Cumbria; Lancashire,North West,Reforms,0.0,44.14597254939655,1.428746305640108,46.16611420311445,8.259166941848898,0.4312975999999999,8.959255924112131,7.172512821290883,24.5908166758982,22.16576131326402,10.2610932,26.419262465434763
New Forest East,england,Hampshire,South East,Average,0.0,42.275658048240516,0.0,47.54190421367455,10.182437738084932,0.3040485,7.141799582744457,6.247811670872167,28.77343359146852,25.527910817049936,7.107353300000001,24.89764253786493
New Forest West,england,Hampshire,South East,Average,0.0,35.967048448894516,0.2016562986397451,54.77949601846959,9.051799233996146,0.3693857,6.198766926920232,6.719296091824887,30.301138100717225,27.42534631377585,6.8011566000000006,22.184910266761804
Newark,england,Nottinghamshire,East Midlands,Average,0.0,42.33763972012193,3.1590145761664212,43.74669779466558,10.756647909046082,0.6215437,7.750436398445847,7.634548372729072,25.877140189269483,24.506781270680293,9.7093241,23.900225968875304
Newbury,england,Berkshire,South East,Liberal,0.6364158621458643,35.13599346753332,10.019106118448187,42.20361390806938,12.004870643803251,1.1253789,7.7288565093443,10.69455836791952,23.38324139476788,27.91584497887243,8.697860200000001,20.454259649095874
Newcastle upon Tyne Central and West,england,Tyne and Wear,North East,Left,12.611491786083468,42.657945887768484,5.550492786273295,8.702339254052479,30.47773028582227,14.6178792,21.226546681664672,13.877165412296172,19.68133068824983,10.361428564654908,1.4119195,18.823729953134418
Newcastle upon Tyne East and Wallsend,england,Tyne and Wear,North East,Average,1.9457350422415773,48.37982547954965,2.7171319500654123,18.103065544463806,28.854241983679547,3.4096249000000003,18.46085047564831,11.547083664276354,27.50384854974249,13.938874336936156,0.9946834,24.145034673396697
Newcastle upon Tyne North,england,Tyne and Wear,North East,Average,5.1514277999575055,18.3962386651703,0.0,39.947194782665214,36.505138752206975,4.2059008,20.390261952180342,13.365098484683736,27.96456926247143,17.81768385449607,1.857005,14.399480646168428
Newcastle-under-Lyme,england,Staffordshire,West Midlands,Reforms,1.6980029295081185,47.78047952202752,2.0546811152739446,31.286172067149902,17.180664366040514,2.1829925,14.63665709274838,7.400688351046225,24.75064392730744,20.286992879079325,4.3162485,26.42577674981863
Newton Abbot,england,Devon,South West,Average,0.0,42.05628877623703,0.0,46.400347341467516,11.54336388229544,0.3288522,6.69977714103787,7.126586978290629,34.29289997180689,21.52718523580168,3.880700000000001,26.14399847306293
Newton Aycliffe and Spennymoor,england,County Durham,North East,Reforms,0.0,63.29884787164733,0.8003844935696663,26.753479316035815,9.147288318747176,0.3777138,9.41928771711686,6.060711471567512,23.47751705993487,17.511436345098964,10.3829565,32.7703771062818
Normanton and Hemsworth,england,West Yorkshire,Yorkshire and the Humber,Reforms,0.0,71.4507007267894,4.087319167196484,19.858735244937805,4.603244861076304,0.6223301,8.30654249955513,5.5925954692176685,21.92768527588919,17.568332063780627,10.6551689,35.3273456915574
North Bedfordshire,england,Bedfordshire,Eastern,Liberal,2.578795849100889,29.142987376492176,7.362521921427845,48.56449382010609,12.351201032873005,1.5458131,7.786174941344294,9.88158265451398,19.391373232402287,30.878537224482557,12.4983686,18.01815024725688
North Cornwall,england,Cornwall,South West,Reforms,0.0,49.50505947712026,0.025317835590630843,42.30322159758226,8.166401089706845,0.2430415,7.089456674187447,6.986413778665064,25.674266172929062,17.91411389992135,14.6511,27.44160797429707
North Cotswolds,england,Gloucestershire,South West,Liberal,0.0,30.521040333801352,6.042653910218742,53.95202545350292,9.484280302476998,0.342284,6.951410859891452,8.405203735928835,21.730439528573868,30.43213260730476,13.123097,19.01543226830109
North Devon,england,Devon,South West,Average,0.0,47.82540227472335,0.0,42.491542243968915,9.683055481307742,0.4370709,7.391504742498108,7.409048207013413,28.597673061045622,17.871601194459398,11.028765,27.264336894983447
North Dorset,england,Dorset,South West,Average,0.0,40.50892714600487,1.4893097923484577,50.205214506642136,7.7965485550045415,0.290913,7.118696186961849,7.014062389792596,24.79066472158216,24.540283360778364,12.8285996,23.41678074088503
North Durham,england,County Durham,North East,Reforms,0.0,57.99313141231852,0.0,31.25182843658219,10.755040151099296,0.4969991,8.922905790597998,6.219059819789675,29.917619097158266,18.576889460074565,5.383179,30.4833477323795
North East Cambridgeshire,england,Cambridgeshire,Eastern,Average,0.0,66.11985631647173,5.591646578329968,25.369916861827473,2.9185802433708363,0.6656321,7.594801368561106,6.80412132351605,33.09406891492026,15.42172774748168,5.015248,31.40440054552092
North East Derbyshire,england,Derbyshire,East Midlands,Average,0.0,53.048062822632026,0.0,37.80723054440526,9.14470663296271,0.3775381,7.235344794332062,4.678324775556029,30.41828633803064,22.406614408799623,6.244985400000001,28.638906183281645
North East Hampshire,england,Hampshire,South East,Liberal,0.3100023344102818,17.72464029988454,7.910530563863162,59.51693041711249,14.537896384729528,0.7201157,7.427174478693907,8.989793617322846,19.77805556725897,38.81931835171651,9.9535457,14.31199658500776
North East Hertfordshire,england,Hertfordshire,Eastern,Liberal,1.4894439021256647,31.468397441447323,8.543923369494834,45.342928640670536,13.155306646261641,0.8259799,7.46035747296145,10.066349182118104,22.416150481138743,31.219123497272523,9.1301742,18.881865266509195
North East Somerset and Hanham,england,Somerset; Gloucestershire,South West,Liberal,0.07120291000044698,35.52107532744712,0.0,49.89894278070124,14.508778981851192,0.4929717999999999,9.741065149287133,5.700318251696785,26.52043484485728,28.05267423902379,7.538430099999999,21.954105615135024
North Herefordshire,england,Herefordshire,West Midlands,Liberal,0.0,39.32215798640361,2.761576292367327,51.13263295935252,6.783632761876544,0.2948484,6.381790796717561,7.733582290679378,20.766945290968664,25.422374820574973,16.180776400000003,23.21968200105941
North Norfolk,england,Norfolk,Eastern,Reforms,0.0,48.85587670310254,0.0,44.796705419930916,6.347417876966537,0.1713274,5.792843183502919,6.303735421206032,21.38350579147803,20.793412535550747,17.250382400000003,28.30479326826227
North Northumberland,england,Northumberland,North East,Reforms,0.0,47.74417405076864,0.0,42.506258652309484,9.749567296921873,0.3788208999999999,6.196976220021771,7.274660378216222,24.88762011478964,20.139721930991342,14.0539,27.068300455981024
North Shropshire,england,Shropshire,West Midlands,Reforms,0.0,48.98427012202918,2.1768507635866587,42.26128297998941,6.57759613439475,0.4339082,7.714411761199004,6.80113028196673,22.342019677382808,21.924569561188942,13.8173762,26.966584318262512
North Somerset,england,Somerset,South West,Liberal,0.0,26.1673248652509,1.5725784552506754,57.90513475764725,14.354961921851173,0.4839684999999999,7.0557525226945,7.403135738527275,28.138349559845352,32.05012101848128,6.0014122,18.867260460451583
North Warwickshire and Bedworth,england,Warwickshire,West Midlands,Reforms,3.22448995513031,56.02027041564379,3.761234937905369,31.498585244940635,5.495419446379884,0.7387953,8.357180778743167,8.910888928769955,23.129463592357496,21.53730605795624,7.8881564,29.43820894217314
North West Cambridgeshire,england,Cambridgeshire,Eastern,Average,4.118953868328246,42.66536193996352,13.46253916299377,32.13914821394118,7.61399681477327,2.9128254,8.573745165284272,13.41928873607746,22.677126961138043,22.61772978425184,9.0073833,20.79190065324838
North West Essex,england,Essex,Eastern,Liberal,1.2080924287787307,30.782067248391716,8.263833762789519,48.79112447278601,10.954882087254028,0.9050553,7.910033148139495,8.667495434585014,20.9421500029284,28.99045081864029,15.201866,17.382949295706805
North West Hampshire,england,Hampshire,South East,Average,1.0174528298857979,37.922816727208755,6.867509294841466,41.130713787587666,13.061507360476309,0.9573446,7.715838791848624,9.413699909685358,29.58702234504153,23.957390694832835,7.598495300000001,20.77020835859166
North West Leicestershire,england,Leicestershire,East Midlands,Reforms,0.0,47.231713509041704,2.14210641564041,38.91378171943064,11.712398355887247,0.4146997,8.726409551340804,6.541164680988295,21.94750734832084,26.03071852468089,8.9133601,27.42614009466917
North West Norfolk,england,Norfolk,Eastern,Reforms,0.0,60.78924698946775,4.301051871906561,29.92191180429658,4.987789334329105,0.5965082,7.0645352279455125,7.058871327253085,28.645223321149217,16.028988333287653,10.7377644,29.868109190364528
Northampton North,england,Northamptonshire,East Midlands,Average,6.893569949103778,49.71749125039615,18.637832795166428,13.758272697869156,10.992833307464496,7.2435972,11.70058069548636,18.295537658600114,27.410447776667155,13.845507599603904,1.776771,19.727558069642463
Northampton South,england,Northamptonshire,East Midlands,Average,6.561300656788389,37.66820660359747,13.10718694352163,32.40789372925779,10.255412066834715,3.669882700000001,10.49193060203535,15.510515001413063,28.705204288234583,20.781059385841285,2.3458947,18.49551332247572
Norwich North,england,Norfolk,Eastern,Average,0.03645960565157687,50.550660681642,3.3321713704951703,31.115019374118337,14.96568896809291,1.7270077,8.796346898871752,7.877072560085969,34.346556277323984,19.656002131426924,0.4993393,27.09767513229137
Norwich South,england,Norfolk,Eastern,Average,1.9277492543186892,28.802671717554023,4.8618374075952415,24.051651688724725,40.35608993180732,2.901319,20.934464011997814,15.50376638855614,25.195307223287852,14.273762225926212,2.7637891000000003,18.427592050231976
Nottingham East,england,Nottinghamshire,East Midlands,Left,16.050480746668157,19.565166812520665,9.412969624877872,10.946282382361506,44.025100433571815,16.8635267,28.08349146110054,25.608420405972154,6.511600610620505,9.441587020341716,1.815214,11.676159801965078
Nottingham North and Kimberley,england,Nottinghamshire,East Midlands,Average,10.22479953032443,56.73792376220723,11.702610237343642,10.087584782861606,11.247081687263085,7.6039578,11.23353612075324,17.69065291499564,24.845312845603036,13.928504899703574,1.3728777,23.325157718944524
Nottingham South,england,Nottinghamshire,East Midlands,Left,13.294906089723439,28.658294452174065,0.5775256103168398,12.197055023255205,45.27221882453045,10.1790384,34.39571981881429,18.321243058691177,11.246088887081385,8.339899321850735,3.1297983,14.388212213562406
Nuneaton,england,Warwickshire,West Midlands,Average,6.1643652342515765,52.80563283734394,4.8337576956247075,27.110720211201944,9.08552402157783,3.5351708000000004,8.554647911400886,9.542972735651256,30.89663552644855,17.35272232104852,2.6314492,27.486401505450782
Old Bexley and Sidcup,england,London (Bexley),London,Average,6.515797538442499,26.018272750031517,13.132991724194115,43.285552877155226,11.047385110176645,3.2070432,9.57378664695736,12.773070712910584,27.65570951756949,25.786738415784217,5.4553369,15.548314606778348
Oldham East and Saddleworth,england,Greater Manchester,North West,Average,18.082226220565104,46.014708159813914,1.7644576494037607,23.230022685864686,10.908585284352531,20.8411981,10.65513984048977,9.55053181008838,20.98104813634278,16.72550656732841,0.8001217,20.44645384575065
"Oldham West, Chadderton and Royton",england,Greater Manchester,North West,Muslim,27.851931530257378,47.00219213707682,0.0,10.348161567587526,14.797714765078279,32.1252589,12.73399584007396,9.698299561859503,14.707900910256512,11.731622227579756,0.8819572,18.120965360230283
Orpington,england,London (Bromley),London,Liberal,6.411221116189463,23.980345469327197,15.662929300710623,42.78286100917385,11.16264310459887,2.5247127000000003,8.29841501184186,12.850226754364192,27.9615054102174,28.136125153552285,6.3642917,13.864723270024262
Ossett and Denby Dale,england,West Yorkshire,Yorkshire and the Humber,Liberal,0.9161401005080518,41.61177815452686,1.084121718083994,43.779311293662154,12.608648733218939,2.4264919,8.087918402528357,7.137253082107148,25.33645429012057,26.395551369566785,6.761770800000002,23.854560155677145
Oxford East,england,Oxfordshire,South East,Progressives,10.13268271542166,19.077569453871796,17.312386743585122,18.59782068522605,34.879540401895376,10.5052105,18.89397098022125,22.028364684107743,20.113227082674896,13.37013933148888,3.0382101,12.050877321507228
Oxford West and Abingdon,england,Oxfordshire,South East,Liberal,2.117903444744674,2.826866559484411,14.004698917360258,41.96541258295735,39.08511849545332,2.9257597,21.22550988530367,14.730927139205962,17.817256117560163,26.210413375322577,7.044222899999999,10.045910882607629
Peckham,england,London (Southwark),London,Progressives,5.079989313336499,22.772716768401267,39.57389996023115,0.0,32.573393958031076,11.3049592,14.547899086178951,56.28880707749619,0.0,9.141392987416816,1.8945173,6.822424348908045
Pendle and Clitheroe,england,Lancashire,North West,Reforms,13.530575870379863,44.0847842981469,0.0,30.618627093211558,11.766012738261669,16.4336596,9.272225040870389,7.643350534451663,21.116695527305254,18.1829361130606,3.8997034,23.451429784312094
Penistone and Stocksbridge,england,South Yorkshire,Yorkshire and the Humber,Average,0.0,45.64165131173028,0.0,44.240418417339605,10.117930270930112,0.5830216,7.76314192878618,5.268397976024403,28.50571012054988,26.889731734338284,4.622166200000001,26.36783044030126
Penrith and Solway,england,Cumbria,North West,Reforms,0.0,50.488182907004955,1.523541846659107,41.7623225934046,6.225952652931336,0.2838367,6.756641947738275,5.4306696059076325,20.708719852979986,21.747268354978512,16.4599,28.612963538395608
Peterborough,england,Cambridgeshire,Eastern,Average,16.265724751894176,54.365076447571624,15.448489539877377,7.585047036702242,6.335662223954581,17.8287459,10.413384426171191,13.643557754241742,23.57172852136108,12.052978154691443,3.7535619,18.736043343534543
Plymouth Moor View,england,Devon,South West,Average,0.0,66.38822610132975,0.0,23.877649956445698,9.73412394222455,0.7176296000000001,10.11511511511511,5.678895421781435,38.85571995047833,12.348355341713324,0.3329595999999999,31.9513249709118
Plymouth Sutton and Devonport,england,Devon,South West,Average,0.5042402744486557,37.25809221191344,1.1213305358968457,26.1829385138583,34.933398463882746,2.3717734,19.49914542617225,13.758181196263,29.082122086189315,12.229556010676443,0.5754833,22.48373858069899
"Pontefract, Castleford and Knottingley",england,West Yorkshire,Yorkshire and the Humber,Reforms,0.0,69.94978784890303,3.790456596620581,19.5969871150121,6.662768439464299,0.5450400999999999,8.27301180650384,5.572824180632023,31.59791608246684,18.05143909304382,0.5830144,35.37675433735348
Poole,england,Dorset,South West,Average,0.0,38.923504284454204,5.3650987542287805,42.315885476274595,13.395511485042425,1.0134058,7.825870955722521,9.84809846609542,34.95308298908381,22.47279126447985,1.3199841,22.566766424618397
Poplar and Limehouse,england,London (Tower Hamlets),London,Muslim,22.781711367297593,0.0,25.932966804541437,4.470307291762065,46.815014536398905,35.8619744,16.49422342693743,26.756136127842176,0.0,9.05971621849548,8.2657894,3.562160426724923
Portsmouth North,england,Hampshire,South East,Average,3.1798075485469113,48.53435017584999,1.4347511647612734,32.47755396335052,14.3735371474913,2.6395158,10.26097491624324,9.832380476570414,34.30149094080744,16.90007872533789,1.0512686,25.01429054104101
Portsmouth South,england,Hampshire,South East,Average,5.387671175924129,29.443300433392917,6.39914163720432,22.196944253403554,36.57294250007509,6.9815519,20.39811454368405,18.977732885789514,24.201424825194096,11.14581732679997,1.652313,16.64304551853236
Preston,england,Lancashire,North West,Average,18.04324577600125,40.85452420203482,4.497972893053644,14.20724086613687,22.397016262773423,18.1504091,16.64276206494478,12.09063710267033,19.90008765568757,11.27790599705066,3.0211509,18.917047179646666
Putney,england,London (Wandsworth),London,Progressives,3.6764818839697946,0.0,38.51167285666243,31.09691356963595,26.714931689731824,10.6505686,10.36178167750858,32.918921868279774,7.610673680236914,24.24879747696219,7.5245441,6.684712597012543
Queen's Park and Maida Vale,england,London (Brent; Westminster),London,Progressives,11.432336050662977,10.705959511828379,53.95347557943049,0.0,23.908228858078168,24.6763199,12.86603620214512,40.340966827355054,0.0,11.44346885550174,5.40338,5.269828214998089
Rawmarsh and Conisbrough,england,South Yorkshire,Yorkshire and the Humber,Reforms,0.0,69.20743888844983,2.459126935402174,22.3112676400936,6.022166536054396,0.7553415,8.719099354432359,5.52129085,33.93987296030963,16.459852499999997,0.6591656,33.94537723525801
Rayleigh and Wickford,england,Essex,Eastern,Average,1.2982052746200636,41.129315387917046,0.0,49.614587125135806,7.95789221232709,0.6259002,8.189800954516405,5.655311367997161,33.51182178995404,27.661445444162503,2.2148104,22.14090984336989
Reading Central,england,Berkshire,South East,Progressives,11.835075090052664,6.789521318099713,23.401406045543354,27.810440339233523,30.163557207070728,9.2448532,14.73884607117636,26.3522362266982,13.768193288642196,17.89586522637446,7.101345200000001,10.898660787108794
Reading West and Mid Berkshire,england,Berkshire,South East,Liberal,4.202429809479483,29.829008717124882,10.604619589911229,43.60199427223796,11.761947611246445,3.1047879,8.487114222080795,11.777219337254648,23.178865372329483,25.478174562941373,10.512919,17.460919605393716
Redcar,england,North Yorkshire,North East,Reforms,0.0,65.37840751926271,0.0,25.703250355555497,8.918342125181804,0.9594254,8.51074966305073,5.355788289019394,32.71767890631597,15.42748704267468,4.0193423,33.009528398939224
Redditch,england,Worcestershire,West Midlands,Average,2.7990224812079716,51.60352677131079,5.993772506762833,31.159255148709587,8.444423092008819,3.6990932,8.2253606835873,7.172720566796772,29.84993329713282,22.388179524386803,2.8855604,25.77915232809629
Reigate,england,Surrey,South East,Average,5.011621779898266,19.318479077973294,12.87362690997704,49.32173514468121,13.474537087470189,3.1069231,7.753479125248488,11.8587070361326,30.522053989193125,28.21204752453922,5.334409900000001,13.212379324886554
Ribble Valley,england,Lancashire,North West,Average,4.164974637424692,32.27099135999196,3.4166760434329486,51.704971948451785,8.442386010698618,3.7206721,8.152298982832415,6.990213069508442,27.248410266274448,24.52092741725884,10.0199802,19.34749796412585
Richmond and Northallerton,england,North Yorkshire,Yorkshire and the Humber,Reforms,0.0,36.68935825467505,9.981774715713891,46.14379891373281,7.185068115878248,0.2912507,8.49980913602239,10.957559922218056,21.96972523070167,21.82391845511428,13.5834377,22.8742988559436
Richmond Park,england,London (Kingston upon Thames; Richmond upon Thames),London,Liberal,2.0874375106877165,0.0,31.749772082511146,45.2225610216441,20.940229385157032,5.7021635,7.852417949043536,20.73146844554336,17.839268808143913,30.36183204356532,11.5789315,5.9339177537038665
Rochdale,england,Greater Manchester,North West,Muslim,24.828991456207376,43.56345571360355,0.0,15.818505604070063,15.789047226119003,30.1899811,11.47229197225466,10.437368934359606,15.740644240341735,13.544474531886694,0.4578166999999999,18.1574225211573
Rochester and Strood,england,Kent,South East,Average,5.259645607287096,43.61152695774395,6.869173790960133,32.562915983050004,11.696737660958823,2.1195241,9.261113097366223,14.02084856276558,25.566710525203263,19.791346723532225,7.238031500000001,22.002425491132712
Romford,england,London (Havering),London,Average,11.972315139734615,32.74014217890804,15.309527941820924,31.820351926409646,8.157662813126779,7.523276399999999,9.315723556871236,18.62664943276264,28.23753626518122,17.113812188376652,4.6217025000000005,14.561299656808252
Romsey and Southampton North,england,Hampshire,South East,Liberal,2.2790018149735096,24.32857434202129,4.181558558985529,47.501823189324924,21.70904209469475,2.7390731,14.29327064354981,11.01986377505404,18.70507124345508,26.79606340120299,9.872518,16.574139836738087
Rossendale and Darwen,england,Lancashire,North West,Average,2.2702127503592737,46.245010836468495,1.7864365410576857,38.49372771230015,11.204612159814383,3.1319337000000003,8.70688400523941,7.245390876454972,31.214990808495514,21.639051607513277,2.3329882,25.72876080229683
Rother Valley,england,South Yorkshire,Yorkshire and the Humber,Average,1.3471609295390634,54.02563860895522,0.0,36.75195107772262,7.875249383783101,1.9449653,8.272031827830656,5.727420423259848,29.304821188226924,21.133988002461727,5.024916800000001,28.591856458220835
Rotherham,england,South Yorkshire,Yorkshire and the Humber,Average,8.566964037097033,63.92878337697703,3.826196709227135,13.142841624238386,10.535214252460433,10.2664092,9.94253717020962,8.244053977184183,29.98687670623883,12.296600152427388,1.2598664,28.003656393939977
Rugby,england,Warwickshire,West Midlands,Average,5.355704365845107,38.71193581935285,11.374872162435313,34.58314335256321,9.97434429980351,1.8691674,8.0863157199035,12.041710524470648,25.612382685089628,24.36424949297642,6.2681322,21.7580419775598
"Ruislip, Northwood and Pinner",england,London (Harrow; Hillingdon),London,Liberal,22.43170834931942,0.0,23.81294127497378,40.54377084216344,13.211579533543366,9.2846987,8.021095619276675,17.73244484466754,6.287617038257082,27.752884306159324,24.1650379,6.75622159163937
Runcorn and Helsby,england,Cheshire,North West,Average,0.0,53.558055354395464,3.6716105522055966,33.2422567805872,9.528077312811739,0.6055726,8.859176986142714,6.126512457924961,28.10140649717455,22.934887566946788,5.346957000000001,28.02548689181098
Runnymede and Weybridge,england,Surrey,South East,Liberal,2.795836289012748,22.585065088862862,20.842862490919543,42.90254419778365,10.873691933421197,2.4003845,9.80307970804274,12.768202402504082,24.486133601652284,28.481113112871533,8.281530499999999,13.779556174929352
Rushcliffe,england,Nottinghamshire,East Midlands,Liberal,4.8128248798466595,14.241160921778404,2.3412122446545656,56.31605713088948,22.288744822830882,2.5508524,8.957885537473109,10.275573340656416,18.73496639741093,32.504102485255174,12.382078600000002,14.59454123920437
Rutland and Stamford,england,Leicestershire and Rutland; Lincolnshire,East Midlands,Liberal,0.5239140901582001,33.28276464707051,4.894310318355255,51.79746210401967,9.501548840396373,0.9688031,7.28627400603763,9.553069895588015,20.19396395599142,28.451900051882543,13.7106197,19.835369290500385
Salford,england,Greater Manchester,North West,Progressives,4.182792503843367,33.432161336593566,18.0661509211417,10.959647334354173,33.35924790406718,6.2140334,19.29931683834192,26.392345523005982,17.716300249957953,9.932991988585988,3.7902785,16.654733500108154
Salisbury,england,Wiltshire,South West,Average,0.0,35.97532310044229,3.9317939625603886,48.241066663684876,11.851816273312435,0.8755904999999999,6.879901864829232,9.61648362969636,29.679799095120188,21.91070421421255,10.7318528,20.305667896141674
Scarborough and Whitby,england,North Yorkshire,Yorkshire and the Humber,Average,0.0,54.76202247051653,0.9170253914589446,34.555500239720445,9.765451898304084,0.7171815,7.366312788754523,7.6965237392739425,33.16683525660554,16.023174528580846,4.6836853,30.34628688678516
Scunthorpe,england,Lincolnshire,Yorkshire and the Humber,Reforms,2.748323423315739,66.61229461461046,3.84091492659933,19.277342517890695,7.521124517583787,3.7467994,8.656894291502779,6.83517061746732,29.25063396264925,14.08335767570082,4.8490164,32.57812765267984
Sefton Central,england,Merseyside,North West,Average,0.0,38.28424490816486,2.7038992198783465,54.122006033368386,4.889849838588405,0.4383887999999999,7.238279665563203,4.909442196376724,40.24984236228204,25.46517966014499,1.2996636,20.39920371563304
Selby,england,North Yorkshire; West Yorkshire,Yorkshire and the Humber,Reforms,0.0,46.44410941557634,1.949596276756245,42.552418556887304,9.053875750780094,0.2914238,7.8852277199384595,5.775990323372206,20.148221907783423,26.436193898965016,12.6580959,26.80484644994089
Sevenoaks,england,Kent,South East,Liberal,1.1708425049496285,30.444944205379198,12.320443353281812,48.285365398367766,7.778404538021601,1.0927479,7.440206934339108,9.142518904537573,21.815977400315887,32.47623031782544,11.1409494,16.891369142981997
Sheffield Brightside and Hillsborough,england,South Yorkshire,Yorkshire and the Humber,Reforms,14.594977286083868,59.64388550146743,12.148654387176355,0.0,13.612482825272354,18.5438287,12.30899045241234,16.29425644955279,20.88150862823332,8.892043779772795,0.4698173,22.60955469002876
Sheffield Central,england,South Yorkshire,Yorkshire and the Humber,Left,10.032216009490279,0.0,3.730123663068688,18.11320761065895,68.12445271678207,14.6400578,35.58483779483978,24.239565624164054,5.808201556262816,9.212784453360236,2.3889321,8.125620671373104
Sheffield Hallam,england,South Yorkshire,Yorkshire and the Humber,Liberal,4.297745736417107,4.050900817446567,0.26257172892194586,60.081109896388526,31.30767182082586,3.6474524,14.97699156574668,9.276052374939743,24.011905906894413,33.529534814298806,3.136131,11.42193193812035
Sheffield Heeley,england,South Yorkshire,Yorkshire and the Humber,Average,4.6015794928909015,50.99985013973267,9.982606616913168,16.83511292006765,17.58085083039563,6.4028920000000005,10.5857282727639,13.55804430725727,28.44373316200698,16.586904251411905,0.4845234,23.93817460655995
Sheffield South East,england,South Yorkshire,Yorkshire and the Humber,Reforms,9.190441996681278,54.97064011485898,2.6668995460261478,21.177330547490584,11.994687794943006,12.4513581,10.49852333136442,8.07890946020112,24.45964574439006,18.09358131581899,0.3487656,26.069216448225408
Sherwood Forest,england,Nottinghamshire,East Midlands,Reforms,0.5991023640561642,52.9041006694574,0.0,35.412041269048686,11.084755697437734,0.6255768,7.869372151839703,6.897156704907928,26.357437831945205,20.73283484892641,8.316874000000002,29.200747662380756
Shipley,england,West Yorkshire,Yorkshire and the Humber,Liberal,4.762258935115621,31.122489954655013,0.7287999739292014,47.44284964713197,15.943601489168191,5.4792552,7.326391963867741,9.551781912181664,26.08463701742417,26.426216869767405,5.1034726,20.028244436759017
Shrewsbury,england,Shropshire,West Midlands,Average,0.0,42.666258272361375,1.2383050751022595,42.25687332907883,13.838563323457539,0.6552595999999999,7.632205812291566,8.069249994030319,35.36865067185981,18.98777835561908,5.0175693,24.269286266199227
Sittingbourne and Sheppey,england,Kent,South East,Average,2.316564971765934,57.61318446939052,3.792379257971505,28.920054236839743,7.357817064032295,1.1759605,8.938392619533396,9.131508066493328,31.31686704054609,17.35792100348067,3.9212018,28.15814896994652
Skipton and Ripon,england,North Yorkshire,Yorkshire and the Humber,Liberal,0.0,33.97316120481453,2.4474244830763565,53.68664775853698,9.892766553572129,0.7758054999999999,6.979070019640682,8.268507884154815,22.90251799825701,26.926704689260664,12.2464278,21.900966108686827
Sleaford and North Hykeham,england,Lincolnshire,East Midlands,Reforms,0.0,45.11395758776888,0.0,47.28310593158233,7.6029364806488005,0.4514837,7.786986947243024,6.788027814654756,23.64492515534353,24.28360568369,12.1329197,24.912050999068693
Slough,england,Berkshire,South East,Muslim,46.252119000346575,11.588027618161094,11.16651575231842,12.694437206208493,18.298900422965417,31.0531099,11.5692378205985,30.50064679442476,0.0,12.029550502491537,8.5226365,6.324818482485206
Smethwick,england,West Midlands,West Midlands,Progressives,34.55796691431905,39.28471642896521,6.9750980267537175,4.444284558750463,14.737934071211562,19.8320205,12.24232462312688,32.86077914869815,5.933901806498113,12.543785120119592,2.2899393000000003,14.29724950155727
Solihull West and Shirley,england,West Midlands,West Midlands,Liberal,13.909612518917875,15.371360673093776,5.592994669364385,50.785163842925755,14.340868295698222,7.5258223,7.957905954442506,12.02594776679894,18.81524915947649,32.91977308404895,6.2288591,14.526442635233115
South Basildon and East Thurrock,england,Essex,Eastern,Average,4.789241970659433,56.396585622360696,6.367053033215711,25.85527785490967,6.591841518854492,2.0144878,9.43198281460757,11.863028494931722,31.1293227197836,16.565522367649148,4.0423348,24.953321003027952
South Cambridgeshire,england,Cambridgeshire,Eastern,Liberal,2.7678621387101683,16.923336429278958,11.724295015419484,47.51595957858645,21.068546838004938,2.0436175,9.231620316479775,10.418952247735891,21.370488721188025,26.86708829158488,16.3256078,13.742625123011418
South Cotswolds,england,Gloucestershire; Wiltshire,South West,Liberal,0.0,29.644763535173833,5.620665874383672,53.72930375749253,11.00526683294996,0.449607,7.551185241214855,8.754837792228534,15.434907803613868,31.64982622322746,17.0263762,19.13325973971528
South Derbyshire,england,Derbyshire,East Midlands,Reforms,3.3219581021940745,41.96747281102648,0.9905973593901332,41.57789250024944,12.142079227139867,0.7469545999999999,7.73150308179652,8.97007358155123,23.29616873199575,25.540769028234923,7.7601474,25.954383576421577
South Devon,england,Devon,South West,Average,0.0,35.709256296060126,0.5032989788090046,52.047315098530355,11.740129626600517,0.3726982,6.45312683327465,7.151288993716644,26.47670343919583,23.48193923540369,13.1547139,22.90952939840918
South Dorset,england,Dorset,South West,Average,0.0,46.61275497335946,0.0,42.54298345964194,10.844261566998604,0.4895488,7.239321044510095,7.836599363373686,28.37980539209209,19.654743017667315,9.0078214,27.392160982356803
South East Cornwall,england,Cornwall,South West,Reforms,0.0,43.232440139305126,0.0,48.258318358925976,8.509241501768896,0.1231377999999999,6.763696420737515,6.6327816530646135,23.548043228183676,22.430005345272487,14.3127,26.189635552741706
South Holland and The Deepings,england,Lincolnshire,East Midlands,Reforms,0.0,61.79385916039295,7.18660011592797,31.01954072367909,0.0,0.4594362999999999,7.2483294398869855,6.01108006475937,24.80262264156201,19.84430697442137,11.3850355,30.24918907937025
South Leicestershire,england,Leicestershire,East Midlands,Liberal,1.514800690536178,35.623072433262884,0.8310087850786845,49.65588286932579,12.375235221796475,0.5181652999999999,7.795624159829412,6.602405645017361,22.085260321608843,29.8618765035342,11.045741200000002,22.09092687001017
South Norfolk,england,Norfolk,Eastern,Average,1.360046792082435,35.78978298152784,0.6182894714314404,48.52156777875659,13.710312976201692,0.7066756000000001,7.022225660066003,7.355797441526629,28.61137478709493,20.87748292625349,14.6688764,20.757567185058942
South Northamptonshire,england,Northamptonshire,East Midlands,Liberal,0.26256205912157315,31.984551850459642,4.049729571686651,52.220011248898004,11.483145269834134,0.5513928,7.688643525417087,7.742543366796961,18.555892709327665,31.48191110988273,14.3714552,19.608161288575552
South Ribble,england,Lancashire,North West,Average,0.0,41.658400212688775,4.05189331213479,46.92999478985929,7.359711685317135,0.8530945999999999,7.761514195583576,5.544973370395612,31.95524604781072,26.15842199607164,4.1853255,23.541424290138465
South Shields,england,Tyne and Wear,North East,Average,1.3585717532352133,60.56904007008597,1.295856534262356,23.994420948562148,12.782110693854316,3.6080384,8.661958284096835,6.8243352772295225,37.93799116265957,14.18038546325622,0.2743092,28.51298221275786
South Shropshire,england,Shropshire,West Midlands,Liberal,0.0,40.39617137933176,1.633682760695499,51.00799813937474,6.9621477205979945,0.3001705999999999,6.217105668610022,7.639844034788366,23.1399297214993,24.98899477184259,13.9569,23.75705520325972
South Suffolk,england,Suffolk,Eastern,Liberal,0.0,42.11767402036476,1.056644037987873,47.14641174265811,9.679270198989256,0.4689141,7.153932456792764,6.839409240189229,20.401658803468933,26.516540286427794,14.4664727,24.153072413121286
South West Devon,england,Devon,South West,Average,0.0,37.41787298719357,0.0,53.68564943633153,8.896477576474897,0.3186224,7.854584216462756,6.2924929748835225,29.814509601934816,27.494926973853666,4.8443000000000005,23.38056383286524
South West Hertfordshire,england,Hertfordshire,Eastern,Liberal,9.478473553536686,15.733072112737448,18.209941151217322,46.11265877925095,10.465854403257598,3.5796848,8.592660224707686,10.898799670163642,17.69138442259724,33.50931477515108,13.4232373,12.304918807380348
South West Norfolk,england,Norfolk,Eastern,Reforms,0.0,59.294642470813386,4.807370590633759,31.250511940321985,4.647474998230858,0.4278126999999999,7.67814334850431,7.205593689507246,23.48965979849646,19.044444159443483,12.3727378,29.781608504048485
South West Wiltshire,england,Wiltshire,South West,Average,0.0,47.14355355974481,3.129061792169469,39.45170490537877,10.275679742706952,0.8840702,7.756545290400236,7.965403710107719,30.88037836192169,21.67842116150952,4.2888655,26.54631577606085
Southampton Itchen,england,Hampshire,South East,Average,3.5438514006309707,40.3388139936568,7.994214946447332,22.928613808649857,25.19450585061504,3.5053289000000003,16.850565913937228,13.449694581039331,27.34730650299042,15.514170521116563,1.5221502,21.810783380916465
Southampton Test,england,Hampshire,South East,Average,9.53176275573687,34.764449529566456,9.719111348331152,17.163521080238848,28.821155286126675,7.091095,17.45746847987657,18.92743128955963,26.17574877092231,10.66920201309945,2.1212363,17.55781814654204
Southend East and Rochford,england,Essex,Eastern,Average,3.2891597817056537,44.899329377537676,8.813520904971398,28.387694114022533,14.610295821762751,2.9598868,9.047161931357747,14.249690056106678,32.154761561903484,16.712761301553588,2.5965979,22.279140449078515
Southend West and Leigh,england,Essex,Eastern,Average,4.358575359983403,36.706613994266185,4.467732203222656,40.67143857135821,13.795639871169552,2.5848236,7.646075176308063,11.652742314602447,36.93547771523232,18.811423004778284,2.2989177,20.07054048907888
Southgate and Wood Green,england,London (Enfield; Haringey),London,Progressives,8.575267201419178,19.562696571974207,48.028794058857954,12.920767187408336,10.912474980340328,14.3875708,9.85242970269791,31.28618743360185,13.013675640622893,16.1060467362825,8.754063200000001,6.600026486794853
Southport,england,Lancashire; Merseyside,North West,Average,0.0,43.67404640054867,5.135168046971126,41.714905838148,9.475879714332205,1.0598638,7.572010474250787,9.184877872901549,34.35986935746595,19.523379701678763,4.0145269,24.285471893702944
Spelthorne,england,Surrey,South East,Liberal,9.010275602489548,26.858770356993862,16.452015952268372,38.796463046811,8.882475041437207,4.027002100000001,8.422608053195404,14.028117196290497,24.68863292247713,26.399430538301456,6.5955214,15.838687789735507
Spen Valley,england,West Yorkshire,Yorkshire and the Humber,Average,6.37750183993344,45.46049440450356,0.0909712511556744,36.352786568408106,11.718245935999223,7.3666064,8.81489120077273,7.449009988191996,27.81229913292188,22.894134573509124,0.5404078999999999,25.122650804604277
St Albans,england,Hertfordshire,Eastern,Liberal,6.2326415911749296,7.7012787278039045,20.27239300795964,47.96108809046978,17.832598582591746,6.1804809,7.7291477758904605,14.281146554433215,17.829076882270613,34.72876589209877,8.3941475,10.857234495306948
St Austell and Newquay,england,Cornwall,South West,Reforms,0.0,50.73751721363424,0.0,37.845548361062086,11.416934425303669,0.1162849,7.988444616351588,7.262269827491186,27.945271017895323,17.23880008035758,9.6344,29.81452955790433
St Helens North,england,Merseyside,North West,Average,0.0,60.076021146248095,5.788321202388719,28.729718540922917,5.405939110440272,0.7028193,8.468238016931588,5.473331112676572,32.2048107729879,20.731399424844614,1.8956193,30.52378207255933
St Helens South and Whiston,england,Merseyside,North West,Average,0.0,62.249442158756366,5.45224144405148,25.149962977518975,7.148353419673172,0.7327591,9.049134419551915,6.770296455281331,38.6848791124484,14.066388700619951,0.6703633,30.0261789120984
St Ives,england,Cornwall,South West,Average,0.0,41.14287793566249,0.0,46.58152506066386,12.275597003673651,0.1841662,7.246337929924334,7.991942196181563,26.206703588895135,20.17247615732204,12.799,25.39937392767693
St Neots and Mid Cambridgeshire,england,Cambridgeshire,Eastern,Liberal,2.618947191480415,23.877835623778587,9.902016850843179,46.65941257734371,16.94178775655411,1.7965601000000002,7.885267455539398,10.10955819105775,21.86359988104252,30.96106188927976,10.4982869,16.885665583080563
Stafford,england,Staffordshire,West Midlands,Average,0.8034768277784494,41.55176620382519,4.4572453208028415,40.63702609099897,12.550485556594543,1.317877,7.267551704158996,9.503794602820424,30.53705353768953,21.22423480044109,6.710736000000001,23.438752354889964
Staffordshire Moorlands,england,Staffordshire,West Midlands,Average,0.0,50.62595718580434,0.29496113455444456,44.113730736076725,4.965350943564492,0.2710409,7.164263500141352,4.788591201056259,29.75867520707712,23.442988051070493,5.797273700000001,28.777167440654782
Stalybridge and Hyde,england,Greater Manchester,North West,Average,4.8768855180511865,50.5655399220057,1.7691668284382753,29.5640102822762,13.22439744922865,5.819937299999999,8.906083859644625,7.811620398989795,31.636860200916203,19.368330702848567,0.6039364,25.853231137600808
Stevenage,england,Hertfordshire,Eastern,Average,4.023668038745671,41.98180398796973,10.423334841036327,29.894270697637243,13.676922434611047,2.9228184,8.850636858583451,12.353453571311942,31.48777560296168,20.889743783802924,3.2684728,20.22709898334
Stockport,england,Greater Manchester,North West,Average,5.216879219001254,37.115389831409686,7.912343579022185,31.147785020373277,18.607602350193613,6.362786600000001,8.373941429720384,11.649846711905068,30.1575137380016,21.66120519199974,0.8393423,20.95536402837321
Stockton North,england,County Durham,North East,Average,2.9521661427591748,61.78494040762187,1.8984032561023316,21.489164471846767,11.875325721669853,3.6662631,9.023100609718702,8.189802842658125,33.01500097330488,14.54015173230008,1.2693952,30.29628554201821
Stockton West,england,North Yorkshire; County Durham,North East,Average,2.1608111086172226,32.83009417228658,1.662545460520281,52.14579091095487,11.200758347621058,2.4161941,7.628931315852003,6.714393884537966,29.4327620896607,28.313571312988103,4.6717274,20.82241989696122
Stoke-on-Trent Central,england,Staffordshire,West Midlands,Reforms,8.992931008827723,63.42416667958909,5.897827187833318,6.8369918056642245,14.848083318085644,9.90092,13.27689448688828,10.97235161360733,27.866309454702048,8.782468459338796,0.7145568,28.486499185463547
Stoke-on-Trent North,england,Staffordshire,West Midlands,Reforms,6.612934348158138,66.20704133942284,2.8766666203351132,17.13057817752527,7.172779514558628,7.6975219,10.04317116314739,7.417601474349706,28.80980068937336,13.737042459546249,0.4280093,31.866853013583288
Stoke-on-Trent South,england,Staffordshire,West Midlands,Reforms,4.454694185803239,56.64671666063589,2.356757676534308,30.43669791055278,6.105133566473792,5.4566621,8.635669527670991,6.00438283429175,26.665104552574533,20.66974441666618,3.6720662,28.896370368796543
"Stone, Great Wyrley and Penkridge",england,Staffordshire,West Midlands,Average,0.0,44.72677401324802,2.885084783283218,44.40925379964001,7.978887403828738,0.9220462,7.537421168604197,6.550235430516271,25.51291633339112,25.44622729067149,9.5240699,24.507083676816933
Stourbridge,england,West Midlands,West Midlands,Average,6.31301207228512,49.19134178958313,2.5953558770480423,30.250266278098124,11.650023982985589,6.463559000000001,9.2749092643124,8.856177055109256,29.407747372438635,19.94689170981041,0.5565291,25.49418649832929
Stratford and Bow,england,London (Newham; Tower Hamlets),London,Progressives,26.647925915378313,0.030609000225050916,18.978754511068246,9.488481037679207,44.854229535649196,32.1651164,15.478638849721971,33.33189043105571,0.0,8.445516149659653,5.924332100000001,4.654506069562665
Stratford-on-Avon,england,Warwickshire,West Midlands,Liberal,0.0,30.95060042743541,7.905423949039377,51.91761592192064,9.226359701604563,0.5206033,6.617603277243868,8.23957272754458,19.68753053673092,31.70373271038353,13.9342067,19.296750748097104
Streatham and Croydon North,england,London (Croydon; Lambeth),London,Progressives,9.597559359315204,10.66045880367956,38.93778815193151,21.93850039781623,18.865693287257503,11.750915,9.62520234092888,41.94900101685779,3.548527248500392,20.389954473170864,6.346227799999999,6.390172120542063
Stretford and Urmston,england,Greater Manchester,North West,Liberal,11.544365087427874,29.10924582666185,11.414049979332777,31.740392952771618,16.191946153805876,12.5304614,9.991673605328874,15.17193159713788,19.16219055143449,25.50611882663315,0.8922255,16.745398519465592
Stroud,england,Gloucestershire,South West,Average,0.0,34.27021112757164,1.8625886534730494,49.48184814159157,14.38535207736374,0.3030587,7.163109983584527,6.7230600540024446,29.38792782614246,28.134299684477853,5.3093074,22.97923635179272
Suffolk Coastal,england,Suffolk,Eastern,Average,0.0,40.82496792214459,0.9023193625141328,47.38818233899716,10.884530376344124,0.5480363,6.750404272122131,7.778811339914762,25.37276592599221,24.845283594076715,10.165715,24.53898356789418
Sunderland Central,england,Tyne and Wear,North East,Average,2.774310670253482,55.688587203510174,2.443089823246609,23.583203056646212,15.510809246343522,4.2396805,10.536229324857253,9.29698368726202,35.02298184520674,13.975519463426108,0.4578884,26.47071677924788
Surrey Heath,england,Surrey,South East,Liberal,4.467479760511823,19.628959132241647,11.16038439262591,51.164582101229904,13.578594613390718,2.9715986,8.734242662989935,11.336352936286346,27.690871898729483,28.85114129097093,5.7786332,14.637159411023312
Sussex Weald,england,East Sussex,South East,Average,0.0,33.28411037833691,2.6712030025009237,54.74613831531414,9.298548303848026,0.4181797999999999,6.737773832214936,6.222174467808719,31.090757257644213,28.114768424328336,7.9981798,19.418166418003796
Sutton and Cheam,england,London (Sutton),London,Liberal,12.411775044729964,11.311597518064751,20.379635435588515,40.00695706456316,15.890034937053613,7.7677419,7.815199669043374,16.675897473694352,23.55877200885513,23.775487275307583,9.827957,10.578944673099569
Sutton Coldfield,england,West Midlands,West Midlands,Liberal,9.16922556117658,17.35516384266209,10.040877453852353,50.7105589571331,12.724174185175869,4.007902,8.196378920986321,14.5739077970799,23.34086732062917,31.75080070492368,3.4588838,14.671259456380918
Swindon North,england,Wiltshire,South West,Average,4.387027858878309,45.674776455982254,7.342707134133337,32.42681167427648,10.16867687672963,1.9277403,8.635309550022244,9.713546704942054,30.530653220078847,20.988079974496934,4.5210975,23.683572750459923
Swindon South,england,Wiltshire,South West,Average,9.057848704935948,39.58436590903874,12.775325733440424,25.781880748137258,12.800578904447626,3.6391145,8.859551110291468,13.347358337177788,30.207685603259293,18.4586871960271,4.6338058,20.853797453244358
Tamworth,england,Staffordshire,West Midlands,Average,0.8319600226920182,55.242650557057374,3.1249177605633927,31.986652775569404,8.81381888411781,0.6495835,8.7777441790142,6.713937681346088,30.09809165311526,21.772370504415445,2.7182359,29.27003658210901
Tatton,england,Cheshire,North West,Liberal,0.05889445776878706,21.557602952822556,10.457499946090122,56.31639672718213,11.609605916136404,1.748291,6.689037479335775,8.691102665665525,22.622676538450836,36.33784501827441,8.1749141,15.736133198273452
Taunton and Wellington,england,Somerset,South West,Average,0.10879493839064079,44.307740804646365,3.4859819529972578,39.39708577878875,12.700396525176986,0.7608615,8.04447424293215,8.86972655533877,34.67792055730179,19.339843640156083,4.1810859,24.12608760427121
Telford,england,Shropshire,West Midlands,Average,4.298967156415224,58.013984132028625,5.873911006281387,21.449838480481976,10.36329922479277,1.3110687,9.440692025121455,12.99262360306641,30.06555866882462,16.23508950036289,1.0331832,28.921784302624623
Tewkesbury,england,Gloucestershire,South West,Average,0.3510142724981761,35.955755180505975,5.2140953127486025,48.32121736934688,10.157917864900364,0.9512473,7.438264280093414,7.648380023666302,28.70140324442352,28.262704208700328,5.5651509,21.43285004311644
The Wrekin,england,Shropshire,West Midlands,Average,3.815039937098618,43.673798037819104,3.837910188166144,36.36683004142204,12.306421795494087,3.6901663,10.74170490645958,10.980068863602504,23.48472782042036,20.404314566254023,7.558716600000001,23.140300943263533
Thirsk and Malton,england,North Yorkshire,Yorkshire and the Humber,Reforms,0.0,45.92431515461129,1.548347022589183,45.81459363960694,6.712744183192568,0.2520922,6.893602669268467,7.856287704269101,21.38591252188584,22.384243591200494,14.7651,26.4627613133761
Thornbury and Yate,england,Gloucestershire,South West,Liberal,0.20600670898566564,35.13657762868848,0.12227131462975685,51.77641839222103,12.75872595547506,0.5949287999999999,8.312827384577904,6.107522511284736,25.894676189199306,29.503908232956583,7.098497700000001,22.48763918198148
Thurrock,england,Essex,Eastern,Progressives,9.60120216383433,47.688000776971215,21.70516403574318,16.615126739683568,4.390506283767699,6.3057694,10.25322659696128,24.18552484516129,21.158803594458107,16.897936570064516,3.4534575,17.745281493354803
Tipton and Wednesbury,england,West Midlands,West Midlands,Reforms,18.342346107967813,67.19612253464466,8.380440878596087,0.6455390402986986,5.435551438492743,7.687179299999999,11.18696047251248,19.38155096548544,21.14183584579132,12.355772960908254,2.1948429,26.05185755530251
Tiverton and Minehead,england,Devon; Somerset,South West,Reforms,0.0,45.04468973500265,0.0,46.04489731283785,8.910412952159506,0.1720303,6.839386329034852,7.178743405857818,25.27485239089768,21.55225047390369,12.9523,26.030437100305956
Tonbridge,england,Kent,South East,Liberal,0.897007127359076,33.2033742320693,7.78683583875337,48.00196625710501,10.110816544713236,0.9731009,7.571526017065845,7.813594748741282,23.84357641384653,30.063824599120256,11.2113953,18.52298202122607
Tooting,england,London (Wandsworth),London,Progressives,7.582066666736514,0.0,24.787521346461705,33.370040918249224,34.26037106855255,10.5697801,10.48389801142395,35.033129857037395,14.805063093824828,15.112014327910932,7.198491000000001,6.797623609802897
Torbay,england,Devon,South West,Average,0.0,51.684155396548256,0.2659843026256037,35.475282807645186,12.57457749318097,0.63122,7.22091254311296,9.298988879449816,41.73180518513033,12.493526069179628,0.279722,28.343825323127277
Torridge and Tavistock,england,Devon,South West,Average,0.0,45.38848248156031,0.0,47.17628333069229,7.435234187747404,0.1697206,6.4729308197812685,6.638394213539479,28.65970570134874,20.10102460822065,11.0666,26.89162405710986
Tottenham,england,London (Hackney; Haringey),London,Progressives,8.607010544376786,24.112813341399537,49.58606265682084,0.0,17.69411345740284,15.8684151,12.34458341421928,47.67072413404259,2.3625886210109,9.684253169606356,6.0607329000000005,6.00870266112086
Truro and Falmouth,england,Cornwall,South West,Average,0.0,32.544664191724955,0.0,45.27381455340262,22.18152125487242,0.4942773,12.59076009648084,9.300800045968437,29.97230631638257,18.60922187044304,8.1067078,20.925926570725103
Tunbridge Wells,england,Kent,South East,Liberal,1.8521814912164956,26.794842426231103,11.79081099858208,47.18029948593741,12.381865598032906,1.7490941999999998,6.71527154133382,11.53414313084314,24.66581953746993,28.501789389474894,10.3587836,16.475098600878205
Twickenham,england,London (Richmond upon Thames),London,Liberal,4.9900644006868315,0.0,23.464822451617202,50.1458185506222,21.39929459707377,4.1673266,8.518562448108167,18.60989347369489,22.193217458136857,32.09328574083324,6.1338101,8.283904179226846
Tynemouth,england,Tyne and Wear,North East,Average,0.0,37.19378500428854,0.35786643026880327,44.61514740144939,17.833201163993262,1.3312056,7.727597104699758,8.388745338781522,35.38670934622323,24.85023653258697,0.3412659999999999,21.97424007770852
Uxbridge and South Ruislip,england,London (Hillingdon),London,Progressives,21.65874148295194,10.095034983747468,20.786357997454207,28.402003552702432,19.05786198314395,12.1505594,12.9004257429835,24.08059579141012,11.305546932521764,20.664428999129598,9.6316465,9.266796633955025
Vauxhall and Camberwell Green,england,London (Lambeth; Southwark),London,Progressives,1.1253971619037755,13.658733392666997,42.59797526735127,5.007553848855151,37.610340329222815,9.5326578,14.941265294339653,52.50213684794674,0.0,13.291686083824892,3.2736018,6.458652173888713
Wakefield and Rothwell,england,West Yorkshire,Yorkshire and the Humber,Average,6.012508687781976,55.145292344886876,4.651303723740083,21.51394193529131,12.676953308299751,7.650737100000001,8.70079327723372,9.578203268275145,32.649352282862026,14.680576948303909,1.1710792,25.569257923325207
Wallasey,england,Merseyside,North West,Average,0.1556770183059241,52.92421397547069,1.875285936579121,33.15360038236229,11.891222687281978,0.7683932,8.26851603509712,8.093813741812061,38.32872868732748,16.188212816304713,0.4552193,27.897116219458628
Walsall and Bloxwich,england,West Midlands,West Midlands,Muslim,27.679335229113335,53.558680375855005,3.43583436072427,1.3470868954609532,13.97906313884643,21.858244900000003,12.55412197297709,18.759757000406463,15.46747619924949,10.11365984969514,2.3279532,18.91878687767181
Walthamstow,england,London (Waltham Forest),London,Progressives,17.570583094920554,11.953191519120725,28.89748863398659,16.231043952641063,25.347692799331057,23.3137554,10.05227890380266,33.136550963861666,7.603514835965441,16.26098031460375,3.0568344,6.576085181766489
Warrington North,england,Cheshire,North West,Average,0.0,52.87263742003311,7.5421550037453216,31.75505843778487,7.830149138436707,1.421698,8.31659405733962,6.867704919366281,30.826929847756944,22.13013513095768,3.5469983000000003,26.889939744579483
Warrington South,england,Cheshire,North West,Average,1.6054135902799562,37.16795244621352,8.00047043771817,42.36191750007708,10.864246025711278,2.1884959,7.790253225035832,8.696044223203614,30.441961643317413,26.840030940812856,2.1337522,21.90946186763028
Warwick and Leamington,england,Warwickshire,West Midlands,Liberal,9.697533552498216,17.323351629902735,6.56035618731481,39.72970552527422,26.689053105010014,1.6707281,13.043134240629332,18.4922200239282,21.24632099810124,25.04563090061816,5.3826679,15.119297836723067
Washington and Gateshead South,england,Tyne and Wear,North East,Average,0.0,68.62720443849517,1.6000300529849298,21.53541229119577,8.23735321732413,0.6619925,8.923891325219907,5.274332553221699,33.700843539586415,17.700279781164905,0.5851094,33.15355090080708
Watford,england,Hertfordshire,Eastern,Liberal,16.9732900729327,14.95343579582309,25.707116617712998,28.32635316524097,14.03980434829023,12.4452386,8.971134674642013,20.930336477924563,15.045511513985758,21.539029656984876,10.6352868,10.433462276462784
Waveney Valley,england,Norfolk; Suffolk,Eastern,Reforms,0.0,46.104017901940885,0.0,46.40487186312598,7.49111023493313,0.2834692,6.337475474166116,5.962223783335885,18.40237004014085,24.961434495330984,17.646051300000003,26.40697570702617
Weald of Kent,england,Kent,South East,Liberal,0.0,36.487609972501986,5.3596868463557605,51.68954646596222,6.463156715180025,0.5385668,6.900099110514494,6.729338576820577,18.56035258949377,29.73839793759328,18.1060794,19.427165585577875
Wellingborough and Rushden,england,Northamptonshire,East Midlands,Average,3.547576326728007,54.88450591436971,10.134082346601536,23.70976537703518,7.724070035265577,1.7641828,8.71585715222953,11.214290079947553,27.29043785980015,18.790424352747724,5.8329895,26.39181825527504
Wells and Mendip Hills,england,Somerset; Somerset,South West,Liberal,0.0,33.68156909336637,1.3500834661167151,54.11528382616078,10.853063614356136,0.2245898,7.252906976744171,6.545669078614043,19.84917902876464,29.19628134767508,15.103445200000005,21.82792856820205
Welwyn Hatfield,england,Hertfordshire,Eastern,Average,4.68804047271681,29.64672868188431,18.587738530690373,28.103800382287886,18.973691932420618,3.2923077000000003,13.34658109913018,15.728823649559263,24.59486993639057,21.544840525857,6.9701098,14.522467289062988
West Bromwich,england,West Midlands,West Midlands,Progressives,31.16422082403108,43.25499664793029,4.31158268822167,8.496228424492193,12.772971415324774,11.6739413,11.46471997157885,29.896225327819835,13.621603274949862,12.173670974413314,3.9842459,17.185593251238146
West Dorset,england,Dorset,South West,Average,0.0,36.099817698207254,0.3770289545068017,52.28252101183841,11.240632335447524,0.531051,6.197242631062036,7.97946212725512,30.65369260170671,22.05721712783121,10.9732376,21.608096912144926
West Ham and Beckton,england,London (Newham),London,Progressives,20.285000218291426,19.560375841571204,34.6292818706306,0.0,25.525342069506777,25.0781552,14.296910661533548,41.93180546883774,1.0063111641602092,8.721721122248454,4.3258761,4.639220283220071
West Lancashire,england,Lancashire,North West,Average,0.0,47.26419952115267,2.613058593810541,37.21646047320036,12.906281411836437,0.4569982999999999,14.20472701880622,5.919818828583163,27.512869063246058,21.988818411632646,5.432688300000001,24.484080077731907
West Suffolk,england,Suffolk,Eastern,Reforms,0.7590240892575528,51.04250288428938,13.208269421724058,28.146088701590156,6.844114903138858,1.2662085,9.388814244248648,11.67594921633435,21.698775376053877,20.100948420299087,11.1376808,24.73162344306404
West Worcestershire,england,Worcestershire,West Midlands,Liberal,0.0,33.31766562917476,2.3350642809000157,53.5990603763456,10.748209713579628,0.426576,6.842130188723909,6.707999131804798,22.6172281857464,29.783651956375685,12.8274387,20.79497583734921
Westmorland and Lonsdale,england,Cumbria,North West,Reforms,0.0,36.96728151008006,1.317671345593212,50.274999880995985,11.440047263330753,0.293668,6.841596286506343,7.331728149678419,23.61696554014865,23.63747315628299,13.5474,24.7311688673836
Weston-super-Mare,england,Somerset,South West,Average,0.09274403879552179,48.346981999480455,1.9570500992195226,35.39398884523827,14.209235017266236,0.8430068000000001,8.36099276726443,9.196648140560333,35.50296997314172,17.27270688755173,1.4802622000000003,27.3434132314818
Wetherby and Easingwold,england,North Yorkshire; West Yorkshire,Yorkshire and the Humber,Liberal,0.0,28.970999111944458,5.177942432470597,57.25368835848682,8.59737009709812,0.6369636,6.705661713596246,7.594542317867567,15.940292357215384,32.84108328809786,18.161120500000003,18.120336223222928
Whitehaven and Workington,england,Cumbria,North West,Reforms,0.0,68.82093658289054,0.30738362315446754,25.230055003499892,5.641624790455095,0.3826476,7.845538517659623,4.107839963430624,30.793805446696027,13.624525027344545,8.421000000000001,34.82464344486918
Widnes and Halewood,england,Cheshire; Merseyside,North West,Average,0.0,62.67367881954203,7.386087790742865,26.586880928855265,3.3533524608598437,0.5834217,9.04871458762472,5.477665114937776,35.06818864414137,18.814700549452265,0.4917827999999999,30.51552660384387
Wigan,england,Greater Manchester,North West,Average,0.20068162399801884,62.92773785312885,8.297208109356559,23.609679952206015,4.964692461310554,1.4872724,8.951684730431559,7.496709322525816,34.826290418029885,15.787096939781412,1.5461519,29.90479428923133
Wimbledon,england,London (Kingston upon Thames; Merton),London,Liberal,5.217806102344758,0.0,38.841887598282646,38.97451957371199,16.965786725660607,7.492255,7.835077371531354,23.340741476399906,9.6276233021635,31.772349475504083,13.51751,6.414443374401152
Winchester,england,Hampshire,South East,Liberal,0.39275495099954694,20.3952801969766,5.647938926265378,51.09072858676079,22.473297338997668,0.7578722,12.64637541123147,10.643538381440562,25.223236553246352,25.99523986154839,10.178317,14.555420592533222
Windsor,england,Berkshire; Surrey,South East,Liberal,13.06365537432306,12.346073900067472,17.72146445279661,38.532151005563705,18.336655267249167,6.6454412000000005,13.8050409282276,20.44753300908809,11.344227820416164,27.3191705474572,9.3324988,11.106087694810949
Wirral West,england,Merseyside,North West,Average,0.0,32.43955296994286,0.4215139678174368,55.78720401525166,11.351729046988053,0.4642483,6.853864734299507,5.908573668558024,44.60639040769824,22.385256678865183,0.861623,18.92004321057904
Witham,england,Essex,Eastern,Liberal,0.3994300525973231,42.71231016433619,4.097030027207611,44.047921505021485,8.743308250837398,0.5938254,7.529879089863749,7.191016665817995,21.702420225094897,27.909294371447444,12.188564,22.88500024777592
Witney,england,Oxfordshire,South East,Liberal,0.0,33.19573943355389,7.3237586045324115,47.7017141529869,11.7787878089268,0.7495604,8.19043946642244,10.33201403083902,20.92211893039817,28.616281757244884,11.030253300000002,20.159332115095484
Woking,england,Surrey,South East,Liberal,10.541016858682909,12.269305640644472,16.274079401131655,44.7567045550287,16.158893544512274,9.3608997,8.014891054418028,13.841881695994257,19.076782304179943,30.711025940145227,6.2681603,12.726359005262545
Wokingham,england,Berkshire,South East,Liberal,5.918737992839692,9.094188700624796,11.60895227065558,58.02977367631824,15.34834735956169,2.3629422,7.345281186545403,11.631867354484411,17.126426418074985,39.58132623491918,10.2449529,11.707203705976015
Wolverhampton North East,england,West Midlands,West Midlands,Average,15.074524123026311,63.860437293834906,8.281749180435618,6.616724954226607,6.166564448476556,3.0864316,10.370843527412529,21.78907083943614,28.19481758036825,9.934021206338311,1.5221924,25.102622846444763
Wolverhampton South East,england,West Midlands,West Midlands,Progressives,24.33475100458639,59.00843105630867,8.835163555743947,0.0,7.8216543833609835,5.3688193,11.143324020873967,25.84331503405302,19.80934838274483,11.40167491403334,3.5608019,22.872716448294845
Wolverhampton West,england,West Midlands,West Midlands,Progressives,30.664351350558267,26.23232688407031,5.940490988792903,20.80907467977268,16.353756096805824,8.196706800000001,10.52625873936371,32.62059422055744,13.305117304031654,16.29537770355405,4.7258882,14.33005703249315
Worcester,england,Worcestershire,West Midlands,Average,3.8656906942691416,40.85494837168772,3.3460363874763406,32.86579644833927,19.06752809822754,4.0694708,11.96040756914117,10.227186767122404,32.29924208015663,17.979936756329423,0.4659632,22.99779282725039
Worsley and Eccles,england,Greater Manchester,North West,Average,2.912434249372966,44.42352846885338,10.916984522386024,30.740908924067018,11.006143835320618,3.6959926,9.379828870592034,10.553174047848454,29.7937279768464,22.801335481893357,0.9940798,22.78186122281976
Worthing West,england,West Sussex,South East,Average,0.0,36.03633261423143,3.5631281960272077,45.35280131285519,15.047737876886169,1.4418931,6.84588235294116,9.65694089237908,39.0324297608391,20.455783627563275,1.4601604,21.10690986627738
Wycombe,england,Buckinghamshire,South East,Liberal,22.668825524720425,13.50144927228982,9.011183213190305,34.60917148994406,20.209370499855396,18.2193663,9.86816754048972,16.585580840167104,12.46751737940582,24.76858616944793,5.516205,12.574576770489426
Wyre Forest,england,Worcestershire,West Midlands,Average,0.0,54.63061703305656,2.165495037705194,35.603882188685866,7.600005740552388,1.0392985,7.626878366884012,6.446598785601701,30.63270012458364,20.79543684238254,4.425307200000001,29.033780180548103
Wythenshawe and Sale East,england,Greater Manchester,North West,Average,6.782978774895354,46.695080123016794,17.07327222743013,17.64155784297044,11.807111031687272,5.337025799999999,9.526935158704095,14.121098245823443,28.501649227150292,19.379203543466534,2.4089614,20.725126624855623
Yeovil,england,Somerset,South West,Average,0.0,51.88230094609507,2.984502716600552,37.34706195740192,7.786134379902454,0.5454164,7.615840204389723,7.235769738401557,28.280239191257262,19.81641992451073,8.4946348,28.011679741440723
York Central,england,North Yorkshire,Yorkshire and the Humber,Left,1.0521795877990956,23.396055991368556,0.0,29.624175094076328,45.92758932675604,1.6280772,26.96337246619865,12.088013161519088,26.455092842686497,13.512956231551833,0.7769744000000001,18.57551369804393
York Outer,england,North Yorkshire,Yorkshire and the Humber,Liberal,0.0,29.589854648766966,0.0,54.79278087816037,15.617364473072668,0.7557617,9.052072508948148,5.480919930155898,26.192933494534344,31.11054409746281,6.461346900000001,20.946421368898804
Aberdeen North,scotland,Aberdeen City,Scotland,Average,2.034217572009263,42.75263243405627,3.146624571213989,26.05149286933316,26.015032553387318,2.8889703,10.7746640070632,10.023641830905932,34.657689195434145,16.317218472983967,2.4177336,22.920082593612754
Aberdeen South,scotland,Aberdeen City,Scotland,Average,1.2085331327998445,16.59020193546393,7.3281332840769835,38.3373135441768,36.53581810348244,2.8795274,14.06774457634053,17.59411076037977,23.27624144381312,22.67388692065821,3.3982769,16.11021199880837
Aberdeenshire North and Moray East,scotland,Aberdeenshire; Moray,Scotland,Average,0.0,63.95184671618278,0.0,27.305777065861957,8.742376217955266,0.2274777,8.18591656613117,3.101213491586125,35.81313850471426,17.46520719464696,0.1117,35.09534654292148
Airdrie and Shotts,scotland,North Lanarkshire,Scotland,Average,0.0,66.90175812787955,3.436060508531854,23.618698464700767,6.043482898887837,1.5756833,9.832236710398105,3.824389495905119,34.00523049386712,18.89761788327591,0.1300077,31.734834416553756
Alloa and Grangemouth,scotland,Clackmannanshire; Falkirk,Scotland,Average,0.0,57.3942722210504,0.0,28.237122092896183,14.368605686053431,1.1969451,8.640228467579654,4.061402889098369,38.20591694344478,16.839171750977044,0.1821756,30.87415924890015
Angus and Perthshire Glens,scotland,Angus; Perth and Kinross,Scotland,Average,0.0,46.095211096661515,0.0,41.29708015290709,12.607708750431398,0.3982346,7.304932680984344,5.923643442210061,35.72429951988053,22.364751674387755,0.118,28.16613808253732
Arbroath and Broughty Ferry,scotland,Angus; Dundee City,Scotland,Average,0.0,46.52979173202772,0.0,38.94621593972569,14.523992328246592,1.0915627,8.370236994500946,5.127442892425142,35.582190673979056,22.514504615908397,0.1857667,27.128295423186465
"Argyll, Bute and South Lochaber",scotland,Argyll and Bute; Highland,Scotland,Average,0.0,41.84396478250807,0.0,45.34989996775476,12.806135249737174,0.3774206,7.421072651198157,5.498359917429609,39.012215886067565,21.41860718127639,0.1777,26.09462376402828
"Ayr, Carrick and Cumnock",scotland,East Ayrshire; South Ayrshire,Scotland,Average,0.0,57.15717309052537,0.0,31.237021946562315,11.605804962912291,0.4229219,8.445271799541972,4.656839178365052,38.949437983692775,16.720849412279065,0.2181043999999999,30.58657532612113
Bathgate and Linlithgow,scotland,Falkirk; West Lothian,Scotland,Average,0.0,49.25700498434503,0.0,35.75289271010297,14.990102305552,0.8680096,8.486099786959828,4.897188708155465,33.250416677094506,24.900949157149405,0.2953101,27.3020259706408
"Berwickshire, Roxburgh and Selkirk",scotland,Scottish Borders,Scotland,Average,0.0,49.45974208235492,0.0,37.601404843755624,12.938853073889458,0.327173,7.640959736484203,6.354263613030009,38.44976345846279,18.3483713786184,0.1533,28.726168813404595
"Caithness, Sutherland and Easter Ross",scotland,Highland,Scotland,Average,0.0,50.544361814011886,0.0,39.00581416397399,10.449824022014129,0.3615487,6.993024730500936,3.945931002986742,37.91223009670638,20.761990272759945,0.1375,29.887775197046
Central Ayrshire,scotland,North Ayrshire; South Ayrshire,Scotland,Average,0.0,52.65149002210694,0.0,35.580330395989506,11.768179581903558,0.4174937,7.868091295591848,4.749910817056319,35.7678460150038,21.470553337696074,0.1904494,29.53565543465196
Coatbridge and Bellshill,scotland,North Lanarkshire,Scotland,Average,0.0,66.36134534707718,4.820259227776566,22.698993149264016,6.119402275882248,1.3543257,10.111362584229193,3.999382145652346,32.225117681874764,20.270882368695503,0.1063,31.932629519548197
Cowdenbeath and Kirkcaldy,scotland,Fife,Scotland,Average,0.0,49.620022809879025,0.0,33.05213670539304,17.32784048472793,1.335046,8.389136184762263,5.527318428308279,37.70954241317378,18.90549762596729,0.2558395,27.877619847788395
Cumbernauld and Kirkintilloch,scotland,East Dunbartonshire; North Lanarkshire,Scotland,Average,0.1726902801274595,49.54612883159448,0.0,37.50923897665967,12.771941911618406,1.1996908,9.537754180464688,4.7510595389613695,34.91737763311497,22.59927254772052,0.1839768,26.81086849973845
Dumfries and Galloway,scotland,Dumfries and Galloway,Scotland,Average,0.0,54.99728926327012,0.0,35.11249319009227,9.890217546637595,0.5056309,7.285266457680241,5.495138127456012,39.06990423340244,16.536082550780787,0.1212,30.98677773068052
"Dumfriesshire, Clydesdale and Tweeddale",scotland,Dumfries and Galloway; Scottish Borders; South Lanarkshire,Scotland,Average,0.0,50.24382886997339,0.0,39.334670587869205,10.421500542157407,0.2361046,7.252999075083859,5.191491078702533,36.67203009737759,20.83757170661202,0.1118,29.698003442224007
Dundee Central,scotland,Dundee City,Scotland,Average,3.120541965645909,38.730217054964335,0.0,21.293167189867095,36.856073789522675,5.1271639,17.237201540729842,12.034396232681992,31.87061233770973,10.851722061256709,1.0350243,21.843879627621742
Dunfermline and Dollar,scotland,Clackmannanshire; Fife,Scotland,Average,0.0,39.879920105131596,0.0,42.168445031821385,17.951634863047023,1.2295682,8.406040268456367,5.720617277785215,33.322187167029114,25.76519648421613,0.4300832,25.126307402513174
East Kilbride and Strathaven,scotland,South Lanarkshire,Scotland,Average,0.02182160120709696,42.100690663540455,0.0,43.16221257423018,14.715275161022277,1.0555411,8.922366692450302,5.299384255831881,36.48599100529219,23.128713000742724,0.3441982,24.76380574568289
East Renfrewshire,scotland,East Renfrewshire,Scotland,Liberal,7.799627390590716,17.273290783501302,1.0259779967794145,57.19499322195897,16.70611060716959,5.4641422,9.05837040111008,4.821733236226264,30.03202367454321,32.4001448353303,2.8549885,15.368597152790146
Edinburgh East and Musselburgh,scotland,City of Edinburgh; East Lothian,Scotland,Average,1.7888085063693566,11.064899820252707,2.4164476107490307,32.9414774100316,51.7883666525973,3.7795068,18.83866615265996,14.077362172240644,32.21707299733754,14.605623063043582,2.3292892,14.152479614718285
Edinburgh North and Leith,scotland,City of Edinburgh,Scotland,Liberal,0.09411352436175652,1.0562808823353353,10.489142121198723,42.04421229672615,46.31625117537803,3.3076245,11.239567365014471,20.3927616830929,24.71537924074802,24.96557769570917,2.676069,12.70302051543543
Edinburgh South,scotland,City of Edinburgh,Scotland,Average,3.3462598517529343,0.0,2.0778392823094216,48.11589069134416,46.460010174593485,3.5373155000000005,17.23258639146485,12.721968224060776,29.673434720740588,23.58351007691685,2.3296221,10.921562986816932
Edinburgh South West,scotland,City of Edinburgh,Scotland,Liberal,3.141820810357552,8.327130782563188,4.60141128112681,40.54061442530567,43.38902270064678,3.7914249,16.85547023492733,15.715208149714716,22.190447314198792,23.52680249975389,3.7571452,14.163501701405272
Edinburgh West,scotland,City of Edinburgh,Scotland,Average,4.220889048894586,12.273993403044999,0.0,56.773310096918294,26.731807451142135,2.688685,8.331103272108,8.61754343267078,36.76131570762161,25.32801377274412,3.1811944,15.09214441485549
Falkirk,scotland,Falkirk,Scotland,Average,0.0,53.22900382857385,0.0,31.389942198532577,15.38105397289358,1.5015046,9.01151401018692,4.407980581654732,37.30637769269087,18.87436779065823,0.1882209999999999,28.710034324809246
Glasgow East,scotland,Glasgow City,Scotland,Average,5.340554179809456,45.154906200239736,10.985352522884552,13.112145946950754,25.40704115011552,9.1138885,12.14504874841551,13.420227045069426,25.02240182608,17.533908560888214,1.8185648,20.945960519546848
Glasgow North,scotland,Glasgow City,Scotland,Left,4.632645055475997,14.634558005410408,6.942157021075131,16.496177463676776,57.29446245436169,6.8226192,26.21949414307277,17.514687367497437,18.270049512887454,13.739860574327077,3.6912818,13.742007402215274
Glasgow North East,scotland,Glasgow City,Scotland,Average,2.171687880736988,64.09726785115994,10.488177022501299,0.0,23.242867245601772,5.0594627,14.24844384303108,12.752854934627166,30.3168825148864,10.066287113838614,1.1490657,26.40700319361674
Glasgow South,scotland,Glasgow City,Scotland,Average,4.265193493692075,29.108259958114218,4.05459598081739,33.27190286939532,29.30004769798099,7.6656424,8.156646583771295,12.219069839523453,28.769224616399924,23.234979069276463,0.7840606999999999,19.17037679102887
Glasgow South West,scotland,Glasgow City,Scotland,Average,11.998129751881859,43.69953517239075,2.5708362288389677,15.999167382500174,25.732331464388253,14.2618147,11.42149798618038,10.944484756274186,27.08925082326691,14.489602705859037,1.1939399,20.599409128419484
Glasgow West,scotland,Glasgow City,Scotland,Average,2.3229778888816903,26.513765916869765,7.2946131270925045,25.69673108868667,38.17191197846939,5.1995236,13.63610219599449,14.669755650331991,30.448864273331807,17.287791479277562,1.607119,17.150843801064152
Glenrothes and Mid Fife,scotland,Fife,Scotland,Average,0.0,67.18854946363524,0.0,19.24385645481343,13.567594081551318,0.8622271000000001,9.326851556688972,4.049901590189865,36.58391129668687,13.765293174474689,0.1586499,35.253165381959604
Gordon and Buchan,scotland,Aberdeenshire,Scotland,Average,0.0,38.49537685456668,0.0,48.09153023652755,13.413092908905764,0.4897244,7.611818921116827,4.574549942452858,34.71294348324993,26.199585206962247,1.1610851,25.25029294621814
Hamilton and Clyde Valley,scotland,South Lanarkshire,Scotland,Average,0.2313375850674275,54.46526028512597,0.0,32.96453128228391,12.338870847522703,1.180241,9.149702085402174,5.139116860793576,35.92479607265531,19.87845165312069,0.3132518,28.414440528028244
Inverclyde and Renfrewshire West,scotland,Inverclyde; Renfrewshire,Scotland,Average,0.0,56.03637783638232,1.501112072296458,32.934345753277306,9.528164338043913,0.6241116,8.493999539987264,5.034127431190226,37.51310951652239,19.45814819816684,0.18882,28.68768371413329
"Inverness, Skye and West Ross-shire",scotland,Highland,Scotland,Average,0.0,44.69863987276569,0.0,39.149294140571165,16.152065986663143,0.6752124,8.494797687861261,5.607122927347028,37.79443709796571,20.001443596310143,0.2666346,27.160351690515856
Kilmarnock and Loudoun,scotland,East Ayrshire,Scotland,Average,0.0,57.76244934822269,0.0,29.884872923950795,12.352677727826517,0.6548713,8.674402071802156,4.478885165231111,39.87093645845402,16.194391091404402,0.1044,30.02211391310831
Livingston,scotland,West Lothian,Scotland,Average,1.3222095956634465,48.71740850632992,0.0,33.68481506844927,16.275566829557373,2.1005853,9.3817774494149,5.423375662230968,33.35420273780079,22.53688700309292,0.6078469,26.59532494746042
Lothian East,scotland,East Lothian,Scotland,Average,0.0,40.55408516419384,0.0,43.7355614491936,15.710353386612566,0.7173675,8.662142094475996,4.461765705287541,36.13124677271591,25.540136447981467,0.2172968,24.27004467953909
Mid Dunbartonshire,scotland,East Dunbartonshire; North Lanarkshire,Scotland,Liberal,2.8393578368421135,17.301660016041083,0.0,62.63351082851321,17.225471318603596,1.4333648,7.678842338662608,4.641410506474747,34.23587153763748,34.88192275894969,0.9604822,16.168105858275467
Midlothian,scotland,Midlothian,Scotland,Average,0.18369878475847312,45.185626618302166,0.0,38.912262236217025,15.718412360722326,1.2048567,8.54303797468353,4.412506392713359,35.95947052720366,23.709813517610712,0.3418413,25.828473587788736
"Moray West, Nairn and Strathspey",scotland,Highland; Moray,Scotland,Average,0.0,46.53660561592362,0.0,40.79740159272282,12.665992791353563,0.3030641,8.164005366920899,5.8074818574269775,35.381651856949375,20.908956562781228,0.1611456,29.27369465592152
"Motherwell, Wishaw and Carluke",scotland,North Lanarkshire; South Lanarkshire,Scotland,Average,0.7751127764839895,62.304409045775856,1.3875904198426638,24.75365350537428,10.779234252523196,1.8872956,9.637332932872791,4.9043101444704345,39.05293300323031,15.487982947762443,0.1456588,28.884486571664027
Na h-Eileanan an Iar,scotland,Na h-Eileanan an Iar,Scotland,Average,0.0,55.59293171226245,0.4837727479211606,40.68551903268197,3.2377765071344244,0.2218907,6.421509747759389,2.5709255160253504,40.17372759552782,18.89500594174378,0.0612,31.65574049894366
North Ayrshire and Arran,scotland,North Ayrshire,Scotland,Average,0.0,55.276417068151794,0.0,32.67824357134235,12.04533936050586,0.3955636,8.689872675380862,4.412102551101041,36.00531017938868,20.0080718136522,0.0886,30.400479180477223
North East Fife,scotland,Fife,Scotland,Average,0.0,27.799685611536617,0.0,43.68491598080265,28.515398407660726,0.656633,16.329756473687553,7.026626774761965,30.70737148591468,23.41584035395233,0.9464237,20.91734821168347
Orkney and Shetland,scotland,Orkney Islands; Shetland Islands,Scotland,Average,0.0,50.148664967097766,0.0,37.01640388640068,12.834931146501571,0.1735223,7.18450305143853,3.672951296771409,39.96199627608619,17.511560866066297,0.0867,31.408766209637573
Paisley and Renfrewshire North,scotland,Glasgow City; Renfrewshire,Scotland,Average,1.8090576580482722,44.183988935528234,1.2283058274102412,36.298321867011815,16.48032571200144,2.4562985,8.687465010942026,7.184431378110999,31.175076113532697,24.84158093082454,0.593425,25.06172306658974
Paisley and Renfrewshire South,scotland,Renfrewshire,Scotland,Average,0.0,50.78480750479586,0.0,31.07004972003625,18.145142775167884,1.1582806,9.839474551771348,6.837364745023431,36.47393940051122,18.09872836243383,0.2964958,27.295716540260173
Perth and Kinross-shire,scotland,Perth and Kinross,Scotland,Average,0.0,36.703256785410396,0.0,45.639432510451726,17.657310704137878,0.7679223,8.18761843083639,7.039845963601678,36.10646233419436,23.850638966754676,0.2772319,23.7702801046129
Rutherglen,scotland,South Lanarkshire,Scotland,Average,1.6991543676848155,48.55737919629613,0.45566293464779345,36.00690711394719,13.280896387424074,2.5765497,8.776535493929973,5.289714460479497,33.94151132122049,23.298963872430782,0.427815,25.688910151939265
Stirling and Strathallan,scotland,Perth and Kinross; Stirling,Scotland,Average,0.0,29.663927244456396,0.0,45.45129194913912,24.884780806404475,0.9773743,12.73290104710188,6.89713263180898,32.46471080038934,25.92228900591664,0.5235269,20.48206531478316
West Aberdeenshire and Kincardine,scotland,Aberdeenshire,Scotland,Liberal,0.0,28.052391027902207,0.0,55.339783266558015,16.60782570553977,0.5611868,7.343936534832666,5.982452516059817,30.962538355048963,32.51659895786736,1.3242398,21.3090470361912
West Dunbartonshire,scotland,Glasgow City; West Dunbartonshire,Scotland,Average,0.0,66.50337581385635,0.935937133958724,22.6492162152803,9.911470836904641,0.8441218,9.058173961750818,4.511532187899675,38.83548907931562,15.37149901574421,0.1552896,31.22389435528968
Aberafan Maesteg,wales,Bridgend; Neath Port Talbot,Wales,Reforms,0.19462230147871024,69.61993985382799,0.0,19.434849674554368,10.750588170138945,0.8112341000000001,8.971083262359567,4.838531922838293,35.01611766689004,13.484432127099662,0.312196,36.56640492081244
Alyn and Deeside,wales,Flintshire,Wales,Average,0.0,54.74336646474698,2.3635089429730147,34.425021815335974,8.468102776944015,0.5525457,8.00111954828659,5.178733031088497,34.16346770994197,21.628479641831238,0.292879,30.182775368851708
Bangor Aberconwy,wales,Conwy; Denbighshire; Gwynedd,Wales,Average,0.0,40.5919151133455,0.0,39.4433228694228,19.96476201723169,1.3168733,12.33249473738251,7.875407651078995,38.5026561685727,16.069829450255494,0.3533608,23.549377892710304
Blaenau Gwent and Rhymney,wales,Blaenau Gwent; Caerphilly,Wales,Reforms,0.0,75.46169458225835,0.0,13.764113829141877,10.77419158859978,0.403606,8.610354936655826,4.625082539238744,34.737813220904,12.24236165939378,0.1302553,39.25052634380765
"Brecon, Radnor and Cwm Tawe",wales,Neath Port Talbot; Powys,Wales,Average,0.0,46.06554166752727,0.0,43.9056537523281,10.028804580144632,0.3193708,6.699832863261246,6.260187223343498,41.66377699070544,18.463518094992374,0.3660942,26.22721982769744
Bridgend,wales,Bridgend,Wales,Average,0.0,45.30264884616906,0.0,39.642693958933314,15.054657194897633,0.6690934,7.702869347436401,6.211243978633397,37.55744497774089,20.781775941597623,0.2745759,26.802996454591685
Caerfyrddin,wales,Carmarthenshire,Wales,Average,0.0,48.67780983489948,0.0,41.88052602367707,9.441664141423448,0.6041491,7.598378738905128,5.757496641653428,44.20911459272932,15.48591298275834,0.3196555,26.025292443953774
Caerphilly,wales,Caerphilly,Wales,Average,0.0,56.35591798637661,0.0,30.956994601367704,12.687087412255682,0.3444948,8.757278279926833,4.845953972027991,36.44832154830743,19.01275993509789,0.2220227,30.369168764639856
Cardiff East,wales,Cardiff,Wales,Average,9.129534630696385,26.617844011834645,8.189027130837792,25.346949829051717,30.71664439757946,9.7844604,18.55746070851146,15.841478889760022,19.612415839779302,17.541387491203974,1.6619139,17.000882770745235
Cardiff North,wales,Cardiff; Rhondda Cynon Taf,Wales,Average,5.181538333331027,18.054368248146993,0.4783428641954834,49.30173091447685,26.98401963984964,4.1398628,13.22902390741578,9.974027519346556,34.698737140033444,21.7625850476986,1.3206663,14.875097285505616
Cardiff South and Penarth,wales,Cardiff; Vale of Glamorgan,Wales,Left,10.211680514443291,10.436474342565836,2.733333158148931,29.390979155512376,47.22753282932957,12.0686092,26.11222487630085,20.01225946949759,12.07568733713515,14.787516690486855,2.1219636,12.821738826579564
Cardiff West,wales,Cardiff; Rhondda Cynon Taf,Wales,Average,6.704317485443208,30.995554818772998,5.681410346729769,34.24592977934419,22.372787569709836,6.6649757,10.388945142652933,12.529949161260348,27.567867067618323,22.73459451360433,1.1238366000000002,18.98983181486408
Ceredigion Preseli,wales,Ceredigion; Pembrokeshire,Wales,Average,0.0,34.12653109817919,0.0,47.022305668544085,18.851163233276726,0.5947496,13.40909090909082,7.0623577327473805,39.54067126742528,17.500011459111988,0.2760887999999999,21.61703023162453
Clwyd East,wales,Denbighshire; Flintshire; Wrexham,Wales,Average,0.0,44.85584736221325,0.0,44.71533352378493,10.42881911400183,0.4504973,7.36088446991258,5.923260189078185,36.9609510326053,22.63037485095589,0.2070827,26.466949457448045
Clwyd North,wales,Conwy; Denbighshire,Wales,Average,0.37139106905878605,55.98355795154184,0.0,32.57872581718372,11.06632516221565,0.9541908,7.864201779831838,7.4607637168189695,40.813046800773776,13.384935259404047,0.3410573999999999,29.18180424317137
Dwyfor Meirionnydd,wales,Denbighshire; Gwynedd,Wales,Average,0.0,47.40749319142967,0.0,41.43806851958461,11.154438288985716,0.3143522,7.912492073557378,5.908556669086515,39.73777985794932,18.44619273549425,0.128,27.55262646391253
Gower,wales,Swansea,Wales,Average,0.0,35.638352783406184,0.0,48.975431737117674,15.386215479476137,1.246559,8.612267727300953,5.978873967334747,35.52194092093072,25.880396365785515,0.3075222,22.452439818648063
Llanelli,wales,Carmarthenshire,Wales,Average,0.0,56.04542389766581,0.0,32.921839959173866,11.032736143160312,0.4869854,8.167646173379218,5.299816709316447,37.72211424904837,17.520152142326335,0.2371384999999999,30.566146825929625
Merthyr Tydfil and Aberdare,wales,Merthyr Tydfil; Rhondda Cynon Taf,Wales,Average,0.40690737616324196,65.98680377004396,0.0,22.794666765385845,10.811622088406958,0.4686308,8.769835785453113,5.334046659100056,37.41207338941177,14.13715409344796,0.1947251,33.683534172587095
Mid and South Pembrokeshire,wales,Pembrokeshire,Wales,Average,0.0,54.26471849275517,0.0,36.0976160664343,9.637665440810538,0.535564,7.682364909341152,5.997361658001462,39.44095774291271,16.452553643998904,0.1920933,29.69910474574577
Monmouthshire,wales,Monmouthshire,Wales,Average,0.0,35.62659146880517,0.0,50.34755620731954,14.025852323875279,0.4679482,6.463961360103783,6.795617705570046,36.527191684224114,26.75080970548827,0.3044516,22.69001974461379
Montgomeryshire and Glyndwr,wales,Powys; Wrexham,Wales,Average,0.0,54.79221764376131,0.7677949927652787,35.782397037046124,8.657590326427297,0.4376726,7.77933185627111,6.045846006806569,37.65552574009772,18.40138105421442,0.1247,29.55554274261018
Neath and Swansea East,wales,Neath Port Talbot; Swansea,Wales,Average,0.3739978315878475,55.2624582976503,0.0,28.50758067249642,15.855963198265435,1.0158048,12.02768789080556,6.029665856652963,32.84146871513937,17.628423487978036,0.3365637999999999,30.120385449424077
Newport East,wales,Newport,Wales,Average,7.55144023904728,53.52917168704639,5.526504517683523,20.172651187953182,13.220232368269635,8.7514194,9.432873581074332,10.208259829680449,29.16464876354678,16.128597376255627,0.4432995,25.870901549442813
Newport West and Islwyn,wales,Caerphilly; Newport,Wales,Average,1.8268551999222362,49.480279866571756,0.0,34.49883820860724,14.19402672489875,1.7856264,8.353552434869972,6.354426205045829,35.46450987758206,20.41007648926609,0.4351032,27.19670539323606
Pontypridd,wales,Rhondda Cynon Taf,Wales,Average,0.6923468303063751,52.36146907505399,0.0,30.425268544406066,16.520915550233557,0.7926179999999999,10.535626770580569,6.562186082936121,38.51865597904073,14.89735319609152,0.3105653,28.382994671351067
Rhondda and Ogmore,wales,Bridgend; Rhondda Cynon Taf,Wales,Reforms,0.0,68.68267958636658,0.0,19.15754220955033,12.1597782040831,0.3837429,9.466121640034675,5.216110600383967,36.76754291459913,10.86387988674274,0.1739049,37.12869715823948
Swansea West,wales,Swansea,Wales,Average,5.157971075520557,46.92916817428449,0.0,17.126150853926454,30.786709896268516,5.6024794,18.71670014848454,10.77866459236215,31.84157134671821,8.973982466700813,0.6829746999999999,23.40362734573429
Torfaen,wales,Torfaen,Wales,Average,0.0,62.56906054855237,0.0,25.729078577835324,11.701860873612306,0.3934021,8.575826529246399,4.529361374284807,37.607526419120056,16.00427227748633,0.2893893999999999,32.60022189986241
Vale of Glamorgan,wales,Vale of Glamorgan,Wales,Average,0.4991371636564784,40.602171029853174,0.0,43.58604602331463,15.312645783175723,0.8284864,8.061616462097602,7.231861497250132,36.70434528748693,22.8687419621999,0.3231309,23.98181749096544
Wrexham,wales,Wrexham,Wales,Average,0.22857369380500672,56.72409153682292,4.059961348235027,28.496415810073962,10.490957611063083,1.3352846,8.856942410181285,6.984040319215481,37.53814188790793,16.13694728216485,0.3371392,28.81150430053045
Ynys Môn,wales,Isle of Anglesey,Wales,Average,0.0,50.319846117419154,0.0,40.66402758277415,9.016126299806693,0.4761974,7.092754139220203,5.944303107841508,39.59544600660391,19.00008863996204,0.1336,27.75761070637234
