Seat,County,Region,Superwealthy,Rural,LGBT,White,WhiteBritish,WhiteOther,Asian,Indian,Pakistani,Bangladeshi,Chinese,Black,Arab,Mixed,OtherEthnicity,Christian,NoReligion,Muslim,Hindu,Jewish,Sikh,Buddhist,Veterans,Age0to17,Age18to24,Age65plus,NoQualifications,Degrees,PublicSector,ManagerialProfessional,Intermediate,Routine,SocialRent,PrivateRent,OwnerOccupation,y2019_Turnout,y2024_Turnout,y2019_CON_share,y2024_CON_share,swing_CON,y2019_GRN_share,y2024_GRN_share,swing_GRN,y2019_LAB_share,y2024_LAB_share,swing_LAB,y2019_LD_share,y2024_LD_share,swing_LD,y2019_OTHER_share,y2024_OTHER_share,swing_OTHER,y2019_REF_share,y2024_REF_share,swing_REF
Aldershot,Hampshire,South East,1.0,0.9,3.0691713,79.3340407,73.1508133,6.183227400000002,13.2776973,1.9943796,1.0797922,0.2716512,0.4947628,2.3673678,0.16861109999999999,2.5002129,2.5206506,43.2053138,38.3862727,2.2302648,5.155411699999999,0.0673,0.2197054,4.2212382,12.2089623356652,20.8911837213223,9.601583515200717,20.53088362178345,17.66550631918964,29.943237055853476,9.0,34.1132,18.8981,29.966199999999997,15.069412900000001,19.9575509,63.1581227,67.93519314422652,61.80012730744748,56.46447605536598,29.006674357284112,-27.457801698081866,3.525555001725394,4.439271588661833,0.913716586936439,21.985353322341936,40.71357943309163,18.728226110749695,17.384302749127716,8.347066578773896,-9.03723617035382,0.0,0.5809162821357943,0.5809162821357943,0.6403128714389785,16.912491760052735,16.272178888613755
Aldridge-Brownhills,West Midlands,West Midlands,0.0,0.3,1.7361246000000001,85.3638852,83.18554759999999,2.178337600000002,8.6983462,6.0798684,1.4796376,0.1762745,0.3578907,2.07683439999999,0.0545,2.4026750999999997,1.4582862,53.6546803,31.8708202,2.2039185999999997,1.2873106,0.0278,5.2325706,0.2350277,7.011860732049479,20.4861074161177,8.258832976445381,28.8972162740899,21.935467103296823,27.151638012813017,14.000000000000002,31.3425,19.072300000000002,32.3743,13.416656,10.7537304,75.16898359999999,64.7000916063933,58.200644858883855,69.61180025781366,38.80658938377059,-30.805210874043063,1.8448468967266116,4.261134838316046,2.4162879415894345,21.518987341772153,28.480780964002438,6.961793622230285,5.608503624183766,4.283099450884686,-1.3254041732990798,0.7100441664377338,0.0,-0.7100441664377338,0.7058177130660805,24.168395363026235,23.462577649960153
Altrincham and Sale West,Greater Manchester,North West,2.0,0.8,2.263201,80.5613858,75.1503622,5.411023599999998,12.0814879,4.457854,3.6582345000000003,0.2397868,2.7615113,1.6517543,1.095885,3.2182951,2.48704459999999,50.5380286,31.6891919,6.405810300000001,2.9755063,2.0906821,0.40426460000000003,0.47065120000000005,5.33081470941785,24.0207215323749,7.912408006495922,25.531339012978837,11.493341389119651,48.6556906578053,5.0,48.1206,17.135,17.738699999999998,11.3755121,13.8090916,74.1800162,74.10018402251569,69.5006146073942,48.04521300878331,32.3097255694628,-15.735487439320508,2.8595949820134035,7.189224908652725,4.3296299266393214,36.835089385168814,40.42214102464433,3.5870516394755185,11.022040428756643,9.187203607245587,-1.8348368215110558,1.2380621952778335,1.2497084661432014,0.011646270865367958,0.0,9.641996423851356,9.641996423851356
Amber Valley,Derbyshire,East Midlands,0.0,18.9,2.4956673,97.6839642999999,95.42540819999999,2.2585560999999093,0.8037238999999999,0.28784940000000003,0.0664,0.0332,0.2037088,0.26123219999999997,0.00886,1.0672572,0.1837839,43.866253300000004,49.0179362,0.2424712,0.1284322,0.0421,0.15279009999999998,0.21811339999999999,6.7156608022171,18.905616676317198,7.696986525976158,27.49018207782925,21.68730918447612,24.324396389670298,19.0,27.690399999999997,17.5177,39.5891,14.6483892,14.786954999999999,69.9609047,64.60015297017083,59.500559597090096,63.842662632375195,25.216900613670028,-38.62576201870517,3.0454515556140236,5.356093202605158,2.3106416469911344,26.808305378324455,37.022407185347156,10.2141018070227,6.303580433686334,3.738449601467165,-2.565130832219169,0.0,0.0,0.0,0.0,28.66614939691049,28.66614939691049
Arundel and South Downs,West Sussex,South East,2.0,85.8,2.1526419000000003,96.7862856,92.4035523,4.382733299999996,1.0135964000000002,0.3231217,0.0278,0.07200000000000001,0.185229,0.340635699999999,0.0453,1.4725706,0.38694459999999997,54.239729999999994,38.1596279,0.2634395,0.1914053,0.22124800000000003,0.037,0.3663456,9.21096227576087,17.7512405696534,6.836464413596888,36.47422377004949,14.12810822050172,37.446641959906565,8.0,41.5707,23.4516,20.7847,11.6551496,14.3269594,72.9742522,75.50025987525987,70.20018723469741,60.43713966095861,40.191815856777495,-20.245323804181112,3.979003528095689,10.074899525027401,6.095895996931713,15.67507099216935,17.869930580928024,2.194859588758675,18.951897427071682,18.025210084033613,-0.9266873430380684,0.9568883917046725,0.33613445378151263,-0.6207539379231599,0.0,13.502009499451956,13.502009499451956
Ashfield,Nottinghamshire,East Midlands,0.0,5.4,2.5203357,95.738806,92.04070680000001,3.6980991999999926,1.4796293,0.6503825000000001,0.1473359,0.041,0.2630997,0.9713643,0.0779,1.3660138,0.44413480000000005,42.0580714,50.2488924,0.6293346,0.3241389,0.0305,0.21047980000000002,0.1852222,7.71955539269573,20.7957804178615,8.516195771642842,25.71022176246192,24.40929632020659,20.82117495158167,28.000000000000004,23.8283,16.3343,42.743700000000004,15.4398651,16.9154472,67.0241615,61.5006801746975,57.90153747876712,39.20463805909334,8.20169500025074,-31.0029430588426,1.3108570630282428,2.7581365026829148,1.447279439654672,25.579175300938324,28.97046286545309,3.3912875645147658,2.0722251973270622,1.5520786319642947,-0.5201465653627675,26.857435563109732,15.73642244621634,-11.121013116893392,4.975668816503295,42.78120455343263,37.805535736929336
Ashford,Kent,South East,0.5,24.0,2.6558577999999997,86.0152343,80.3540668,5.661167499999998,6.9689934,1.488541,0.3435815,0.3108149,0.5233298,2.9780181999999997,0.2640054,2.3573248,1.6804599,45.5048448,41.8283949,1.885503,2.4912231,0.10110939999999999,0.10579039999999999,1.1983336,9.06965761511216,22.887770767333,8.523884599008003,22.152663498164422,17.36282122279695,29.377525892236463,26.0,33.2917,18.5721,30.406100000000002,14.0731995,19.2774498,64.8264463,66.10017280557332,61.600094416323536,59.200477572613686,28.702501330494947,-30.49797624211874,4.598694909322958,9.270888770622673,4.672193861299714,23.77158854649128,32.489622139435866,8.718033592944586,10.654809691430453,5.204896221394359,-5.449913470036094,1.774429280141625,2.744012772751464,0.9695834926098388,0.0,21.588078765300693,21.588078765300693
Ashton-under-Lyne,Greater Manchester,North West,0.0,0.3,3.3278373,79.4948342,75.57528140000001,3.9195527999999915,13.630820199999999,2.8739079,7.584117999999999,1.5644055000000001,0.8506767000000001,3.2627601,0.3198784,2.405086,1.2065415,46.672331099999994,34.9980008,10.5627749,2.4470212,0.045,0.1209516,0.2479008,6.09605911330049,23.0058444850444,9.792277493415478,21.10893008000787,23.37415513964582,23.50253615435929,33.0,24.369699999999998,17.7111,35.8548,22.4990527,19.5481243,57.5667866,57.200326250743046,49.90009005966453,36.19885443603935,12.337497532500494,-23.861356903538855,3.4801943108490225,6.99641860071628,3.516224289867257,47.531237160741476,43.92149121570176,-3.6097459450397196,4.2874060468376145,3.9790192041961587,-0.30838684264145577,0.0,7.99469840106032,7.99469840106032,8.502308045532542,24.77087504582499,16.26856700029245
Aylesbury,Buckinghamshire,South East,1.0,24.2,2.5595368,78.4702641,70.5281044,7.942159699999996,12.886075199999999,2.9616231,6.8934017,0.28044979999999997,0.475029,3.6321448,0.3051148,3.5289173,1.4826386,45.7337572,35.587955900000004,8.715194,2.5615728,0.1891033,0.3096909,0.5188921,6.340657599963791,23.3582352587192,8.284727207465876,20.35512383345284,15.66395165829954,34.62497271588912,30.0,37.0006,19.316300000000002,26.790399999999998,15.4624245,16.4943088,66.2736757,76.5005946874587,63.100171838673816,51.692924267551135,28.936724068882658,-22.756200198668477,2.9384328358208958,5.186223468161795,2.247790632340899,22.94776119402985,30.198237885462554,7.250476691432702,21.887092316196792,20.90508610332399,-0.982006212872804,0.0,1.2655186223468162,1.2655186223468162,0.5337893864013267,13.508209851822187,12.97442046542086
Banbury,Oxfordshire,South East,1.0,43.7,2.7348898,89.7052894,79.947489,9.757800399999994,5.4290855,1.3560422,2.601949,0.1632364,0.408091,1.48289459999999,0.1543862,2.4082288,0.9745016000000001,50.6849046,37.665326,3.7180534,0.4474251,0.1406193,0.3618735,0.4965927,7.23206096098214,21.272169199623,7.880454103761285,25.04206858957632,16.96550556771331,34.822087076376214,11.0,35.1876,18.6192,31.6064,15.056798099999998,19.3960347,63.8608622,72.60023433258081,65.8007593761097,51.95237158039756,31.574577608036865,-20.377793972360696,2.912812438496359,5.427788617211175,2.514976178714816,24.794331824444008,38.33284901822409,13.53851719378008,20.340484156662075,9.03316866619619,-11.307315490465886,0.0,2.5883183195649466,2.5883183195649466,0.0,13.04329777076674,13.04329777076674
Barking,London (Barking and Dagenham),London,0.5,0.0,2.4049745000000002,42.2842099,27.746308400000004,14.5379015,28.0601722,5.1017816,7.9489747,11.7452323,0.6830274,21.6722963,0.7689663,4.3208586,3.6624917,43.7003049,17.7467567,27.5624738,2.8524241999999997,0.10163209999999999,1.7725832000000001,0.39307709999999996,2.49736588427825,28.838070912829,13.153872701276939,10.39688409012472,22.299665728539058,34.13632992288388,20.0,22.1843,17.0563,29.544500000000003,32.8020266,25.5542852,39.296523,57.10010161894289,45.70021799594077,26.824154660035592,11.771801409107109,-15.052353250928483,1.8284209756454326,13.674370151054088,11.845949175408656,60.93761427631098,44.48556624722428,-16.452048029086704,3.3057851239669422,2.782575321435425,-0.5232098025315173,0.0,13.104147819173726,13.104147819173726,7.104024964041054,14.181539052005373,7.077514087964319
Barnsley North,South Yorkshire,Yorkshire and the Humber,0.0,10.1,2.6361152999999997,96.7732674999999,92.4365084,4.336759099999909,1.0038270999999999,0.19808230000000002,0.131098,0.0182,0.27846360000000003,0.7195979,0.10143350000000001,0.9186428,0.584677799999999,51.311004800000006,42.0267943,0.5789474,0.1741627,0.022000000000000002,0.09380000000000001,0.1732057,7.515870945299589,20.6902633508776,8.395561693859866,24.40366113438982,25.627675168572274,22.69950161243037,26.0,24.0152,16.8612,40.6719,19.5751435,17.296486299999998,62.3999826,57.90008070604775,47.03227780327367,23.972571942446045,8.356372309860681,-15.616199632585364,2.362859712230216,4.892394427278148,2.5295347150479324,38.53642086330935,50.441806255759744,11.905385392450391,3.5701438848920866,3.621185016533854,0.05104113164176738,2.018884892086331,3.4178999295278367,1.3990150374415058,29.53911870503597,29.270342061039734,-0.2687766439962367
Barnsley South,South Yorkshire,Yorkshire and the Humber,0.0,1.8,2.8180088999999997,96.7853711999999,91.6891563,5.096214899999907,0.8382466999999999,0.167838,0.1583018,0.0105,0.17355980000000001,0.8000712,0.0915,0.9698368,0.6064576,49.719162700000005,43.7448148,0.6036332,0.1630668,0.0305,0.0868,0.1792781,7.1705717164355,21.128639315257498,8.620689655172404,23.8807197218829,27.37259688739701,20.19201427196545,15.0,21.196,16.7829,42.3322,22.3370276,19.0915133,57.7075607,49.400081657381435,46.16477833484663,22.653833848778927,9.255458639758281,-13.398375209020646,2.0608936760157834,4.335556695741405,2.274663019725622,41.815079449717395,46.74476939741178,4.929689947694385,3.4952543457395757,3.340744541360242,-0.15450980437933381,0.7438413138530447,3.1127073713015223,2.3688660574484777,29.231097365895277,33.21076335442677,3.9796659885314902
Barrow and Furness,Cumbria,North West,0.0,31.3,2.3702392,97.37845750000001,95.7762381,1.602219400000005,1.1946913,0.288427,0.0677,0.0749,0.27918909999999997,0.29561689999999996,0.1036695,0.8108802,0.3202464,54.3526683,38.4519056,0.40134259999999994,0.13754450000000001,0.039,0.027700000000000002,0.4095542,8.31683168316831,18.4763528253832,8.215921537389221,28.887035746290866,17.59484645078803,27.6855744879644,19.0,30.3423,16.3705,37.4456,10.8206132,16.1452539,72.715945,65.30055714304353,56.30067207168765,53.05213099686294,31.2948532720684,-21.75727772479454,1.5385537594661018,3.472205774377679,1.9336520149115772,38.1940975483046,43.90469197792567,5.710594429621075,4.507762703059124,3.9790625518107103,-0.528700151248414,0.0,0.6868619881101821,0.6868619881101821,2.7074549923072313,16.662324435707347,13.954869443400117
Basildon and Billericay,Essex,Eastern,0.5,0.4,2.0404545,87.2084238,81.53780689999999,5.670616900000002,4.0868809,1.8501045,0.4643762,0.4505005,0.388522,5.0850121999999995,0.1406079,2.7390798000000003,0.8806497,46.583351099999994,43.999704,1.8574878,1.1692552,0.2155352,0.1868588,0.3339408,5.06936787945608,24.4068192223788,9.260842715310421,21.90869792408908,20.26504628261358,25.5529678799844,13.0,32.020700000000005,19.650000000000002,29.6563,24.0145181,13.0249012,61.901589599999994,60.90025216419268,54.80043711297289,65.88051992401768,30.635742094767828,-35.24477782924985,2.9773973918425716,5.039882252397683,2.062484860555111,21.595202014812283,30.588263222865823,8.99306120805354,8.424220434123749,5.441078719969614,-2.9831417141541348,1.1226602352037223,1.341278131231602,0.21861789602787973,0.0,26.953755578767446,26.953755578767446
Basingstoke,Hampshire,South East,1.0,6.1,3.1037588,85.59588069999991,77.9411765,7.654704199999907,7.6855959,3.2011198,0.48716640000000005,0.3699193,0.6671272,2.3903876,0.2490366,2.8621028,1.4660438,42.639533899999996,44.507257300000006,2.0085979,2.9910840000000003,0.0927,0.3071973,1.1488089,8.23113880174626,21.2807924577486,8.3703114996578,20.16469081837636,15.58371407350723,32.29839526456753,10.0,36.9172,17.951800000000002,30.048099999999998,20.685343200000002,16.8286423,60.7112301,66.4007057694054,62.40001019004433,52.687520759656906,29.471922268264304,-23.2155984913926,3.9213770735233777,7.283267672334606,3.3618905988112284,28.65321115257615,42.70754659209211,14.054335439515956,13.280318868330044,6.483088040172283,-6.797230828157761,1.4575721459135227,1.165567780522158,-0.29200436539136465,0.0,12.888607646614547,12.888607646614547
Bassetlaw,Nottinghamshire,East Midlands,0.0,33.0,2.1838384,96.2736591,91.4580194,4.815639699999997,1.3003388,0.4635183,0.1823364,0.035500000000000004,0.2140054,0.661209299999999,0.08059999999999999,1.2302908,0.5345217,54.9058559,37.915779,0.6314658,0.241838,0.0393,0.1602656,0.21400740000000001,8.84271827655661,20.0220329953134,7.616574460878383,27.149147566896183,21.95085022129047,24.870719776380152,16.0,27.419700000000002,16.5832,39.6457,15.7839424,16.5918595,67.0461761,62.90007651916937,57.40049114908421,54.40988317217946,28.316769909532507,-26.093113262646956,0.0,4.338428628726771,4.338428628726771,28.00721521907838,41.16939257542671,13.162177356348334,6.732806174885164,4.447613530014706,-2.285192644870458,0.0,0.0,0.0,10.850095433856996,21.7277953562993,10.877699922442304
Bath,Somerset,South West,1.0,0.9,5.087096,88.4916499,79.021218,9.470431899999998,5.1341139,1.4363411,0.20602849999999998,0.2909787,1.7527072000000001,1.4041186,0.4804078,3.6479743,1.3220977999999999,39.159855900000004,49.0826181,1.5144857,0.7040259,0.2187265,0.1171749,0.7264845,6.24242856124848,16.214288395840303,25.70682856886815,20.31207993547802,9.846323099666519,45.2584774412395,23.0,37.5923,15.055,19.019,16.344806300000002,25.5231716,57.17000410000001,77.7005150343584,69.10067191179004,32.089106125606584,15.913151880324122,-16.175954245282462,0.2566987833180955,12.366507375857054,12.10980859253896,12.518461213868767,18.003324329939748,5.484863116070981,53.40741261692102,41.31103261998753,-12.096379996933493,0.599549898023771,4.514855599418242,3.915305701394471,1.1287713622617623,7.891128194473302,6.762356832211539
Battersea,London (Wandsworth),London,6.2,0.0,5.6318263,67.9002797,46.126650600000005,21.7736291,9.0929127,2.0982938,1.9972819,0.3801723,1.8255614999999998,12.3611086,1.3526419,6.3913019,4.2544398999999995,43.5972782,37.3832634,8.5611438,1.2038678,0.4876078,0.2396716,0.6308598000000001,2.6688453159041297,16.2646438815357,10.50122779141989,10.55591093869296,9.237279838121866,65.22122257155601,7.000000000000001,55.1648,13.8431,14.7746,22.5448299,38.006954900000004,37.0014245,76.30043347782595,64.70062801467658,35.381842019010165,23.24455205811138,-12.137289960898784,2.48370297534506,9.003440805403338,6.519737830058278,46.354564987799996,48.81483369440551,2.460268706605511,15.142576204523106,10.250201775625504,-4.892374428897602,0.0,2.686801750138057,2.686801750138057,0.6373138133216796,6.0001699163162145,5.3628561029945345
Beaconsfield,Buckinghamshire,South East,3.5,3.8,1.8314784,79.59077909999999,72.1547328,7.436046299999999,13.000124399999999,8.5140346,2.0678718,0.3358348,0.5441768,1.6066172,0.34101750000000003,3.4671835,2.3352958999999998,48.251806200000004,32.0977289,3.6269967,3.4155341999999997,0.3866447,5.4182086,0.4747541,6.252067482633141,21.0875585317959,7.230360879995898,28.09325710785555,13.796360109247772,42.60280266482885,4.0,44.9619,20.295199999999998,19.1441,12.2347193,15.390096100000001,71.2504453,72.80007745719107,65.6000439844405,55.49940151615906,38.750366676444706,-16.749034839714355,3.6764007371800957,4.142396178183799,0.46599544100370327,9.90063268291756,15.11964128567238,5.219008602754819,0.0,27.32053807149143,27.32053807149143,30.92356506374328,1.9800528014080376,-28.94351226233524,0.0,12.68700498679965,12.68700498679965
Beckenham and Penge,London (Bromley),London,1.0,0.0,3.7856411999999997,72.7902648,60.2786774,12.511587399999998,6.965067299999999,2.7858403,0.6010322,0.6131648,1.2711271,10.5647277,0.42557560000000005,6.940802,2.7391763,46.3947737,38.6215586,4.1577228,2.0559963,0.42463839999999997,0.25011669999999997,0.6234251,3.8750835147309197,20.8405855517487,7.118224320696193,20.42077489237592,12.12232654890649,48.63066438348293,12.0,48.0084,18.6568,16.9145,14.504030700000001,22.817605699999998,61.6351252,78.50001305244473,67.71963949944887,39.05257557114828,24.60265788365057,-14.449917687497713,4.017159389444981,7.334073762016008,3.316914372571027,40.10175916996442,49.31446516793688,9.212705997972463,16.05699843703236,8.494504231932902,-7.562494205099457,0.0,0.0,0.0,0.771507432409963,10.254298954463636,9.482791522053672
Bedford,Bedfordshire,Eastern,0.0,0.0,2.9558711,69.2987641,54.190955100000004,15.107808999999989,16.8011058,6.716804699999999,4.2214199,3.6166710999999996,0.46197360000000004,6.6422342,0.4074098,4.8525413,2.4053546,46.5853082,30.7713293,10.1722351,1.9251405,0.10094030000000001,2.5917102,0.3419239,5.15707565048716,22.2823465441183,9.844723300532634,20.693779904306233,19.75855676628838,32.01835692001628,24.0,29.433999999999997,17.0025,33.407199999999996,19.7988897,24.579162099999998,54.3622215,66.50066353686553,55.911716171617165,41.95008905006116,21.918886347426152,-20.031202702635007,1.9827049760745015,5.887995277798273,3.905290301723772,44.33834731669635,45.111783368995795,0.773436052299445,10.025105679891851,9.899407265304115,-0.12569841458773645,0.0,5.996212400698493,5.996212400698493,1.703752977276141,11.18571533977717,9.48196236250103
Bermondsey and Old Southwark,London (Southwark),London,2.0,0.0,8.6754572,55.9887353,34.345225299999996,21.64351,13.172948700000001,3.1205965,0.7250908,2.1808714,3.9819334,18.1869931999999,1.340998,6.722720499999999,5.9285735,41.181411000000004,36.8187757,9.741508,1.8365062,0.44886149999999997,0.25755880000000003,1.0778275,1.94774049590223,14.902138046377,16.6045192338336,8.741009869224797,12.555211894297031,56.935265071354934,13.0,45.224399999999996,12.800600000000001,18.4003,37.217692299999996,36.0769921,23.7294851,65.00028331822303,54.10036543607746,16.802876757110166,7.656304018296413,-9.146572738813752,0.05448403617740002,11.905964949605083,11.851480913427684,49.63713631905852,44.828870036965135,-4.808266282093385,31.079873597036066,24.120415924261362,-6.959457672774704,0.0,2.4545913889849214,2.4545913889849214,2.4256292906178487,9.033853681887082,6.608224391269234
Bethnal Green and Stepney,London (Tower Hamlets),London,3.5,0.0,7.632936399999999,35.727663,20.829783199999998,14.8978798,49.4233015,2.2089684,1.0547824000000001,41.7921045,2.4069867,6.5369686,1.1313073999999999,4.4818392,3.83019339999999,18.3231039,24.971204999999998,46.6155982,1.2638256,0.4906988,0.2666498,0.8677953,1.50142993326978,19.0903015000742,19.46252053637802,7.8189678118087445,18.14664701547531,46.19516735833689,28.999999999999996,34.6701,11.9513,19.3771,40.7920964,36.28564,20.144726600000002,64.9000857521503,57.30026533018868,10.139937138395627,4.116020322850344,-6.023916815545284,4.206121999559569,13.70077389757112,9.49465189801155,73.51204180096495,34.07721825626514,-39.43482354469981,9.277091549718724,10.240744313675048,0.9636527639563237,0.8788612840583773,33.65489742105602,32.77603613699765,1.9859462273027568,4.210345788582331,2.2243995612795744
Beverley and Holderness,East Riding of Yorkshire,Yorkshire and the Humber,0.0,51.8,1.965149,97.7899649,96.07597770000001,1.7139872,0.8860882999999999,0.203352,0.08940000000000001,0.0168,0.1698324,0.2458419,0.0682,0.8167597000000001,0.2614961,52.7529496,39.8205667,0.39998209999999995,0.1988738,0.08270000000000001,0.048,0.27596529999999997,11.9189243227031,17.1069100249235,7.025721150689962,33.77230413717939,17.08309734862953,31.66629348155368,28.000000000000004,34.5771,20.006,29.890800000000002,9.6098573,15.765664500000002,74.0621329,69.60025880499606,62.400277970813065,60.98862235515228,34.52569213978662,-26.46293021536566,2.493785744599155,3.6683965521081587,1.1746108075090036,24.66099468504335,34.24950442123082,9.588509736187468,9.253683083079038,7.541706572822237,-1.7119765102568003,2.602914132126185,1.7551284050159253,-0.8477857271102596,0.0,18.259571909036236,18.259571909036236
Bexhill and Battle,East Sussex,South East,0.5,44.1,2.4990129999999997,95.6267489,91.894197,3.732551900000003,1.4869765,0.4601107,0.0337,0.13578880000000002,0.24801089999999998,0.5723772,0.14476650000000002,1.8000426999999999,0.5139772,50.9376157,40.579515,0.5768215999999999,0.24352200000000002,0.157111,0.018000000000000002,0.3187108,9.50803337900112,16.9487668501582,6.595514267447773,38.78371149354796,18.48532701671272,29.756546914067638,11.0,34.1014,24.9669,25.045099999999998,9.1667705,16.228671,73.725246,70.20042342978122,66.19991681685845,61.7568409835736,33.89738219895288,-27.85945878462072,4.0834791000663495,6.224083769633508,2.140604669567159,20.77326738645274,28.332984293193718,7.559716906740977,13.386412529907313,7.273298429319372,-6.113114100587941,0.0,7.667015706806282,7.667015706806282,0.0,16.60523560209424,16.60523560209424
Bexleyheath and Crayford,London (Bexley),London,0.5,0.0,1.8697432999999999,73.1808921,66.2744144,6.906477699999991,10.0566587,4.9117686,0.5848309,0.7520702,1.4027833,10.9729275,0.19967359999999998,3.3275559999999897,2.4619657,49.923476900000004,33.844501,3.7055431,3.1328867000000002,0.0568,2.5886097,0.7611769,5.2480362697032,23.1072311495673,9.518486888375346,21.772329950768558,18.64000102102026,30.511914030094573,17.0,33.3695,20.462600000000002,26.684400000000004,14.3101903,13.403447800000002,71.0633138,67.60040017150207,61.80021329541415,60.782241014799155,31.299325832355446,-29.48291518244371,2.2621564482029597,4.776696348450335,2.514539900247375,28.98942917547569,36.16345689238628,7.17402771691059,5.987315010570825,5.071213271668853,-0.9161017389019719,1.0993657505285412,0.0,-1.0993657505285412,0.879492600422833,22.68930765513909,21.809815054716257
Bicester and Woodstock,Oxfordshire,South East,1.0,43.3,2.7453597,89.3774777,80.2437891,9.133688600000001,4.8777594,1.6133974999999998,0.5486738,0.1977203,1.1665497,1.545184,0.24616180000000001,2.9499866,1.2495922,50.7745386,39.0501893,1.6340935,0.8857518999999999,0.1324674,0.2797631,0.562492,8.353683599700181,20.9159947496718,7.609868288461294,23.95348010100637,14.11396474541727,38.91227601936212,13.0,40.4578,18.5666,27.5449,11.3058826,18.6343963,67.9827849,73.90018904666468,67.60041998707732,53.9131772806832,28.79587407156654,-25.11730320911666,2.3561770306399183,4.787032796351978,2.4308557657120597,16.85291685099344,16.40016726736892,-0.4527495836245201,26.591140774364796,38.668631394492124,12.077490620127328,0.0,0.5794619566299608,0.5794619566299608,0.28658806331865133,10.768832513590473,10.482244450271821
Birkenhead,Merseyside,North West,0.0,0.2,3.450504,93.5396418,89.9591427,3.5804990999999897,3.3197774,0.7991355,0.18106150000000001,0.8835044000000001,0.7706965,0.6113976999999999,0.3403198,1.6636806,0.865493,52.89829660000001,38.5343103,1.8304531999999998,0.45311060000000003,0.0673,0.15925229999999999,0.4019224,7.95369211514393,21.4533596873946,9.758331980425346,23.51972539833463,20.567917479264082,27.95883361921098,25.0,27.5594,16.3804,34.4592,22.5144979,22.9942843,53.546247199999996,67.90061916255641,55.4001464185258,15.577064255631544,7.506839152408773,-8.070225103222771,2.9983385495150885,20.100153011545416,17.101814462030326,59.997681696997795,52.08883943061158,-7.908842266386216,3.983617325451103,5.313673668104048,1.330056342652945,14.074031142536997,0.7511475865906245,-13.322883555946373,3.3692670298674705,14.239347150739556,10.870080120872085
Birmingham Edgbaston,West Midlands,West Midlands,1.0,0.0,4.208125,54.2263107,46.7464742,7.479836500000003,23.022964,9.127409,7.5620247,1.0051318,2.0517980000000002,11.4081075,1.8939674,5.8461935,5.496381899999999,38.7408508,28.594371600000002,16.244704300000002,3.3190885000000003,0.38396569999999997,5.0543182,0.5270299,4.23166202414113,22.5202240764111,16.19578846221442,19.1628484713547,18.999472682669598,39.23928743379875,26.0,31.683699999999998,13.336200000000002,23.6399,24.1288855,24.695313,49.6436614,63.900839417592735,52.100559592416275,35.45472488431764,21.99155712300951,-13.463167761308132,2.5702318033290203,7.473014855188628,4.902783051859608,52.32132283602711,44.34915036870792,-7.97217246731919,7.250158994714797,5.616116276584375,-1.6340427181304218,0.0,8.913113177300417,8.913113177300417,2.403561481611439,11.657048199209148,9.25348671759771
Birmingham Erdington,West Midlands,West Midlands,0.0,0.0,2.6231303,63.07687119999999,54.8302293,8.246641899999997,15.287989899999898,2.9830024,7.9508392,1.7630192999999998,0.8059281999999999,13.3154786,0.7664944,5.8485248,2.4711846,45.823645899999995,30.5608728,14.217760300000002,1.1353834,0.0707,1.1386696,0.3762703,4.37088774167425,24.9381776678714,12.19906234161178,18.52403277580671,26.57235186998032,24.17658761486721,16.0,21.0787,14.524899999999999,37.4091,25.156392300000004,21.783581299999998,51.7198097,54.0,44.100262268557785,41.4781079062146,15.983194271850406,-25.494913634364195,1.79763367791995,7.254867151902479,5.457233473982529,49.44215523265621,43.71264571868158,-5.729509513974634,3.2506807392949226,3.337475590271614,0.08679485097669115,0.0,6.766672584176578,6.766672584176578,4.031422443914312,22.945144683117345,18.913722239203032
Birmingham Hall Green and Moseley,West Midlands,West Midlands,0.0,0.0,2.4835622,29.598722,24.5841823,5.014539700000001,54.237461499999995,6.7724363,38.540823,5.092115,0.44501660000000004,5.6991108,3.4996036,3.84743259999999,6.6172772,18.9253014,14.5876315,54.4220703,2.8099371,0.1670958,2.6624495,0.259169,2.83487253363517,26.2341349226772,14.65256287627296,16.54082034546775,24.985463165898818,33.05676074607505,18.0,25.837500000000002,13.837399999999999,23.725199999999997,16.432577000000002,24.4019139,58.5352678,68.30050691730911,54.100513620700866,15.021550474496994,9.241455559294334,-5.78009491520266,1.679584066178318,9.40489352497236,7.725309458794042,66.25369643789017,30.759986540402828,-35.49370989748734,7.157076866580336,11.322886122193914,4.165809255613578,7.96111250700632,16.56491852136711,8.603806014360792,1.9269796478478516,5.540066336586069,3.613086688738217
Birmingham Hodge Hill and Solihull North,West Midlands,West Midlands,0.0,0.0,1.8723986000000001,49.6627182,45.954388200000004,3.7083299999999992,34.097618000000004,1.191401,26.393988200000003,2.7630363,0.2861979,7.8712599999999995,0.9583540999999999,4.8874424,3.4809842,32.1757404,23.378088899999998,37.4858946,0.3524294,0.0491,0.40721539999999995,0.1586341,4.49674792943708,28.514030612244802,14.712507806227098,17.34097600142731,29.49514798909263,20.44799682052527,49.0,17.4604,13.9957,35.259800000000006,28.5206242,15.8302333,54.1634496,53.700404437104176,43.90030607783122,28.558628372160605,13.57511131942817,-14.983517052732434,3.4896110815130528,6.913522381063979,3.423911299550926,59.92153823800068,31.213381767049448,-28.70815647095123,4.329926865888507,2.7595500351535036,-1.5703768307350034,0.6223664454884487,26.625849543004453,26.003483097516003,3.0779289969487094,18.912584954300446,15.834655957351735
Birmingham Ladywood,West Midlands,West Midlands,1.0,0.0,4.4403196,22.3264787,15.5792163,6.7472623999999986,40.7851504,5.396098,22.991525600000003,5.8570215,2.3467594000000003,23.7052987,3.6814622999999997,4.9318821,8.2511902,22.2750469,16.243374,48.9382017,1.7950153,0.0928,2.3527475,0.5300761,1.61450617862701,24.009346354322698,25.28304266927373,7.463969220095233,24.57957675397328,31.58092826715481,23.0,18.9374,9.9108,24.725,35.5609308,36.3822167,26.8736758,58.20047046523784,43.70042052948485,9.837206691366342,6.063588397714536,-3.773618293651806,1.8479847311103625,9.508187758003226,7.660203026892863,82.99988772875267,42.53260067251702,-40.46728705623565,2.768608959245537,4.677547226550753,1.9089382673052158,0.34579544178735827,33.18024002843161,32.83444458664425,2.2005164477377344,4.0378359167828535,1.8373194690451191
Birmingham Northfield,West Midlands,West Midlands,0.0,0.0,2.9948025,77.8323821,73.4181913,4.414190799999995,6.3717668000000005,1.6532452999999998,1.6263406,0.3831595,0.9657847,7.5954652,0.7858018,5.8809886,2.3193677,46.77979,39.902401,5.263109099999999,0.7728133,0.0789,0.5176829,0.3404832,5.51182833523876,24.544207735210698,10.760245256040509,22.29600368368748,23.40536876033255,27.40993589362385,11.0,26.8521,15.242,33.6517,28.654662199999997,14.847305599999999,54.45770949999999,59.50075581157822,50.80007555519577,46.08395129543166,25.33729947944332,-20.74665181598834,2.22466355396869,7.460427068947201,5.235763514978511,42.70118099423235,39.64995219377457,-3.0512288004577854,4.607250755287009,4.756719430574737,0.14946867528772856,0.5813421221276207,1.8272601721024115,1.2459180499747908,3.8016112789526684,20.96834165515776,17.166730376205095
Birmingham Perry Barr,West Midlands,West Midlands,0.0,0.0,1.8168668,21.0251375,16.4181554,4.606982099999998,52.9932134,16.005383300000002,19.4019317,13.6518435,0.47513929999999993,17.1567139,0.759074,3.7855225999999997,5.0394308,25.5937238,10.9652218,42.8900852,3.3366706,0.0451,9.5036846,0.5153539,2.51742933198123,26.543904599985602,15.801712522275748,15.04759421045763,28.90438612589466,24.9058111040342,17.0,17.4085,13.209299999999999,31.1088,23.0466967,23.987223099999998,52.1142828,63.4003621719506,49.10055682934818,20.42417137376106,11.27921869996798,-9.144952673793078,1.8821272514121283,6.510833600170776,4.628706348758648,68.01023126931685,34.14451915892838,-33.865712110388465,6.526697218373655,3.474223503041947,-3.0524737153317076,0.31546413726953,2.5669761981001176,2.2515120608305876,2.8413087498667804,6.526843846728574,3.6855350968617935
Birmingham Selly Oak,West Midlands,West Midlands,0.0,0.0,5.0251766,68.869883,62.7130886,6.156794399999999,16.3924257,4.0844484,7.122552,1.3685819,1.8260104999999998,6.16787809999999,1.2120932,5.576184,2.9936572000000004,38.890483599999996,36.817201100000005,12.900836199999999,1.8093765000000002,0.47225280000000003,1.5306548,0.44539920000000005,4.64357369044453,20.4345925467196,23.7964425520225,18.01845111370547,17.83726417757104,32.47264967879602,24.0,27.0023,13.3156,24.1256,21.0490694,22.6903553,54.6482959,63.40008130401144,50.80055529847293,31.62760874511345,15.18361398120917,-16.44399476390428,3.687922725298364,11.243265752283788,7.555343026985424,55.71390158644797,45.20990032012076,-10.504001266327208,6.2423728462986325,6.0484605574785935,-0.19391228882003908,0.0,7.396611404627437,7.396611404627437,2.728194096841583,14.91814798428025,12.189953887438666
Birmingham Yardley,West Midlands,West Midlands,0.0,0.0,2.0235733999999996,44.085014799999996,38.7809755,5.304039300000002,40.873173200000004,3.7254332000000003,26.7616304,6.9258349,0.2986337,6.4263502,1.6878529,4.1200877,4.4953619,29.986698,18.300342699999998,42.557502400000004,1.4226944,0.043199999999999995,1.7865166,0.1858752,3.9367078962740902,27.4237075257137,14.417511488406321,16.917482255820122,27.66017038160812,23.56634379740927,15.0,19.4877,14.8878,32.5301,18.5609428,22.2665278,58.349630399999995,58.3007554362192,49.400669719128,26.745573426239677,10.054227534307216,-16.69134589193246,1.2003054455209277,5.417220008853476,4.216914563332548,58.103851477115455,31.19466578131917,-26.909185695796285,8.931895194005632,10.054227534307216,1.1223323403015844,0.0,29.277335104028328,29.277335104028328,5.018374457118313,14.002324037184593,8.98394958006628
Bishop Auckland,County Durham,North East,0.0,70.2,2.3427930999999997,98.0331915999999,96.3264775,1.706714099999906,0.7433155,0.1885525,0.0585,0.0303,0.2243124,0.3055688,0.0574,0.7325372,0.18526889999999901,58.115166200000004,35.776516,0.29474229999999996,0.11269559999999999,0.028200000000000003,0.07690000000000001,0.2340601,9.48213324596915,18.3374160577775,8.8116264335863,30.61248238321191,22.55492142912986,25.758997211581057,18.0,25.785999999999998,17.884800000000002,36.5526,17.7633734,18.6151542,63.2915243,69.90018494726885,57.10028248587571,52.996303851669325,25.636332154253346,-27.35997169741598,0.6059259558481953,4.593464763648057,3.9875388077998615,36.61004625234796,42.14015385757043,5.530107605222469,3.5992001777382807,3.39624508373117,-0.20295509400711076,0.6564197855022116,0.8187597397778712,0.16233995427565961,5.532103976894024,23.415044401019124,17.8829404241251
Blackburn,Lancashire,North West,0.0,0.4,1.8503922999999998,47.8236528999999,43.951322399999995,3.8723304999999044,47.4722675,21.3720833,23.4839387,1.2498554,0.2321796,1.0959586000000001,0.7107719,1.8298595,1.7782641,31.296426399999998,16.0939071,46.7578219,0.3549538,0.0214,0.0845,0.1690256,4.77419354838709,27.4805181704313,13.25303998052557,17.72983875641899,26.68627220327021,25.411128102576168,31.0,20.6717,14.7095,33.2949,22.2754342,20.1066997,57.017369699999996,61.800855257568465,53.10037824478036,23.32913277580479,8.93357677372901,-14.39555600207578,1.5992668117768358,3.6413197212436037,2.0420529094667677,65.98235765838011,26.708154396070665,-39.27420326230944,2.424103562836522,1.7718003445881658,-0.6523032182483561,0.7308970099667774,19.440944274436188,18.71004726446941,5.934242181234964,12.456605035101704,6.52236285386674
Blackley and Middleton South,Greater Manchester,North West,0.0,2.3,3.1636651000000002,63.3007035,56.8318495,6.468854000000002,14.931464799999999,1.3670923,9.6427862,0.3205533,1.6000578,14.3553718,1.3887635,4.1021798,3.3102776,51.200064999999995,24.735425799999998,16.3151051,0.42711119999999997,1.0853861,0.5246334,0.40995449999999994,4.7081409699684595,27.1932942104487,11.921373464139439,18.37794075626239,25.54489973844812,27.08674206685696,46.0,21.833,15.787,33.9982,28.8283964,22.6778204,47.5246846,52.60002241398632,43.44210030218181,28.22786832853947,9.805360561582642,-18.422507766956826,2.0347288803664645,10.201021059349074,8.166292178982609,59.00980078832427,53.80982769623485,-5.199973092089422,3.0094811974006603,5.079770261646458,2.070289064245798,0.0,0.0,0.0,7.718120805369128,21.10402042118698,13.385899615817852
Blackpool North and Fleetwood,Lancashire,North West,0.0,0.0,2.9108087,97.2758705,95.1917814,2.084089099999997,1.0177638,0.1799924,0.0789,0.0789,0.3041977,0.26520879999999997,0.0979,1.1241632,0.316838099999999,55.892723700000005,37.4298736,0.5041734,0.13472689999999998,0.0979,0.0453,0.302083,10.1754306127556,17.713408393039902,7.730676418638193,32.81588178222244,22.08731173094755,24.22875473022079,28.999999999999996,26.6308,21.2955,33.0514,9.131038199999999,21.0516736,69.3053312,66.40043516909238,57.00068166325835,55.838395140664964,28.933269552738576,-26.90512558792639,1.9061700767263428,3.035159052858168,1.128988976131825,35.61980498721228,40.047835446065534,4.428030458853257,4.036125319693094,3.152355895718727,-0.8837694239743672,0.8851502557544757,1.1217412102367854,0.2365909544823097,1.7143542199488488,23.709638842382205,21.995284622433356
Blackpool South,Lancashire,North West,0.0,0.0,5.2873768000000005,94.0272320999999,89.174815,4.852417099999906,3.0302477000000003,0.7438545000000001,0.5026044000000001,0.3719273,0.40665270000000003,0.5593076,0.1772823,1.6723019,0.7109568,49.6102496,41.9194181,1.6558682000000002,0.43589910000000004,0.1681456,0.074,0.3527401,8.287581699346399,20.904827880208803,9.433178378135585,23.88218913517027,25.192664239283403,22.11562088145285,35.0,21.1004,18.931,37.0317,10.757164399999999,34.867772699999996,53.962795299999996,55.800552558873825,45.40057815403675,48.840005658508986,15.645252984650371,-33.194752673858616,1.9097467817230158,3.4309266628766344,1.5211798811536186,40.116470976564344,48.08413871517908,7.967667738614736,3.5294949780732776,2.9590676520750425,-0.5704273259982351,0.8676380440420616,1.2620807276861854,0.3944426836441238,4.73664356108832,28.61853325753269,23.881889696444368
Blaydon and Consett,County Durham; Tyne and Wear,North East,0.0,26.1,2.7358715,97.80289859999999,95.7970064,2.005892200000003,0.8084032999999999,0.2589315,0.0972,0.038200000000000005,0.1999344,0.2108852,0.1256419,0.8532721999999999,0.3244838,55.497405099999995,38.8713466,0.4315761,0.100519,0.0754,0.14968589999999998,0.190112,8.49126674173994,19.091808826502902,8.132637089455057,27.608612729688097,18.52360696451689,29.157969827472318,14.000000000000002,30.526999999999997,16.9056,34.7676,17.4861031,15.2098907,66.918248,66.90075639948148,59.90039303602593,34.8578728840626,14.33579685427326,-20.52207602978934,3.0256574044501225,6.132745878339966,3.1070884738898434,43.981688491429786,50.1231760469964,6.141487555566613,4.569360161822634,5.384214515823384,0.81485435400075,3.866709251570318,0.3197839681637294,-3.5469252834065887,9.698711806664537,23.704282736403258,14.00557092973872
Blyth and Ashington,Northumberland,North East,0.0,16.1,2.5993865,97.4816692,96.31945950000001,1.162209699999994,1.1424745,0.2875884,0.16250710000000002,0.12212659999999999,0.1703863,0.2166827,0.1260661,0.7416235,0.41759409999999997,48.8260321,44.9210132,0.6667586,0.0689,0.037399999999999996,0.19894420000000002,0.19500469999999998,9.54081741771285,20.216701902748397,8.797851701130929,26.7117777882932,21.718890960485957,22.58856077464365,27.0,24.6082,16.7333,38.0706,22.5672612,17.8172719,59.0401643,57.000039776720016,52.70016435783048,33.454291695743194,15.150615083785054,-18.30367661195814,2.9030006978367062,4.851365065221158,1.9483643673844515,47.685508257734355,49.577980743050915,1.89247248531656,6.422423819492905,3.54694190737853,-2.875481912114375,0.41404977901837636,0.0,-0.41404977901837636,9.12072575017446,26.873097200564345,17.752371450389887
Bognor Regis and Littlehampton,West Sussex,South East,0.0,0.3,2.8448745,95.4968755,87.1164498,8.380425700000005,1.745773,0.48944970000000004,0.0766,0.3596148,0.27554900000000004,0.5968671,0.0757,1.5580194,0.6025123,51.1143284,40.5426863,0.7818046000000001,0.25593130000000003,0.1391743,0.060700000000000004,0.3082384,9.22513908573604,17.544808617923398,7.649714247592783,33.836643020747495,20.50926439587263,24.82858093864418,14.000000000000002,28.8661,20.966,33.881099999999996,10.2912868,21.056417,67.3936496,68.20011948983039,62.200228892472566,62.16911064559132,32.780646914922535,-29.388463730668782,3.258426966292135,4.568549145879943,1.310122179587808,18.973528851647306,29.090262822255212,10.116733970607907,13.288897352885165,10.623706274698392,-2.6651910781867727,2.3100361835840793,1.4803353754155602,-0.8297008081685191,0.0,21.45649946682836,21.45649946682836
Bolsover,Derbyshire,East Midlands,0.0,51.2,2.5796478,97.3812238,93.7721514,3.609072400000002,0.8846355,0.33844830000000004,0.0889,0.02,0.1866957,0.48322950000000003,0.045899999999999996,0.9644280999999999,0.2865078,48.3621697,44.775016699999995,0.2945199,0.1587413,0.0499,0.1417689,0.1737168,7.44647141369788,19.2562714637696,7.794808958846332,26.01175819126489,23.9982126035603,22.21202386415787,9.0,25.166100000000004,16.753899999999998,41.8529,17.485967799999997,15.9039472,66.0465327,61.20080929347608,55.000518457071756,47.70995708906209,25.625677522741196,-22.08427956632089,1.569752167440231,8.84667954941792,7.276927381977688,36.16560119099746,40.526464627421404,4.360863436423948,3.811629739907172,3.48305603996795,-0.3285736999392217,2.160872230493038,0.0,-2.160872230493038,8.582187582100008,21.518122260451523,12.935934678351515
Bolton North East,Greater Manchester,North West,0.0,0.3,2.4844721,75.5104549,72.0869397,3.4235152000000055,16.771713,8.1216313,7.4097158,0.1632753,0.39063190000000003,3.8194139000000003,0.6864587,2.3121895,1.5862287,48.7034534,27.642690399999996,17.039449400000002,1.1701399,0.0456,0.0772,0.1860988,6.0799085791679,23.7988864348278,10.50607242831007,23.29674447309828,22.63198757763975,26.459627329192546,17.0,26.233099999999997,17.116500000000002,32.208999999999996,21.4495821,18.0383028,59.9724897,64.70053739712868,54.200105002625065,45.012438809084344,21.940081643949352,-23.072357165134992,1.6110264023754113,10.800525842385664,9.189499440010252,42.448439130085866,37.28407020457114,-5.164368925514729,4.389695851055293,3.475633663137988,-0.9140621879173048,0.0,4.755644733504001,4.755644733504001,6.538399807399085,21.744043912451854,15.20564410505277
Bolton South and Walkden,Greater Manchester,North West,0.0,0.0,3.0005567,64.59414559999999,60.194599100000005,4.399546499999996,24.336226,8.9860446,12.4603354,0.5747313000000001,0.4573566,6.1714804,0.6653931,2.3936343,2.50453309999999,40.8455835,26.8237599,25.0590921,1.9913224,0.1157557,0.0866,0.2217977,5.10193258236279,27.3463787777752,12.13537435778413,17.80269862536788,26.41895219132036,23.53394566124992,25.0,20.5751,15.204500000000001,35.1618,28.0840953,20.368288200000002,50.5420371,58.100735770048736,46.400301545420284,31.741087668242997,11.291632818846466,-20.44945484939653,2.4486176791560568,7.655023016517736,5.20640533736168,56.58875954892688,40.869212022745735,-15.719547526181145,3.8536740632957436,3.7476306525859733,-0.1060434107097703,0.0,13.826157595450853,13.826157595450853,5.36786104037832,22.610343893853234,17.242482853474915
Bolton West,Greater Manchester,North West,0.0,1.0,2.2120384,83.0682822,80.550722,2.517560200000002,11.9343447999999,6.2938202,4.4092357,0.1495863,0.43654790000000004,1.7024351,0.3551404,2.1705284,1.1244416,55.120586100000004,27.418337199999996,9.762898100000001,2.3384552999999997,0.0682,0.0865,0.21369700000000003,6.5595229437859,21.980591605284598,8.756681152904726,25.4333383285878,17.664387959360962,33.05636338457277,9.0,34.5584,18.5517,28.255599999999998,12.835430200000001,15.0098175,71.5875209,69.10083556196045,59.327941254722504,56.543274244004174,27.844297950580742,-28.69897629342343,1.7907275206545281,9.264989461410826,7.474261940756298,35.24905751183123,38.93223911386161,3.6831816020303805,5.644902542712762,4.408269429122382,-1.23663311359038,0.0,0.45293510919772184,0.45293510919772184,0.7720381807973049,19.09726893582672,18.325230755029413
Bootle,Merseyside,North West,0.0,0.0,3.2861231999999996,95.3689361,91.5033389,3.865597200000004,1.578221,0.2702676,0.0789,0.0671,0.4665568,0.6845135999999999,0.2722404,1.4440576,0.9242363,64.8556943,28.3008818,0.8591269,0.4862796,0.0868,0.0681,0.281115,7.75814036417125,21.299715159826903,9.065318059956107,22.535949305386268,24.30761022457195,23.96687199883591,31.0,24.049300000000002,18.566399999999998,35.031800000000004,27.0565424,19.6973412,52.5150995,65.40052401282102,53.20051449057224,9.17151340139098,4.305555555555555,-4.865957845835425,2.3711717574327897,10.041152263374485,7.6699805059416954,79.44442184894457,68.7474279835391,-10.696993865405474,3.7052100703623867,3.3461934156378605,-0.35901665472452615,0.0,1.3528806584362139,1.3528806584362139,5.30768292186928,12.20679012345679,6.899107201587509
Boston and Skegness,Lincolnshire,East Midlands,0.0,40.1,2.2205215000000003,95.7337121,82.2927963,13.4409158,1.643872,0.6205353,0.33221449999999997,0.0878,0.1910664,0.4896589,0.11446769999999999,1.3202512,0.8124624,57.417161500000006,34.3007143,0.9871762,0.2556158,0.0568,0.0732,0.2401239,9.64508317122553,19.3480957802967,7.632011462767077,31.15280879935935,29.11603181333968,18.08478730775993,20.0,20.8524,17.6703,44.1726,16.6931322,21.8797141,60.1528384,59.40068877248077,53.40030095831463,76.42720689501978,33.39513039179335,-43.03207650322643,0.0,3.722654801631442,3.722654801631442,15.558221155982052,18.85799035965888,3.2997692036768296,4.842507441467857,3.3988382153009518,-1.4436692261669055,3.1720645075303215,2.261772339636633,-0.9102921678936884,0.0,38.363613891978744,38.363613891978744
Bournemouth East,Dorset,South West,0.5,0.0,4.315063,88.063033,75.1779085,12.8851245,4.5045213,1.6448937000000001,0.1879611,0.316074,0.7892497,1.5186511,0.5676239,3.6600989,2.2536633,47.1534908,40.1961884,2.5958967,0.9949690000000001,0.5358245,0.0944,0.6031532000000001,7.00596115633613,19.426197035167,10.63073158460445,22.49754156470821,15.107253339981188,34.98169950934288,27.0,33.679700000000004,19.6372,27.587699999999998,9.0592483,33.1752238,57.1031772,67.40086901866478,62.10072181199702,50.5939831333117,28.583834335337343,-22.01014879797436,4.159909179370743,6.212424849699398,2.0525156703286553,32.719753486863446,40.783789801825876,8.06403631496243,10.98361985079468,6.862614117123135,-4.121005733671545,1.5427343496594228,3.6005344021376082,2.0578000524781856,0.0,13.95680249387664,13.95680249387664
Bournemouth West,Dorset,South West,0.5,0.0,5.5991237,88.4909530999999,77.3269912,11.16396189999991,4.2296213,1.3952621,0.1809364,0.4001119,0.8571162,1.5230367999999999,0.4971087,3.7325126,2.0238761000000003,42.316194,44.8194816,2.2412072000000003,0.973708,0.4299611,0.0774,0.6276873,7.600559713923991,16.8826426554804,19.52852933297613,21.0543798553441,15.80284775465498,30.780941949616654,12.0,28.2924,18.0543,27.980300000000003,12.799609,31.608059100000002,54.914809899999995,63.500346981263014,56.100650413446616,53.57579996502885,28.263737378862448,-25.3120625861664,4.515649589089001,6.631488152620631,2.1158385635316295,31.847788074838256,36.442741894565934,4.594953819727678,10.060762371043888,10.936627936475722,0.8758655654318339,0.0,0.8625501040133949,0.8625501040133949,0.0,16.86285453346187,16.86285453346187
Bracknell,Berkshire,South East,1.0,0.3,2.7255651,85.66024759999999,77.3668697,8.2933779,7.369817200000001,2.9809393,0.7526037,0.1945372,0.655335,2.5781096999999997,0.2456278,3.0654353,1.3263901999999999,46.1549043,41.4967724,1.8098036000000002,2.508376,0.1444306,0.7535936,0.9284823,7.30308156210928,22.4771338570723,8.95895038308078,19.78557266296223,13.555721985536959,34.19563162224214,15.0,39.7164,18.8398,25.928800000000003,17.957832800000002,16.048051,64.2412356,66.70080801183566,61.200072596294795,55.49820849684354,31.93421082647079,-23.56399767037275,3.977563555707217,4.941031548691745,0.963467992984528,25.364698856850364,33.722654378721174,8.35795552187081,13.980122845930728,10.876656705522732,-3.1034661404079955,1.1794062446681453,1.5420763282158907,0.36267008354774544,0.0,16.98337021237767,16.98337021237767
Bradford East,West Yorkshire,Yorkshire and the Humber,0.0,0.0,2.166287,45.703072500000005,40.6682802,5.034792300000001,45.6602124,2.9623839999999997,35.9746874,4.4439962,0.21345969999999997,2.7371588,0.5933172,3.2136615,2.6858949,25.859287,21.4128443,44.2476091,0.6403684,0.05550000000000001,1.7589122,0.1630334,4.589784959183181,28.8023618807927,14.191677146709262,15.17623466231593,28.893267577079467,21.90002164033759,21.0,18.8077,14.2413,32.6735,18.8431623,24.745346400000003,55.69629390000001,59.60004431641923,49.58695304588818,21.712055023701087,9.270206362854685,-12.441848660846402,1.482479784366577,6.908319002579535,5.425839218212959,62.982154475322986,37.881556319862426,-25.10059815546056,7.672646156706013,5.1322012037833185,-2.5404449529226945,0.0,27.501612209802236,27.501612209802236,6.150664559903337,13.306104901117799,7.155440341214462
Bradford South,West Yorkshire,Yorkshire and the Humber,0.0,1.2,2.4088589000000002,70.4038952,65.7920026,4.6118926,22.0270727,3.1465939,16.9063069,0.5619571,0.33863869999999996,2.4629099,0.4127731,3.448623,1.657499,37.3670627,34.3586974,20.076513300000002,1.3755926,0.038400000000000004,0.9060790000000001,0.1757244,6.17097306212204,26.3251702135244,11.13194310044514,19.65478033675239,25.457203806236674,22.630090362167728,11.0,22.2598,15.879299999999999,36.316199999999995,17.3057541,22.6314825,59.6321239,57.70066606457439,46.50004221903234,40.06211939641469,14.687367592760728,-25.374751803653957,2.4627650468341122,10.18703468313056,7.724269636296448,46.73628604270097,35.811996852490765,-10.924289190210203,3.7149355572403335,2.8872344289086618,-0.8277011283316718,0.0,13.906543187458386,13.906543187458386,7.0238939568099,22.51982325525089,15.495929298440991
Bradford West,West Yorkshire,Yorkshire and the Humber,0.0,0.7,2.2118229,29.5315398,23.8927115,5.638828300000001,61.006139000000005,4.6285691,50.3539203,3.2639776,0.2768736,3.1255406999999997,1.0893659,2.8527872,3.4839931999999996,19.7206543,13.000700400000001,58.7375881,1.4733633,0.033,0.8240287000000001,0.1301965,3.57088317638075,27.839294849092898,15.60458496471836,14.601214950213178,29.026775268746004,25.29413063152551,37.0,18.075,13.827200000000001,28.4794,16.2339646,31.001832699999998,52.1965995,62.10065522708459,47.60015917639055,15.175888479699962,8.23872063860198,-6.937167841097983,1.8368315221074987,9.951187939915322,8.114356417807823,76.22060052868214,31.617270300153717,-44.60333022852842,3.047829917986489,2.038779968177773,-1.0090499498087162,0.20333928289012904,10.466276529759176,10.262937246869047,3.5155102686337862,7.977131145330493,4.461620876696707
Braintree,Essex,Eastern,0.0,32.1,2.1937413,94.947839,90.3076805,4.640158500000002,1.6229088999999999,0.5291259,0.1546085,0.1642115,0.2640828,1.1245127000000001,0.0499,1.82937359999999,0.4753134,47.302514099999996,44.818215,0.6885359,0.34090689999999996,0.20454409999999998,0.0759,0.2544798,7.005513598665609,20.1614091981132,8.286406646665128,26.87283637202858,17.95553777171035,25.847642136729,10.0,33.2972,21.0919,29.929,14.9307325,15.2272622,69.0705648,68.30077453805282,63.1007233133414,67.46589259796806,35.518479236354736,-31.94741336161333,0.4508950169327528,5.870115036305784,5.419220019373031,18.184808901790035,28.03296075711838,9.848151855328346,9.70101596516691,5.872154687117566,-3.8288612780493443,4.197387518142235,1.5644121726360447,-2.63297534550619,0.0,23.141878110467488,23.141878110467488
Brent East,London (Brent),London,1.0,0.0,3.2130605,37.9867532,16.5682849,21.418468299999997,22.2682328999999,8.5212995,5.0754591,0.7151885,0.885436,21.6504349,7.0760537999999995,6.0255743,12.0689911,41.4843396,14.3423214,27.2215655,6.4039372,1.3701481999999998,0.2118786,0.8765082000000001,1.60613250593173,22.6632055591608,13.15834134751367,15.518281759725431,22.32128745549037,38.59856267606289,10.0,26.8125,17.7633,25.8949,27.9557899,35.6357737,34.0904482,58.00028988944671,48.70011079333179,23.500011359247562,16.72662822072906,-6.773383138518501,3.2396574050934865,9.864557430823766,6.624900025730279,63.83897130654066,51.240675096555734,-12.598296209984923,9.023786264397847,6.970530659753452,-2.053255604644395,0.0,9.843394529389979,9.843394529389979,0.3975736647204489,5.354214062748003,4.956640398027554
Brent West,London (Brent),London,1.0,0.0,2.7814096999999998,25.596235699999998,9.4440122,16.152223499999998,50.0957566999999,35.192111999999995,4.938955099999999,0.6680531,1.1438446,12.3997545,4.047968200000001,3.3507390999999997,8.557514,34.579677,8.6555797,17.8909412,28.263422900000002,0.6605771,0.8034652,1.0660502,1.74428491606539,19.9386926624506,15.50394950156936,15.493601462522772,22.49956569840268,38.66929990582513,28.999999999999996,25.9175,17.9348,27.659200000000002,15.069358399999999,37.424385900000004,45.4534412,63.30029291766921,51.70061227039861,33.79883074761915,32.54302010827533,-1.2558106393438209,1.7063647819530232,6.77929234338747,5.072927561434447,53.281550189022255,41.71017014694509,-11.571380042077166,9.106121015555601,7.281999226604794,-1.8241217889508068,0.5577705703720537,6.704369682907966,6.146599112535913,1.5493626954779267,4.981148491879351,3.431785796401424
Brentford and Isleworth,London (Hounslow; Richmond upon Thames),London,5.0,0.0,2.9341405000000003,45.4469034,28.515606799999997,16.9312966,35.297453499999996,20.5925765,5.9451859,1.0137812,1.0370865,7.0879232,2.1301058,5.0308407,7.136864299999999,38.683891599999995,18.428003200000003,17.2580946,10.3396308,0.161581,6.9285626,1.1714623,2.85303689927723,22.5009444654325,9.907380325631268,16.07292580676598,16.80401499765662,44.89923449461022,11.0,34.5203,17.8859,23.9408,18.6969018,32.095608399999996,46.639756500000004,67.60048721071864,57.000705360741634,28.303787658626366,22.501878287002253,-5.801909371624113,2.983628790080403,8.903080390683696,5.919451600603294,50.330330330330334,44.21045653422902,-6.1198737961013165,16.32277438729052,8.536261987890573,-7.786512399399946,0.0,7.141910107393821,7.141910107393821,2.059478833672382,8.706412692800637,6.6469338591282545
Brentwood and Ongar,Essex,Eastern,1.0,42.7,1.6999925,89.5959562,84.1881039,5.407852300000004,4.51098699999999,2.3411063999999997,0.3455094,0.333279,0.5636186,1.9487137,0.1854947,2.9118594,1.0324514,55.3430019,33.9373618,1.4665865,1.5185642,0.8132980999999999,0.561563,0.3607864,5.3504993146661395,21.022620029206298,7.7244311392309415,26.455013144488632,16.45947227838938,33.14111685264235,7.000000000000001,41.7522,22.5952,19.728399999999997,11.965539999999999,15.122739099999999,72.0355368,70.50029366223504,64.10079575596816,68.54362314450167,36.685839609368536,-31.85778353513313,3.1713874583459556,3.6621699908963,0.49078253255034454,13.68524689488034,22.92890838367955,9.243661488799209,13.592471978188428,12.018952246958536,-1.5735197312298919,1.007270524083611,0.39104527021435076,-0.6162252538692603,0.0,24.313084498882727,24.313084498882727
Bridgwater,Somerset,South West,0.0,21.0,2.7395246,96.2631425,90.1029223,6.160220199999999,1.6360968999999999,0.66834,0.059500000000000004,0.1824578,0.2197558,0.3811283,0.06849999999999999,1.1632948,0.5563983,49.7731946,42.263416799999995,0.5634853000000001,0.127011,0.0494,0.0605,0.2469658,9.701196613095089,20.2046332046332,8.096240383219625,28.08946629893058,20.80004900759618,23.46483704974271,16.0,25.7461,18.4714,40.207100000000004,14.210072100000001,19.5120245,65.26789670000001,63.00081193829269,56.100152381484946,57.9015198649009,30.603802736175833,-27.297717128725065,2.055372855746156,4.286177078920481,2.2308042231743253,20.740378633010398,27.242144085324828,6.50176545231443,17.6250999911119,14.406040519325176,-3.219059471786723,1.6776286552306463,1.250965635824466,-0.42666301940618023,0.0,22.210869944429216,22.210869944429216
Bridlington and The Wolds,East Riding of Yorkshire,Yorkshire and the Humber,0.0,48.1,2.2050324,98.0691149,96.1868251,1.8822898000000028,0.7030674,0.1490281,0.11231100000000001,0.045399999999999996,0.1555076,0.1739,0.0605,0.7904967,0.2635238,53.991274499999996,38.4678517,0.47731149999999994,0.0886,0.08099999999999999,0.024800000000000003,0.2602536,11.6104515306724,16.44781727913,6.375548045878811,36.85883343174069,21.99626557597775,25.9123299503347,17.0,27.785500000000003,20.1531,35.2352,10.0993651,20.961080000000003,68.3447804,64.10026363372855,57.51312687526789,66.57192075796728,34.57623960686587,-31.995681151101408,2.8488372093023258,3.7147448587465353,0.8659076494442095,19.877260981912144,27.298134476092876,7.420873494180732,7.491386735572782,7.2128933088012674,-0.27849342677151423,3.210594315245478,3.092903556373291,-0.11769075887218694,0.0,24.105084193120152,24.105084193120152
Brigg and Immingham,Lincolnshire,Yorkshire and the Humber,0.0,42.4,1.9050001,97.1641252,95.0165492,2.147575999999995,1.2964449,0.3661715,0.1814363,0.11875830000000001,0.24521389999999998,0.3277159,0.1220572,0.8445035999999999,0.3672711,52.9215781,39.6606703,0.713626,0.28369110000000003,0.0473,0.10555950000000001,0.24410629999999997,10.9394980317428,18.5091686450601,7.089468619412321,31.84460644089687,20.04133863450854,26.10653255746597,6.0,29.555799999999998,17.6192,36.661,9.555928900000001,14.202251699999998,75.73280510000001,66.00030733554057,58.20063803277791,71.94200444491482,37.41648630845958,-34.52551813645523,2.7833633188697218,4.481509362943446,1.6981460440737242,20.20319610540798,29.787334148866094,9.584138043458115,4.3750661445655625,3.392302625388162,-0.9827635191774005,0.0,0.0,0.0,0.6963699862419304,24.92236755434271,24.22599756810078
Brighton Kemptown and Peacehaven,East Sussex,South East,1.0,0.0,10.296639,86.6645959,77.54933000000001,9.115265899999992,4.6929061,1.2612972,0.298811,0.6856926999999999,0.9677283999999999,2.2038626,0.9048208,3.9789049,2.4596867000000002,35.819956600000005,51.429589899999996,2.8770039,0.8146618,0.43406690000000003,0.0996,0.8052256000000001,5.9347181008902,16.811679843508003,16.48357031757106,21.853988316125818,17.45667591736047,34.596361393771204,34.0,31.5181,19.375899999999998,24.728,21.5000844,25.2273769,52.0276954,70.8003895955082,59.20030265110729,34.430507788792234,20.22808828589687,-14.202419502895363,5.690875986243172,19.655409723246326,13.964533737003155,51.181468743677925,43.978272624489996,-7.203196119187929,5.996358486748938,9.706041390158777,3.7096829034098393,0.0,6.4321879762080325,6.4321879762080325,2.70078899453773,0.0,-2.70078899453773
Brighton Pavilion,East Sussex,South East,1.0,0.0,11.9431921,85.3337332,73.1136975,12.2200357,4.9544259,1.2667566,0.3727468,0.3931314,1.4473058,1.9530378000000002,0.9066289,5.1786564,2.58010659999999,26.086450100000004,60.03358600000001,2.550015,0.7202555,0.6736621,0.1747251,0.9580757000000001,3.6743910227168994,15.105923947651,22.595524109131908,13.64262284070166,9.165915238954012,47.73331830477908,13.0,39.0893,16.656000000000002,16.6174,11.3447678,35.7312289,51.870267299999995,75.40076587877988,70.00026736538153,17.73874362970876,7.591238087962875,-10.147505541745886,57.04803768760617,55.01785611977923,-2.0301815678269364,22.67035603579622,27.727593911731567,5.057237875935346,0.0,3.063231671218227,3.063231671218227,1.2083851421166005,1.184042167179115,-0.024342974937485495,1.3344775047722457,5.416038042128984,4.081560537356738
Bristol Central,Somerset,South West,1.0,0.0,9.6317754,78.1570704,66.22066079999999,11.936409600000001,8.138094599999999,2.0694958,1.2387075,0.2648271,3.0134762999999998,5.724750599999999,0.9300984999999999,5.336052899999999,2.6439998,23.9064969,58.0240058,6.0697962,1.0422451,0.585195,0.33638029999999997,0.9440007,2.9475668176225702,11.0702493228147,34.76810885321703,8.419671839566005,4.824174514244843,56.28918822267255,19.0,42.4425,11.5523,11.248099999999999,12.0441873,47.0092406,39.8575954,73.2004839513202,69.10096245777297,14.342660470181034,4.607402282947077,-9.735258187233956,26.019406148521206,56.587109420039205,30.567703271518,58.48484259241255,32.58849302432837,-25.896349568084176,0.0,2.6795803066989508,2.6795803066989508,0.0,0.4519774011299435,0.4519774011299435,1.1530907888852158,3.085437564856451,1.9323467759712354
Bristol East,Somerset,South West,0.0,0.0,5.8388501,76.5071655,67.36813409999999,9.139031399999997,6.7475353,1.4692653999999998,2.8240425,0.7196402000000001,0.6805688,9.8078234,0.5533597,4.8112308,2.1262096,31.8777372,47.9092842,10.991477199999999,0.5833288,0.1399262,0.5733341000000001,0.45884899999999995,4.49952878777916,20.0864497838755,12.57965619183178,15.41443118361972,17.72447821249143,37.38437503512301,14.000000000000002,32.820100000000004,17.1584,30.182199999999998,19.1614798,23.682826300000002,56.1212413,72.80029496194464,60.70008688554803,23.309698657888074,13.956060638920817,-9.353638018967256,8.436132113012336,30.670801795744868,22.23466968273253,58.38729515609739,44.997722787308334,-13.389572368789054,6.945700539015302,5.883883840464986,-1.0618166985503166,0.0,4.491530937560997,4.491530937560997,2.9211735339869045,0.0,-2.9211735339869045
Bristol North East,Bristol; Gloucestershire,South West,0.0,0.0,4.268681,78.81720250000001,71.41063290000001,7.406569600000001,8.4860759,2.0820253,3.478481,1.0794937,0.6734177,6.3382279,0.40405060000000004,4.4911392,1.8673417,36.2561137,45.8983525,8.3197472,0.627829,0.0962,0.9944002000000001,0.5458061999999999,5.6364772017488995,20.4581981824026,13.27455302473664,19.23340680871906,18.03608215244397,32.01947687121543,19.0,30.197000000000003,17.827,31.290699999999998,17.9792125,20.3927644,60.4187488,70.10062496416491,59.90042511911895,39.12483386156835,14.803877205934887,-24.32095665563346,3.9832327982823843,18.66441210793303,14.681179309650645,50.297515591452814,45.25947271904546,-5.0380428724073525,5.099683058991923,4.677415513586892,-0.4222675454050311,0.0,3.6914429969753986,3.6914429969753986,1.4947346897045293,12.903379456524327,11.408644766819798
Bristol North West,Bristol,South West,1.0,0.0,4.3064864,85.6271138,76.0046524,9.622461400000004,5.4683493,2.0743278,0.7180013,0.4597406,0.8810169,3.3839476,0.43226610000000004,3.9316067999999897,1.5889442,39.301446,47.7082704,3.6475361,0.8333561999999999,0.3058692,0.3736366,0.47528780000000004,5.77563952123914,21.2337575945718,15.638759078880602,20.710545577388608,14.175688109870391,43.05755926889391,31.0,38.4639,14.5758,25.5476,19.503379600000002,18.1843785,61.5095757,76.10069448968689,65.3004028726572,36.490026538823734,13.975321888412019,-22.514704650411716,6.383015152812259,17.309755694948826,10.926740542136567,48.87766458351169,49.64097061736547,0.7633060338537803,8.107182604229092,8.581627599867943,0.47444499563885145,0.0,0.45807197094750746,0.45807197094750746,0.1421111206232343,10.034252228458238,9.892141107835004
Bristol South,Bristol,South West,0.0,0.0,5.0877757,90.0899648,82.3681986,7.721766200000002,3.023171,0.7906164,0.7666001,0.14313710000000002,0.45342760000000004,2.5668613,0.2661005,3.3171303,1.0029204,32.337429,57.318936,2.5611713000000003,0.5053173999999999,0.11336020000000001,0.1104781,0.40732809999999997,5.1866169635049895,21.1331801674942,11.258986045200361,17.38241789221442,19.54449026291326,35.165542392677516,12.0,32.690200000000004,16.7269,32.705600000000004,23.0383359,19.7593079,55.743476400000006,64.60023019888112,57.50036432044301,32.81677301731996,11.397829643112226,-21.418943374207736,5.065467804756775,25.009791949865217,19.944324145108443,51.622192757106156,42.67216551851254,-8.950027238593613,6.240159111626751,6.269151901942262,0.028992790315511385,0.0,0.3778540653871852,0.3778540653871852,4.255407309190354,14.273206921180565,10.01779961199021
Broadland and Fakenham,Norfolk,Eastern,0.0,89.5,2.2544489,97.31253629999999,94.95949590000001,2.353040399999995,0.8828941,0.2603832,0.0375,0.0471,0.21002099999999999,0.3310925,0.0429,1.1786893999999999,0.2947109,49.3977969,43.1828897,0.2582401,0.1607304,0.1253697,0.0525,0.28609999999999997,10.1703222644283,17.9830703958479,6.88932136355075,33.27892523071118,17.94413521932288,27.40004085175918,11.0,33.394600000000004,22.9849,29.5136,10.9741453,13.848793100000002,74.1918882,72.40050995928551,64.40045263582327,59.1490892566365,32.965079878011835,-26.184009378624665,2.495550422236528,6.4690081392765535,3.9734577170400254,21.611693869049873,31.51293599660695,9.901242127557076,16.05634869542167,11.160705269323207,-4.895643426098461,0.6873177566554323,0.0,-0.6873177566554323,0.0,17.892270716781454,17.892270716781454
Bromley and Biggin Hill,London (Bromley),London,2.0,0.0,2.4369049,78.2049836,68.4785617,9.726421900000004,8.0792136,3.6131982,0.5494111,0.4233336,1.4422042,6.0691479,0.4366588,5.3331829,2.3134718,48.5910512,37.420942000000004,2.9757572999999997,2.7553688,0.2244887,0.32084470000000004,0.6560402,4.79391023193054,21.9793282694981,7.904658609647755,23.417002375787497,12.9897513226161,42.42977994735093,16.0,45.130700000000004,20.5133,17.2027,9.4427048,17.6022811,72.1479671,69.7005001136622,66.20069047484294,54.44575808226997,34.04505428742412,-20.400703794845846,3.6813567613844835,5.520646319569121,1.8392895581846371,25.133515430714663,33.399589638368816,8.266074207654153,15.977006808267765,9.301530306916304,-6.675476501351461,0.7623629173631211,0.20090621526887234,-0.5614567020942488,0.0,17.532273232452766,17.532273232452766
Bromsgrove,Worcestershire,West Midlands,0.0,20.3,2.02841,93.0693725,90.414688,2.654684500000004,3.1849944999999997,1.869272,0.4083361,0.0645,0.41337730000000006,0.7723097999999989,0.1250214,2.4338849,0.5394068999999999,53.512194599999994,37.444925,0.8660758,0.675519,0.0948,1.1614894,0.2863394,6.928389676481279,20.5467866450312,7.539112783443902,29.28755322309134,15.69031207999901,36.618537379317154,11.0,41.3669,19.3531,23.7987,10.704245799999999,10.612155900000001,77.5348972,72.10022185909955,65.90008759658504,63.399174528301884,32.8003174288265,-30.59885709947538,3.2853036556603774,3.3230830274774332,0.03777937181705582,20.82473466981132,26.81678404920147,5.992049379390149,12.490787146226415,14.663227854379526,2.172440708153111,0.0,3.382600932447178,3.382600932447178,0.0,19.01398670766789,19.01398670766789
Broxbourne,Hertfordshire,Eastern,0.5,4.7,1.7679786999999998,82.226548,70.2404236,11.986124400000001,3.5085615,1.3331242,0.316444,0.2943022,0.4170049,6.139752,0.1955864,3.8822054,4.2429331,52.860859500000004,33.5821171,3.9568611,1.0876986,0.3597985,0.1549901,0.46220269999999997,4.44658811640138,22.5305924421843,9.174833285010143,22.875036242389022,20.48004414199007,27.76692109619275,9.0,32.006299999999996,21.398500000000002,27.916200000000003,14.1895772,15.985668,68.7429661,63.20010605156757,57.10031639679881,64.24121657052963,36.80853045259825,-27.432686117931382,2.770844257996854,5.729651704227975,2.958807446231121,23.98531725222863,30.154591171540325,6.169273919311696,9.002621919244886,6.258148631029988,-2.7444732882148983,0.0,0.6029986962190352,0.6029986962190352,0.0,20.44607934438443,20.44607934438443
Broxtowe,Nottinghamshire,East Midlands,0.0,0.4,3.2809928000000004,89.0233446,84.282783,4.740561600000004,5.3857382000000005,1.9810463,1.0016288,0.10048019999999999,1.2586465999999998,1.6510482,0.4981702,2.6050811,1.33479999999999,41.8103357,47.239439,2.2475832000000002,1.0460517,0.11846090000000001,0.7890339,0.4452859,7.497280966767369,18.7903225806451,11.15231355197162,26.33590185159572,17.37665889980752,34.62161888359842,12.0,35.2623,16.8204,29.447499999999998,11.4108235,17.9537379,70.15686559999999,73.60001104255525,66.50077846975088,45.1660696536074,23.324553702077846,-21.841515951529555,3.011946512631046,7.291274718842761,4.279328206211715,38.00378837606196,40.890087378234874,2.886299002172912,0.5063670973912717,7.958108616580962,7.45174151918969,12.629170495677124,2.97253229650069,-9.656638199176435,0.6826578646311959,17.563443287762865,16.88078542313167
Buckingham and Bletchley,Buckinghamshire,South East,1.0,26.4,2.4878844,80.1751056,72.78080179999999,7.394303800000001,8.6382354,3.6768117000000005,1.2401193,1.7399536,0.6825389000000001,6.5394993,0.3019832,3.36630849999999,1.2808254,47.0236856,38.1487021,4.9406441,2.7500614999999997,0.1561997,0.47995909999999997,0.42126589999999997,6.30687015550527,23.9281523603213,8.859753203607013,23.18224964404359,15.84957716067894,34.79517783242368,9.0,36.916700000000006,18.346999999999998,26.984599999999997,15.701803,16.3830248,64.4320343,71.40007057354578,63.42577183709878,53.05556083559847,31.865410045968805,-21.190150789629666,1.1956129179417971,5.436493776369094,4.240880858427297,27.68917865764413,36.947167355848954,9.257988698204823,15.430819821703512,9.025839088180348,-6.404980733523164,1.6632135185994792,1.0495161730442266,-0.6136973455552526,0.9656142485126119,15.675573560588568,14.709959312075956
Burnley,Lancashire,North West,0.0,4.6,2.5175664,77.5971927,73.2348726,4.362320099999994,19.6562394,0.3915913,15.818827399999998,2.713755,0.1633912,0.32956,0.17434480000000002,1.6092667,0.8078280999999999,45.609054799999996,29.339601100000003,18.8453288,0.1779928,0.0319,0.052,0.22637030000000002,6.95669518195115,23.6132031937031,10.48660108741492,23.356624226328147,24.733763311834412,24.598770061496918,19.0,23.4467,15.697700000000001,37.4748,14.720418399999998,23.7716362,61.1976685,62.400805479379464,53.000360283422964,40.45688081185512,20.28751982678315,-20.16936098507197,1.798225128444652,3.8218484856114205,2.0236233571667688,40.18725319519341,31.71781766912561,-8.469435526067805,7.6727102883104745,23.107328986127545,15.43461869781707,2.747229417009893,1.5408242906417584,-1.2064051263681348,7.137701159186446,19.524660741710516,12.38695958252407
Burton and Uttoxeter,Staffordshire,West Midlands,0.0,13.9,2.5083023,85.2194839,76.4931176,8.726366299999999,10.141025299999901,0.9223960999999999,7.6502004,0.1848347,0.2905814,1.1969821999999999,0.1670621,2.2953266,1.147219,49.309103799999995,34.1298263,9.5321456,0.3065713,0.026699999999999998,0.3199005,0.2701382,7.01225421575172,22.0779881035096,8.846045105587079,23.505360909940958,20.77395091053048,27.49076273423067,15.0,27.2515,16.1396,38.878099999999996,13.7611715,20.2756541,65.19866479999999,64.60070249850884,58.50065389645357,60.65082687020394,30.58715234400684,-30.063674526197104,2.940210923714555,4.644179981151511,1.7039690574369564,30.908120973367804,35.55350998312402,4.645389009756219,5.500841232713693,3.6447717360334893,-1.8560694966802038,0.0,4.5061038420233634,4.5061038420233634,0.0,21.06428211366077,21.06428211366077
Bury North,Greater Manchester,North West,0.0,2.2,2.4951599,82.2418326,78.7665523,3.4752802999999943,12.6165687,0.6562748,10.2425406,0.333469,0.41101999999999994,1.6896412,0.26173440000000003,2.2014773,1.2505089,52.054595299999995,29.464225100000004,12.271348099999999,0.3538227,0.549637,0.0989,0.24719120000000003,6.42662226539013,21.7987241343355,9.438787878787863,24.91878787878778,19.14021164021164,30.71789321789322,28.999999999999996,32.1164,18.1768,28.919,14.9722479,16.9819611,67.513876,69.40009864236949,58.600136459017236,47.2881989900879,27.858084358523726,-19.430114631564173,1.7561249298672155,3.8378734622144113,2.081748532347196,44.89059285580699,43.11291739894551,-1.7776754568614805,3.0652702449971945,2.8932337434094904,-0.17203650158770412,0.2954927997007668,6.074253075571177,5.778760275870411,2.704320179539929,16.223637961335676,13.519317781795747
Bury South,Greater Manchester,North West,0.5,1.4,3.1876501,82.9359558,75.6879316,7.248024200000003,8.262674200000001,1.2442262000000002,4.9487974999999995,0.1405376,0.7270479,2.6111887,0.5274845,3.0346753,3.15553769999999,42.0852423,26.991220900000002,7.3736778,0.504071,15.766740700000001,0.5218727000000001,0.287639,5.287528355277,24.8394507860127,10.33022046789252,21.59189371329538,18.65396917357666,33.43954810442843,17.0,34.2012,18.2281,25.9309,15.6411516,20.0753057,63.7900793,66.50052922813082,56.00010612613091,43.46617238183504,23.418771023830956,-20.04740135800408,1.8132731595277432,6.4315156109347615,4.618242451407019,41.58238304388121,45.59387880797839,4.011495764097184,6.163113994439295,4.254512720898281,-1.9086012735410147,3.2538179473747832,4.038944426019804,0.7851264786450209,3.7212394729419347,16.262377410337802,12.541137937395867
Bury St Edmunds and Stowmarket,Suffolk,Eastern,0.5,37.7,2.68338,94.7837971,89.43761810000001,5.346178999999995,1.8892982999999999,0.5730151,0.07479999999999999,0.0797,0.3111216,0.7541745,0.063,1.8933128000000001,0.6793359,48.1145636,43.8553481,0.5011421,0.2865076,0.0797,0.0473,0.47455889999999995,9.48312119535141,19.1747930082796,7.887817703768615,28.74216055635854,17.4537793243851,31.2442298132235,18.0,35.944500000000005,19.5957,30.522100000000002,14.9817377,18.2069728,65.60929709999999,69.40003438198384,64.90046801076296,62.92372477658581,30.049319159805865,-32.87440561677994,12.423543758693622,11.319827874167371,-1.1037158845262507,20.841828471256264,32.902363782838506,12.060535311582242,1.076580095653665,6.1973159373587725,5.120735841705107,2.734322897810636,2.64279959915902,-0.09152329865161635,0.0,16.888373646670466,16.888373646670466
Calder Valley,West Yorkshire,Yorkshire and the Humber,0.0,35.3,3.8133774000000003,94.9702205,92.24036100000001,2.729859499999998,2.28064319999999,0.39575569999999993,1.3053881,0.1574946,0.1625425,0.4845994,0.0878,1.8869068,0.3775497,44.6919139,46.6091855,1.750684,0.1736549,0.0656,0.1827415,0.3715408,6.89439885836603,19.16248242619,7.843673134736264,27.273969539615788,15.881307093372572,35.61032432101036,8.0,37.6948,19.189899999999998,27.534799999999997,12.2207358,18.2430324,68.9855072,74.3001539858649,63.85870964419957,51.35331420271372,26.31631994839542,-25.036994254318298,0.0,7.460490243509112,7.460490243509112,42.30701101781982,44.440412836639254,2.1334018188194364,5.062528784497113,5.214884696016772,0.15235591151965888,1.2771459949693555,1.1590872439929043,-0.11805875097645124,0.0,15.40880503144654,15.40880503144654
Camborne and Redruth,Cornwall,South West,0.0,44.1,3.1144668,96.8676372,93.5093243,3.3583129000000036,0.5872967,0.106967,0.059500000000000004,0.0525,0.1866877,0.1706,0.0444,1.1968192,1.1776445,42.490539399999996,48.9429335,0.23210050000000002,0.0686,0.09079999999999999,0.0333,0.3441142,10.2655986509274,19.7791007363308,9.05673274094326,28.925397910360278,17.074007795455103,29.201088422033187,14.000000000000002,28.0465,20.4289,34.3748,13.7416559,19.0818597,65.6025296,70.10002446250442,64.3006122586288,53.25798259048875,24.17913571204353,-29.078846878445223,2.7936643337663094,5.943287642565659,3.1496233087993497,34.165681161668054,40.514805901433505,6.34912473976545,8.472111824121285,8.607303547138223,0.13519172301693771,1.3105600899556038,2.021554881238883,0.710994791283279,0.0,18.733912315580202,18.733912315580202
Cambridge,Cambridgeshire,Eastern,3.5,0.0,7.9358830000000005,75.3326313,52.788859099999996,22.5437722,13.925356299999999,3.57825,1.0017487999999999,1.9575607,4.3059886999999994,2.4636735,0.7720638999999999,5.1723443,3.10598549999999,34.5043237,45.640418100000005,4.9998791,1.9591725,0.7688402000000001,0.22323769999999998,1.1024878999999999,3.88826564954004,16.4406047516198,23.97172719753353,13.285773366418429,9.34025759763025,55.70689364255048,8.0,39.731899999999996,10.7452,16.547600000000003,22.7641912,33.0087503,42.268342,68.6002730770822,59.900687221660995,14.76477683956574,12.049881235154395,-2.714895604411346,4.15761962203458,16.251781472684083,12.094161850649503,47.44672295938882,46.589073634204276,-0.8576493251845463,31.164053075995174,20.275534441805227,-10.888518634189946,0.5408122235625251,4.833729216152019,4.292916992589494,1.9260152794531564,0.0,-1.9260152794531564
Cannock Chase,Staffordshire,West Midlands,0.0,10.4,2.5061228,96.6255757,94.5246362,2.100939499999999,1.2016688,0.49540900000000004,0.1173861,0.0676,0.2447201,0.4695877,0.026899999999999997,1.4146017,0.2885317,52.434863099999994,41.0807907,0.3442135,0.16116360000000002,0.0289,0.37704309999999996,0.2208538,7.49706606530593,19.8908615786642,8.306149860884569,24.97601458313334,21.9864691190378,22.73091006086471,11.0,27.172400000000003,18.2485,38.1258,16.1795839,15.7906848,67.09315169999999,61.30031369538458,55.80050924963626,68.30911407164295,29.208669941564036,-39.10044413007891,6.304925182993975,4.975205457127558,-1.3297197258664175,25.38596074536307,36.48406397690499,11.09810323154192,0.0,2.395641747957069,2.395641747957069,0.0,0.0,0.0,0.0,26.93641887644635,26.93641887644635
Canterbury,Kent,South East,0.5,15.9,5.3619656,86.4426213,78.0469842,8.395637099999998,5.020975099999999,1.5493614,0.4530624,0.3626363,1.0459588,3.3522886,0.5873031,3.2599981,1.9241167,45.10674,41.9716603,2.3818402,1.0068053000000001,0.2228023,0.20509,0.6926447,7.17681845062093,18.9562185621674,18.77660766300685,24.97759354694144,14.03508771929824,36.33818589025756,17.0,32.1729,16.517200000000003,21.151400000000002,14.0954679,24.271454300000002,60.7318573,75.70051379840034,66.40002249370879,44.82034775915754,23.031483559526585,-21.788864199630957,0.0,12.534140712667527,12.534140712667527,48.598817478921035,41.352078084309035,-7.246739394612,5.697442535773012,8.070970337278482,2.3735278015054693,0.88339222614841,0.6034172471470008,-0.2799749790014091,0.0,14.407910059071371,14.407910059071371
Carlisle,Cumbria,North West,0.0,23.5,2.7965295,96.7107727,92.4368602,4.273912499999999,1.5301601,0.3954456,0.1266205,0.1743467,0.3370053,0.317507,0.19090479999999999,0.8863435,0.5551822,52.7434421,39.6033625,0.8376923,0.3321547,0.0409,0.0292,0.3165697,9.23728634955425,19.3501151848086,8.498704783051144,27.21458969377365,20.21883584963254,27.307520721313022,21.0,27.0008,17.837600000000002,38.156099999999995,14.959219400000002,17.8928955,66.2374339,67.50009879991042,59.00038496086232,56.51639344262295,28.119358837730267,-28.39703460489268,1.6061670569867292,4.180169207681768,2.574002150695039,34.48282591725215,39.428869701385416,4.946043784133266,4.996096799375488,6.485569499119164,1.4894726997436756,2.3985167837626853,1.570282085299811,-0.8282346984628743,0.0,20.215750668783574,20.215750668783574
Carshalton and Wallington,London (Sutton),London,1.0,0.0,2.4732499000000003,68.6318302,59.2482907,9.383539500000005,15.9016893,5.3221475,2.6329822999999997,0.8065591000000001,1.4369513,7.39615669999999,0.46089089999999994,5.0345668,3.0357857,45.854322800000006,33.8186701,6.2935064999999994,6.3887328,0.16474149999999999,0.2009275,0.8237075,4.23463989567185,24.1145847884595,8.89857028901024,18.9838620605018,16.10358449867914,37.39124112357917,25.0,36.9073,19.7412,23.5643,19.313009,15.7599469,63.5761915,67.50072177846214,62.80024221220481,42.4090594321561,26.185986715234627,-16.22307271692147,1.545887816204326,3.250482108420827,1.704594292216501,12.38543321520225,13.087636597385902,0.7022033821836526,41.12794818526213,43.1240625669595,1.9961143816973745,0.40734856816978293,1.6220269980715665,1.2146784299017837,2.1243227830054177,12.729805013927574,10.605482230922156
Castle Point,Essex,Eastern,0.0,0.0,1.5861752,94.8148905999999,92.54732329999999,2.267567299999906,1.7323677,0.6193269,0.182412,0.2097192,0.2905484,1.3522518000000001,0.036000000000000004,1.6286005,0.47182270000000004,48.679970700000005,43.436991400000004,0.7842623,0.4849756,0.7318325,0.08850000000000001,0.2610567,6.715634837355711,19.3563367352448,7.973537604456811,31.87406256695937,23.967409159603132,18.50450095275642,14.000000000000002,29.671300000000002,23.2761,30.3074,5.4122832,14.0278616,80.134848,63.80003668533857,57.20057435666423,76.54422009421236,38.10941845298157,-38.43480164123079,0.0,5.212511997637388,5.212511997637388,16.8122608753345,23.26926389880147,6.457003023466971,6.643519030453149,3.3002731769743803,-3.3432458534787686,0.0,0.0,0.0,0.0,30.108532473605198,30.108532473605198
Central Devon,Devon,South West,0.5,99.4,2.4085076,97.7748675,94.5428394,3.232028099999995,0.5678316,0.1502759,0.0193,0.0333,0.1481291,0.1728335,0.051500000000000004,1.1796655,0.30482219999999904,47.7833834,44.0757836,0.2189781,0.08800000000000001,0.0891,0.0215,0.41112070000000006,9.8760584120751,18.277321743071003,6.769001978650725,33.1770577337516,15.42724876229666,35.04918665209285,9.0,35.2159,23.7541,26.9951,9.9226899,17.896674400000002,71.17437720000001,77.20071860199249,71.00031891144893,55.295818348494464,31.499850276987573,-23.79596807150689,4.916790071222057,6.247192693516994,1.3304026222949368,24.79726394471476,31.385686480011977,6.588422535297216,14.990127635568717,15.406497978739333,0.41637034317061605,0.0,0.8927234615960473,0.8927234615960473,0.0,14.568049109148076,14.568049109148076
Central Suffolk and North Ipswich,Suffolk,Eastern,0.5,49.0,2.2075766,93.2969375,89.4441731,3.852764399999997,2.1844402,0.7136334,0.1550453,0.3302678,0.2835418,1.2403627,0.08499999999999999,2.4902831,0.7880138,47.398156400000005,43.804426299999996,1.2903019999999998,0.46939379999999997,0.0903,0.1614205,0.3504524,9.28925787182342,19.753163115280202,8.080873245251857,30.21650495458288,17.86270547195798,29.860851879979922,14.000000000000002,35.0612,20.9454,29.109099999999998,12.0994279,13.757404000000001,73.47997769999999,71.00081687839779,63.70048163343716,61.93366658732048,32.62176076513797,-29.31190582218251,5.585971594064905,12.174999461473838,6.589027867408934,21.838054431484565,23.380651832066,1.5425974005814354,10.642307387130048,11.647243823104926,1.0049364359748783,0.0,1.2062986019860844,1.2062986019860844,0.0,18.96904551623118,18.96904551623118
Chatham and Aylesford,Kent,South East,0.0,5.8,2.5530333,85.7782523,79.4736395,6.3046127999999975,5.0765641,2.4315363,0.5828508,0.8756931000000001,0.337241,5.1899224,0.1530338,2.5722896,1.38297169999999,45.2656042,43.5896951,2.5252,0.9154204000000001,0.06989999999999999,1.6230055,0.2739648,6.920456158614489,23.910199526114003,9.366020222908867,21.04048188715084,20.12591437822281,24.4885477875045,13.0,28.7588,19.551099999999998,32.6406,15.2321015,17.8157384,65.3764255,61.20025116564909,54.40052209584187,65.88879914427295,28.622842453176645,-37.26595669109631,2.4842279901329434,6.130493328436773,3.64626533830383,24.429697221070096,33.51450605949321,9.084808838423111,6.7344844899473895,5.325009181050312,-1.4094753088970773,0.4627911545766116,1.9512792263434937,1.488488071766882,0.0,24.45586975149957,24.45586975149957
Cheadle,Greater Manchester,North West,1.0,0.0,2.0976398,82.6370363,79.0446067,3.592429600000002,11.5994092999999,2.52621,6.346945399999999,0.4796866,1.1060024,0.8494014,0.8357859000000001,2.5838143000000002,2.3303554,48.718002399999996,33.8797185,8.7205162,1.4474841999999999,0.9887302,0.2911727,0.3644895,6.1765307165491095,21.6663292164405,7.332833621959721,28.659308847475877,12.62835268861702,44.07314486718568,18.0,45.751599999999996,19.1898,18.5091,6.485740600000001,10.914341199999999,81.7591741,75.80067796610169,68.20057807353633,45.96175518308498,22.562141491395792,-23.39961369168919,0.0,3.2130255662218365,3.2130255662218365,12.25515625279502,15.590073130827307,3.3349168780322866,41.78308856411999,46.67954505134927,4.89645648722928,0.0,1.805602097336934,1.805602097336934,0.0,10.149612662868858,10.149612662868858
Chelmsford,Essex,Eastern,0.5,0.1,2.7154895,85.1652862,78.29453029999999,6.8707559000000025,7.174837800000001,3.5072010000000002,0.9187746999999999,0.6631968,0.8208343,3.4027312,0.2816954,3.0781285,1.1790165,45.7093555,41.8207257,2.7917172,2.3085533,0.211734,0.1762895,0.5773714999999999,5.5306493852368,21.474651900435397,9.336026198381983,21.32612193201644,14.417266187050359,36.16690647482014,21.0,40.2553,18.5943,24.7649,14.7631941,18.5627414,65.3291314,70.40035575552271,65.70366243894856,54.70776204808085,30.485448379209718,-24.222313668871134,0.0,3.131161763546021,3.131161763546021,18.147363727566603,12.043536556510766,-6.103827171055837,26.067328057072793,39.857244262165786,13.789916205092993,1.0775461672797533,1.1653127218234878,0.0877665545437345,0.0,13.317296316744223,13.317296316744223
Chelsea and Fulham,London (Hammersmith and Fulham; Kensington and Chelsea),London,20.4,0.0,4.6128016,70.4111506,42.048896400000004,28.3622542,9.1551065,2.1954852000000002,0.8074098,0.6258472,1.9486605000000001,7.9519402,2.6782576999999996,6.0660319,6.41577,50.164409,28.7653009,8.6655678,1.1487713,1.0065344999999999,0.19578479999999998,0.8341770000000001,3.07748873977387,16.0888518127765,12.706751527792559,15.822766303765102,10.431128435232552,60.582823591787836,28.999999999999996,49.5901,14.9983,14.5169,25.013328400000002,38.0420994,35.685265199999996,71.6007267118901,60.00050938542648,45.47014475821909,39.06104083538501,-6.409103922834085,0.4162026980157354,5.938534680363358,5.522331982347623,29.053869042186157,39.38364886662705,10.329779824440891,23.82760446140085,7.664063163256643,-16.163541298144207,0.9127252149467882,1.279820018677307,0.36709480373051884,0.31945382523137583,6.6728924356906365,6.353438610459261
Cheltenham,Gloucestershire,South West,1.0,0.0,4.0702429,91.2691861,83.25698369999999,8.012202400000001,4.1198838,1.6287913,0.23054579999999997,0.3852411,0.7575077,1.0020259999999999,0.2774534,2.5419923,1.0668982,44.970408299999995,44.8696069,1.4311806,0.9521243,0.1726599,0.1606835,0.4800543,7.51181032177556,19.7471215102573,10.81251668972883,24.082975262787322,12.698011763432321,44.765994298704584,17.0,41.0674,18.138399999999997,23.5112,11.8821589,24.744841100000002,62.5774391,75.50072337770935,65.10032719675168,48.45560184941019,36.06233095151589,-12.393270897894304,0.0,6.378426385692948,6.378426385692948,4.804598913559412,5.379274151225223,0.5746752376658115,45.95749169347608,50.61563925558112,4.658147562105043,0.7823075435543132,1.564329255984821,0.7820217124305078,0.0,0.0,0.0
Chesham and Amersham,Buckinghamshire,South East,3.5,12.1,1.8964885,81.9955844,74.6706508,7.324933599999994,12.070584199999999,6.3982071000000005,3.0900776000000003,0.2150234,0.7187636,1.0004139,0.2039189,3.5070009,1.4264227,48.5347412,33.491485,4.2448592,4.3478261,0.5198817,1.9513229,0.5501661,6.276107997962301,22.444601881371202,7.56299322489785,27.955543150041827,11.77257862905771,47.317584373934665,12.0,47.339,19.5256,17.1627,12.0580744,12.5496689,74.66887410000001,72.40045291564446,72.70069289614568,56.34599988829104,34.83793958314204,-21.508060305149,4.840721639887546,3.0722615003213662,-1.7684601395661796,13.913351082646013,6.430998071802406,-7.482353010843608,22.43115935283275,44.84803966577908,22.416880312946333,2.4687680363426487,1.0595904875585345,-1.4091775487841143,0.0,9.751170691396565,9.751170691396565
Chester North and Neston,Cheshire,North West,0.5,10.2,3.7195511,93.27636030000001,87.6206146,5.655745700000003,2.9807335,1.0700068999999999,0.2834244,0.4500823,0.4108062,0.9585573000000001,0.3407462,1.8173132,0.9670399,51.0885834,39.300461799999994,1.7663605999999998,0.7324452,0.0722,0.0786,0.35454589999999997,8.288262301386979,16.9352210226115,12.064546981717331,26.02234129952292,14.55917126449724,39.27235421436525,21.0,36.7001,16.7741,26.8663,16.2155666,19.8235661,62.9849526,74.60018814675446,63.7002408676938,38.47266523254952,23.24249339956146,-15.230171832988056,2.2290631258808693,9.17796572246834,6.9489025965874704,50.3245308211557,49.80086812547545,-0.5236626956802439,6.188339143980417,4.644918781044435,-1.543420362935982,0.0,0.0,0.0,2.785401676433499,13.133753971450307,10.34835229501681
Chester South and Eddisbury,Cheshire,North West,1.0,71.1,2.3265978,96.1005665,92.7382399,3.3623265999999976,1.5889763000000001,0.5850758,0.1683825,0.110834,0.306925,0.5189333,0.0991,1.4024768,0.388973599999999,58.5937167,34.4111002,0.6212967,0.42094719999999997,0.08310000000000001,0.0735,0.2419114,7.8194053836882205,19.278996865203702,7.4757281553398,30.94061278527288,13.038280587191812,42.863202817698024,18.0,43.6861,19.6068,21.2286,9.3260346,13.8559663,75.364102,76.70047235343151,70.70059404340154,59.23490735206216,37.92439888732233,-21.310508464739826,2.1065406002644496,4.340205007049499,2.2336644067850493,21.512796826604358,32.09998856838014,10.587191741775783,15.298230360991868,10.345615973783486,-4.952614387208381,0.8168957959752939,3.069389932553443,2.2524941365781492,1.0306290641018674,12.2204016309111,11.189772566809232
Chesterfield,Derbyshire,East Midlands,0.0,0.0,2.8861164,95.3538391,92.8923829,2.461456200000001,1.9819852,0.689633,0.4300822,0.0804,0.3571505,0.797958,0.0858,1.46721289999999,0.398977,47.8657229,44.2299442,0.9513084999999999,0.3614329,0.0332,0.1705277,0.2649078,7.15174415925533,18.8139913911989,7.72249961393936,27.71529314871054,19.87717872301996,27.43739598250571,27.0,29.3339,17.8001,36.6567,20.5967054,16.3921207,62.497408099999994,63.90055576768062,58.00044664042654,37.0026114283185,20.445193117555046,-16.557418310763456,2.5406099234276103,6.454096979906149,3.9134870564785387,40.21378303014208,46.48297437131512,6.269191341173041,8.819103262072323,6.143665022259656,-2.6754382398126673,0.8653122648607976,1.4703405125736975,0.6050282477128999,10.558580091178683,19.003729996390327,8.445149905211643
Chichester,West Sussex,South East,1.0,26.8,3.0478395,94.9666282,89.0929866,5.873641600000001,2.0500153,0.5655631,0.0499,0.23525120000000002,0.3773621,0.7124751,0.1507528,1.6323552000000001,0.6385389,51.89395759999999,39.7956734,0.7393396,0.2774924,0.16131050000000002,0.026899999999999997,0.4704888,9.90423054957606,17.5715317060688,9.490127385004236,32.79858978480907,16.454475308641968,33.89047748729122,20.0,36.0124,20.9398,26.5001,14.2006765,17.9721478,66.1028862,66.50070382149002,66.30036630036629,58.76092665908824,25.733921111902514,-33.02700554718572,4.897887185919799,3.493945752401486,-1.4039414335183134,15.385519971776882,6.111998767975051,-9.273521203801831,20.30300654619576,49.165495601285926,28.862489055090165,0.6526596370193251,0.3657574065874834,-0.28690223043184165,0.0,15.128881359847538,15.128881359847538
Chingford and Woodford Green,London (Redbridge; Waltham Forest),London,1.0,0.0,2.4471673,62.860867799999994,48.863585199999996,13.9972826,14.8351006,4.2456781999999995,4.8870792000000005,1.9503275,1.0620952,10.7497726,0.5756394,6.4356302,5.11859619999999,46.2622969,26.4413895,13.3220424,3.0278188,1.5224677,0.8531224000000001,0.5864654,3.65727456606613,22.3582415582051,9.15772815192543,21.6271027489596,17.819968076257283,39.38198331872035,8.0,37.476,20.3216,20.9406,16.257409,18.6118168,64.0370684,72.20055268342347,65.40032624668024,48.20349412152511,35.62211411609499,-12.58138000543012,0.39006702560158224,2.749835092348285,2.3597680667467027,45.26608797568033,25.816292875989443,-19.449795099690885,5.847342782844376,2.628215699208443,-3.219127083635933,0.0,25.653446569920845,25.653446569920845,0.29300809434860636,7.530095646437996,7.237087552089389
Chippenham,Wiltshire,South West,1.0,17.0,2.7515656,94.1404958,90.0974026,4.043093200000003,2.2594545,0.5758392999999999,0.10005719999999999,0.2052193,0.3808299,1.1475946000000001,0.124561,1.8296167999999902,0.6228049,46.953423300000004,44.305025199999996,0.6911972,0.5748065,0.0878,0.1439569,0.4267658,13.6936849037734,19.8615916955017,9.170984455958543,25.282506785097347,14.02938805877612,33.089466178932355,14.000000000000002,37.3873,19.420299999999997,28.6155,14.510463900000001,16.3471389,67.7398897,70.50015350693573,66.73945569978568,56.38472653853006,29.112134432056873,-27.272592106473187,1.6884736435796435,3.946518015834545,2.2580443722549015,11.670856509432095,7.92737114234933,-3.7434853670827657,30.255943308458207,45.548553885926644,15.292610577468437,0.0,1.0906446921958313,1.0906446921958313,0.0,12.374777831636775,12.374777831636775
Chipping Barnet,London (Barnet),London,3.5,0.0,2.14578,63.3699132999999,45.3662123,18.00370099999991,16.9337196,7.794577499999999,1.308249,0.7466851,2.086821,6.295007,0.8999194,5.641325500000001,7.760033299999999,42.020744199999996,23.4652211,8.8043295,5.5173208,9.7033632,0.41541549999999994,0.9256061,3.22706780752599,22.8216410777484,8.931360735484438,23.30968001071091,14.2209210774366,48.63324350998592,25.0,42.8147,19.5564,16.5353,11.2061827,23.3048119,64.37344739999999,76.7004949520146,65.20050253833138,47.54544520899661,36.71129986826324,-10.834145340733372,2.158433466844682,6.767730391867713,4.609296925023031,40.34096744377118,42.440865923435375,2.0998984796641977,9.83362431960563,5.139699954776932,-4.693924364828697,0.12152956078189724,1.1030496077390433,0.981520046957146,0.0,7.837354253917694,7.837354253917694
Chorley,Lancashire,North West,0.0,26.2,2.5493232,95.4283674,92.6093634,2.819004000000003,1.9876219000000002,0.6935842999999999,0.7025019,0.0981,0.2625712,0.5677724000000001,0.2269012,1.5348031,0.4815457,60.7609611,31.7245479,1.4565271,0.29824130000000004,0.0436,0.056499999999999995,0.21104779999999998,7.648375748161,20.4173191280873,8.031144374698203,25.52028005794293,16.07116743845966,33.590056056543986,16.0,36.1195,18.1293,29.947200000000002,14.2618906,14.376113700000001,70.6378215,53.500261664184215,45.40034754711937,0.0,0.0,0.0,9.029345372460497,13.729242727593924,4.699897355133427,0.0,0.0,0.0,0.0,0.0,0.0,90.9706546275395,86.27075727240607,-4.69989735513343,0.0,0.0,0.0
Christchurch,Dorset,South West,0.0,11.6,1.9929164,96.8683886,93.36558000000001,3.502808599999996,1.1979373999999998,0.2929455,0.05,0.1532854,0.30429989999999996,0.2566563,0.0466,1.3227964,0.3543063,54.1234714,37.8930157,0.41104130000000005,0.17486290000000002,0.27932640000000003,0.0477,0.3417775,11.6833416708354,15.6653527252956,6.39320922986004,41.901039568055346,17.58603372627795,29.433842575461227,10.0,36.5518,23.4444,26.1934,10.14007,12.1260631,76.8584292,72.50041915833008,66.6005374755533,65.59452688379264,35.78958487377205,-29.80494201002059,4.189631913663519,4.0139431710151054,-0.17568874264841394,12.86567739448834,16.39801415443118,3.53233675994284,17.350163808055502,20.040139431710152,2.68997562365465,0.0,4.827294813562903,4.827294813562903,0.0,18.93102355550861,18.93102355550861
Cities of London and Westminster,London (City; Westminster),London,28.0,0.0,6.244065699999999,60.0287016,31.384969299999998,28.643732300000003,17.8394913,4.9416158,1.3143748,2.4178828,4.2456722000000005,5.4133571,5.500871,6.1201357,10.5983448,38.2818946,28.5078471,14.4331186,2.9387986,3.5238913,0.3567231,1.4735666,2.57930475321779,11.8692236774935,15.13024232940543,15.02044627341802,10.45660082915778,62.20281462401174,9.0,48.9852,13.780500000000002,11.8197,22.5617378,46.9544948,29.5817709,71.30094537096575,53.622217360389435,40.33310307774964,32.1152620170853,-8.217841060664341,1.937984496124031,7.252326915721024,5.3143424195969935,28.86637500959398,39.02078286370011,10.154407854106132,28.231253357893927,11.054443452760424,-17.176809905133503,0.4336480159643871,3.5394619405839602,3.1058139246195733,0.19763604267403484,7.017722810149178,6.820086767475143
City of Durham,County Durham,North East,0.0,39.6,4.5332064,92.27415789999999,88.2950087,3.9791491999999975,4.1102558,0.9744226,0.34169360000000004,0.10032280000000002,1.8922275,0.720139,0.4489695,1.8912342,1.0042215,50.847727,39.2507027,1.3448415999999999,0.5184692000000001,0.1420328,0.1330936,0.44695619999999997,8.1254714914949,15.896607743782102,23.37047129568944,23.45325560806223,15.80426727992845,32.78163002195199,31.0,28.528100000000002,14.2176,25.8322,18.727339100000002,18.3525976,62.506387600000004,70.40066984201061,57.600805308228885,31.858683148433386,12.851059640140793,-19.007623508292593,3.291154048626411,6.89935264725429,3.6081985986278786,40.93860281931798,47.08937406158466,6.1507712422666785,16.93540525258827,14.57159032170724,-2.3638149308810323,0.3821482189163368,0.43813227656484605,0.05598405764850922,6.594006512117607,18.150491052748173,11.556484540630565
Clacton,Essex,Eastern,0.0,19.5,2.0224181,96.0942752,93.3577081,2.736567099999998,1.2955067,0.3034963,0.0693,0.109992,0.382935,0.6222569,0.0448,1.6346026999999999,0.3533885,50.4481199,41.9348597,0.46441520000000003,0.20572780000000002,0.1670265,0.028499999999999998,0.2933149,8.97015089767595,17.0573788792141,6.796184680203628,38.31821639651235,28.956769846788312,18.15282806243556,17.0,23.6363,21.3792,36.338,7.6329991999999995,20.235708799999998,71.64004849999999,60.1002789914197,58.40015248745155,71.87588955308853,27.89503459680578,-43.98085495628275,2.9363463180713394,4.21036598633535,1.2740196682640104,15.564168254176794,16.20610122285565,0.6419329686788569,6.19457399986862,4.386613864833108,-1.8079601350355121,3.429021874794719,1.1184124635536796,-2.3106094112410394,0.0,46.18347186561643,46.18347186561643
Clapham and Brixton Hill,London (Lambeth),London,3.5,0.0,8.4064093,58.669166100000005,41.4565613,17.2126048,5.6921333999999995,1.4792308,0.7058017,0.8524864999999999,1.2296761,22.8809282,0.6657967,7.4609238,5.2968463,43.251609699999996,39.7950242,6.8865013,0.6896026000000001,0.45243269999999997,0.1504934,0.7048424999999999,2.1605421484645797,14.7012571031635,11.681540045016,9.723683168764774,11.78356979354425,60.29348342935498,20.0,49.8822,13.4215,19.2998,33.7411375,32.759276199999995,31.772941799999998,64.40045024167384,57.600097031117336,19.495393979272908,10.200977983669077,-9.294415995603831,4.205050172725777,13.495238763716339,9.290188590990562,55.3627241322586,56.54055824618048,1.1778341139218824,19.807945385754238,14.414730586556235,-5.393214799198002,0.0,1.235347792517723,1.235347792517723,1.128886329988485,4.113146627360146,2.9842602973716605
Colchester,Essex,Eastern,0.5,0.1,3.9199579,83.53723939999999,75.67986,7.8573793999999975,6.8069101000000005,2.0957796,0.4854581,0.5326919,1.1546031,4.30527,0.4767111,3.4235731,1.9269626000000002,41.7677673,45.698666100000004,2.7456812,1.8289963,0.1574459,0.11108680000000001,0.8449595000000001,8.29788584851755,22.8933942445563,11.895906761519651,18.1990183147014,15.11593520333841,33.29317313063384,27.0,34.1252,16.5502,28.1856,15.5573427,26.634356999999998,57.1649278,63.900603977923566,57.10016658401048,52.33749567130431,23.503997505734585,-28.833498165569726,2.925179768185614,5.376032781774046,2.4508530135884317,30.052351754904155,41.87693472596486,11.824582971060703,14.684972805605915,14.237356078658442,-0.4476167269474729,0.0,0.16479967930873216,0.16479967930873216,0.0,14.84087922855934,14.84087922855934
Colne Valley,West Yorkshire,Yorkshire and the Humber,0.0,19.3,2.6205809,90.676996,88.2986384,2.378357600000003,4.4127189,0.9661576,2.7404916000000004,0.0548,0.2289116,1.2993154999999998,0.19559590000000002,2.8490365,0.7619642,44.4531611,44.6251061,3.6495330999999998,0.3180983,0.0484,0.5674186,0.2450217,7.16208939149165,20.252646599028402,7.939953689085357,26.83007051889263,14.79320269684186,37.15911629801942,26.0,38.603,18.6339,27.0206,8.7947325,17.4401528,73.1727616,72.40062659095359,63.700385887541344,51.22573167197913,30.304407087687412,-20.92132458429172,1.725103834637303,7.529045239176997,5.803941404539694,36.23297594900029,41.04195062850219,4.808974679501901,7.012460156476384,4.3421821250081125,-2.6702780314682713,1.6999903409639718,0.9930551048224833,-0.7069352361414886,2.1037380469429148,15.789359814802795,13.68562176785988
Congleton,Cheshire,North West,0.0,22.4,2.0778733000000003,96.7986803,94.4586625,2.3400177999999943,1.200671,0.36942250000000004,0.1268499,0.0746,0.3037721,0.33266860000000004,0.0924,1.3185713,0.349437899999999,55.188490300000005,38.1353481,0.43951399999999996,0.2036229,0.0924,0.0857,0.2926384,7.416982505459201,19.5801084392202,6.793530705986796,30.15787238970163,14.24001720360738,37.46085507304813,12.0,41.2637,19.5258,25.1297,10.6498331,11.4906755,76.4087246,71.30097476489702,68.45620168801726,60.64079657920624,30.898753117206983,-29.742043461999256,2.8566839981530925,4.003990024937655,1.147306026784563,24.098126994961156,37.65586034912718,13.557733354166025,11.083452110894747,5.556109725685785,-5.527342385208962,1.320940316784775,5.43640897755611,4.115468660771334,0.0,16.448877805486283,16.448877805486283
Corby and East Northamptonshire,Northamptonshire,East Midlands,0.0,31.9,2.4125063,93.1649643,81.0491376,12.1158267,1.8106028,0.8474067,0.1063547,0.1475243,0.2573097,2.4907582999999898,0.0437,1.727406,0.8061944999999999,50.061325499999995,42.291429,0.6441321,0.4408574,0.0901,0.2847561,0.2478751,8.563107208911749,23.1228922832771,8.108892687804394,23.02035286907708,20.502015783153198,26.88282724309487,9.0,29.3339,16.538700000000002,38.4371,16.4650609,17.9786985,64.4571526,70.20034911288852,62.900668467851396,54.63536834292076,29.62148863659279,-25.013879706327973,0.0,5.055556675875699,5.055556675875699,38.53590647615513,42.388432918590816,3.852526442435689,6.8287251809241045,4.418318578717054,-2.4104066022070505,0.0,0.8509951803827461,0.8509951803827461,0.0,17.665208009840892,17.665208009840892
Coventry East,West Midlands,West Midlands,0.5,0.0,2.4939679,61.1597707,50.4455454,10.7142253,20.642194,10.152854999999999,5.5629766,1.3636902,0.37791040000000004,10.7201434,0.6755043,3.5770446999999996,3.9008471000000005,44.4128812,26.8200303,13.4332649,3.7436274999999997,0.07690000000000001,5.4793247,0.2367244,4.74352616485909,25.9413524835428,12.02728036718599,17.70314823194774,24.23531218126583,26.176506070343603,28.000000000000004,21.5646,14.6114,37.6949,22.617507500000002,23.5726607,52.8654593,58.200163621488954,48.632242806464326,35.02483366132509,16.85848597827849,-18.1663476830466,2.3310842470246462,7.37558761549684,5.044503368472194,52.099147221441285,49.46236559139785,-2.636781630043437,5.404835535563677,3.3149619063057223,-2.089873629257955,0.0,4.927865132112174,4.927865132112174,5.1400993346453,18.060733776408927,12.920634441763628
Coventry North West,West Midlands,West Midlands,0.0,0.6,2.9830892,74.96597609999999,65.4348029,9.531173199999998,13.0068039,6.2624661999999995,3.0440861,0.3346071,0.6673502,5.8020319,0.6626899,3.1214465000000002,3.1037375,47.013263,32.168588199999995,7.289521000000001,2.9359406,0.0503,4.1084527,0.2777493,5.66829951014695,22.4608745478637,11.40811731424283,21.236649154205832,19.38371850926504,29.640039789946098,14.000000000000002,28.4055,16.3555,32.9466,12.2327818,23.716111,63.179755699999994,65.0002722866634,56.00042636536847,43.37717828418231,20.275993338091837,-23.10118494609047,3.0223693029490617,8.137044967880087,5.114675664931025,43.812835120643435,46.86176540566262,3.048930285019182,5.690767426273458,4.594337378063288,-1.0964300482101708,0.0,1.2157982393528433,1.2157982393528433,4.096849865951743,18.91506067094932,14.818210804997577
Coventry South,West Midlands,West Midlands,1.0,0.0,3.937968,61.355944799999996,50.9519674,10.4039774,21.3324204,11.1630703,2.3481863,1.9081101,2.8458815,9.8687288,0.8116774999999999,3.4663304,3.9765516,40.586403,30.1477281,10.093781100000001,5.1324876999999995,0.0952,5.3512823,0.5653586,4.48437715705673,19.667598421319703,24.47522773136182,15.53759689191474,14.928907564718799,35.46862561343048,15.0,26.955299999999998,13.039100000000001,23.9264,15.7770006,27.0489163,56.497630099999995,65.90025906735751,56.00026210602188,42.54246341202863,23.77664927102104,-18.765814141007592,2.6450165580600364,5.529943132620345,2.8849265745603088,44.26877470355731,47.649247618824745,3.3804729152674327,6.734323256062387,5.923100325290773,-0.8112229307716143,0.9293878859096251,3.7560553228335403,2.8266674369239153,2.8800341843820103,13.365004329409564,10.484970145027553
Cramlington and Killingworth,Northumberland; Tyne and Wear,North East,0.0,19.5,2.6101244,96.4260382,94.9699669,1.4560712999999952,1.741922,0.6617647,0.1801988,0.1884838,0.4235708,0.38838890000000004,0.11806130000000001,1.0946562,0.3490058,48.183936599999996,45.143182599999996,0.6731914,0.3707731,0.056999999999999995,0.1739941,0.2061002,9.53353762342526,19.147461788231503,7.919288880182167,27.32693390797548,17.44851115069112,28.95416802548729,19.0,32.6456,18.5225,31.265900000000002,19.877425900000002,11.8828736,67.36352289999999,65.6004366812227,59.50034079588947,39.886004326843064,18.927611578622724,-20.95839274822034,2.4796139124646364,4.723091157421686,2.2434772449570493,44.373023797636876,49.068158787504956,4.69513498986808,5.242136794807788,4.1811693175309514,-1.0609674772768365,0.0,2.2734282063708857,2.2734282063708857,8.019221168247629,20.826540952548793,12.807319784301164
Crawley,West Sussex,South East,1.0,0.0,2.9058770000000003,73.37117239999999,61.757755800000005,11.61341659999999,15.390068500000002,6.190291299999999,5.1665935,0.5283057,0.4751376,4.499037899999999,0.5696587000000001,4.0829761,2.6567194,42.6160195,35.0695822,9.722937199999999,5.1395441,0.08099999999999999,0.7181858999999999,0.4464399,5.6612896136433495,23.7734662279853,9.498873337776494,17.70605223904277,17.82893541526393,27.544967777100897,12.0,28.6804,18.428900000000002,34.2763,22.926464799999998,19.812315899999998,55.740407000000005,67.00010741715452,60.400179975121084,54.18946271468366,26.76920380351431,-27.42025891116935,2.9078739052886835,5.74251785636037,2.834643951071686,37.435619952303654,38.23890276499715,0.8032828126934959,5.467043427724002,4.8310766399369,-0.635966787787102,0.0,5.911222119977214,5.911222119977214,0.0,18.507076815214056,18.507076815214056
Crewe and Nantwich,Cheshire,North West,0.0,7.5,3.1059643,92.90260719999999,83.99159859999999,8.911008600000002,2.9761197999999998,1.0638784000000001,0.2127757,0.3853705,0.35980090000000003,0.9013030999999999,0.1360668,1.988037,1.2319072,53.655084200000005,38.0978038,1.2656956000000001,0.515045,0.0721,0.061200000000000004,0.3269257,7.166123778501619,20.7383750638732,8.073579817124925,23.408438900170818,19.27839882187563,29.24671441640449,14.000000000000002,30.035899999999998,16.3936,37.6757,13.587458999999999,20.1185172,65.2076153,65.80061611063775,60.20025510204081,50.82277472308551,23.539631756255694,-27.283142966829814,1.8945732727707387,4.55749306099964,2.6629197882289013,39.236194119053316,44.14899252071106,4.912798401657746,5.125906446728823,4.843528190351082,-0.2823782563777417,0.29683640130687705,2.56584104921923,2.269004647912353,2.6237150370547453,20.344513422463294,17.72079838540855
Croydon East,London (Croydon),London,2.0,0.0,2.7315398,55.233508,46.1046882,9.128819799999999,12.52071,5.430132,2.4433317999999997,0.7446518,0.8639053000000001,21.5921712,0.4506145,7.5248065,3.1288120000000004,50.350019599999996,29.1203539,7.9389354999999995,4.310384099999999,0.1556654,0.3377302,0.4788304,3.8250597665588497,22.7813741684896,10.18489610434661,20.1570287115088,17.64167143674871,36.55065827132227,15.0,33.9947,19.2544,24.5807,21.3542399,19.5003046,57.9805935,67.20031859816807,57.200533082471,41.339733712615065,26.761689394458532,-14.578044318156532,2.325076053889613,9.35836816738619,7.033292113496578,48.08186164118368,42.35135567281117,-5.730505968372512,6.59989727786338,8.138605267365632,1.5387079895022522,0.0,0.0,0.0,1.6534313144482635,13.389981497978482,11.736550183530218
Croydon South,London (Croydon),London,2.0,0.0,2.5309274,62.833512199999994,53.6648852,9.168626999999995,16.4073634,8.570863,2.6227237,0.5888757,1.2361441000000002,11.088677800000001,0.4354711,6.913103800000001,2.7573238,48.1447758,29.8805412,6.600421600000001,6.8280565,0.1959639,0.461208,0.6413365,4.39867913589271,22.4466668555401,7.894352305107037,23.18745281410578,12.06645616458631,46.10118900784449,10.0,45.6707,19.5111,16.968,9.8308588,19.2508382,69.3630107,71.10086616373289,65.90059790732437,54.47596966243565,40.011746121754626,-14.464223540681026,2.880496718670177,5.790027947669003,2.909531228998826,28.13101740873187,35.327473773745396,7.196456365013525,13.52811726333163,8.878447891773664,-4.649669371557966,0.8684717255472157,1.589776823686662,0.7213050981394463,0.11592722128345187,8.402527441370651,8.2866002200872
Croydon West,London (Croydon),London,0.5,0.0,3.6826782000000002,33.2963114,20.8455096,12.4508018,23.1229491,9.3840302,5.5882977,1.1028031,1.0375002,30.560952099999998,0.7787374,8.050218000000001,4.9695525,48.106577,20.2427696,14.3367918,7.7532795000000005,0.1477515,0.4228468,0.6963095,2.0923281301893,23.892471000053,10.82439845095521,12.125556252426591,17.98904252543699,39.68588572919384,31.0,30.2006,17.3823,26.6504,21.923779500000002,36.273248099999996,39.6649784,62.800587753256664,48.900062853551226,21.510045220364912,16.751482083836105,-4.758563136528807,2.710972125357151,10.101778500603325,7.390806375246175,66.707912438975,54.06851686690101,-12.639395572073994,6.967535827577673,9.61911756990714,2.6515817423294665,0.7829197507255506,3.8245632443208644,3.0416434935953136,1.3206146369997074,5.634541734431562,4.313927097431855
Dagenham and Rainham,London (Barking and Dagenham; Havering),London,0.0,0.0,2.0308246,58.0097982999999,46.6083353,11.40146299999991,17.6437032,4.6852455,4.3555585,5.9670816,0.6392403,17.5363243,0.43958260000000005,3.9461761999999996,2.8639978999999998,49.7244151,24.602981500000002,14.634944299999999,2.6946083,0.1585557,1.8347162,0.3464736,4.04113931481438,26.4303258811933,11.41095162147791,16.7581073896862,23.020769298322648,29.853121981206638,15.0,24.5159,19.131600000000002,30.6808,22.7646285,19.4162675,56.532356500000006,59.70035826728911,50.800559411311085,43.12147663211493,17.81974425605269,-25.301732376062237,1.5320967448627023,10.764916252862324,9.232819507999622,44.72631387525004,42.63514035042581,-2.091173524824235,3.0414620840152757,2.6577816656803974,-0.3836804183348783,0.9569921803964357,1.942521933774153,0.9855297533777173,6.621658483360611,24.179895541204623,17.55823705784401
Darlington,County Durham,North East,0.0,3.9,3.0131327999999997,94.09746460000001,89.78920980000001,4.3082548,2.9081235,1.063196,0.1859309,0.7735136,0.2814644,0.6769528,0.3328266,1.3908862,0.9265726999999999,51.4535481,40.1436085,1.8521182,0.44479599999999997,0.0339,0.42836009999999997,0.3297448,10.310508657764899,20.361025803075,8.325066957643077,25.936167046919888,19.88893925657298,27.95910144051577,30.0,28.448600000000003,16.634999999999998,35.2267,17.1984418,21.4248722,60.939857200000006,65.70033913697443,59.90077317766125,49.661994341374914,33.79819717778093,-15.863797163593986,2.5183041402993456,6.718108452498939,4.199804312199593,38.93220448802402,39.22082212468734,0.28861763666331797,4.619770631303859,4.094105432063807,-0.5256651992400521,0.6306559253579836,0.0,-0.6306559253579836,3.637070473639878,16.168766812968993,12.531696339329116
Dartford,Kent,South East,0.5,6.1,2.294471,73.314284,65.8593728,7.454911199999992,10.333422200000001,4.5975322,0.6661093,0.944497,1.0510745,11.0473075,0.2186676,3.1890556,2.1159306,47.845940399999996,36.2620704,3.6539539000000003,4.0067622,0.0772,1.7916043,0.6220083000000001,4.78306878306878,25.6323144030252,8.335533338689856,17.23350282939819,16.10720729275472,32.83994872281835,17.0,35.227000000000004,18.8754,27.816499999999998,13.9729571,18.7536743,64.6937095,64.50037461497905,59.00030502765142,61.118998451213216,31.91871965473836,-29.200278796474855,2.3984684219583547,7.1682251393634235,4.769756717405069,29.48933057993461,34.59809386800935,5.108763288074741,6.993202546893822,4.909188994785111,-2.0840135521087113,0.0,0.0,0.0,0.0,21.405772343103756,21.405772343103756
Daventry,Northamptonshire,East Midlands,0.5,63.4,2.3439211,94.2741459,88.3452582,5.928887699999996,2.0620219,0.9802432999999999,0.2951168,0.1157693,0.252415,1.2952877,0.0598,1.9196826,0.4488608,50.661403299999996,41.043062400000004,0.8255679,0.5219108,0.1015354,0.266649,0.3757757,8.06702682904496,20.120131118720998,7.53897294818889,27.284502521778958,15.23491093560846,33.807574796794846,9.0,38.1,20.1137,27.4595,12.743796399999999,13.7693435,72.02179290000001,74.40074196961582,65.60055365374396,64.49715569913617,33.66866357710712,-30.828492122029054,4.6070651028864384,5.574394333295656,0.9673292304092174,17.773368916356485,27.99442372178893,10.221054805432445,13.1224102816209,12.7255943634377,-0.39681591818319895,0.0,0.0,0.0,0.0,20.036924004370597,20.036924004370597
Derby North,Derbyshire,East Midlands,0.5,0.0,4.0403562,80.1939054,73.43078,6.763125400000003,10.9680731,4.5468635,4.0945019,0.19082490000000002,0.5637568,3.4203184999999996,0.3845558,3.3583245999999995,2.05935919999999,40.6867826,41.5488933,5.9737492,1.3755025,0.0504,3.0406354,0.3690609,6.1602829338203,21.3392570878944,12.88459298940252,21.364853848841232,17.02762548696878,32.62246746634143,35.0,30.128700000000002,15.073400000000001,32.407000000000004,18.9658361,21.7465675,58.254357199999994,65.40039782448429,57.10079401627105,45.215560329242614,23.71514455387473,-21.500415775367884,2.2247272263223943,8.030499279063516,5.805772052741122,39.81325903396644,45.50208949387815,5.688830459911713,7.337771444371185,4.452699235074171,-2.8850722092970145,1.350575323819044,0.0,-1.350575323819044,4.058106642278325,18.299567438109435,14.24146079583111
Derby South,Derbyshire,East Midlands,0.5,0.0,2.8029347,61.4843314,51.7794765,9.704854900000004,24.1060429,6.3855279000000005,14.0425927,0.5003459,0.4851584,5.5021178,0.5054084999999999,4.4769570000000005,4.4305507,36.5733475,30.490727099999997,19.0865523,1.267318,0.06409999999999999,5.4270236999999995,0.2632512,5.50859678313921,24.9256361794939,12.33787616447669,17.474851552458432,24.99346889014673,25.428876213697922,15.0,21.7638,13.905999999999999,37.8881,22.869756199999998,24.1009827,52.1374537,58.9005562414171,51.313749434024395,36.90593942819462,13.882724137009012,-23.023215291185608,0.0,5.077675873686462,5.077675873686462,51.08096651123357,38.77911174095564,-12.301854770277927,6.172577834298902,4.831679991443622,-1.3408978428552807,0.0,14.698253964009734,14.698253964009734,5.840516226272903,22.730554292895533,16.89003806662263
Derbyshire Dales,Derbyshire,East Midlands,0.0,81.6,2.1297140999999997,97.2865057,94.9267332,2.359772500000001,0.9783701,0.4466535,0.15000390000000002,0.0123,0.1589594,0.2943808,0.0616,1.1429403,0.2978002,54.2990832,38.3699193,0.3783596,0.1186572,0.075,0.2731353,0.2764936,7.0868319171401195,17.1499540421061,6.544277884170892,32.76365317308321,15.17348113070279,39.03093956269263,18.0,38.628800000000005,21.0834,26.8363,11.5356577,14.6678063,72.8312511,75.5004899902002,69.90047716428084,59.00241053217133,33.954205024184745,-25.048205507986587,4.092341924717226,5.5195818380402555,1.4272399133230298,24.14796959020953,34.6368388204088,10.488869230199267,12.75727795290191,9.478857856139804,-3.2784200967621064,0.0,1.3379622405991574,1.3379622405991574,0.0,15.072554220627243,15.072554220627243
Dewsbury and Batley,West Yorkshire,Yorkshire and the Humber,0.0,3.7,1.9228115000000001,51.2141227,48.3753782,2.838744499999996,44.178920399999996,16.7337971,25.3897743,0.4220548,0.17152,0.7680348,0.34304,2.3347916,1.5041723999999999,28.0531519,22.1116229,43.6788144,0.27173390000000003,0.0299,0.23511729999999997,0.1657384,5.07188710276407,25.6817969115582,12.96452543162615,18.05714717475345,27.829306557891442,22.57420771885786,18.0,21.2011,15.526599999999998,33.8086,19.6811333,19.3840196,60.088603500000005,65.6008537886873,53.100677880994226,28.70219734929828,10.985027580772263,-17.71716976852602,1.1106049760308887,5.379563961124244,4.268958985093356,59.08982451573719,22.871027055424218,-36.21879746031297,2.5075377974447406,3.5198318886262148,1.0122940911814742,5.19511507342574,0.0,-5.19511507342574,3.3947202880631653,16.159705805095875,12.76498551703271
Didcot and Wantage,Oxfordshire,South East,1.0,39.8,2.6941717,92.4082172,85.1460634,7.262153799999993,3.2611254,1.3631956,0.3436232,0.1515708,0.55168,1.3801415,0.1769895,2.1464681999999997,0.8039842,46.6606413,44.135645600000004,1.0337231,1.0186597,0.1779359,0.165697,0.3982376,8.06037907161502,22.5619084662258,7.50066970265202,22.82793106527367,12.789101277854051,41.64466504734748,20.0,43.7753,18.0485,24.735699999999998,14.427747799999999,14.6433922,68.0596541,73.1007209727752,67.80011644183482,49.764472086262096,28.428918568322587,-21.33555351793951,0.6808228756486218,4.920249209800303,4.2394263341516805,16.023258381481618,14.698627884457274,-1.3246304970243443,31.321532403488757,39.81692945754846,8.495397054059705,2.2099142531189044,0.4421464198929348,-1.7677678332259696,0.0,11.69312845997844,11.69312845997844
Doncaster Central,South Yorkshire,Yorkshire and the Humber,0.0,7.0,2.8179808,87.5282011,76.6169376,10.9112635,5.7088844,1.2671547,2.2569801,0.114142,0.5180978,2.1357042,0.2657369,2.0822,2.54501029999999,50.742369,36.2062047,4.8305259000000005,0.6803934,0.049,0.8649825,0.3522351,8.16301554277322,21.5377477857444,8.451143339389573,22.98934603352073,24.22543846204375,24.44877493376541,25.0,24.3229,16.1967,39.7835,16.525925,24.036225599999998,58.7708563,61.4004907451859,50.64940265634385,36.60274091610017,20.988825637781993,-15.613915278318174,2.254414351801577,4.954670040059034,2.7002556882574575,39.36320396151424,46.16013071895425,6.796926757440012,4.091827205004018,3.159919881931267,-0.9319073230727506,2.10889820385292,3.953194180898166,1.8442959770452463,15.57891536172708,20.78325954037529,5.20434417864821
Doncaster East and the Isle of Axholme,Lincolnshire; South Yorkshire,Yorkshire and the Humber,0.0,49.1,2.1633435,96.1153152999999,92.7077662,3.407549099999907,1.7037144,0.5967441,0.5038698,0.06080000000000001,0.231652,0.563639,0.10034690000000002,1.1550573,0.46223640000000005,54.330700300000004,38.043338999999996,1.0610589,0.2754056,0.031,0.2956874,0.2028181,10.639758025569899,20.2290393648418,7.757744717438299,28.339543003048313,21.47798538824594,24.812827309756262,17.0,28.179399999999998,18.2395,36.176,12.601987600000001,14.546425,72.2415677,61.40033348059685,55.609714504966675,52.13072138148732,32.737912705713995,-19.392808675773324,2.3558629653699747,3.5776346723908823,1.2217717070209075,28.722959799461517,38.64356536849637,9.920605569034851,4.437842354470337,2.9796585914341205,-1.4581837630362169,2.0193111131742643,0.37309618726362054,-1.6462149259106438,10.33330238603658,21.68813247470101,11.35483008866443
Doncaster North,South Yorkshire,Yorkshire and the Humber,0.0,18.6,2.496078,96.74801079999999,92.7805524,3.96745839999999,1.0598806,0.3246787,0.126149,0.0176,0.21817579999999998,0.6938196,0.0352,1.1446474,0.3536746,49.519191,43.7060551,0.472537,0.2688394,0.03,0.1499297,0.2409215,8.78621696048203,21.4773219884467,8.817676436980813,25.90738101657478,25.42089689301566,21.02953930921892,15.0,23.4736,16.5254,40.6464,18.4268129,17.8078001,62.974557,55.90044781741326,44.40020623281393,33.15697529323683,22.91787626604735,-10.239099027189482,0.04492138757174944,5.735113863621702,5.690192476049953,38.322934863988024,52.354686794400365,14.03175193041234,3.608684801597205,3.37075027417586,-0.2379345274213449,4.524581981532318,15.621572801754727,11.096990820222409,20.34190167207387,0.0,-20.34190167207387
Dorking and Horley,Surrey,South East,2.0,27.6,2.2433445,91.69342159999991,84.7191874,6.974234199999907,3.5750450000000003,1.3078653,0.4775254,0.3783962,0.48392080000000004,1.3462378000000002,0.213181,2.5102061,0.8751079,50.698700699999996,39.5930375,1.5423644,0.9710394000000001,0.24196040000000002,0.13536990000000002,0.37093489999999996,6.768397106561349,20.463768711536602,7.148485435639082,28.42601563004582,13.037332883799941,39.53602966920394,9.0,43.0587,22.0634,19.8488,10.932188199999999,14.2141451,73.3404903,77.50014221514306,69.80009220066216,51.16616203321406,31.08175723006104,-20.084404803153017,4.224240756032663,5.12959071349945,0.9053499574667869,9.936691439581613,8.111678174722305,-1.825013264859308,32.11670795485824,41.871309916941854,9.754601962083612,2.556197816313423,0.0,-2.556197816313423,0.0,13.805663964775341,13.805663964775341
Dover and Deal,Kent,South East,0.0,28.1,3.0566501,94.69982139999999,89.9943729,4.7054484999999975,2.16349,0.4637535,0.031,0.1377678,0.2706846,0.7519118,0.1212744,1.4911907,0.8935501,49.1229432,42.806969900000006,0.6432397000000001,0.6374185,0.0863,0.0708,0.5336076000000001,10.741121746131101,20.116024870584003,7.5452251483811255,30.263828174053142,19.89005025599887,25.93256730292806,21.0,29.6447,19.517599999999998,33.0447,14.223415000000001,19.4655037,65.44783629999999,67.50036257202,62.53435953820781,56.87247299646464,21.705913134484565,-35.166559861980076,2.7423481844639332,6.50130821559393,3.758960031129997,32.61128581752837,39.64416535845107,7.0328795409227,5.7171318631951085,5.431711145996861,-0.2854207171982477,2.0567611383479503,2.9492412349555206,0.8924800966075703,0.0,23.767660910518053,23.767660910518053
Droitwich and Evesham,Worcestershire,West Midlands,0.5,38.4,2.1419561,96.6593126,89.3886356,7.270677000000003,1.2364604,0.4892876,0.1490415,0.06570000000000001,0.1774771,0.3647247,0.0882,1.2080208000000001,0.5314023999999999,57.368802900000006,35.2378805,0.6510825,0.1735566,0.0814,0.2745529,0.2559225,8.06469985191935,18.8585886983412,7.281777654586173,30.07761069918915,18.27344744659782,31.90809638326967,14.000000000000002,35.2392,20.2304,30.1346,16.1787821,13.4952275,69.0047156,70.90050326990877,64.4708114570879,65.6949268348232,40.26487129351529,-25.430055541307915,4.012222665072406,7.716341792819851,3.704119127747445,17.04909943251912,22.13308069100365,5.083981258484528,12.03287213649908,10.342881332016368,-1.6899908044827114,1.210878931086185,0.4817674212340503,-0.7291115098521346,0.0,19.06105746941079,19.06105746941079
Dudley,West Midlands,West Midlands,0.0,0.0,2.1704441,80.22125129999999,76.9898096,3.231441699999993,10.9094151,3.4839617000000005,5.9181794000000005,0.1762778,0.2505521,4.2801827,0.3000683,3.3433357,1.2458281999999998,48.393741299999995,34.7989701,7.5866508,1.1012081999999999,0.0287,2.1093286,0.2762923,5.4537154938375405,23.365842941339398,9.801061999850416,22.569989778874593,25.82531292075999,22.74223308233182,45.0,23.580000000000002,16.7296,37.7761,25.2558743,14.242468,59.456537399999995,59.400146305779074,50.90009384864773,63.15839333080713,28.81606883450665,-34.34232449630048,2.124384236453202,3.2238238909375347,1.0994396544843328,30.927908298597956,34.12392446083361,3.196016162235651,3.7893141341417205,2.950050284948039,-0.8392638491936815,0.0,4.5088836741535365,4.5088836741535365,0.0,26.37724885462063,26.37724885462063
Dulwich and West Norwood,London (Lambeth; Southwark),London,3.5,0.0,6.445519399999999,54.8875795999999,40.9152451,13.972334499999912,6.4110106,1.8282492000000001,0.7320466,0.7217756,1.1531602,25.3433803,0.6377396,8.5315181,4.8264657,42.8165937,38.6933829,7.5750927,1.0494767,0.4285674,0.1830048,0.7955108000000001,2.35318191119296,20.0372414710381,10.57765421537876,13.66909039064726,12.6400903028139,56.31140648936292,35.0,45.5926,14.3932,19.5234,33.8941433,24.6066752,39.7485449,70.20040349697378,61.10033931168202,16.641759589224815,8.534972894354093,-8.106786694870722,16.237498563053222,18.879192560271495,2.6416939972182725,64.46909606468176,60.284719467583415,-4.18437659709835,0.9637123040962562,7.679933007184098,6.716220703087842,0.6035176457064031,0.6522984706245317,0.04878082491812863,1.0844158332375369,3.9688835999823704,2.8844677667448337
Dunstable and Leighton Buzzard,Bedfordshire,Eastern,0.0,4.1,2.3953905,87.27449509999991,77.36432669999999,9.910168399999908,4.3508055999999895,1.7308761,0.7140211,0.3074643,0.41859599999999997,3.8136692,0.2028153,3.4487867999999997,1.11224299999999,48.5385912,41.1435663,2.0902406,1.4345515,0.1991146,0.25745989999999996,0.3648891,6.10467746313218,23.1386614904211,7.96503903462058,21.36527840303918,16.71603647557647,30.84974153452982,10.0,34.418,19.5434,29.8885,14.6657016,15.353297799999998,68.3343889,65.20065376251132,60.00052123376031,58.713486637663145,31.076121185796502,-27.637365451866643,3.6544437538844003,4.593332609403844,0.9388888555194437,26.83861611767143,32.52470409382126,5.686087976149832,10.793453490781022,14.110109675317625,3.316656184536603,0.0,0.16722771202084916,0.16722771202084916,0.0,17.52850472363992,17.52850472363992
Ealing Central and Acton,London (Ealing; Hammersmith and Fulham),London,5.6,0.0,4.8259205,55.7065703,31.5799012,24.1266691,15.9704288,4.621449,2.0373643,0.5369035999999999,2.3273375,10.7139081,6.0607434,6.4866416,11.1224382,40.8552701,28.199145199999997,16.6387265,2.4255056,0.4885748,1.0632353,1.2988385999999998,2.1887672907060702,19.2023878020713,12.488761894588741,14.397236983826001,12.93644789967281,54.9028900575095,15.0,42.289500000000004,16.223399999999998,17.8153,19.9285225,38.6330389,38.9570949,70.30078679563215,60.90032892220607,25.618571293762386,17.469488580460133,-8.149082713302253,3.3839765971501365,11.396512382507485,8.012535785357349,52.29215815796924,46.76673156231029,-5.525426595658949,17.346418797772955,12.677677992003181,-4.668740805769774,0.0,5.189558081601038,5.189558081601038,1.3588751533452865,6.50003140111788,5.141156247772594
Ealing North,London (Ealing),London,1.0,0.0,2.0892453,43.2052165,23.053079,20.152137500000002,26.813460299999903,10.5954459,4.4155519,0.6864809000000001,0.9518367,13.2615281,5.2225779,5.4832373,11.236526699999901,42.8582611,15.1671937,20.3465982,9.8171514,0.1862926,2.9728545,1.2915245,2.91137560284943,22.7228783056192,11.974440156669521,17.00364728186074,19.27149764185922,39.03637568099348,11.0,28.8603,19.1229,25.551000000000002,19.7805358,28.320169899999996,49.8949139,66.8,57.84086804115436,31.898531703715854,18.837897853441895,-13.060633850273959,2.9427446476909194,9.381939304219097,6.439194656528178,56.318185546714794,47.79561435973353,-8.522571186981267,8.840538101878435,5.882216876387861,-2.9583212254905744,0.0,8.970207253886011,8.970207253886011,0.0,9.132124352331607,9.132124352331607
Ealing Southall,London (Ealing),London,1.0,0.0,3.1570591,30.6774369,18.687653100000002,11.989783800000001,46.8832562,28.5262517,6.9692409,1.8269739,0.6789105,9.3406242,1.792548,3.9429651000000003,9.1556851,30.2533186,14.693919999999999,19.3167443,10.2048006,0.1833437,18.7122704,0.6324959,1.84176770977032,21.7191080057167,13.17800253088742,16.055679523961288,21.895441254785318,38.51069602001547,24.0,28.6795,15.2975,27.849600000000002,16.4770802,32.9638414,48.419574999999995,67.9004620075359,59.50026689713022,23.928389348601904,15.394309637730691,-8.534079710871213,3.7805404133495433,9.30451127819549,5.523970864845946,59.74548021491039,49.1285030758715,-10.616977139038887,9.794501745166476,6.049213943950786,-3.7452878012156905,0.8961135730812972,14.601845522898154,13.705731949816856,1.854974704890388,5.521616541353383,3.666641836462995
Earley and Woodley,Berkshire,South East,2.0,5.4,2.7593924,69.5382414,61.640622,7.8976194,19.593060700000002,9.0137727,5.3426161,0.42661469999999996,2.0602369,4.5357372,0.7993114000000001,3.97480039999999,2.358205,39.841459,35.3273928,8.564617700000001,6.362449600000001,0.16175720000000002,1.9968973,0.937435,5.564837424495559,23.5717240015105,12.472647702407,19.13719677184052,13.57673444121708,40.53259368601495,7.000000000000001,40.1926,16.7775,22.1837,12.3711605,15.967099300000001,69.59002699999999,72.9007688028641,62.400108725197065,48.761494815104676,37.811996340985324,-10.949498474119352,2.218743885736646,7.444352485080803,5.225608599344158,26.666014478575622,39.65892756022129,12.992913081645664,21.809821952651145,13.377183429890666,-8.43263852276048,0.0,1.707540183821928,1.707540183821928,0.5439248679319115,0.0,-0.5439248679319115
Easington,County Durham,North East,0.0,38.9,2.3169917,98.08206539999999,96.8146646,1.267400799999996,0.8703590000000001,0.2715262,0.1352265,0.059000000000000004,0.1835217,0.18238879999999902,0.053700000000000005,0.645009,0.2200501,55.5742772,38.600313400000005,0.3359162,0.0837,0.0333,0.20176439999999998,0.1684947,9.482351830879571,20.0056137140956,9.73761842259158,26.1419901493196,26.174259293217723,21.22049616220889,20.0,21.6299,15.401699999999998,39.9513,22.9727498,17.0555621,59.601274000000004,56.90051548599906,49.41264539905563,27.057819714916683,10.934040321640834,-16.123779393275846,0.2609917687211403,3.41743386551684,3.1564420967956996,46.76269825336278,48.86959561822631,2.106897364863535,4.1407347922104,2.362778230975411,-1.7779565612349888,3.633808472194339,4.606106514392263,0.9722980421979237,18.14394699859466,29.81004544924834,11.666098450653678
East Grinstead and Uckfield,East Sussex; West Sussex,South East,1.0,45.1,2.2753957,94.128072,88.1861351,5.9419369,2.2843276,0.8848632000000001,0.18722280000000002,0.2133713,0.2991381,0.7007357,0.091,2.3000167,0.5867744,48.7333961,41.5406338,0.9141303,0.5062232,0.24056059999999999,0.0952,0.3357389,7.50182633448371,20.624108981466797,7.2540411095589645,29.255637597285926,12.428534966819809,36.31827462991322,12.0,41.8065,22.1498,21.757,9.665961300000001,14.5808142,74.5641878,79.10078505086246,66.90076335877862,58.46831262777166,38.33667374436926,-20.131638883402402,4.944872534116126,10.471692496973786,5.52681996285766,13.573063549474934,20.717163098049333,7.144099548574399,23.013751288637277,21.508939733693172,-1.504811554944105,0.0,8.965530926914452,8.965530926914452,0.0,0.0,0.0
East Ham,London (Newham),London,1.0,0.0,2.9644588,20.2785515,8.9350174,11.3435341,58.8461099,17.122906099999998,13.906971400000002,20.9966803,0.44034039999999997,12.7813179,0.7509444,3.2411188,4.8529019,26.877756899999998,7.138605200000001,47.1373842,9.7654044,0.0725,2.6107728,0.31823799999999997,1.60952278589853,25.594435323091304,16.57817225379988,11.18378926836955,24.0824321731843,33.678651844222976,27.0,19.164,16.034000000000002,27.359699999999997,21.5740542,38.8865004,38.2443035,66.60041442889163,47.800582810864,14.572353800241286,10.229072099651642,-4.343281700589644,1.5979850572523122,11.152749920827615,9.554764863575302,77.77848328994433,51.64678560118231,-26.131697688762024,3.5663640019472136,3.1932861817797953,-0.3730778201674183,0.5291341249179843,20.241739681199196,19.71260555628121,1.9556797256968697,3.5363665153594424,1.5806867896625727
East Hampshire,Hampshire,South East,1.0,34.9,2.2137091,96.0465477999999,91.6738207,4.372727099999906,1.5507277,0.4589579,0.0781,0.1573885,0.259746,0.4270627,0.0682,1.5353629,0.4402091,51.5860262,40.5641895,0.477679,0.26855680000000004,0.1783041,0.0638,0.3312935,10.9583670909233,19.0306693048864,6.971246430705882,31.903844876817722,12.61052268780572,40.067871203785934,10.0,43.3262,20.488899999999997,22.1841,12.158277100000001,13.7028906,72.7667137,77.4005972025774,70.8001865170762,59.0032302722658,36.93968786173313,-22.063542410532676,5.484079372404246,4.797828603360875,-0.6862507690433706,12.297185048454084,9.912984472917415,-2.384200575536669,21.716658975542224,34.39508242525845,12.678423449716227,1.4988463313336409,1.0298167884085738,-0.46902954292506704,0.0,12.924599848321558,12.924599848321558
East Surrey,Surrey,South East,1.0,33.3,2.0992029999999997,88.63913999999991,82.6077749,6.031365099999908,4.0266223,1.5479252000000001,0.5364796,0.2803408,0.5001765,2.473655,0.12605249999999998,3.9076287,0.9529572,50.7891048,39.0296784,1.546948,1.2050866,0.1744602,0.10588629999999999,0.3842159,6.476385831498891,22.08277990468,7.946754239731248,26.240583597598288,13.82097469611454,37.3072040023632,8.0,42.992200000000004,21.316,19.3353,12.0025016,13.173233300000001,73.52845529999999,70.40086436806762,67.10039963446404,60.34579893152016,35.57606309456053,-24.769735836959626,2.9800874210781934,6.0106512724611765,3.030563851382983,13.185041282175813,20.43255549231645,7.247514210140636,20.394366197183096,17.95471176518416,-2.4396544319989353,3.0947061680427392,2.992113179933328,-0.1025929881094112,0.0,17.033905195544353,17.033905195544353
East Thanet,Kent,South East,0.0,0.0,3.6147822000000005,92.20834839999999,85.8794754,6.328872999999991,2.5658107,0.7328169,0.23697580000000001,0.197004,0.3568913,1.2162856999999998,0.18272839999999999,2.6248169,1.3847384,45.0625274,45.416563599999996,1.6940442,0.6519215,0.15322529999999998,0.058100000000000006,0.4254145,8.30952999220981,21.02810776211,8.145896656534955,28.04696346623742,21.72615215330048,26.57356573448675,27.0,27.5519,19.704,32.901399999999995,13.2108543,28.3259759,57.961135600000006,64.90073399962081,57.00006672449456,53.45129788832318,23.606396179149204,-29.84490170917398,3.7371671813705034,10.74614286048744,7.008975679116936,37.62415491194391,39.92695432303982,2.3027994110959114,5.187380018362407,3.1957483670077025,-1.9916316513547043,0.0,2.411443822723761,2.411443822723761,0.0,20.113314447592067,20.113314447592067
East Wiltshire,Wiltshire,South West,1.0,63.1,2.2778509999999996,91.8592176,88.3226253,3.5365922999999975,2.83879639999999,0.6118415,0.0949,0.1186122,0.2569932,2.2417712,0.0771,1.9402985000000001,1.1198991999999999,51.8370252,39.0149156,0.6049284,1.0319367,0.087,0.0988,0.7344147,15.6355964132318,21.963846543985998,9.305063337707098,25.699289980011493,13.90839431345012,33.12637051272575,26.0,38.7917,19.9332,26.3133,15.9244468,22.6885691,60.0934368,68.9001406469761,63.60071157111668,65.93655589123867,35.70232873519378,-30.234227156044888,3.692741079448028,3.907359142245672,0.21461806279764417,15.877357720258022,25.709321297650074,9.831963577392052,14.493345309055277,17.38393405801708,2.890588748961802,0.0,0.5890704129849765,0.5890704129849765,0.0,16.707986353908417,16.707986353908417
East Worthing and Shoreham,West Sussex,South East,0.0,0.0,3.6066776000000003,92.6473541,87.6104152,5.036938899999999,2.9320244,0.6564683,0.1927246,0.582189,0.4486871,0.8582533,0.26198509999999997,2.5224846,1.0399101,43.0633488,47.4358331,1.4313964000000001,0.45371049999999996,0.32020719999999997,0.0673,0.47479000000000005,7.76808595678649,19.8465197146225,7.636880422858273,28.27615438316529,17.90820257561119,29.778517005637973,12.0,34.301500000000004,21.6604,27.7634,10.5144362,16.6721527,72.1668391,70.40084807526668,65.70013386880856,51.02205993073332,25.67545539753046,-25.34660453320286,3.7757867790995334,6.613961449121806,2.8381746700222727,36.954148471615724,45.0711112922287,8.116962820612976,7.768031922903178,6.479481641468683,-1.2885502814344942,0.4799728956482457,1.5526305065406087,1.0726576108923631,0.0,14.607359713109744,14.607359713109744
Eastbourne,East Sussex,South East,0.5,0.0,3.8758041,90.81625869999999,82.0859559,8.7303028,3.4854445999999997,0.8910307,0.1671912,0.45830059999999995,0.5409127,1.2863886999999998,0.4376475,2.7557041,1.6561762,45.9001239,43.190803100000004,2.2274453,0.5044942,0.1838995,0.0413,0.5585823,8.22188116641087,18.9105976462463,8.696166447843096,30.664868765007043,18.40636602265472,29.80821529075129,28.000000000000004,31.1148,20.194300000000002,30.5012,13.023459800000001,26.568734900000003,59.6996273,69.90086048192443,62.800176250275385,47.08831619813106,25.298193299421158,-21.790122898709903,0.0,3.122259252762673,3.122259252762673,6.945121832263602,5.895895456937379,-1.0492263753262234,42.85881503735929,52.05665672689002,9.197841689530726,0.3609122300474063,0.3376600596386599,-0.023252170408746387,2.746834702198638,13.289335204350113,10.542500502151475
Eastleigh,Hampshire,South East,0.0,0.5,2.5134507,90.8566819,86.4240286,4.4326533,4.9853028,2.5514403000000003,0.4029715,0.320667,0.8241142,1.0282721,0.22019129999999998,2.1783978,0.9513119999999999,45.644413099999994,44.004788500000004,1.3424827000000001,1.3467582,0.0866,1.051754,0.42326689999999995,8.5349531555647,21.0202732025873,8.001569961405114,26.05481781906192,13.65668394192349,34.23533910933523,16.0,38.8232,19.0425,27.6404,12.591372400000001,13.7959436,71.7028725,70.80095978062158,66.30007855459544,51.86597272653918,31.07281344248169,-20.793159284057488,2.0434922940369566,5.17664799655321,3.133155702516253,11.655773420479303,15.09047824213701,3.434704821657707,34.434761558944565,34.403274450667816,-0.03148710827674961,0.0,1.0060318828091341,1.0060318828091341,0.0,13.25075398535114,13.25075398535114
Edmonton and Winchmore Hill,London (Enfield),London,1.0,0.0,1.9394629,45.9680472,25.2854619,20.6825853,11.9972873,3.4428918000000004,1.104785,2.6890199999999997,0.5890610000000001,22.8590355,0.8603287,5.41194839999999,13.7636817,46.3882405,15.845214799999999,22.8226926,3.3854331,0.580405,0.41164599999999996,0.4510756,2.4122662084462303,24.6330817931828,11.47314941504651,19.60946532175092,24.74032297330196,33.37356974762639,25.0,26.3471,17.779600000000002,26.4881,19.1853549,29.7990924,49.9295061,64.2000771779484,54.20055989858441,31.106597301386614,19.217931538555245,-11.88866576283137,2.060231724252285,8.9682056279693,6.907973903717016,58.190146537608555,49.99390912413205,-8.196237413476503,6.734097456836695,6.629309294676575,-0.1047881621601201,0.1554500797977076,6.6609818491899135,6.505531769392206,1.7534769001181423,8.529662565476915,6.776185665358772
Ellesmere Port and Bromborough,Cheshire; Merseyside,North West,0.0,0.4,2.6440941,95.9557879,92.43704539999999,3.518742500000005,1.7845883,0.4456216,0.13347630000000002,0.188128,0.45087649999999996,0.4351135,0.10089540000000001,1.3347626,0.4897633,54.0317834,38.7402253,0.8912806000000001,0.3310771,0.0757,0.051500000000000004,0.31320950000000003,9.26312756608802,20.877630177455302,8.50255902261846,24.1297418117626,18.44404238821401,27.14267252520031,11.0,28.546100000000003,16.4416,37.4347,17.8227568,14.8911138,66.25849360000001,63.700656504465925,59.300501660425354,27.0567940552017,12.4154036793442,-14.6413903758575,1.8997699929228593,6.448384329425222,4.548614336502363,59.29538216560509,57.63511581355447,-1.6602663520506198,7.419939844302902,5.547612239062053,-1.8723276052408488,0.0,0.6100467067009818,0.6100467067009818,4.3281139419674455,17.343437231913068,13.015323289945623
Eltham and Chislehurst,London (Bromley; Greenwich),London,1.0,0.0,3.1483318000000002,71.3379981,59.051966199999995,12.28603190000001,9.4314332,2.8527957,0.6910105,0.5986343,2.2722744,10.8379069,0.3731276,5.02726,3.3653934000000003,47.8563666,35.5633037,5.4745517,2.5828653999999998,0.2454266,0.5968122,0.8929542,4.34472278504328,22.6624741648854,9.852672453174954,20.6052992233896,17.81093619980166,40.03784467723734,16.0,38.1965,18.5202,22.3372,24.316732299999998,16.4053326,57.8250558,68.90054756831117,61.60064891172097,46.8534069332707,25.54536277048677,-21.30804416278393,2.9674868361814157,6.757231268928587,3.789744432747171,40.111965862156715,44.04380459114252,3.9318387289858023,7.489185115587135,5.317561339595312,-2.171623775991823,0.0,2.034411622701137,2.034411622701137,2.57795525280404,16.301628407145678,13.723673154341638
Ely and East Cambridgeshire,Cambridgeshire,Eastern,1.0,64.7,2.6761726,93.6227706999999,85.05627249999999,8.566498199999906,2.4784535,0.9121163999999999,0.1791996,0.1384293,0.5224284,0.8703979000000001,0.12136269999999999,2.274602,0.753776,47.8984346,43.1387422,0.7111094,0.5518209,0.1697181,0.1384293,0.40106569999999997,7.5845453734273205,20.7260194261671,7.270222352715307,26.245299425202873,16.07932077227262,37.02954175389626,11.0,39.6657,19.487199999999998,26.7594,13.603712100000001,16.617588,68.1568732,71.40047980493176,66.2002098423654,53.95207931699256,31.759246882697777,-22.192832434294782,0.5691728633067108,4.504573316274896,3.935400452968185,14.3670246947581,17.491263915675304,3.124239220917204,29.259157256954005,32.70446256373045,3.445305306776447,1.8525658679886166,1.2373732551700434,-0.6151926128185732,0.0,12.303080066451527,12.303080066451527
Enfield North,London (Enfield),London,3.5,0.0,2.1537449,52.4090285,35.8453386,16.5636899,9.5332678,2.1487732999999998,0.9020607999999999,2.842787,0.6249264,20.2630029,0.6830226,6.3544651,11.4402356,46.6963431,22.0044907,17.7202569,2.0765618999999997,0.5668347,0.24180759999999998,0.4757643,2.89725590299936,26.2639887697725,11.77371494208865,17.50635482807398,22.965522916152388,33.80749609150004,19.0,28.3449,16.8705,27.068399999999997,19.752823799999998,27.6786284,50.9816852,66.10030573082678,55.20059906839787,35.91954022988506,19.84732824427481,-16.07221198561025,2.4169422138245946,8.537202244090867,6.120260030266273,53.3439615808534,49.13087464361262,-4.2130869372407815,6.532435836876083,5.7872712222937555,-0.7451646145823272,0.0,4.86526257702566,4.86526257702566,1.7871201385608566,11.83206106870229,10.044940930141433
Epping Forest,Essex,Eastern,1.0,10.0,2.0326180999999997,81.1801761,71.5148857,9.665290400000004,8.7267944,4.2079618,1.7979828,0.6363592,0.7104225,3.4965649,0.2806607,4.029625299999999,2.56687619999999,48.2892031,32.3165681,4.220712799999999,2.5825188,3.7207760999999997,1.6255249999999999,0.4239229,4.39834426666021,21.3695857637927,8.732076296395206,24.18318905333697,18.37053786202252,34.3235831809872,9.0,38.3992,22.1412,20.973,15.4982086,15.532100300000002,68.1974436,67.40054437457262,57.8000193806498,64.38290761518262,43.20168610638756,-21.181221508795055,3.9289408768998166,5.954063181088784,2.025122304188967,20.273334924803056,29.593083131751012,9.319748206947956,10.716559242460413,12.617057456949201,1.9004982144887883,0.6982573406540941,8.634110123823438,7.935852783169344,0.0,0.0,0.0
Epsom and Ewell,Surrey,South East,2.0,1.5,2.2194222999999997,81.891764,72.2094996,9.682264399999996,9.7833243,3.3312627,1.5131146,0.5933783,1.4074191,1.7819891,0.7676831000000001,4.0961643,2.4467582,49.0218621,36.1716331,4.1091064,2.9752081,0.2382763,0.26052770000000003,0.6452929,5.5177750680048705,22.4974060540442,8.540162980209532,24.6705471478463,12.565166630061611,44.56646129304466,18.0,45.675,19.3875,18.0455,9.6801426,16.1593659,72.9551637,74.70066114842001,71.30060675802909,53.57771312089482,31.15635029802843,-22.421362822866392,3.3033085352893012,3.2003668042182487,-0.10294173107105253,16.817952157778283,15.268225584594223,-1.54972657318406,24.210324581424118,37.91655204034846,13.706227458924346,2.0907016046134816,1.8303530490600641,-0.2603485555534175,0.0,10.628152223750572,10.628152223750572
Erewash,Derbyshire,East Midlands,0.0,8.2,2.9515082,95.1815423,91.9873916,3.194150699999998,1.7010463999999998,0.8878382,0.14499610000000002,0.0462,0.2920935,0.8258471999999999,0.062,1.8923037,0.39927340000000006,40.8132388,51.661675900000006,0.46125560000000004,0.5074862,0.0336,0.3288679,0.2374573,7.771205933436599,19.3163135527499,8.592848904267592,25.014737921312204,20.53481653069277,24.457483231299882,14.000000000000002,28.4389,17.5603,38.198100000000004,13.479322199999999,17.9904239,67.93409369999999,67.8000472241899,59.856920164792335,56.45921252099807,26.426545133237223,-30.03266738776085,2.284180767812513,5.761986699530298,3.477805931717785,34.73183922645143,40.05022554992327,5.318386323471842,5.094849838161183,5.641073338603916,0.5462235004427329,1.4299176465768018,0.816165186253081,-0.6137524603237208,0.0,21.304004092452217,21.304004092452217
Erith and Thamesmead,London (Bexley; Greenwich),London,0.0,0.0,3.1220736,46.1558977,35.1055396,11.0503581,13.612352099999999,3.8429908,1.6655183,1.0276129,1.4580694,30.5853763,0.3415498,5.4544242,4.1919495,50.153738999999995,25.8244486,8.7820166,4.4084197,0.1052093,2.3249783,1.9085864000000001,3.96831794913136,24.3289323810274,11.79399791725837,13.6930796175328,19.90983424560997,37.037466091304886,22.0,26.4278,16.3907,30.470000000000002,31.389818200000004,25.355717700000003,41.2894514,56.20051393762311,51.30032651090699,28.20703260995706,13.779439807820898,-14.427592802136163,2.845537890217013,8.62329428663414,5.777756396417127,58.35209469653011,55.092993882958964,-3.259100813571145,4.9181849831727975,4.636073206369647,-0.28211177680315025,0.6313102007659278,3.147675772059734,2.516365571293806,5.045839619357085,14.720523044156616,9.674683424799532
Esher and Walton,Surrey,South East,5.4,0.0,2.1147698,86.1688072,75.0898634,11.078943800000001,6.5857733000000005,2.5880661,0.6955913,0.524608,1.0657314,1.1988264,0.6120427,4.107486300000001,1.9391066,50.5902127,36.713657,2.6328829000000002,1.6603678,0.5139465,0.5226904,0.5683528999999999,5.3828565868846,24.14977898513,7.069320521619761,23.37430585886314,10.84214454534146,51.582286354024134,10.0,50.176,18.279400000000003,15.6966,10.1846221,16.1562599,72.4039795,76.700845131958,72.8009728415079,49.51938481256008,30.274684484038605,-19.24470032852147,0.23496742497062909,2.5909428359317,2.355975410961071,4.802591761899675,5.28210838901262,0.47951662711294496,44.15251521948094,52.551967334818116,8.399452115337176,1.2905407810886824,0.43429844097995546,-0.8562423401087269,0.0,8.865998515219005,8.865998515219005
Exeter,Devon,South West,0.5,0.0,5.87439,89.4163923,81.1967157,8.219676600000003,5.3335956,1.215399,0.2300998,0.3982497,1.8240817999999999,0.9714826,0.7060327,2.7120311,1.5664485999999997,38.4970894,49.3588735,2.2675425,0.5801605,0.1760148,0.1327486,0.5811438,7.28716803176967,14.5383345128568,28.004372405264522,18.29122869004497,13.3095202884867,34.21456766810379,28.999999999999996,28.5074,15.092,24.891099999999998,17.274758000000002,27.9647555,53.8346985,67.40072755655288,59.3004042371131,32.077422556764134,15.64373678318199,-16.433685773582145,9.338682327639686,14.695857693743003,5.357175366103316,54.79961950452872,45.341460380644364,-9.458159123884357,0.01654328135985773,10.451548700087075,10.435005418727217,1.168369246039952,1.641995273043911,0.47362602700395895,2.5993630836676456,12.225401169299664,9.626038085632018
Exmouth and Exeter East,Devon,South West,0.5,25.1,2.6324733,96.1461465,92.0792178,4.066928699999995,1.6211410999999998,0.4723448,0.058,0.1661213,0.32123450000000003,0.3452658,0.1240906,1.4030242,0.4843536,47.3146471,44.5107124,0.7224984999999999,0.210145,0.0931,0.058,0.3052106,11.5793656358834,19.9344460415846,8.31903945111492,29.600914808461848,14.195552966307408,35.12598310515584,22.0,37.575599999999994,20.9437,27.403699999999997,11.9182853,16.207372,69.8922469,74.90005634407449,63.998603195190995,49.842384295744374,28.700600202665832,-21.14178409307854,1.7373549219085829,4.5424429027983475,2.8050879808897644,10.52801260925634,28.46480629823057,17.93679368897423,3.0287290442756842,22.18996024631694,19.161231202041254,34.557243158045566,2.295580325824304,-32.26166283222126,0.3062759707694512,13.806610024164003,13.500334053394552
Fareham and Waterlooville,Hampshire,South East,0.5,12.8,2.4917185,95.7535194,92.9462009,2.8073185,1.8712301,0.6912116,0.1072744,0.1518034,0.45338619999999996,0.5828874,0.10221430000000001,1.3662308,0.4260616,46.924875300000004,45.7427967,0.6487263,0.2874232,0.086,0.082,0.3036161,15.4117262627205,18.5031082296433,7.608445204399652,30.97342986381432,16.44844220376483,29.538282978491893,19.0,36.8749,20.5742,28.272799999999997,11.423103,13.1013234,74.4112223,65.40049331429313,65.10072344239086,61.1755131208067,35.03581190271931,-26.13970121808739,4.099011473262138,4.062007461644355,-0.03700401161778277,15.782682917146374,22.907647187917725,7.1249642707713505,18.94279248878479,19.019212736667797,0.07642024788300716,0.0,0.8519043153841549,0.8519043153841549,0.0,18.123416395666663,18.123416395666663
Farnham and Bordon,Hampshire; Surrey,South East,2.0,20.5,2.5326275,93.397118,86.8999381,6.497179900000005,3.1577477,0.6167788,0.8064033,0.2295455,0.5878361000000001,0.7255313999999999,0.126749,2.0738936999999997,0.645721399999999,50.450612299999996,40.3315469,1.3742926,0.3463178,0.1866323,0.1047936,0.3762588,8.67021017213634,21.4960742326909,8.37576374745416,27.08393948210649,12.205121891159811,42.85274562915538,9.0,44.0163,19.755300000000002,20.4322,12.395767300000001,13.865997,72.4850051,70.1003371987828,69.800663576996,59.396570266518054,35.74648684334622,-23.650083423171836,0.9366261903365206,4.7081014807130055,3.7714752903764848,6.818404020257719,13.822503065170237,7.004099044912517,32.8483995228877,33.20192398377817,0.35352446089046907,0.0,0.7941148731491087,0.7941148731491087,0.0,11.726869753843253,11.726869753843253
Faversham and Mid Kent,Kent,South East,0.5,30.3,2.2862797,93.6886048,88.3492304,5.339374399999997,2.1922786,0.5904618,0.1746152,0.1786525,0.2503154,1.5563967,0.0666,1.8501134999999997,0.7125753,48.938145999999996,42.717417600000005,1.092135,0.6187419000000001,0.0939,0.13222710000000001,0.4532057,7.5722500186692505,22.360112386304102,7.60690890355504,26.970730390833808,18.682117131224548,29.03977450673348,12.0,34.8997,20.352500000000003,28.2314,15.684663800000001,12.7672815,69.8329724,67.20047945587334,62.70050597480892,62.609146531162494,31.79808559041937,-30.811060940743126,4.094161567976771,9.052667725458214,4.958506157481443,19.846520792284558,28.64531913980341,8.79879834751885,12.467074561858343,8.923895780572606,-3.5431787812857376,0.9830965467178263,0.3670000429239816,-0.6160965037938447,0.0,21.21303172082242,21.21303172082242
Feltham and Heston,London (Hounslow),London,1.0,0.0,2.4499142000000003,37.357586399999995,25.3636848,11.9939016,43.6324173,25.3276355,7.169304,1.0108824,0.5910582999999999,7.640198,1.4382168000000002,3.833242,7.5365563,37.1309696,14.946715399999999,17.787808,10.406074199999999,0.0646,11.826996,1.6274510999999998,3.8042233521139597,23.6304589351337,12.150290957923,15.263167711131,22.81071551757176,32.69171808531023,13.0,23.0854,17.269000000000002,33.1918,24.5104102,27.4399322,45.3675073,58.300009299730306,51.01607084289931,35.78834628443816,21.07388073134981,-14.714465553088353,2.390447325843721,6.539460488080849,4.149013162237128,51.72390219447166,41.502301540360534,-10.221600654111128,6.624433151789987,4.682798878802685,-1.9416342729873017,0.0,13.009489032324428,13.009489032324428,3.472871043456464,13.192069329081699,9.719198285625236
Filton and Bradley Stoke,Gloucestershire,South West,0.5,0.0,3.3815369,85.2350431,77.33971790000001,7.895325199999991,7.347543300000001,3.5577873,0.8384416,0.3214026,1.4151031,2.5926478,0.5095862,3.2792383000000003,1.5455273999999999,41.4141979,45.8198249,2.7976522999999998,2.2666294,0.068,0.5161169999999999,0.47792060000000003,7.01004134672179,21.2035361982455,15.162443144899191,17.30994152046782,11.82085084335962,37.46013470727074,20.0,38.3409,17.2533,24.8287,10.7026414,20.30903,67.53532100000001,70.00027187211137,64.90007344698287,51.00106806486067,25.62193499712113,-25.379133067739538,2.7225944266433633,8.223638493458019,5.501044066814655,35.77240508787261,45.476204657811664,9.70379956993905,10.006796776386057,7.139595369984315,-2.867201406401742,0.4971356442373046,0.0,-0.4971356442373046,0.0,13.538626481624874,13.538626481624874
Finchley and Golders Green,London (Barnet),London,10.4,0.0,3.4208186,60.5080167,36.6773173,23.8306994,17.175545200000002,7.0000872,1.4247543999999999,0.678681,1.8180088,5.882166300000001,2.2223632,5.2597779,11.1744511999999,30.8260721,21.1897532,10.9254957,4.8038881,20.8401056,0.40039009999999997,1.0291214,2.1475670988687403,23.2365879168204,9.346103369165558,20.544596611799502,14.36963623829838,53.00670376549809,8.0,42.7738,18.0793,15.7812,10.7660664,38.2972717,50.1824928,73.10000923446302,63.600350976799405,43.793763083808564,35.05041692872649,-8.743346155082072,0.012632642748863063,6.303637728499259,6.291005085750396,24.36295387280733,44.344579926555625,19.981626053748293,31.830650400635243,6.847369595650145,-24.9832808049851,0.0,2.1830428696057944,2.1830428696057944,0.0,5.270952950962689,5.270952950962689
Folkestone and Hythe,Kent,South East,0.5,26.2,2.9743749999999998,91.9408056,87.0874304,4.8533751999999994,4.2958414000000005,0.45517409999999997,0.2166977,0.2058084,0.3310357,0.677346,0.11869370000000001,1.9818584000000001,1.1041782,47.2144786,42.1236606,1.1063682,1.6693527,0.12740659999999998,0.040299999999999996,1.0965676,10.0068289351738,18.7061483013798,7.4738650821757835,31.628169309670813,20.15979771121712,26.69768775579364,22.0,30.0944,20.5656,31.4004,11.478608699999999,24.1865457,63.5055369,64.0001714481655,61.70067056641461,56.31655318673959,26.10877306571706,-30.20778012102253,4.8755441455519595,9.143042131064144,4.267497985512184,26.761915392342893,34.73153586458863,7.969620472245737,10.003348588012056,4.014244091939139,-5.989104496072917,2.042638687353499,1.2949174490126254,-0.7477212383408738,0.0,24.7074873976784,24.7074873976784
Forest of Dean,Gloucestershire,South West,0.0,66.8,2.2391360999999996,97.48030519999999,94.6395221,2.840783099999999,0.736213699999999,0.16492099999999998,0.0481,0.0186,0.1758429,0.2915693,0.030600000000000002,1.0954684,0.3964843,50.8688197,41.3341925,0.2763185,0.11576979999999999,0.062299999999999994,0.0819,0.2675812,9.99386095052949,18.4138135342164,8.000051872600897,31.59041394335499,18.05844696575414,29.310658894556052,12.0,31.2056,21.4553,31.037799999999997,12.732760400000002,13.382443199999999,72.9614282,72.00005594953353,66.00013724010155,59.60174842156386,33.46780062797613,-26.13394779358773,9.09373482272948,9.84591711546859,0.7521822927391089,28.773190869354053,34.045871368863196,5.272680499509143,0.0,5.414734565719157,5.414734565719157,2.5313258863525987,0.18714520388430267,-2.344180682468296,0.0,17.038531118088624,17.038531118088624
Frome and East Somerset,Somerset,South West,0.5,41.9,2.4402908,96.8224427,92.705055,4.1173876999999965,1.0180344,0.23658110000000002,0.0402,0.054299999999999994,0.2647972,0.3526804,0.0521,1.5073905,0.299533399999999,45.1007629,46.643949299999996,0.2897544,0.136738,0.1410789,0.032600000000000004,0.3885097,7.88717816017596,20.8487477144193,8.494950037606092,28.755237992908427,16.11017919429134,32.67300370104109,10.0,33.7349,20.2329,31.319999999999997,12.1085865,15.804047399999998,71.1324466,68.4005646575694,65.30053117137265,49.29330831769857,23.899734566315608,-25.39357375138296,6.080883885761935,10.880640465793304,4.799756580031369,21.171565561809462,13.734052572994262,-7.4375129888152,23.45424223473004,35.49105231612295,12.036810081392915,0.0,2.2069526500556553,2.2069526500556553,0.0,13.787567428718212,13.787567428718212
Fylde,Lancashire,North West,0.5,19.9,2.4326237,96.3095748,93.39503099999999,2.914543800000002,1.4614063,0.4663675,0.2139682,0.08099999999999999,0.3178362,0.3894616,0.1225643,1.4063733999999999,0.4331298,61.5506855,31.286871599999998,0.6865393,0.2980889,0.30951389999999995,0.0727,0.3344412,10.3301336682515,16.618846195560998,6.422202776529566,34.89345599886468,15.87999072344893,34.62594748983852,12.0,38.284099999999995,21.7001,24.6024,7.813761599999999,18.8122365,72.5935229,69.20084724312947,62.01269734545314,62.234585250351316,33.18807339449542,-29.046511855855897,3.4650701676708953,3.252710592160134,-0.21235957551076146,25.169884690164974,32.01834862385321,6.848463933688233,7.345948755462298,4.420350291909925,-2.9255984635523733,1.784511136350511,9.824854045037531,8.04034290868702,0.0,17.295663052543787,17.295663052543787
Gainsborough,Lincolnshire,East Midlands,0.0,74.8,2.3117370000000004,96.9606675,94.5466775,2.4139899999999987,1.1939008,0.5748635999999999,0.12401079999999999,0.0179,0.19547470000000003,0.3499213,0.0925,1.1360651,0.3594385,54.713511000000004,37.9508576,0.4025139,0.30477550000000003,0.0473,0.13662349999999998,0.23226000000000002,12.590335836757799,18.728328360616,7.016173041623238,31.65029518281478,18.10735998584375,29.31228433838493,16.0,32.2813,19.6326,31.5684,10.8749557,17.876963,70.2774826,65.7001083365656,61.60027445340231,66.30023207524124,35.63457213237657,-30.66565994286467,0.0,3.9241726464603195,3.9241726464603195,21.163633402548758,28.068972903502193,6.905339500953435,10.357884450958837,10.712220199207454,0.3543357482486176,2.1782500712511705,0.419835064795973,-1.7584150064551975,0.0,21.24022705365749,21.24022705365749
Gateshead Central and Whickham,Tyne and Wear,North East,0.0,0.6,3.8975695,91.1371767,86.770019,4.367157700000002,3.4639016000000002,0.7011492,0.6337899,0.3286318,0.8226001000000001,1.62372,0.5725541,1.4706782,2.3045049,48.5675794,39.4780621,2.8597381,0.3949745,2.8627999,0.24290420000000001,0.3051612,7.27617414069376,20.2783650458068,10.39656230816451,23.344383057090102,21.18179563492064,29.90699404761905,24.0,29.5052,15.692,32.7827,24.216299199999998,19.7070572,55.5033966,59.200349389273185,57.60014895232094,33.02158444587231,11.507571425019272,-21.514013020853035,3.786202137026725,7.999104856155357,4.212902719128632,47.088360581613955,45.366387348633666,-1.7219732329802895,12.227219723471599,12.40022875898252,0.17300903551092084,0.0,1.3402292562846556,1.3402292562846556,3.876633112015421,21.386478354924535,17.509845242909115
Gedling,Nottinghamshire,East Midlands,0.0,3.3,2.7965459000000004,88.6138105,84.4319789,4.181831599999997,4.1818777,1.5502726,1.3969272,0.10486849999999999,0.43431379999999997,2.518822,0.1780785,3.7604249999999997,0.925019,41.368803199999995,48.3612153,2.3624618,0.6489845,0.0772,0.8547600000000001,0.3195457,7.11785297549591,19.8939788926899,7.599898377672113,26.247595543134988,17.76685816140959,31.546049066011488,18.0,34.4948,19.2273,30.022900000000003,10.053408699999999,16.50285,72.85579639999999,71.40029035238221,63.30080941677818,47.20332717190388,23.391896884364353,-23.811430287539526,2.1885397412199628,6.4077829317351505,4.219243190515188,42.75415896487985,47.777184844628714,5.0230258797488645,4.489833641404806,5.075735807232872,0.5859021658280668,0.0,0.4946430770493822,0.4946430770493822,3.364140480591497,16.85275645498953,13.488615974398034
Gillingham and Rainham,Kent,South East,0.0,1.0,2.6037478999999997,84.14930939999991,78.971958,5.177351399999908,6.3346073,2.7973532,1.088837,0.4906608,0.47795449999999995,5.3161439,0.1866857,2.8511108,1.3488286,45.620259600000004,42.3713738,2.9478458,1.2637814,0.0665,1.192431,0.3323168,7.75098726973926,22.9138725016647,9.867380459909953,23.23153668329472,18.692886906937638,25.24551014937739,30.0,29.8556,19.550600000000003,30.7853,10.7519498,21.7761319,66.3339383,62.10037024025079,56.00021779374932,61.301623221201964,28.17209528439475,-33.129527936807214,2.2694634231254627,5.63441905687895,3.364955633753487,28.404195134688194,37.82693242586291,9.422737291174712,5.446277035554202,5.464268351968887,0.017991316414684988,2.5784411854301754,1.5313563441905689,-1.0470848412396065,0.0,21.370928536703936,21.370928536703936
Glastonbury and Somerton,Somerset,South West,0.5,86.2,2.4651089,97.2555522999999,93.5541396,3.7014126999999055,0.8883119,0.22508319999999998,0.016300000000000002,0.0989,0.2283453,0.3838822,0.0522,1.1797838999999999,0.2925062,51.3869708,39.7203223,0.3327425,0.1718082,0.0826,0.0261,0.4077727,11.4824528537529,18.416686166478698,7.594227083686415,33.67925635242421,15.806434845885962,32.20801496959301,12.0,33.8778,22.3459,29.298600000000004,12.723866600000001,16.697889399999998,69.286874,76.00011429877699,65.00034108738659,57.53656427416626,28.867385919986567,-28.669178354179692,2.0115050569613118,5.742831954997691,3.7313268980363796,9.578147911418581,6.5299525628646995,-3.0481953485538815,30.87378275745385,42.74379748961001,11.87001473215616,0.0,0.0,0.0,0.0,16.116032072541035,16.116032072541035
Gloucester,Gloucestershire,South West,0.0,0.0,3.2374753999999997,84.1927587,76.74612379999999,7.446634900000005,6.605677999999999,3.3466478,0.9251385000000001,0.6700168000000001,0.402869,3.9608298,0.2688657,3.9814456999999996,1.2592879,46.9243126,39.9740579,5.1008049,0.9105512,0.0541,0.16407100000000002,0.3178339,8.28858372617339,21.7725861787289,11.390263767934341,20.667042582962512,18.889386857886763,26.906332031500103,28.000000000000004,28.419100000000004,17.2828,35.4596,14.939843,22.427186499999998,61.290454800000006,66.60018770530267,57.5002516862982,54.580862349049774,28.541101286877353,-26.03976106217242,2.503278335584131,5.0490238991508365,2.5457455635667054,35.24357544086274,36.050074411275496,0.8064989704127541,7.672283874503356,10.41539000262628,2.743106128122924,0.0,3.9525518690361547,3.9525518690361547,0.0,15.991858531033879,15.991858531033879
Godalming and Ash,Surrey,South East,2.0,25.7,2.2429597,93.8091149,86.9485904,6.860524499999999,2.5932836,0.7120647,0.4311774,0.10675789999999999,0.48922059999999995,0.7234364,0.1088308,2.2025291,0.6716417,52.649253699999996,38.7230514,0.9069237000000001,0.4819652,0.2300995,0.11504980000000001,0.4705638,7.715363288957711,21.978172563989602,7.355321097464579,27.98986338146552,12.46074501493604,44.16983685245232,13.0,45.5561,20.0066,19.4288,12.4653463,14.0413097,72.0672345,78.00100874243444,71.85307795381098,53.39655853719869,42.586295158695336,-10.810263378503358,1.6219420196141827,2.2725610647945005,0.6506190451803178,8.916190681467112,5.024133391838525,-3.892057289628587,34.14161008729389,40.95729120959486,6.8156811223009655,1.9236986744261233,0.35651601579640196,-1.5671826586297213,0.0,8.803203159280386,8.803203159280386
Goole and Pocklington,East Riding of Yorkshire,Yorkshire and the Humber,0.0,55.9,1.8699206,97.0775717,92.3379688,4.739602899999995,1.23589199999999,0.49416859999999996,0.21565479999999998,0.0319,0.2466008,0.2533394,0.0928,1.0376574,0.3954904,55.0965146,37.340915200000005,0.6353719,0.2891571,0.089,0.0967,0.2301652,9.55247435463871,18.9895582773461,7.275147323155312,29.04939591818147,17.02140046107631,32.18335933679529,14.000000000000002,35.0329,18.8921,31.123,8.8648405,16.1357231,74.41325669999999,65.40019134742664,62.200047517225,65.11292358870564,38.1588999236058,-26.95402366509984,3.9077373198933887,4.9274255156608096,1.0196881957674209,20.420432456263402,30.977845683728038,10.557413227464636,7.779403218372377,6.795062522616702,-0.9843406957556757,2.7795034167651953,0.9388444372964497,-1.8406589794687456,0.0,18.201921917092196,18.201921917092196
Gorton and Denton,Greater Manchester,North West,0.0,0.0,3.6677019,56.557034699999996,51.1254585,5.4315761999999985,26.601986099999902,1.3484391,19.212398999999998,3.850924,0.7969248999999999,9.148803299999999,1.5973682,4.2089245,3.4832479,38.999032500000006,26.3039845,28.3850822,0.49696540000000006,0.0712,0.31753010000000004,0.32720560000000004,4.61029327855757,25.9500898449963,12.4233181008969,17.3525042805791,24.59334341556897,27.51180429687951,16.0,21.9507,15.560099999999998,32.5861,25.0930089,24.4927305,49.3666263,61.700437563110064,47.57257550324655,18.85092083442437,7.899343544857768,-10.951577289566604,2.520293270489657,13.156455142231948,10.636161871742292,67.23836955573013,50.75218818380745,-16.486181371922683,5.828314567513311,3.826586433260394,-2.0017281342529167,0.7069913589945012,10.300875273522976,9.593883914528476,4.85511041284804,14.064551422319473,9.209441009471433
Gosport,Hampshire,South East,0.0,0.0,2.9421005,95.5647152999999,92.762249,2.802466299999906,1.3493202,0.3988657,0.026,0.1028326,0.3552398,1.117655,0.0582,1.4510817999999899,0.5173111,45.9178162,47.0656058,0.5266329000000001,0.25344859999999997,0.0499,0.0415,0.3168107,21.707752768846,19.1129537081695,9.111669330897447,29.853340437948678,16.91864922268723,26.37584989128932,21.0,32.8193,18.817500000000003,32.9186,14.7909968,17.6039061,66.3617959,65.70076476650215,60.4002400894879,66.50981363383073,40.269214264742416,-26.240599369088315,3.7273233855488823,4.399575400320709,0.6722520147718263,18.46738076073721,26.596201187975698,8.128820427238487,11.295482219883187,9.122117577975022,-2.173364641908165,0.0,1.5832147616143821,1.5832147616143821,0.0,18.02967680737177,18.02967680737177
Grantham and Bourne,Lincolnshire,East Midlands,0.0,36.6,2.3124377000000003,95.5956704,89.5970948,5.998575600000001,1.9715415,0.6676310000000001,0.1901737,0.0344,0.3934977,0.6534401,0.0789,1.2897418,0.489594199999999,55.148345600000006,36.869417399999996,0.5745673,0.7192207,0.0799,0.07690000000000001,0.28728370000000003,12.984752489034301,19.9654515831419,7.034239183753539,29.433189443735802,17.955253469272158,28.27133586987305,15.0,32.3294,19.1335,33.123599999999996,12.7132215,18.4966,67.7342246,67.80009159923945,62.696244342046235,65.81511504134939,36.357723577235774,-29.457391464113613,4.315074101367395,5.571815718157182,1.2567416167897862,19.976664210267746,26.610298102981027,6.633633892713281,9.021125030704987,4.394579945799458,-4.626545084905529,0.8720216163104888,6.701355013550135,5.829333397239646,0.0,20.364227642276422,20.364227642276422
Gravesham,Kent,South East,0.0,14.6,2.3546804,76.60567619999999,68.3149052,8.290770999999996,11.2242989,7.6107089000000006,0.7885727,0.645451,0.3292735,6.50315249999999,0.11880040000000001,2.6454136,3.0214589,49.1725835,32.1359414,3.1113481,1.3947745,0.07110000000000001,8.0075585,0.3246055,5.418943533697631,24.0839967109721,9.375483533094489,22.28120499422724,20.325472479125768,26.69536627480663,18.0,29.110000000000003,19.0185,32.228699999999996,17.424024499999998,19.053781999999998,62.218387500000006,65.30007002320377,59.10047846889952,62.19512195121951,32.17755366395263,-30.017568287266883,2.9373423044575273,5.213730569948186,2.276388265490659,29.434398654331375,38.45068467801628,9.016286023684906,5.43313708999159,3.548297557364915,-1.8848395326266747,0.0,0.0,0.0,0.0,20.609733530717985,20.609733530717985
Great Grimsby and Cleethorpes,Lincolnshire,Yorkshire and the Humber,0.0,0.0,3.0049192,96.0962138,91.81078620000001,4.285427599999991,1.4837017,0.27365639999999997,0.1889532,0.2196698,0.2745872,0.580893499999999,0.2485247,1.0983487,0.740919999999999,42.1036954,49.4954854,1.3143442,0.21036950000000001,0.04,0.10146140000000001,0.28856,8.75857921910962,21.994478759844498,9.016771811047859,25.031069868737134,26.17644328940041,19.56098013736774,22.0,19.3999,13.825499999999998,45.946799999999996,15.3689842,27.1652809,56.9100296,54.100190827307785,48.10061736503349,55.61607678464308,22.58117370763811,-33.03490307700497,1.97000599880024,3.0448674185532103,1.0748614197529702,32.199160167966404,41.879898413391956,9.680738245425552,4.92381523695261,2.829132417597422,-2.094682819355188,0.3743251349730054,0.9011715229798739,0.5268463880068686,4.916616676664668,28.76375651983943,23.847139843174762
Great Yarmouth,Norfolk,Eastern,0.0,34.8,2.72247,94.59749359999991,88.885213,5.712280599999908,1.9408917,0.7879699,0.1213033,0.0642,0.24661650000000002,1.106767,0.07519999999999999,1.5789474000000001,0.7759519,46.6825737,45.198805,0.7248411,0.35189380000000003,0.06319999999999999,0.0371,0.2676799,8.59150502873563,19.400372031950898,8.110976723520833,30.78271172216323,26.506606704626513,18.24369250111824,26.0,22.2331,18.198900000000002,40.854,16.1926142,21.4973622,61.7712426,62.0,55.60058400534883,65.7885049008329,24.62452144890547,-41.163983451927436,2.448115595232617,4.260331795425543,1.812216200192926,25.148405503658367,31.80278786688917,6.654382363230802,3.821729326768211,2.704427211151468,-1.1173021156167433,2.793244673507892,1.3055855502110534,-1.4876591232968388,0.0,35.302346127417294,35.302346127417294
Greenwich and Woolwich,London (Greenwich),London,2.0,0.0,6.0112213,55.307947199999994,38.054574099999996,17.2533731,13.8512622,4.0364395,0.8530927,0.7730619999999999,3.2659316,19.994040299999998,0.6828147,6.7642927,4.0824145,40.231235500000004,36.2952936,9.0910639,3.8908186999999996,0.2690369,0.9595081999999999,1.7674703999999999,2.9587470735448402,19.8979674336626,11.12995205652281,10.23265203128941,12.899944419392389,55.381356376563865,28.000000000000004,44.6689,13.5712,19.8825,32.176879,30.578429,33.9529346,67.80000859315697,58.50074634019419,22.729193071398395,11.383693438516818,-11.345499632881577,4.596535699197296,13.186170088251128,8.589634389053831,55.0126742712294,56.178749502563264,1.1660752313338634,14.579636670891425,9.047496430159882,-5.532140240731543,0.781580059146599,2.4672862192467053,1.6857061601001062,2.300380228136882,7.7366043212622015,5.43622409312532
Guildford,Surrey,South East,3.5,11.7,3.8830829,84.5020445,73.6848313,10.817213200000001,8.118070300000001,2.4573405999999998,0.6379256,0.4334749,2.0867736000000003,1.6385547,0.6536526,3.4569867,2.2843438000000003,46.9076826,39.6673744,2.5300778,1.6444523,0.26342689999999996,0.23492180000000001,0.755878,5.98010052313057,18.7918771260694,18.25567172101825,19.84698469846973,10.63247540635542,46.116917124725745,20.0,41.4058,16.2755,17.1519,13.2131593,21.8569707,63.4170107,73.70073442843528,68.30061662046727,45.08595770576601,30.04099888184868,-15.044958823917334,0.3746386733607181,4.696235557212076,4.321596883851358,8.388483188802677,8.139727502381248,-0.2487556864214291,39.15829910238856,47.494512775914195,8.336213673525634,6.992621329682032,0.5280159025965958,-6.464605427085436,0.0,9.100509380047212,9.100509380047212
Hackney North and Stoke Newington,London (Hackney),London,1.0,0.0,6.9954371,55.1643172,37.2541262,17.910191,10.2839105,4.7278294,1.0131677000000001,2.298119,0.6097928,19.345655400000002,0.6321547000000001,6.1882358,9.0178809,26.8465958,32.9136134,13.4671621,0.7474111999999999,12.6483641,0.8205181,0.6674235,1.5027879776961701,24.625473746965802,12.3795211353544,12.149015265364211,18.7676935886761,48.764918123785726,18.0,39.506,15.099599999999999,19.4349,37.0591169,32.176534600000004,28.937346899999998,68.1005675489312,53.200415638394595,13.034504244878883,8.44014746453771,-4.594356780341174,8.016590077108809,22.644595815327524,14.628005738218715,69.81852169172053,59.46190092531556,-10.356620766404973,7.736194407664149,3.813569667228204,-3.922624740435945,0.44201261780512496,2.5073854342147026,2.0653728164095777,0.952176960822494,3.1324006933763036,2.1802237325538094
Hackney South and Shoreditch,London (Hackney),London,2.0,0.0,8.5498201,50.4500313,30.753307200000002,19.696724099999997,10.6541574,2.2868413,0.8333554999999999,2.9869311,1.893263,23.6555699999999,1.0901143,7.251436999999999,7.9888412,34.427919,39.4113048,13.3331556,0.8013931,1.1674396,0.6139275,1.1434511,1.4098629015756001,16.3004486206399,12.30242360379342,9.526221934019606,15.29373188635739,54.528146220727294,10.0,42.5365,13.602,19.8509,44.5999591,31.2216084,20.859423,63.600814013806314,53.700341252977914,10.38961038961039,4.9782978825447834,-5.411312507065606,6.443315138967313,23.949065969641016,17.5057508306737,73.42367777150386,59.28874607323566,-14.134931698268204,8.156095112616851,4.7864559602887224,-3.369639152328129,0.2321350147437104,3.1581976451404046,2.9260626303966943,1.355166572557877,3.8392364691494207,2.484069896591544
Halesowen,West Midlands,West Midlands,0.0,0.0,2.4581371,82.3864415999999,80.163597,2.222844599999907,9.2321495,2.360019,5.0525094,0.4517389,0.43274050000000003,2.4444561,1.762626,3.3004381,2.6365507,46.7314777,36.6794389,7.7783758999999995,0.470777,0.0317,1.904219,0.22377740000000002,5.76444879813126,22.1912165988776,9.135302525011893,25.57831771743151,23.03375196232339,24.93197278911565,12.0,28.3935,18.0806,33.9992,17.9799553,14.2422948,67.0267012,62.50035735727151,56.30016636992499,60.24380203092123,27.62973715589196,-32.61406487502927,2.438020309212332,5.57571672974234,3.137696420530008,32.61138047754094,38.941883975322725,6.330503497781784,3.48778702771933,5.860853336098295,2.3730663083789647,1.219010154606166,0.0,-1.219010154606166,0.0,21.991808802944686,21.991808802944686
Halifax,West Yorkshire,Yorkshire and the Humber,0.0,3.5,2.6105149,77.8630417,74.0047404,3.8583013,18.0945299,1.365432,15.1917089,0.4879862,0.23609239999999998,0.8941766999999999,0.22400889999999998,2.0067853,1.1414229999999999,38.4930705,37.7587537,16.653188699999998,0.9304444000000001,0.0818,0.18962099999999998,0.2435329,6.93653020075392,23.393115340056898,9.902580274557147,22.66679171404788,22.34772796727709,26.302922024495167,22.0,27.271099999999997,17.0202,33.366600000000005,16.8514947,22.4774261,60.2700097,64.10026017219644,51.70888517423171,41.669979287402974,19.560352116178446,-22.109627171224528,1.9792037157143754,10.277515293181478,8.298311577467103,45.64930853400841,35.14945044014522,-10.499858093863189,4.816201853672824,5.866116277913164,1.04991442424034,0.0,9.722982046053612,9.722982046053612,5.885306609201415,19.423583826528073,13.538277217326659
Hamble Valley,Hampshire,South East,0.5,2.2,2.3505328999999997,94.9262148,91.1761258,3.750089000000001,2.2067012,0.9827098,0.1181987,0.1250366,0.5460584,0.7023842,0.0869,1.7143694,0.45028769999999996,48.0008206,44.382467,0.5695195,0.5441207,0.0615,0.20123670000000002,0.3047857,11.4816826889009,21.076079823272202,7.730684998887409,25.702975862836258,12.045131613804399,35.49960262986778,8.0,42.8226,19.4891,23.6884,9.729078600000001,14.0397288,74.5659825,74.20064000832531,67.10071817300764,62.23067618029137,36.42507962373158,-25.80559655655979,3.1486124016058623,4.277460928820087,1.1288485272142248,13.567433951017687,16.20805866232131,2.640624711303623,21.05327746708508,27.53314569291164,6.479868225826557,0.0,0.3425672172431672,0.3425672172431672,0.0,15.213687874972223,15.213687874972223
Hammersmith and Chiswick,London (Hammersmith and Fulham; Hounslow),London,6.8,0.0,5.6636895,63.348494200000005,38.7911899,24.5573043,10.9988815,2.7574636,1.18472,0.6142992,2.2704982,11.2148327,3.0878431,6.9741031,7.4636496999999995,43.3438584,32.314959,11.6027566,1.4608839,0.7820633,0.4086689,1.0530753,2.53361207541379,17.2833775046844,11.96110243773022,15.08556035142497,11.42490504055025,58.40365465557951,9.0,47.1954,15.1629,16.5979,26.441256600000003,35.9940164,36.068812099999995,71.30028639490378,60.70010683619769,30.459673029637557,19.08476565046392,-11.374907379173639,3.06323554254181,9.708611286151974,6.645375743610165,50.77425530716819,52.30872862388909,1.5344733167208986,13.870901139328415,9.326177179983052,-4.544723959345363,0.0,3.207231481280285,3.207231481280285,1.8319349813240233,6.364485778231677,4.532550796907653
Hampstead and Highgate,London (Camden; Haringey),London,16.4,0.0,5.6934755,65.4990521,38.6606891,26.838362999999998,13.739615599999999,3.9150931,0.7195353,3.0201658,2.034548,6.9857377,2.1654503,6.558807699999999,7.216741799999999,32.365699,35.069257300000004,11.5029559,2.3519246000000003,7.5904965,0.250678,1.1370345,2.03427537188212,18.096014815947502,11.00197074992221,16.93185354216367,10.015387771850639,64.69224456298728,26.0,53.5895,13.8544,12.504100000000001,22.962935,38.654274,37.4608801,77.30034079122832,60.70039883475239,23.169010403052955,17.429454170957776,-5.739556232095179,3.652395141756844,13.656024716786819,10.003629575029976,47.63796678690296,48.263645726055614,0.6256789391526567,24.287730670709394,12.731204943357364,-11.55652572735203,0.0,1.8640576725025746,1.8640576725025746,1.2528969975778486,6.055612770339856,4.802715772762007
"Harborough, Oadby and Wigston",Leicestershire,East Midlands,1.0,17.1,2.1225451,75.2968483,71.6117072,3.6851411,18.1514278,13.7691306,2.3449826,0.35401550000000004,0.45854370000000005,1.5629931,0.4171269,2.8035263,2.185232,40.8482649,34.1258493,6.830889399999999,6.75693,0.16566899999999998,4.8546944000000005,0.3224629,6.917993611158519,20.7090239410681,9.91522471257694,27.02938102427125,16.29768515179923,35.3392947284921,15.0,36.7781,18.6873,26.609699999999997,8.659074799999999,15.562437500000001,74.3714795,70.30080213903743,65.40069053243685,54.45659408576591,36.9428015718652,-17.513792513900704,3.082628125891414,8.472591592902791,5.389963467011377,24.77512598649805,32.22323661334497,7.448110626846923,16.94589711895027,9.391497638232844,-7.554399480717427,0.7397546828943615,0.40288969158099475,-0.3368649913133668,0.0,12.566982892073195,12.566982892073195
Harlow,Essex,Eastern,0.0,9.4,2.3431371999999997,84.4412848,75.2432034,9.198081400000003,5.2852296,1.6054571,1.0934027000000002,0.6830392000000001,0.7604323,5.4337164,0.3005732,3.1047236999999996,1.7350455,46.2104032,42.3722102,3.5313175,0.9098272,0.38876890000000003,0.11069109999999999,0.3779698,5.1109139307897,23.9363440860215,9.054102958472816,20.762462679815417,20.378812855989718,25.490285246535322,16.0,29.695700000000002,19.5509,32.6152,26.023203700000003,15.2620954,57.330464299999996,64.5003132405415,58.10061106346483,64.55447635135135,31.84952833452499,-32.704948016826364,0.2639358108108108,5.2286827963189335,4.964746985508123,29.305320945945944,37.62483566667436,8.319514720728414,5.876266891891892,3.1136840648568858,-2.7625828270350063,0.0,0.36210992457965263,0.36210992457965263,0.0,21.82115921304518,21.82115921304518
Harpenden and Berkhamsted,Hertfordshire,Eastern,3.5,27.0,2.0473532999999997,91.740666,85.03063870000001,6.710027299999998,3.2089214999999998,1.439968,0.3153215,0.2764318,0.5707319,1.1078295,0.20601,3.1164272,0.8261421999999999,50.86555740000001,39.2922084,1.0857569,0.9428112000000001,0.6695325999999999,0.2806361,0.4572161,6.0942044038221805,23.8760474896413,6.842491041372564,27.12699533065469,9.861861861861861,51.79045712379045,9.0,52.107499999999995,17.8696,15.5878,11.2351673,12.930698800000002,75.3433906,77.80073141453337,75.20033215694416,52.27313502457929,30.502797408716138,-21.770337615863152,1.6272560909971652,3.5906213191990575,1.9633652282018923,10.599590943342065,7.4738663133097765,-3.1257246300322885,25.282572033442175,50.20980565371025,24.927233620268073,10.217445907639313,0.41040930506478207,-9.80703660257453,0.0,7.8125,7.8125
Harrogate and Knaresborough,North Yorkshire,Yorkshire and the Humber,0.5,9.8,2.4454263,94.8489477999999,89.1612227,5.6877250999999065,2.0655776,0.6977457,0.1601059,0.0603,0.4951425,0.6631487,0.12255020000000001,1.8214522,0.6008914,53.4106857,37.8990334,0.6769978999999999,0.2974837,0.2381847,0.08800000000000001,0.3182384,8.52590880810594,19.659865875921,7.399514940309393,28.43368103793351,13.47894249269579,40.88695693484406,18.0,41.8027,18.8265,24.459,9.9408968,19.5085099,69.5107319,73.30086837173701,66.80010264305876,51.98314819149128,30.228180700676088,-21.754967490815194,0.048610986082854725,3.384296250768285,3.3356852646854307,9.630376465081108,7.9767209588199135,-1.6536555062611944,36.16297283186,46.05101413644745,9.888041304587446,2.1748915254847594,1.4520590043023969,-0.7228325211823625,0.0,10.907728948985863,10.907728948985863
Harrow East,London (Brent; Harrow),London,3.5,0.0,1.8756948999999998,36.4864583,17.9346953,18.551762999999998,46.506124,32.8856281,3.5889677,0.6136577,0.9483801000000001,6.794187999999999,2.7403281,2.9068441,7.3064146,33.7757077,7.558685,15.0911658,28.0082163,4.3245619,0.5824127,0.8030363,2.5892972275951,21.3904270526955,10.4962270855542,22.147321335256258,20.86333925658052,40.68647317392524,19.0,31.084899999999998,23.2786,20.1933,10.2359768,27.8065764,60.64732430000001,68.5003471721843,62.40057467511265,54.61204505900128,53.30179793624548,-1.3102471227558041,0.2601028936446918,4.198673001653516,3.938570108008824,37.42421634440683,28.854888335391504,-8.569328009015326,7.5162086178208725,3.162609623877598,-4.353598993943274,0.0,5.9024216673294685,5.9024216673294685,0.18742708512632203,4.579609435502439,4.392182350376117
Harrow West,London (Harrow),London,3.5,0.0,2.3987074,34.237603500000006,18.171632900000002,16.0659706,44.634928,24.3782283,4.521901,0.7521399,1.1780504,8.737344199999999,2.6386681,4.4634104,7.9267138,35.3168457,11.799743,17.774995099999998,24.2882093,0.4835893,1.2184472,1.2761155,2.61278150881606,22.9916897506925,10.86249644352312,16.145388773726673,16.65510134330368,45.23215228941618,7.000000000000001,34.295500000000004,18.8299,20.9462,11.627907,34.7887993,51.967251999999995,67.20065860505291,56.600067558269004,34.822163757957945,29.157180433677414,-5.664983324280531,2.0645472255136266,5.388917132689375,3.3243699071757487,53.09380836663789,43.8385535244579,-9.255254842179987,8.248147329945976,5.313764063570655,-2.9343832663753204,0.0,10.468380451360492,10.468380451360492,1.7713333199445704,5.833204394244159,4.061871074299589
Hartlepool,County Durham,North East,0.0,3.1,2.7608922000000002,96.458716,95.0432108,1.4155052,1.7327644,0.3627975,0.3216444,0.3010678,0.2350062,0.4819337,0.292404,0.7266781,0.5999697,52.5190063,40.0647621,1.313652,0.2404211,0.0292,0.1797743,0.194936,8.86391399951136,21.4809533509879,9.82228564016083,25.487093008172163,23.14489998125485,24.8051843719037,26.0,23.9965,14.987300000000001,37.2975,23.440592199999998,17.576779300000002,58.2325491,57.600640053899276,49.70048985304409,28.922679533104272,21.872095970262738,-7.050583562841535,0.0,2.348568049336825,2.348568049336825,37.683066500962546,46.222297316324514,8.539230815361968,4.132855715573751,1.6107684942693812,-2.5220872213043695,3.4237395521115093,3.401762834051421,-0.021976718060088274,25.83765869824792,24.544507335755117,-1.2931513624928037
Harwich and North Essex,Essex,Eastern,0.0,62.1,2.7197573999999998,93.9381016,90.2869375,3.651164100000004,1.9377195999999999,0.5178125,0.1681871,0.13556900000000002,0.4984455,1.532032,0.18041890000000002,1.928546,0.6635747,47.3548479,43.9523363,0.8521569,0.38530539999999996,0.15799559999999999,0.11722250000000001,0.3761315,8.9839750458366,18.786350351407,9.237639015935684,30.65211111646031,17.95969280438292,27.816367460744512,8.0,32.677800000000005,20.3694,28.6238,9.9890466,17.173064099999998,72.2973616,72.30094647345062,62.80048626815336,58.55336143776347,34.39002560206482,-24.163335835698653,3.5574291842319354,5.815623503944383,2.258194319712447,25.917091931070185,31.97135899090398,6.054267059833794,10.725907847052733,7.412109984805279,-3.313797862247454,1.2462095998816656,0.0,-1.2462095998816656,0.0,20.41088191828154,20.41088191828154
Hastings and Rye,East Sussex,South East,0.5,13.2,4.371931200000001,92.1091044999999,86.0576052,6.051499299999907,2.5453886,0.5991395,0.1202095,0.327237,0.39783620000000003,1.2746024,0.326283,2.707576,1.3633285,39.5632388,49.9766259,1.7363596,0.4608031,0.1993951,0.0372,0.6096339000000001,7.127323895616571,19.1560355153335,7.72432769304938,28.309208282868646,20.283774593990252,28.64371419679803,24.0,29.4193,21.6272,30.4025,14.1730269,26.668229999999998,58.5532768,69.50048919797975,60.600071154682375,49.088764600692464,22.78973689932594,-26.299027701366523,0.06277822166419358,12.526636225266364,12.46385800360217,42.36959251227029,41.60469667318982,-0.7648958390804665,7.404025415667922,5.622961513372473,-1.7810639022954495,1.0748392497051327,1.3633398564905415,0.2885006067854088,0.0,16.092628832354862,16.092628832354862
Havant,Hampshire,South East,0.0,1.9,2.4553285000000002,95.7698434,92.9269114,2.842931999999998,1.715645,0.7851969999999999,0.0621,0.1410408,0.3189205,0.6409987,0.0853,1.4651398,0.4084307,44.8586916,47.7953792,0.5304983999999999,0.3020894,0.06949999999999999,0.07680000000000001,0.2894584,12.3938962759432,19.881851338161997,8.081248477232208,30.4874139235474,20.34842849291256,26.70092155885323,17.0,31.2793,19.6158,32.2367,20.3817281,12.5778912,66.0247289,63.20081409260303,58.30016583747927,65.38654017711438,30.78272412648746,-34.603816050626925,3.4748362671076394,6.781870762812307,3.307034495704668,17.970364890445833,30.56464229839283,12.594277407946997,12.41976544311234,7.763238989238136,-4.6565264538742035,0.7484932222198046,0.5001659318257242,-0.2483272903940804,0.0,23.60735789124354,23.60735789124354
Hayes and Harlington,London (Hillingdon),London,1.0,0.0,2.2146735,32.0422145,22.4814481,9.560766399999999,44.4668597,24.4940745,6.8464107,1.5102609,0.5696112,11.0156484,1.5292480000000002,3.8630718,8.6122055,32.5142599,13.2425654,19.9750006,11.8185486,0.0854,15.8453518,0.8947572000000001,3.3661165212768496,24.0086435934677,13.95606854500356,12.74590240355031,22.72909204733218,32.10521454448424,7.000000000000001,23.193,16.514499999999998,31.6944,19.996133699999998,31.3510379,46.818742,60.40062056372448,51.50004032366462,34.741101059235355,21.855670103092784,-12.88543095614257,1.6797745147065508,5.561790421505938,3.882015906799387,55.79169886802746,53.255904998042546,-2.5357938699849143,4.425603491385189,3.434686154247683,-0.990917337137506,0.4250579624494249,5.154639175257731,4.729581212808307,2.936764104196027,10.737309147853322,7.800545043657295
Hazel Grove,Greater Manchester,North West,0.0,1.2,2.4432989,94.4193148,91.77562970000001,2.6436850999999932,2.541,0.74536,0.715715,0.1291675,0.4256175,0.5929226,0.1694,1.8326964000000001,0.614075,51.00158809999999,40.999470599999995,1.4134463,0.3080995,0.1312864,0.10799360000000001,0.2985707,7.02147343818474,20.2901247970884,7.2989765607772314,29.594126574397073,15.77448453608248,33.421391752577314,10.0,37.143,20.4224,26.369799999999998,12.1901933,11.5571895,74.9379169,69.20058717811527,63.100856014047416,45.585932079062665,19.58998217313796,-25.995949905924704,0.3053071905790924,3.832775338058177,3.5274681474790843,16.27247675502072,23.54015391973564,7.267677164714922,37.221704565730256,37.67120309578678,0.4494985300565233,0.0,0.2456628549067351,0.2456628549067351,0.6145794096072639,15.120222618374711,14.505643208767447
Hemel Hempstead,Hertfordshire,Eastern,0.5,0.5,2.4664442,83.3839958,74.2347383,9.149257499999997,7.5519371,2.786114,2.3572576,0.4298244,0.5576099999999999,3.8810044,0.33204900000000004,3.7435381,1.4395244999999999,45.1368384,40.7243192,4.3679875,2.1355896,0.529541,0.2139462,0.42208389999999996,5.5231585488265305,23.1165587419056,8.545198589837675,20.66272815872739,16.31263550218021,32.96631019950793,56.99999999999999,35.5107,19.994,27.5243,25.256315299999997,15.0921301,58.831823699999994,69.60068089935456,62.10032804426485,54.953632935901354,27.176475922735104,-27.77715701316625,2.9185773973300724,5.64976874943321,2.7311913521031372,28.130031590746967,38.18808379432303,10.058052203576061,11.350249668806685,11.55345968985218,0.20321002104549635,2.647508407214919,0.0,-2.647508407214919,0.0,17.43221184365648,17.43221184365648
Hendon,London (Barnet),London,3.5,0.0,2.6847645,49.6710717,27.5886574,22.0824143,23.8245879,8.7782439,2.4222696,0.7641229,3.3606125000000002,11.0576224,2.5567552,4.962978199999999,10.4837662,36.6666412,15.4060105,16.5422439,6.760091999999999,14.179612,0.3201626,1.2561989,2.25726141078838,23.405767449874,11.54318384179201,15.423403158535939,17.469949256207908,45.72054255339675,20.0,33.7533,19.4697,20.159,18.0892116,35.4564315,44.659751,63.80034144020599,55.100568955845816,48.90882372293993,38.39441535776614,-10.514408365173786,1.6384094049525146,6.464514252472367,4.8261048475198525,40.879082315267695,38.43077370564282,-2.448308609624874,8.573684556839865,4.7653674617025406,-3.8083170951373244,0.0,4.5811518324607325,4.5811518324607325,0.0,7.3637773899554,7.3637773899554
Henley and Thame,Oxfordshire,South East,2.0,73.3,2.0378941,94.11999399999999,87.6057876,6.5142064,2.1798022,0.7507508,0.2289002,0.1312501,0.3139503,0.695100699999999,0.1144501,2.2753523,0.7297507,52.2989532,39.197177599999996,0.8095422999999999,0.3800964,0.2509476,0.1805983,0.40004619999999996,8.26471485208905,19.9081891626811,7.137987627824768,30.029036737785553,12.15449129356414,44.70965762356491,10.0,45.8258,20.4927,19.7563,11.0529392,15.274353800000002,72.5290365,76.20085482181777,72.10075143097416,54.479774154006165,33.179073311134935,-21.30070084287123,4.212324950781918,3.777489324077732,-0.43483562670418596,8.931689016009807,6.723479504110465,-2.2082095118993426,32.37621187920211,44.9686776906146,12.592465811412488,0.0,1.5444814417668418,1.5444814417668418,0.0,9.806798728295426,9.806798728295426
Hereford and South Herefordshire,Herefordshire,West Midlands,0.0,29.8,2.3752199000000003,96.26969319999999,89.0920398,7.177653399999995,1.4987874,0.5731758,0.1077944,0.0446,0.2021144,0.38873599999999997,0.1596186,1.1691542,0.6737148000000001,53.7142028,37.376271,0.5420756,0.25911839999999997,0.0601,0.07050000000000001,0.3316715,10.619572322345599,19.016707026719,7.6665996582571045,29.747964619559692,18.90172400888201,30.84628627030264,23.0,30.9678,20.0,33.7658,15.883836,19.439256699999998,63.6894202,65.00042147854674,63.100760166710515,61.68460640643237,32.63187922408496,-29.05272718234741,5.090130981714434,6.966997279030984,1.8768662973165506,19.923918212077986,29.825331343807598,9.901413131729612,13.301344399775214,11.684806460107083,-1.616537939668131,0.0,0.4695865882559466,0.4695865882559466,0.0,18.42139910471342,18.42139910471342
Herne Bay and Sandwich,Kent,South East,0.5,14.0,2.5781823999999998,95.3316612,91.9904653,3.3411958999999944,1.7423384,0.580767,0.0869,0.1100932,0.3353298,0.5838248,0.11211330000000001,1.7120001999999999,0.630258499999999,50.972629000000005,40.982729,0.7463893,0.4050096,0.20300980000000002,0.10099989999999999,0.4140996,9.42151048757412,17.9555208739757,7.625546889861116,34.00347156172709,20.527919270739257,27.022145153715538,12.0,31.437900000000003,21.9556,29.74,8.7942771,18.2208376,72.0526134,67.00060476979306,62.70000256825128,64.37541697735568,35.31447764556495,-29.060939331790735,3.76947529531808,7.227558522948368,3.458083227630288,24.400533731015265,30.196407725233986,5.79587399421872,7.454573996310978,5.548159829602474,-1.9064141667085037,0.0,0.0,0.0,0.0,21.713396276650215,21.713396276650215
Hertford and Stortford,Hertfordshire,Eastern,1.0,6.3,2.5523214,90.89506870000001,82.0361208,8.858947900000002,3.2771686,1.1428463,0.32450019999999996,0.3311227,0.6357556,1.5685756,0.2147567,3.164587,1.0945969999999998,47.7998846,42.5302037,1.4787273,0.7360524,0.35572709999999996,0.1655645,0.4333059,4.97568698405518,22.143528674396702,7.529268348782099,22.42335027715799,13.37688890977885,40.06721346149327,14.000000000000002,44.134499999999996,19.406000000000002,21.807499999999997,12.930586,17.6102051,67.8397756,73.80017509882471,68.40045592705167,55.68257391929541,29.735784776611307,-25.9467891426841,4.649950570683922,8.096798681701198,3.4468481110172764,23.67754111620383,38.52691218130311,14.84937106509928,14.212276444684102,7.715380769871688,-6.496895674812414,1.7776579491327402,0.5110259401210909,-1.2666320090116492,0.0,15.4140976503916,15.4140976503916
Hertsmere,Hertfordshire,Eastern,2.0,19.7,2.0325251,77.9588522999999,63.989576199999995,13.969276099999911,9.6514998,5.6490827,0.6420485,0.3427406,0.944189,4.7709869000000005,0.3068614,3.6842254999999997,3.9344354999999998,42.685160700000004,24.1086603,3.5700797,4.4472561,16.896740599999998,0.1945084,0.5523662,4.42309067931996,22.1137533027395,8.62019711469789,24.717897443222338,16.173059032725302,39.24798926035398,6.0,39.4164,21.4649,20.1274,16.8562367,16.8466986,65.1501061,71.70086975518508,65.30054273161309,64.90392855102546,44.683067052721476,-20.220861498303982,3.0735246510387904,4.722228008415439,1.648703357376649,21.1433359358635,28.03549482367155,6.892158887808048,10.879210862072249,7.7280396608827875,-3.1511712011894613,0.0,1.1165038431895349,1.1165038431895349,0.0,13.714666611119211,13.714666611119211
Hexham,Northumberland; Tyne and Wear,North East,0.0,61.5,1.9395829,96.6885449,94.7737122,1.914832699999991,1.76595209999999,0.8580148,0.3225701,0.0673,0.21613290000000002,0.2464725,0.10535119999999999,0.9481607,0.3508086,55.5821051,36.800947099999995,0.6353791999999999,0.4257584,0.06520000000000001,0.3660219,0.284563,9.17808882646389,17.4905258786274,6.888220563993497,34.238508097497075,14.806175576060621,39.19145316768906,16.0,38.859,20.427500000000002,25.100499999999997,14.1206955,15.4598731,69.7922217,74.20015955544552,67.80042385076267,54.338678283436835,39.119780813459904,-15.21889746997693,3.6222078042450647,4.75997530292506,1.1377674986799953,31.74900361479284,46.28386200509377,14.534858390300933,9.413291315228474,4.584394535772169,-4.828896779456304,0.0,5.251987342749094,5.251987342749094,0.8768189822967837,0.0,-0.8768189822967837
Heywood and Middleton North,Greater Manchester,North West,0.0,1.1,2.3549393,82.0041695,77.57579390000001,4.428375600000001,10.5547403,0.5171053999999999,8.1528955,0.43624529999999995,0.4582073,3.9002525999999897,0.2635441,2.3778863,1.1629881,52.274134000000004,31.5843067,10.4122991,0.293501,0.1168014,0.0869,0.1856843,6.298853881935449,24.3335250794489,9.576390533281824,23.11220229564175,22.67864838145454,26.356815128393617,12.0,26.4696,17.4903,33.800599999999996,21.185526199999998,17.511929600000002,60.652710899999995,57.90012140392039,50.6003079900244,41.466804881496486,17.298680312415836,-24.16812456908065,2.8176977807096075,0.0,-2.8176977807096075,43.06884040899025,40.584433072986805,-2.484407336003443,4.210055128869623,6.199838405601939,1.9897832767323163,0.0,11.712900619445191,11.712900619445191,8.436601799934033,24.204147589550228,15.767545789616195
High Peak,Derbyshire,East Midlands,0.0,29.9,2.8271213,97.44763739999999,94.7742893,2.6733480999999952,0.7632088,0.1539561,0.0847,0.0077,0.24303070000000002,0.24526269999999897,0.033,1.3031286,0.2408408,48.523670800000005,44.4064442,0.2628251,0.0946,0.0605,0.019799999999999998,0.36509590000000003,7.0584195811056,18.6354788547069,7.054075004677758,28.462216995001384,14.944488501189529,35.58287073750991,14.000000000000002,35.6762,18.8279,31.0041,12.1578534,16.0526832,70.9531051,73.20082155500906,66.17356338842642,45.86048400494712,29.721985123765393,-16.138498881181725,2.1191368393849332,6.873145551355525,4.754008711970592,44.77138057704022,45.79319595171321,1.0218153746729897,5.076329536854153,3.469089135471284,-1.6072404013828687,0.0,0.0,0.0,2.1726690417735774,14.142584237694589,11.969915195921011
Hinckley and Bosworth,Leicestershire,East Midlands,0.0,27.4,2.3741493,94.9717153,91.3894583,3.582257,2.2406592,1.3172048,0.1816484,0.0761,0.2912464,0.5997382,0.068,1.6723833000000001,0.5155249,50.4018509,41.5814256,0.6484413,0.8128349,0.0325,0.5317421999999999,0.22832439999999998,7.48138986768721,19.3239625828501,7.428312559688513,27.728530499302,18.40701453185358,29.376417928750996,10.0,34.1693,19.209300000000002,32.011,10.5666013,14.918790200000002,73.5788295,65.0,62.5003268913936,64.64465766791349,35.63254461390405,-29.01211305400944,2.9395023581070094,3.167430280968221,0.22792792286121166,14.223857537811027,17.99410029498525,3.770242757174225,18.191982436168484,24.318500387037385,6.126517950868902,0.0,0.44143182911776396,0.44143182911776396,0.0,18.445992593987324,18.445992593987324
Hitchin,Bedfordshire; Hertfordshire,Eastern,1.0,31.7,2.703457,88.04976070000001,82.62305380000001,5.4267069,4.8016046,2.5973237,0.4355886,0.4892774,0.4274846,2.3187495,0.18841739999999998,3.740997,1.0889715,43.6276149,45.4317986,1.5124347999999999,1.1133060000000001,0.23096789999999998,1.5215519,0.4031809,6.55576819274743,22.6987557239554,7.391807679992102,22.878642331091783,12.84744687599112,40.49096098953378,20.0,44.6688,18.939600000000002,21.9665,14.6523382,15.0645273,68.5951224,75.00034683203619,69.20045861282797,47.01910804461627,28.48600266615883,-18.53310537845744,1.5131055659347774,5.010474195391354,3.4973686294565764,26.183385434971605,43.928775471338795,17.74539003636719,23.67325798634875,9.356313083222243,-14.316944903126508,1.6111429681285956,0.3446962483336507,-1.266446719794945,0.0,12.873738335555132,12.873738335555132
Holborn and St Pancras,London (Camden),London,2.0,0.0,8.2452176,54.80851249999999,33.6030938,21.20541869999999,21.722316499999998,2.6702509,0.7696660999999999,10.2801358,4.256743999999999,10.654593499999999,1.8628561,6.7911715,6.0233918,30.6288377,35.0798427,19.7159053,1.4034955,2.0297866,0.22919989999999998,1.1139303,1.8530323346448898,14.442169633358,25.385845202144132,12.434821680477311,13.07996051332675,51.00142590764506,12.0,37.263200000000005,12.8715,15.9425,43.3216091,32.2620356,23.227082900000003,59.10067078505714,54.200306089496074,15.187743932528825,7.19133723641262,-7.996406696116205,4.015073347987977,10.439873581679706,6.4248002336917285,66.25319635727423,48.91974509092793,-17.3334512663463,12.276254990803464,5.792445987254546,-6.4838090035489175,0.39253510385357315,21.51442930418113,21.12189420032756,1.875196267551927,6.142168799544065,4.266972531992137
Honiton and Sidmouth,Devon,South West,0.5,72.3,2.1578211,97.4134982,94.1638486,3.249649600000004,1.0014459,0.2127195,0.015300000000000001,0.1385404,0.2116287,0.18546870000000001,0.0589,1.1181411,0.2814374,51.0128833,40.7891435,0.3589,0.0862,0.10799729999999999,0.0338,0.3763541,11.1935593384742,16.6944177607001,6.092326615331381,39.12798370254574,16.06670942912123,32.37203335471456,13.0,34.5281,23.880000000000003,28.335700000000003,10.1023328,15.902808099999998,72.7241865,76.40033890555024,67.10071399239645,60.390079036772335,32.19228111736255,-28.197797919409787,2.0665739583516696,2.7519494620471816,0.685375503695512,14.21957788378602,5.817786990425427,-8.401790893360593,9.561865197415903,45.41901095647024,35.85714575905433,13.761903923674065,1.4036126739709802,-12.358291249703086,0.0,12.41535879972362,12.41535879972362
Hornchurch and Upminster,London (Havering),London,1.0,0.0,1.8443263,79.90406159999999,72.1310713,7.772990299999993,8.2872929,3.9287906999999995,1.4630653,0.8910467,0.7385085,6.947002199999989,0.2027643,3.2823632,1.5793292,53.6474659,31.955205399999997,4.0041669,2.2732135,0.38320950000000004,1.5495801,0.4176239,5.08531121914021,22.640984944269597,9.149182798191722,24.54735133881987,19.748069419841848,29.311243096801082,16.0,34.0087,22.1691,24.611,15.532731199999999,13.044825199999998,70.6026738,66.40004161951956,62.20050650366618,65.4300432883474,32.52968386945492,-32.900359418892485,3.596262707382524,5.585044019526337,1.988781312143813,22.856639178892525,27.5820170109356,4.725377832043076,7.118092962215737,5.075568629958858,-2.042524332256879,0.9989618631618122,0.8398882991196096,-0.15907356404220263,0.0,28.38779817100467,28.38779817100467
Hornsey and Friern Barnet,London (Barnet; Haringey),London,3.5,0.0,5.8912548000000005,69.7438903,45.641125100000004,24.1027652,8.2628516,3.028128,0.7837050999999999,0.7478177,1.2269641,8.144519899999999,0.7109601999999999,7.420950499999999,6.42774,34.1344895,41.9045402,7.603224,1.9291762000000001,4.0727054,0.4131871,0.87778,1.8849297456148402,19.980708281659,8.562326256488463,16.82083200078712,11.40891195630328,60.19058203185037,13.0,49.6849,16.2326,15.484200000000001,15.5684636,33.917256,49.1574065,74.4005891433346,68.29727187206021,11.801656038831256,8.245960281238435,-3.5556957575928205,3.774626439516513,14.51420583035237,10.739579390835857,57.251356238698015,58.66329509477406,1.4119388560760413,25.64004949081565,12.53854693474775,-13.1015025560679,0.5919862948510517,1.9489330208461824,1.3569467259951307,0.9403254972875227,4.0890588380412,3.148733340753677
Horsham,West Sussex,South East,1.0,31.6,2.6926856999999997,92.38658079999999,86.250746,6.135834799999995,3.3865345999999996,1.2340925,0.3744633,0.2185172,0.5255963,1.1118385,0.1703856,2.4229414,0.6921314,47.9529462,42.9462558,1.0925963,0.7017645,0.1646114,0.0915,0.42356160000000004,7.26301981451223,21.4977000919963,7.235269301082821,25.894154596165542,11.86368426661614,37.22750470687144,12.0,43.1149,20.3818,22.2117,11.7028377,15.578467700000001,70.783181,72.60035357737105,70.20035922993245,55.78334825425246,34.44206201913548,-21.341286235116982,3.008057296329454,3.8505198291861116,0.8424625328566577,15.64189794091316,10.773167084091604,-4.868730856821557,24.71262309758281,38.977278869889545,14.264655772306735,0.8540734109221129,0.9369538189877294,0.08288040806561658,0.0,11.020018378709526,11.020018378709526
Houghton and Sunderland South,Tyne and Wear,North East,0.0,1.8,2.2443195,97.4851927,96.2467022,1.2384905,0.9239533,0.349445,0.0956,0.053799999999999994,0.17422469999999998,0.463914,0.058699999999999995,0.8113891999999999,0.315557,54.8078455,39.7252091,0.3683791,0.0956,0.030899999999999997,0.266826,0.1373955,8.32571925211151,20.113837687059398,8.442646156749854,26.400226489878648,23.41940797441985,23.06210939392471,14.000000000000002,24.2009,17.1097,36.760999999999996,28.1082165,11.6551156,59.8310788,57.000442489393265,51.00007643896349,32.9352938490342,13.773980815347722,-19.161313033686483,2.701036577012649,4.304056754596322,1.6030201775836734,40.40367140052057,47.05485611510791,6.6511847145873375,5.940910543860451,5.720423661071143,-0.22048688278930761,2.276359651125622,0.0,-2.276359651125622,15.742727978446505,29.146682653876898,13.403954675430393
Hove and Portslade,East Sussex,South East,1.0,0.0,8.6264587,85.6897902,74.05765840000001,11.6321318,4.2854751,1.2833772,0.2846477,0.7593889,0.7672685,1.5345369,1.3070157,4.6686168,3.8215682,34.1369971,51.957453099999995,3.3948885,0.6687349,1.3758802,0.11818580000000001,0.8046486,4.39095329050182,17.9199631308088,9.594329028635595,19.153565412689392,12.72331721389976,46.51737469997754,14.000000000000002,42.5021,19.7666,20.34,11.0001736,33.1459455,55.0138913,76.50075292010908,70.10087914759146,28.075402103172493,12.772351615326821,-15.303050487845672,4.426238229504708,14.290392802789498,9.86415457328479,58.30008334663332,52.41672927623341,-5.8833540703999105,6.6163040201450585,5.867961239862066,-0.7483427802829921,0.6117997552800979,5.871814136276946,5.260014380996848,1.9701725452643153,8.78075092951126,6.810578384246945
Huddersfield,West Yorkshire,Yorkshire and the Humber,0.0,0.4,3.4079986,61.7733348,56.6968629,5.0764719000000005,23.1701549,2.8515329,17.5429515,0.4792717,0.7479138,6.3545897,1.1200857,5.3951537,3.30670709999999,35.840131400000004,33.1331108,21.5722675,0.6336909,0.041100000000000005,2.0429839000000003,0.30970529999999996,5.49203535997579,22.7284574445724,12.89578482362414,20.30879376754505,21.65986698708992,30.103392388084732,22.0,25.288899999999998,14.7791,31.5517,18.9345148,24.095526200000002,56.31294570000001,64.9004010255736,51.600097637431105,36.35534846029174,16.33013818000747,-20.025210280284266,3.8168557536466774,26.311465206025147,22.49460945237847,51.43030794165316,37.59741068094112,-13.832897260712045,4.961507293354943,4.334619693763226,-0.6268875995917167,0.0,0.0,0.0,3.4359805510534844,15.42636623926304,11.990385688209555
Huntingdon,Cambridgeshire,Eastern,0.5,49.7,2.6898502,91.1960844,83.0310437,8.165040700000004,3.9024525999999997,1.1239804,1.028618,0.3221954,0.3666361,1.7646677999999998,0.0991,2.3877639999999998,0.749045799999999,47.689060100000006,42.7486853,1.914673,0.5314421,0.123139,0.181468,0.39626690000000003,10.1807426881367,20.2792495060238,7.514558634833238,25.864470350832843,15.15984719577197,35.000732468644706,25.0,39.772999999999996,19.0052,27.243299999999998,12.599408500000001,17.4367401,68.5113375,74.50028441786938,65.5564233705374,59.221904575882945,35.0826287471176,-24.139275828765342,3.4660937194807966,5.845503458877786,2.3794097393969897,20.787684003054142,32.2021521906226,11.414468187568456,14.025960189640783,9.26402767102229,-4.761932518618492,2.498357511941332,2.1579554189085317,-0.3404020930328002,0.0,15.44773251345119,15.44773251345119
Hyndburn,Lancashire,North West,0.0,8.4,2.4121434,82.3821612,79.420148,2.962013200000002,15.3482089,0.464775,12.519143999999999,1.4326129,0.21909299999999998,0.279804,0.1988854,1.3549732,0.6349443,50.1169889,29.063237800000003,14.8203688,0.1340055,0.0468,0.0372,0.19781759999999998,6.99078967235391,22.5408584861498,10.31451994324451,23.21719480792473,22.47024801098125,25.510081693031438,14.000000000000002,24.9037,17.0604,35.9822,13.703284299999998,22.8262238,63.201207999999994,59.6000056218465,53.90976997865782,48.49549592038863,28.864023753230327,-19.6314721671583,1.9926425505824648,13.575630945180622,11.582988394598157,41.53657501296986,33.50195194369604,-8.03462306927382,2.89110031599302,3.326551932699181,0.43545161670616084,0.0,0.0,0.0,5.0841862000660285,20.73184142519382,15.647655225127792
Ilford North,London (Redbridge),London,1.0,0.0,1.7867185,32.908153899999995,20.858233300000002,12.0499206,50.3741274,18.564087100000002,13.3145851,10.7074106,1.0236194,7.4842230999999995,0.7189608000000001,3.5337050000000003,5.6997941,29.194251700000002,10.0101273,30.558508200000002,14.3623566,3.4123151,5.2109575999999995,0.5708116,2.60958728531145,23.6179529282977,11.86376377853184,17.35831559424192,17.695678468737068,41.8168893038653,10.0,31.9155,20.1088,20.3677,11.0925964,27.230311699999998,60.3953035,69.30018342236683,59.448219900598446,36.69558161550202,20.514843883296365,-16.180737732205657,1.3697571530689128,3.8261388841494623,2.4563817310805494,54.14114874133035,33.371011772735024,-20.770136968595324,3.9721025482506134,2.3204231359836203,-1.651679412266993,1.9512760572631904,32.244924074390035,30.293648017126845,1.8701338845849191,7.7226582494454865,5.852524364860567
Ilford South,London (Barking and Dagenham; Redbridge),London,1.0,0.0,2.0174081999999998,21.9814519,12.222485800000001,9.7589661,57.58902259999999,18.413701800000002,19.397867899999998,13.755366599999999,0.4323902,11.1181688,0.7698842,3.527233,5.78408039999999,25.9057167,7.570214999999999,41.3951175,10.7782965,0.3007576,8.0309176,0.4063672,2.01752190237797,26.6425679583574,14.35132258446007,13.1056096503331,20.09375254209713,37.57727975270479,28.000000000000004,25.5516,17.5802,23.578,13.879849799999999,36.9261577,47.8147685,62.60024301336573,50.59355568117581,21.21506211180124,14.91863007043964,-6.2964320413616015,1.3435990338164252,8.348311877580763,7.004712843764337,65.23033126293996,40.167597765363126,-25.06273349757683,3.3341959972394752,3.2547971824143795,-0.0793988148250957,6.646825396825397,27.6536312849162,21.006805888090803,2.2299861973775017,5.657031819285888,3.4270456219083862
Ipswich,Suffolk,Eastern,1.0,0.0,3.8573958999999998,83.4445218,73.0935377,10.3509841,5.9301516,1.9064622999999998,0.3004703,1.5528654,0.5948441,3.7171224,0.28392270000000003,4.6646925999999995,2.24351159999999,42.1799338,44.883295600000004,4.011496299999999,1.0904024,0.0714,0.316147,0.45027,6.60098122693914,22.876674252558,9.75571298246404,21.39454211670361,21.23391863699583,27.362221835883172,25.0,28.618199999999998,16.8285,35.632200000000005,20.7144016,25.0750081,53.3834739,66.0006123617194,58.500033185106524,50.32775973698542,26.538993896212933,-23.788765840772488,2.587789184937171,8.28662839508974,5.6988392101525704,39.276709897335564,43.33688820312677,4.060178305791204,4.919421529276509,5.084976515168705,0.16555498589219653,0.0,0.8077874339134579,0.8077874339134579,2.888319651465338,15.944725556488393,13.056405905023055
Isle of Wight East,Isle of Wight,South East,0.5,31.9,2.6916843999999998,97.2322448,93.7017035,3.5305413000000008,0.9652489,0.24417570000000002,0.0144,0.11346990000000001,0.1881589,0.2528421,0.0718,1.3027492,0.24703199999999997,48.728923099999996,42.856117,0.33608129999999997,0.18814809999999998,0.0833,0.0402,0.3533163,10.5534652263624,15.547580958969201,6.288503216778429,38.289049301182594,19.751395061315872,26.270591773315072,11.0,28.3891,22.595299999999998,33.3094,10.222100900000001,21.727653399999998,67.39486620000001,64.00077493439476,61.00062651033742,57.42040232257354,30.59745290216562,-26.822949420407916,14.015245328710202,18.525148189447737,4.509902860737535,24.07055780291147,18.381360408474677,-5.689197394436793,0.0,10.417278009272843,10.417278009272843,4.493794545804783,1.2324666940548155,-3.2613278517499675,0.0,20.846293796584305,20.846293796584305
Isle of Wight West,Isle of Wight,South East,0.5,43.0,2.7974955,96.73747900000001,93.8236747,2.9138043,1.3962024,0.2061128,0.11858540000000001,0.10729159999999999,0.167996,0.4262932,0.0536,1.1477377,0.2921826,46.697913400000004,45.009458699999996,0.5054069999999999,0.1778807,0.1101166,0.0155,0.35717309999999997,10.2171658443068,17.3827017004967,6.933511974543616,34.00770390219383,17.14687515695368,28.559709363647016,28.999999999999996,30.4969,21.5314,32.7552,11.5905591,19.548068800000003,67.91225370000001,69.40057920332222,61.900893582453286,54.97992284072121,29.346748323126278,-25.63317451759493,16.389785581187834,6.73665791776028,-9.653127663427554,24.48888538960187,38.611840186643335,14.122954797041466,0.0,7.949839603382911,7.949839603382911,4.141406188489095,0.34120734908136485,-3.8001988394077304,0.0,17.013706620005834,17.013706620005834
Islington North,London (Islington),London,3.5,0.0,7.825719100000001,61.8698572,39.902025099999996,21.967832100000003,8.5545965,1.6189539999999998,0.44161570000000006,2.5440705,1.5898164,14.5660328,1.3348631,7.695039400000001,7.314430399999999,33.708468800000006,41.4105821,12.4304588,0.8449652999999999,1.4431787999999999,0.2658727,0.7967075,1.51659751037344,17.0173479130262,12.606236906945659,11.7878192534381,13.606880992667792,57.5643194932535,22.0,46.455400000000004,13.5266,17.7893,37.6973671,31.323526400000002,29.1428927,72.70061749246713,67.30021835560377,10.190502741380913,3.9791045994368037,-6.211398141944109,8.040144967939783,5.42790678692405,-2.6122381810157336,64.31186692686553,34.430477900665224,-29.88138902620031,15.639810426540285,3.389380892135657,-12.250429534404628,0.43862094600873525,0.06529812675998857,-0.37332281924874666,1.3790539912647524,3.4893686487368893,2.110314657472137
Islington South and Finsbury,London (Hackney; Islington),London,3.5,0.0,8.2986966,62.3885114,39.439777799999995,22.948733599999997,11.0604205,2.1413664,0.48036290000000004,2.8312952,3.0158511,12.343688,1.3996929999999999,7.2520137,6.9553444,35.5298562,40.4972576,11.3965642,1.1340507999999998,1.0900686,0.3096002,0.8572217,1.7953664266478198,15.127594532016001,16.42589464282241,11.23667501601909,13.79484282313062,56.22049150558895,6.0,45.7266,12.9937,16.771900000000002,41.9829249,31.174437100000002,24.592700100000002,68.70050988814081,57.70004183705143,16.335845655217383,8.382841371567572,-7.953004283649811,4.3188922770074605,17.52116761004818,13.20227533304072,57.012446541242355,53.66983206249708,-3.3426144787452756,19.695836449763153,9.46110305468494,-10.234733395078212,0.34904013961605584,3.0406511671422556,2.6916110275262,2.287938937153597,7.924404734059971,5.636465796906374
Jarrow and Gateshead East,Tyne and Wear,North East,0.0,0.0,2.8236491999999997,95.80915519999999,93.975236,1.8339192,1.6218059999999999,0.3761482,0.288771,0.1768855,0.2919677,0.7054518,0.3718859,1.0122967999999999,0.8513949,53.8713184,39.5358254,1.4225736,0.1534461,0.033,0.1854141,0.1523805,8.8066518327673,20.7706825393533,8.90921941259618,25.509135647348202,22.35813218803441,23.60481965458272,15.0,24.0278,15.6833,38.505,33.497283100000004,12.0362563,54.1034289,57.000126648185415,52.30046279814881,23.700192564064583,9.131997386190372,-14.56819517787421,2.490988989285538,6.490960575038118,3.9999715857525797,49.17049326025774,51.33957743411022,2.1690841738524753,6.539771885646571,4.737529949901982,-1.802241935744589,8.611069964943466,1.366804617730342,-7.244265347213124,9.487483335802104,26.933130037028967,17.445646701226863
Keighley and Ilkley,West Yorkshire,Yorkshire and the Humber,0.0,18.0,2.4971538,80.16579229999991,76.9418086,3.2239836999999114,16.7812113999999,0.7013554,12.9886596,2.1463287,0.1680436,0.515199499999999,0.0926,1.7659667000000001,0.771817899999999,42.1533508,35.6429865,15.7395854,0.2455222,0.0574,0.12678609999999998,0.20225400000000002,6.8457145587919,21.6864619782169,8.830377707575527,27.19469371829881,19.53184621736248,31.96006555654252,22.0,32.4643,17.9724,29.4116,10.0382318,19.8614098,69.3930705,72.10022754064205,62.08839229290199,48.09505703422053,40.25597158758689,-7.839085446633639,0.0,5.2991749139181845,5.2991749139181845,43.87832699619772,36.73690365333391,-7.14142334286381,4.891634980988593,2.1006128592156266,-2.7910221217729667,1.5190114068441065,5.251532148039066,3.7325207411949597,1.6159695817490494,10.355804837906318,8.739835256157269
Kenilworth and Southam,Warwickshire,West Midlands,1.0,68.0,2.4312408,92.9827033,88.2457189,4.736984399999999,3.6244967000000003,1.9494384,0.2338045,0.045899999999999996,0.7804158999999999,0.7910811,0.1409233,1.9793313,0.6224111,53.4003075,37.424734199999996,0.7718751,0.8797028,0.1366529,0.8935815999999999,0.3138745,7.41258030930191,19.823239871664498,8.77999676886176,29.31885120608441,11.85773790451778,43.52835629605896,7.000000000000001,44.728699999999996,19.0695,19.778000000000002,10.426083,12.4650856,75.6183027,78.10106554278273,71.2006089174356,58.964843399845826,36.37471867966992,-22.590124720175908,4.184370462001829,5.860840210052514,1.6764697480506845,18.980261388694668,24.045386346586646,5.065124957891978,16.897040104698902,19.62490622655664,2.727866121857737,0.819304756270281,1.1159039759939986,0.2965992197237176,0.15417988848849926,12.978244561140285,12.824064672651785
Kensington and Bayswater,London (Kensington and Chelsea; Westminster),London,25.6,0.0,4.8532171,61.3830353,30.314456899999996,31.068578400000003,13.021586099999999,2.4408418000000003,0.9746809000000001,1.1598326,3.1761801999999997,8.0465739,4.9230792,6.9409320999999995,10.6078396,45.1937261,26.6745943,12.58166,1.167324,1.9214559,0.2280459,1.2079658,2.2716357698588,15.3359821131824,12.35223268055487,16.21537226212244,11.0198989784435,60.55535684687121,9.0,46.4358,14.9014,14.172299999999998,26.0125508,42.514327800000004,30.238849899999998,72.1005485182116,54.20002327957476,38.319376790177515,33.697623365467216,-4.621753424710299,1.4029518544870743,6.519041710413285,5.1160898559262105,39.03088683341543,40.624701727593774,1.5938148941783439,20.155802455621842,6.94378161687506,-13.212020838746781,0.26453578530640537,6.215996945690561,5.951461160384156,0.8264462809917356,5.998854633960103,5.172408352968367
Kettering,Northamptonshire,East Midlands,0.0,20.6,2.5691856,90.19973059999991,82.2674708,7.932259799999908,4.0705613000000005,2.3454099999999998,0.3245961,0.216096,0.3381586,2.70707689999999,0.1736001,2.037089,0.985542299999999,47.3273056,42.7748644,1.4086799,0.8761302000000001,0.075,0.9990958,0.3435805,7.689976185321489,22.3533196536013,8.392775158729254,23.66661814272747,18.2946609596756,28.32507321468799,25.0,31.421100000000003,18.3436,34.498400000000004,13.3600346,19.5670059,65.4752111,68.30078227542396,63.30069436568245,60.28210696235371,28.2474965658657,-32.034610396488006,2.9651978399984626,13.943580657362983,10.978382817364519,26.91546399677153,35.85236208715734,8.93689809038581,6.681784115148837,2.701518982301766,-3.980265132847071,3.1554470857274635,2.3969262009516035,-0.75852088477586,0.0,16.858115506360612,16.858115506360612
Kingston and Surbiton,London (Kingston upon Thames),London,2.0,0.0,3.8204219999999998,70.5169496,55.9283164,14.5886332,16.1175152,4.2713066,2.238592,0.5689863,2.0813607000000003,2.9700217,1.6930601,5.3119869,5.0835237,42.5584405,35.842664400000004,6.9416332999999995,4.7499500999999995,0.3935127,0.8182979,0.9416507,3.67563305003066,20.959765861535303,12.38960652039751,17.80660126407172,12.365251833217359,49.42996306802976,14.000000000000002,42.9546,17.211199999999998,18.5181,11.8393096,28.2960594,59.087025999999994,75.70072392670573,65.50052360082225,33.074700061301336,17.043660192641717,-16.03103986865962,1.576320168140818,5.939128375177641,4.362808207036823,10.209300288992031,12.95002368545713,2.740723396465098,52.64559068219634,51.0618979946313,-1.5836926875650406,1.3573868114545933,3.5567661455866095,2.1993793341320163,1.1367019879148788,9.448523606505606,8.311821618590727
Kingston upon Hull East,East Riding of Yorkshire,Yorkshire and the Humber,0.0,0.0,2.746057,96.1183132,91.7263087,4.392004500000002,1.3093796,0.3728633,0.2343712,0.1685148,0.2372766,0.812531,0.1704518,1.1728245,0.5868965,38.377656,53.63361679999999,1.1505162,0.24889109999999998,0.0504,0.0746,0.2324275,9.19289639823772,23.6737667516631,9.612921051970533,22.85046846348995,26.896931165179122,18.60618657537596,13.0,18.8221,13.725100000000001,45.5733,30.228914,17.8657401,50.9946859,46.80009372975506,42.20001698417641,34.27973964009071,9.10584920847867,-25.17389043161204,2.3120195564456747,5.617789106519989,3.3057695500743147,41.62813300739257,43.75838475986048,2.130251752467913,4.9627426147910345,10.906895626509257,5.944153011718223,0.0,0.0,0.0,16.817365181280007,30.61108129863161,13.793716117351604
Kingston upon Hull North and Cottingham,East Riding of Yorkshire,Yorkshire and the Humber,0.0,0.5,4.3994748999999995,89.5065843,80.29367710000001,9.212907199999998,3.7298378,0.5437181999999999,0.6883057,0.8233694999999999,0.6701241,2.4025946,0.7047557999999999,2.0086406,2.3523606,41.8601027,45.809054599999996,4.5757972,0.2632057,0.050199999999999995,0.10649439999999999,0.3393969,7.9216181019046,21.5661452210868,13.33347307523001,19.82099063030574,21.99844171923196,26.74799611497123,37.0,23.4972,13.864199999999999,37.4194,22.014895000000003,25.024417999999997,52.378723699999995,59.10023408116567,50.80065381190948,33.459424578892325,12.809982211991212,-20.649442366901113,2.610088783071138,6.074081824840431,3.4639930417692932,46.63670145301618,48.34152976875588,1.7048283157397037,6.486282014196392,8.491158313278225,2.0048762990818334,0.0,3.876739562624255,3.876739562624255,10.807503170823969,20.406508318509992,9.599005147686023
Kingston upon Hull West and Haltemprice,East Riding of Yorkshire,Yorkshire and the Humber,0.0,0.0,3.0651876000000002,92.22590389999999,85.5607637,6.665140199999997,2.6828246,0.5935368,0.35440720000000003,0.1838726,0.4096643,1.6253389999999999,0.5792462,1.5662513,1.8996989,44.4408453,44.944837199999995,3.1649548999999997,0.2696214,0.07429999999999999,0.12957069999999998,0.2600941,8.8190828153872,20.4980895320949,8.509881740287433,24.54663286725307,22.06007186297196,25.58228775422399,14.000000000000002,26.1221,16.1635,38.6779,19.4397783,22.7070384,57.0006719,56.00005380610968,52.200664506337425,42.482765247051475,18.136099324218137,-24.34666592283334,1.061708822752276,4.578553093404579,3.5168442706523027,33.7729096106267,46.82015820629682,13.04724859567012,9.216689486200186,6.875687568756876,-2.34100191744331,0.0,0.2881240505002881,0.2881240505002881,13.465926833369366,23.301377756823303,9.835450923453937
Kingswinford and South Staffordshire,Staffordshire; West Midlands,West Midlands,0.0,16.9,1.5822657,94.2533182,92.85843369999999,1.3948845000000039,2.7186175,1.933633,0.25638710000000003,0.0226,0.1987847,0.6076741,0.0949,1.8907219999999998,0.5297415,59.4840342,32.2953023,0.4732699,0.4868241,0.026,1.4412705,0.23268160000000002,7.35259633672911,17.7912354107024,7.259382282821238,33.16412632932408,18.637805710614032,30.321406101495253,15.0,36.6518,21.1261,27.233200000000004,11.0100826,10.5098611,77.9381497,71.00018081422034,62.89675910457735,74.3275804650616,40.281097830898624,-34.04648263416298,3.5320391012204437,4.5971668880035415,1.0651277867830977,16.821752502595647,26.330234617087207,9.50848211449156,5.318627931122299,4.603806994245241,-0.7148209368770573,0.0,2.213368747233289,2.213368747233289,0.0,21.974324922532094,21.974324922532094
Knowsley,Merseyside,North West,0.0,0.0,2.4181508000000003,95.8590505,92.65499299999999,3.2040575000000024,1.1848276,0.4017051,0.11538340000000001,0.0139,0.3226461,0.8002094,0.1538445,1.6185724,0.5373874,67.0270617,26.893943399999998,0.5555496,0.22008309999999998,0.0513,0.0235,0.1591863,7.235875600707151,22.4424074784469,9.552631236414271,21.98055371158576,27.75274608083609,22.60184493974619,18.0,22.6061,17.2372,36.5647,27.506100300000004,15.5246253,56.0031871,65.20071916172712,50.10006949270327,8.74641849242767,4.150137320720171,-4.596281171707499,1.9711755961998318,7.689960329569728,5.718784733369896,79.62472263512785,67.25386301217856,-12.370859622949297,2.5097481634675454,3.417760146475435,0.9080119830078894,0.872487558973696,1.0541792659583322,0.18169170698463621,6.275447553803399,16.43409992509779,10.15865237129439
Lancaster and Wyre,Lancashire,North West,0.0,44.6,5.0810679,91.2963568,86.1039109,5.192445899999997,4.7958857,1.5593857,0.5690208999999999,0.3180734,1.5325354,1.0770863,0.4244421,1.7958753,1.0347712,52.2461119,36.718508,2.4350951,0.5576554,0.11669449999999999,0.096,0.45025509999999996,7.81860429487015,17.2273494095464,19.60436398513365,24.76801342764642,14.906377998829731,34.30124829334893,23.0,30.3767,16.467499999999998,25.380999999999997,11.4872973,20.204264,67.0088089,65.80055431190705,57.500401090967436,47.95877040217083,23.395647321428573,-24.563123080742255,4.438864363533272,12.174479166666668,7.735614803133396,41.85938196103843,44.91024925595239,3.0508672949139566,3.9407071402535334,3.5551525297619047,-0.38555461049162876,0.0,0.0,0.0,1.8022761330039285,15.964471726190476,14.162195593186548
Leeds Central and Headingley,West Yorkshire,Yorkshire and the Humber,0.0,0.0,9.598110799999999,71.0533115,63.8072226,7.246088900000003,13.218190799999999,3.1317869999999997,3.9224903999999996,0.261374,3.2276868,6.2024615,2.115437,4.8946512,4.6313968,29.0592505,47.880822099999996,9.937759699999999,1.6387432,0.6863353,0.7079595999999999,0.5631711,3.3606225995552803,11.6591695949854,45.62886658391881,7.759067230915065,9.882764728208155,39.09142664361321,24.0,23.5778,10.195400000000001,15.2691,22.5692339,44.8251466,31.890539699999998,57.900250633213545,44.80035165333787,17.90344006229673,7.08023421427441,-10.823205848022322,3.4538042233521136,23.51954423168223,20.065740008330117,63.43273326920434,50.17566070580788,-13.257072563396463,11.185928267143055,8.263965817376167,-2.9219624497668875,0.0,3.3676214590916285,3.3676214590916285,4.0240941780037565,7.5929735717676845,3.568879393763928
Leeds East,West Yorkshire,Yorkshire and the Humber,0.0,4.8,2.6709986000000003,73.9820572,68.3025404,5.679516799999995,13.6525138,1.9115296,7.2952566999999995,1.9346242999999999,0.5143009,7.004796600000001,0.34730859999999997,3.3522828,2.0083496,45.2119769,34.2396277,12.7115106,0.745228,0.1803114,0.9397511000000001,0.3064406,6.34937922021346,24.440708323476702,11.675518533012779,20.72678481578787,24.28180574555404,26.08641130870953,15.0,26.149099999999997,16.622700000000002,33.6936,26.044434799999998,16.560662100000002,56.482247900000004,59.00053092646669,51.631339546711764,40.8449753661335,17.51294810602214,-23.332027260111357,2.1281860925513487,8.901188179140854,6.773002086589505,46.97082180378394,47.247892759216,0.27707095543205895,3.657960450833502,3.6686300396059712,0.01066958877246904,0.5466693662684754,4.021529399817203,3.474860033548727,5.851386920429237,18.647811516197827,12.79642459576859
Leeds North East,West Yorkshire,Yorkshire and the Humber,0.0,0.1,3.5904100000000003,63.7398456,57.16677060000001,6.573074999999995,19.918902,6.710334799999999,8.0557288,1.2102308000000002,1.3609898,7.164691199999999,0.9534206999999999,5.1944271,3.9821169,36.2861302,32.6741526,13.553753399999998,2.3736744,4.1131212,4.3428987,0.4834685,4.55622925867704,22.290180434141,9.298061812467251,22.07700366684123,14.69709176910882,48.15344231618889,24.0,43.4168,16.2633,20.086000000000002,16.3838706,18.8541771,64.16309009999999,71.20097002509658,64.08666534237635,23.633663366336634,15.889919631589436,-7.7437437347471985,3.8237623762376236,13.086988287909316,9.263225911671693,57.47326732673267,51.4977749241703,-5.975492402562367,11.217821782178218,4.799964575907189,-6.417857206271029,0.34851485148514855,7.1401687072420135,6.791653855756865,3.5029702970297034,7.585183873181747,4.082213576152044
Leeds North West,West Yorkshire,Yorkshire and the Humber,0.0,8.1,2.6047264,91.69973759999999,88.4598792,3.2398583999999953,3.7618743,1.6792494000000002,0.7161346,0.0658,0.6115186,0.8369283,0.5899482,2.3177308,1.3837359,48.6302847,41.180975,2.125755,0.7247627000000001,0.33433989999999997,0.811044,0.3149267,6.77446681283635,20.6027299378986,8.63949179460031,28.20407623080992,13.23991879304168,43.11532184228335,11.0,44.7423,18.340799999999998,21.357400000000002,11.9443891,12.6370341,74.6586606,77.7010146687323,69.35531064078806,41.87203621209944,22.070434136247666,-19.801602075851772,2.274033625520908,6.4909496353737675,4.216916009852859,38.27776979451071,45.96902183739478,7.6912520428840665,14.750682569334675,11.332543142415172,-3.4181394269195025,1.516022417013939,2.2138738774936213,0.6978514604796824,1.3094553815203334,11.923177371074994,10.61372198955466
Leeds South,West Yorkshire,Yorkshire and the Humber,0.0,0.0,4.5641344,67.8880938999999,58.77562509999999,9.112468799999906,10.9044135,2.0483962,4.539754,1.5885521,0.7999035,14.0260471,0.9156685,4.0348903,3.1465552,42.6666131,37.2425436,12.0765335,1.1697081999999999,0.1189806,0.4662754,0.3722164,4.55827155421934,24.8015858004282,14.46394075981969,13.35117514488074,25.267494836908575,28.50960490675301,24.0,23.4101,13.620099999999999,37.0527,32.2346922,30.2702097,36.4997853,57.900021420156364,41.18518903739144,26.305810538972,13.17002336006061,-13.135787178911391,3.780434229693172,18.429193762232465,14.648759532539293,58.4129112811857,54.03434560262643,-4.378565678559269,4.444033388055215,4.230065029357914,-0.2139683586973007,0.6497260052255543,10.136372245722583,9.486646240497029,6.407084556868367,0.0,-6.407084556868367
Leeds South West and Morley,West Yorkshire,Yorkshire and the Humber,0.0,2.4,3.4884618,91.4035999,87.6783737,3.725226199999998,3.838057,1.9628941,0.7239412,0.0721,0.5975388,1.8657416999999998,0.2172868,2.1645111000000004,0.7281198,44.1416125,46.1880785,1.7069553000000002,1.0968807,0.1264024,0.7646825,0.246537,6.529209621993121,20.8282099486814,9.164538114980282,21.923012745639088,19.63122389977514,28.24542242210087,7.000000000000001,32.9808,18.971,31.1305,14.9645676,16.9814898,67.335814,61.100601168705595,55.84195541976251,53.13059033989267,23.02469596359024,-30.10589437630243,3.3026007981285264,6.272227610733916,2.9696268126053895,36.81482500802715,43.97274242085105,7.157917412823899,2.768221641209119,4.4716357034494765,1.7034140622403573,2.1948534470895833,1.8975851177597056,-0.2972683293298777,1.7889087656529516,20.361113183615608,18.572204417962656
Leeds West and Pudsey,West Yorkshire,Yorkshire and the Humber,0.0,0.3,3.9952488,84.58851849999999,79.0032761,5.585242400000001,7.6700088,2.4362156,3.8965551,0.13005060000000002,0.45964459999999996,3.3912439,0.4467388,2.7648168,1.5854264,40.4175477,45.1549176,5.7777645,0.8775849,0.17373,1.6142002,0.3127141,6.137910758305621,22.0665686665822,9.962025632697904,19.867839208534118,20.24350107026639,30.85584192227268,15.0,31.235200000000003,17.018900000000002,32.6879,21.9051065,20.4780859,56.802659600000005,68.30032321909128,55.00007143979768,42.2302368245497,17.103964254169483,-25.126272570380216,1.4322048032021348,9.856081467241648,8.423876664039513,48.407271514342895,49.295994180911315,0.8887226665684196,3.6420113408939296,4.527978386242012,0.8859670453480821,1.5155937291527686,2.899153114771133,1.3835593856183646,2.772681787858572,16.316828596664415,13.544146808805843
Leicester East,Leicestershire,East Midlands,0.0,0.0,2.2307661,20.1078345,17.1018748,3.005959699999999,68.7532591,59.23483590000001,4.1836137,1.2891788,0.18370999999999998,4.0857418999999995,0.74928,2.8968417,4.156338,14.897679199999999,10.1518567,25.6367472,37.5502379,0.0385,6.8331502,0.24707800000000002,2.6605920257752698,23.8123905429071,14.166675218323672,18.703500364300478,33.02012870859634,23.0914735695047,16.0,16.9581,13.114700000000001,41.833999999999996,20.0664519,24.2750705,54.67428519999999,63.10006540222367,61.00026116479499,38.482587064676615,31.0956030312112,-7.3869840334654135,1.7786069651741294,4.58748983174209,2.8088828665679606,50.91832504145937,21.620927345121377,-29.297397696337992,5.630182421227197,13.548400907650812,7.918218486423616,0.6820066334991709,23.558248062679283,22.876241429180112,2.5082918739635156,5.589330821595239,3.0810389476317237
Leicester South,Leicestershire,East Midlands,0.5,0.0,4.4317496,38.9567426999999,32.099056399999995,6.857686299999904,43.4558632,30.740482000000004,4.672519599999999,4.0681476000000005,1.2095858,9.2347708,1.3240629,3.85434459999999,4.4982786,21.9087221,23.7891618,34.8285382,8.2650124,0.1910742,3.7061666,0.3510042,2.89833420482557,21.5456374171522,24.61258721256872,13.493303913456431,22.19990843253142,30.79268292682927,28.000000000000004,20.4847,11.6236,28.4732,22.1881925,34.8074002,42.461592100000004,66.90042668243844,59.00014102383303,21.83421739496506,11.520902550374071,-10.313314844590987,3.3362802054390834,9.14501517795253,5.808734972513447,68.19062052706913,32.88954752969859,-35.30107299737054,4.323482360865539,3.4060759614695124,-0.9174063993960262,0.0,1.905012309678036,1.905012309678036,2.315399511661194,5.903864999880488,3.588465488219294
Leicester West,Leicestershire,East Midlands,0.0,0.6,3.6718014,63.3901881,50.3085186,13.0816695,18.1002923999999,12.838691099999998,1.5242099,0.4907524,0.6514059,10.1523411,0.7153476,4.5630385,3.7941397,37.2156593,34.9201528,10.4768451,7.347698900000001,0.0408,2.8214269,0.3644676,4.35377586896566,24.635320306338297,16.180742334588448,14.85451611325726,24.82383547052317,26.470768978655414,26.0,19.374,13.1624,39.5264,26.5521379,29.084822900000002,43.4872313,53.000549299642955,47.80019445794847,36.64982510687913,19.83501426674577,-16.814810840133358,2.8267910351081746,11.551826425968303,8.725035390860128,49.299132011918644,44.630900923807104,-4.66823108811154,6.715895841430237,6.155888917139871,-0.5600069242903665,0.0,1.8193632228719947,1.8193632228719947,4.508356004663817,16.00700624346696,11.498650238803144
Leigh and Atherton,Greater Manchester,North West,0.0,3.5,2.7717144,93.9672509,90.5026022,3.464648699999995,2.1344443,0.4150605,0.6803664,0.0462,0.5130481,1.6195679,0.2116901,1.5696497999999999,0.7090232,59.702154799999995,32.986679200000005,1.4716622000000001,0.2810209,0.0287,0.0471,0.27455,6.52173913043478,21.266447368420998,8.61433927413058,23.1526172858508,20.99770355380733,25.24840271935608,14.000000000000002,27.5853,18.3782,35.1523,17.5794314,18.2692308,63.2796823,57.99999999999999,51.50048160518382,43.83171871824402,15.746903084770464,-28.084815633473553,0.3477632500056455,4.015059509351469,3.667296259345824,43.17006526206445,48.50862278358027,5.338557521515824,4.586410134814715,3.879038134564003,-0.7073720002507118,2.255944719192467,0.91328637357299,-1.3426583456194767,5.808097915678703,26.937090114160796,21.128992198482095
Lewes,East Sussex,South East,1.0,19.3,3.4986957999999997,94.9585889,90.1895007,4.769088199999993,1.6742002999999999,0.47953559999999995,0.07680000000000001,0.2019097,0.36280650000000003,0.5847227,0.1472258,2.1715813,0.6109872,43.70051,47.2001683,0.6993007,0.2933908,0.29549400000000003,0.0599,0.5363058,8.72834570721492,17.9249157972562,7.310329296366716,35.027774997497616,15.833364684047499,34.81684912782313,23.0,37.4022,22.394,24.8382,9.6183133,16.321625700000002,73.1558158,74.00010651328753,69.58450565988353,48.537243612810364,26.838809170067517,-21.698434442742847,2.8553436487945305,3.5149417937675134,0.6595981449729829,7.070888808924074,6.721456378237075,-0.34943243068699825,41.11370996761425,50.58018167114889,9.466471703534644,0.2033105433609212,0.4306697007879939,0.2273591574270727,0.2195034184958618,11.91394128599101,11.694437867495148
Lewisham East,London (Lewisham),London,1.0,0.0,4.2292746,48.709400200000005,35.6051233,13.1042769,9.4461179,1.6699235,0.9241324000000001,0.7423778,1.4975553000000001,28.935669199999904,0.5316107999999999,8.09874469999999,4.8100963,48.9534358,31.1818965,7.4808221999999995,3.1486522000000003,0.1749251,0.2773203,0.8063621999999999,2.5721796180834597,22.3365889670505,10.10336086709496,15.36864647524136,17.56908462867012,42.62737478411053,25.0,34.7603,16.549500000000002,25.195600000000002,27.709587000000003,24.4139819,46.6251005,65.30020357511364,55.40074436612997,19.997010591048856,10.830031744469327,-9.166978846579529,3.5296378544584903,13.714102911140094,10.184465056681603,62.65801161598906,58.188350518000846,-4.469661097988215,10.112743423300309,6.080665403450058,-4.032078019850251,1.1146224803553126,2.650294066983291,1.5356715866279784,2.587974034847967,8.536555355956395,5.948581321108428
Lewisham North,London (Lewisham),London,1.0,0.0,8.1101981,49.902295099999996,33.9141645,15.9881306,9.958934999999999,1.7655446000000001,0.6488462,0.5566417,3.2126423,27.087619800000002,0.6889722,7.8997019,5.1514971,40.4736698,38.7763814,8.3139813,1.6230107,0.3141862,0.1801448,1.5538556000000001,1.94089554675701,18.2102740368623,12.29352632018009,9.828355718695242,12.93548752951366,54.25873037148543,25.0,41.8816,13.946900000000001,21.256800000000002,33.2326469,31.687654300000002,32.5530135,68.80015232706798,59.5002020746329,12.206934725022734,6.1154255439581595,-6.091509181064574,5.250464555410588,21.92813639142346,16.677671836012873,69.43423081484997,57.66069690040075,-11.773533914449217,11.1097932234215,7.4354155817691945,-3.6743776416523053,0.39734313841774405,2.332057871261349,1.934714732843605,1.6012335428774762,4.528267711187086,2.9270341683096097
Lewisham West and East Dulwich,London (Lewisham; Southwark),London,2.0,0.0,6.1253203,62.1593407,48.652529300000005,13.506811399999998,5.9752596,1.4850291999999998,0.6908046999999999,0.5863807000000001,1.114525,20.0674739,0.367492,8.210334,3.5875654999999997,39.5576039,44.9956825,5.260357,1.1255698,0.3946021,0.2650762,0.7249433,2.32761553039506,21.338018950569403,8.283410138248847,13.96569380440339,11.72945743250882,57.55185106088967,18.0,48.8524,15.216899999999999,17.6187,23.572574,24.9477623,50.4251907,66.10041039280455,66.90017008273517,14.517803833340546,7.491274184513294,-7.0265296488272515,7.285942975814478,19.410091782651786,12.124148806837308,66.05373599273136,59.04683931572371,-7.006896677007653,9.881884653658114,7.665790494247425,-2.216094159410689,0.46077964781724573,1.5728013099495841,1.1120216621323384,1.7998528966382554,4.813202912914207,3.0133500162759512
Leyton and Wanstead,London (Redbridge; Waltham Forest),London,1.0,0.0,4.710229099999999,51.95106189999999,31.999658800000002,19.95140309999999,23.2990745,5.636061199999999,10.4755,3.0150539,1.1795811999999999,13.417203299999999,1.0473794,6.274041599999999,5.0586379,38.759008900000005,26.5879142,22.210755300000002,2.3403983,0.9092072,1.0422619,0.7045077000000001,2.35283430232558,21.8049106454431,9.332339987290998,14.614238446874209,16.11527499208276,47.19096379182941,25.0,37.7768,18.3044,20.874100000000002,18.7295603,31.8700036,48.196766000000004,68.50073596411299,61.200442223994855,19.854701729254067,11.08113052227202,-8.773571206982048,3.822777038780313,15.528674654715083,11.70589761593477,63.077867594392714,47.45952620506723,-15.618341389325487,10.659981581909342,6.436934052867466,-4.223047529041876,0.8738360789931444,13.83426323973292,12.960427160739775,1.7108359766704186,5.659471325345285,3.948635348674866
Lichfield,Staffordshire,West Midlands,0.0,30.4,2.1198537,95.97913460000001,93.30762270000001,2.671511900000001,1.6060457000000001,0.7671597,0.1444921,0.1528082,0.2910633,0.41061070000000005,0.040499999999999994,1.7276687,0.2764692,54.969854500000004,38.1153846,0.49272350000000004,0.25363830000000004,0.0541,0.4168399,0.23180869999999998,7.6509136133167495,19.1806183974733,7.239985299522234,30.12127894156558,16.75348091755985,34.19688470399679,13.0,38.5205,18.874399999999998,27.881099999999996,12.6877451,12.637520299999998,73.6534966,71.00035185536038,64.50019703139367,64.11512436862671,33.44330400782013,-30.671820360806578,3.244067473553798,3.510915607689801,0.2668481341360027,21.021633469932336,35.09286412512219,14.071230655189854,10.536548174973792,7.274356467904855,-3.2621917070689364,1.082626512913371,0.8553274682306939,-0.22729904468267703,0.0,19.82323232323232,19.82323232323232
Lincoln,Lincolnshire,East Midlands,0.0,8.0,5.927546599999999,92.7315947,84.0667627,8.664832,2.9751813,0.7114193000000001,0.2658238,0.27775170000000005,0.6986394,1.29333479999999,0.2973477,1.8718422999999902,1.1280469,43.1852843,46.695521,1.6818465,0.4132196,0.0665,0.09709999999999999,0.3288717,11.0585697693711,18.2488718468223,19.567621817585888,19.352559244618238,16.933440517741392,26.90362561436,32.0,24.5917,15.229500000000002,32.9043,19.5287871,26.3750622,52.9201925,68.30034940035344,58.300490907833776,47.931027671887655,22.95303605313093,-24.977991618756725,2.3603073337415315,6.525142314990512,4.16483498124898,40.990341503881176,43.809297912713475,2.8189564088322996,4.783819550060242,6.11954459203036,1.335725041970118,1.8033143060301409,2.5616698292220113,0.7583555231918704,2.1311896343992576,18.031309297912713,15.900119663513456
Liverpool Garston,Merseyside,North West,0.0,0.0,2.6218013,91.1074987,86.5006748,4.606823900000001,3.7225958000000006,1.0669387000000001,0.534532,0.18384499999999998,1.2252792000000001,1.2114643,0.3740662,2.948959,1.0095536,62.346977800000005,28.4908187,1.8713338,0.7980532,0.7682989,0.14345829999999998,0.3028564,7.02127659574468,21.1560352460053,9.683974119031074,26.74589594139339,21.37997802082788,34.379088387670734,16.0,33.112700000000004,16.4265,29.722900000000003,22.7415016,13.807776899999999,62.421129900000004,69.80010804970286,60.59888880871635,11.668975069252078,7.008477805296247,-4.660497263955831,2.668241811960241,6.706039245570585,4.0377974336103435,70.18290695779696,58.368260621070675,-11.814646336726284,9.886752484927488,7.713373975995427,-2.1733785089320605,0.7006680788658953,9.711373594970471,9.010705516104576,4.892455597197327,10.49247475709659,5.600019159899262
Liverpool Riverside,Merseyside,North West,0.0,0.0,6.821609200000001,74.18015129999999,64.6913937,9.488757599999998,8.8917012,1.6961245,1.1109318,0.46288830000000003,3.3353434,6.223936099999991,3.6037337000000003,4.4156992,6.2884856000000005,47.0599727,32.6634788,10.1064236,1.2349558999999999,0.1588286,0.1571299,0.5826546,4.027964722663071,15.426404887092298,30.48360869291788,11.41596816070578,21.666321692933952,31.53059917009176,25.0,19.5324,11.7482,25.667,37.0168742,38.1016473,23.9112093,60.50007844927185,45.40050194187009,7.773010184835911,3.566906519255119,-4.206103665580793,2.3505281026027913,16.200858528149222,13.850330425546431,85.10231987929083,61.885056051388155,-23.217263827902677,2.206714447378348,4.768228282017232,2.5615138346388844,0.0,3.4742595966770637,3.4742595966770637,2.567427385892116,10.104691022513203,7.537263636621087
Liverpool Walton,Merseyside,North West,0.0,0.0,2.7729063000000003,92.16722109999999,87.1031084,5.064112700000001,3.0268643,0.8983447,0.22188619999999998,0.0422,0.9376166,1.97046759999999,0.38781000000000004,1.8153435,1.0200875999999999,67.1192797,25.757709600000002,1.4314748,0.40646809999999994,0.1050534,0.0471,0.3328326,6.83891635907793,22.4519479505276,11.285104668873739,21.64121801085071,26.72062791268089,22.920039244542558,35.0,21.0918,17.1844,37.0631,27.0813019,19.700979699999998,52.5676743,65.40082609795161,53.20044999567312,9.896672466756891,3.4755733882773954,-6.421099078479497,1.8238061480956371,6.474000975980046,4.650194827884409,82.35268844922773,70.57420159410074,-11.778486855126985,2.2749242765998585,2.561947622404164,0.28702334580430566,1.417799832441838,1.2253971696578647,-0.19240266278397322,2.234108826878048,15.688879249579788,13.45477042270174
Liverpool Wavertree,Merseyside,North West,0.0,0.0,5.7264002000000005,78.14492200000001,70.1961166,7.948805400000003,7.260693999999999,1.3917952,1.3460509,0.9898292,1.6166236999999999,4.7311305,2.5753078,5.00073,4.862523700000001,49.441822,32.747092300000006,8.2952942,0.8039321,0.6842182,0.2043895,0.5586647,4.99965328340614,17.806010397264398,23.244041579291512,17.50434057137695,17.93430042977797,36.98164513936098,20.0,29.032999999999998,14.328,22.5588,19.8922867,31.218362100000004,48.2213439,72.40064711261167,56.500021285955526,9.571367504760424,4.739419816652016,-4.831947688108408,6.153577118874597,17.01117669220143,10.857599573326834,71.60455446314072,57.960567625266854,-13.643986837873861,8.011114133602767,6.9295491648876055,-1.0815649687151616,0.9734582054171687,4.684164259701118,3.71070605428395,3.6859285742043295,8.67512244129097,4.989193867086641
Liverpool West Derby,Merseyside,North West,0.0,0.0,2.7006866,90.0788753,85.4106499,4.6682254000000025,3.7534560000000003,1.0616976999999999,0.2929176,0.159306,1.2621149999999999,1.9219502999999998,0.7636412,2.369035,1.8767278999999901,65.82422890000001,25.5187724,2.3937018,0.43886250000000004,0.11716700000000001,0.08220000000000001,0.300112,6.61719379771444,21.4041366764217,10.70381785017924,22.68067174036103,25.012959755218674,26.27732611801596,47.0,24.5717,17.6381,33.6663,21.368109099999998,20.8915235,57.185536400000004,66.000735731062,54.30049148474111,8.607014234265135,4.120402041782876,-4.486612192482259,1.9464928828674326,6.964689785823292,5.018196902955859,77.89401474875665,66.57369888964901,-11.320315859107637,2.7225175784599553,3.3573646266378994,0.634847048177944,3.914422912021952,6.146397937167816,2.231975025145864,4.9155376436288805,12.837446718939116,7.921909075310236
Loughborough,Leicestershire,East Midlands,0.0,16.8,3.5029005,82.9979125,77.0985773,5.8993351999999994,10.8991987,5.1527456,0.3822364,2.4979399,1.5011467,2.0392562,0.5132888999999999,2.66969809999999,1.3939218999999998,41.1748938,42.190540500000004,4.3117827,3.9920972,0.09430000000000001,0.5242048,0.42690920000000004,6.6895325203252005,17.7150938644245,21.919807877945942,21.41360393661846,14.333693456714741,32.98769317487905,14.000000000000002,29.7806,14.681700000000001,26.1802,14.209496699999999,20.8556693,63.842382099999995,69.80019209696839,61.300008703472685,50.5610791325077,29.080195934593817,-21.480883197913883,2.60092641045022,6.994959653564921,4.394033243114701,38.75612923231971,40.81734068482453,2.0612114525048213,7.626412388317149,6.06024752123808,-1.5661648670790695,0.45545283640521733,0.0,-0.45545283640521733,0.0,17.047256205778652,17.047256205778652
Louth and Horncastle,Lincolnshire,East Midlands,0.0,68.5,2.1892312,97.9154076999999,96.2199313,1.6954763999999072,0.6945277,0.1749265,0.0445,0.0766,0.1656109,0.1966,0.0404,0.9988406999999999,0.1946251,53.9478315,38.6885416,0.2867198,0.1397371,0.0621,0.0342,0.2173688,12.8780264961169,16.251255363827198,6.431919764526314,37.83325459985206,22.35518514918845,23.82398678200019,14.000000000000002,27.7198,21.4162,34.5595,10.5319659,18.3915397,70.0006853,67.10009748899955,60.50062480474851,72.45400820685998,37.5244734181028,-34.92953478875718,0.0,5.387379246541449,5.387379246541449,17.70953998390042,22.537059747412812,4.827519763512392,7.786700174739364,5.08616794681469,-2.7005322279246737,2.049751634500226,3.7866563394221044,1.7369047049218787,0.0,25.678263301706146,25.678263301706146
Lowestoft,Suffolk,Eastern,0.0,8.5,2.6832586,96.9762167,94.5489159,2.427300799999998,1.0534412,0.2157589,0.073,0.0751,0.27710209999999996,0.3680619,0.0328,1.2966684,0.30567150000000004,43.7677818,48.4880855,0.4198881,0.1935504,0.0783,0.0412,0.2887392,9.44569078332398,18.6239694960351,7.675969311569954,33.21533391689405,22.97513727882855,20.87782184258694,18.0,24.9218,18.4207,39.9319,14.3180968,19.889231600000002,65.3276313,61.40047079195866,56.300564028699505,60.917463535010796,29.7628156082632,-31.154647926747597,5.204248005993038,7.400057383320581,2.195809377327543,28.198122769135857,34.58301453710788,6.384891767972022,5.140351650288635,3.5601568477429226,-1.5801948025457127,0.5398140395716741,0.0,-0.5398140395716741,0.0,24.693955623565415,24.693955623565415
Luton North,Bedfordshire,Eastern,0.0,0.0,1.6013552,44.329848,34.6533627,9.676485299999998,37.5577728,5.6412249999999995,19.6578981,7.475271,0.39479939999999997,10.505809600000001,0.7645457999999999,4.4602825,3.1463003999999897,38.7654961,17.241587799999998,32.545462400000005,3.6136668,0.1028033,1.3727269,0.2643514,4.3856578486773,26.3393342419706,11.79775918631443,19.23421838284527,21.8981152104437,29.95448950322413,35.0,25.416100000000004,17.4675,30.446099999999998,15.709856499999999,19.640446100000002,63.9996,60.900325056680046,51.800205890610584,34.25655976676385,18.49787069299264,-15.758689073771208,1.8658892128279883,5.007097690024519,3.141208477196531,53.85736712267325,37.88101690540715,-15.976350217266102,4.626597891904014,4.878048780487805,0.2514508885837907,2.4355236600134558,21.693121693121693,19.257598033108238,2.958062345817448,12.04284423796619,9.084781892148742
Luton South and South Bedfordshire,Bedfordshire,Eastern,0.5,11.2,2.8164022,51.3935222,35.3319838,16.0615384,32.5943319,4.6348177999999995,14.9676113,9.7190283,0.394332,8.6987853,0.9991903,3.8834008000000004,3.4299595000000003,38.7954558,20.0981384,29.7314148,2.7222891999999996,0.1635641,1.1967708000000001,0.3141726,3.7007401480296,24.9465011370838,13.00244391901289,14.07538397345455,23.1264722436472,29.945175210022718,9.0,22.6521,16.587,31.887300000000003,16.149896599999998,34.753617399999996,48.3474473,64.20020213810874,49.70023437398837,35.20177383592017,17.5472877911521,-17.65448604476807,2.662971175166297,6.2555364493773125,3.5925652742110152,48.651884700665185,35.41503829920275,-13.236846401462437,0.4988913525498891,6.2529310614350475,5.754039708885158,9.665188470066518,22.13016518159554,12.464976711529022,3.319290465631929,12.399041217237247,9.079750751605317
Macclesfield,Cheshire,North West,0.5,10.2,2.2885997000000002,95.2088312,91.688029,3.520802199999995,2.0005732,0.7156832999999999,0.2615802,0.045,0.408065,0.6267461,0.1475312,1.5768051999999901,0.5869859,52.727291799999996,39.680447,0.7104666,0.48445659999999996,0.1433489,0.0774,0.3892394,6.53421633554083,18.666207622827898,6.454022559199204,30.11503697617084,13.669878034994278,40.66170097848341,17.0,42.431999999999995,19.6367,23.654700000000002,11.7067503,15.0017428,72.4363889,71.00001318061395,68.91366211523902,52.52195221564223,29.4590089407486,-23.06294327489363,4.288339799877476,4.722306410062131,0.43396661018465466,32.6377930829636,46.734353689953025,14.096560606989428,10.551914901516698,4.701469919684801,-5.850444981831897,0.0,1.8961206243370208,1.8961206243370208,0.0,12.486740415214427,12.486740415214427
Maidenhead,Berkshire,South East,3.5,8.3,2.1718647,80.383472,70.64959739999999,9.733874600000004,13.066802299999999,6.024778599999999,4.715795099999999,0.232239,0.7619741999999999,1.5297065,0.4433654,3.1812902999999997,1.8387186999999998,48.991401499999995,32.1503973,6.0986143,3.3127326999999998,0.3195655,2.1841771999999997,0.5422057,6.23380984361508,22.0918644682007,7.45624745624745,23.672306529449262,12.5235562128766,44.57551108036545,8.0,46.6055,18.8926,18.6482,10.7142857,18.1857431,69.9270844,69.30092012849131,67.00081206650957,57.39678673842165,37.616483538317866,-19.780303200103788,3.765172644066465,3.9659043493810726,0.20073170531460782,15.029265035157325,11.456615470206044,-3.5726495649512806,23.808775582354556,43.50374535556041,19.694969773205855,0.0,3.4572512865346026,3.4572512865346026,0.0,0.0,0.0
Maidstone and Malling,Kent,South East,0.5,13.9,2.6635659,87.4641465,78.637751,8.826395499999995,6.1419798,1.7007428000000002,0.4550636,0.4366772,0.5139001,2.3332353,0.2187983,2.6145473,1.4460911,48.0225054,39.9314174,2.3158108,1.9195764,0.1011271,0.17191610000000002,0.9358854,7.294240315524619,22.2882679250817,8.548147161349053,21.38257954217445,16.48661343353687,31.071498126911752,26.0,35.983900000000006,19.5071,28.0001,13.8696224,20.297837599999998,63.8061562,66.90057999562268,60.700312733077745,58.40063794548838,30.494298217249778,-27.9063397282386,3.8440305068804053,8.03423225333592,4.190201746455515,18.387960823603983,26.885684106145852,8.49772328254187,18.635369170057455,13.742482053935202,-4.892887116122253,0.7320015539697794,0.760956261182608,0.028954707212828557,0.0,20.08234710815064,20.08234710815064
Makerfield,Greater Manchester,North West,0.0,1.3,2.2063172,96.653634,94.4918376,2.161796400000005,1.1574702,0.2345961,0.2559231,0.0348986,0.2452596,0.6737402,0.12214509999999999,1.0401722,0.4750087,65.2839846,28.6262687,0.8336806999999999,0.2093896,0.0223,0.0213,0.22489989999999999,7.47655019741196,20.0919867235656,8.836618681983778,26.09330311049924,21.095034722633,24.684420362724342,21.0,27.6848,17.7252,36.3031,13.5925875,13.530969,72.44054949999999,59.00006535520554,52.32494671726361,34.28818290575568,10.875990363360902,-23.41219254239478,2.5831893304975853,4.4109976901870205,1.8278083596894352,45.265629846249276,45.207758984675756,-0.057870861573519505,4.7875404315654215,6.792837096093188,2.0052966645277666,0.0,0.9139905123810943,0.9139905123810943,13.075457485932029,31.79842535330204,18.72296786737001
Maldon,Essex,Eastern,0.0,46.6,1.7535847,96.0289579,93.17122450000001,2.857733399999995,1.3773581,0.48912720000000004,0.1070278,0.1900494,0.20305280000000003,0.6951586,0.033,1.5404005,0.35808450000000003,50.2300552,42.3711691,0.5891414,0.3200768,0.1930463,0.082,0.2780667,6.78180991794847,18.8162253259206,7.67367780574809,31.00728951669658,18.45891275345248,26.4155478900494,10.0,36.518,22.651699999999998,25.8305,10.357860500000001,11.7716008,77.0715721,69.90068854208698,63.700267116547174,72.23111872486221,38.87161172528641,-33.35950699957581,3.446670639058543,4.614674665436087,1.1680040263775435,12.643378519290929,19.696635300254812,7.053256780963883,11.678832116788321,11.801528861780461,0.12269674499214034,0.0,0.0,0.0,0.0,25.01554944724223,25.01554944724223
Manchester Central,Greater Manchester,North West,0.0,0.9,8.2056838,61.4009721,52.7108606,8.690111499999997,17.5272638,1.8813054,8.3331291,0.3708696,4.6317853,11.5255483,2.5977209,4.8049668,4.7412491,39.2778958,35.315308,15.9851331,1.0096389000000001,0.2785493,0.4762294,0.8642379,3.32389840881272,18.2849328871136,22.62746721390887,9.764045834470968,18.882516078369,40.669575849146625,12.0,29.9132,13.6019,25.964,24.873776,40.7569615,33.5736689,53.80045453941336,46.60042699950731,20.99802371541502,7.106356198867212,-13.891667516547807,2.8631422924901186,16.07803650094399,13.214894208453872,65.3903162055336,50.80931403398363,-14.581002171549962,6.049901185770751,7.680302076777848,1.6304008910070973,0.2643280632411067,6.343612334801763,6.079284271560656,4.434288537549407,11.98237885462555,7.548090317076142
Manchester Rusholme,Greater Manchester,North West,1.0,0.0,9.0973078,40.7886984,32.5086072,8.280091200000001,26.895168299999998,4.505571,13.1082656,3.2232996,2.9323261,17.666247900000002,4.9275728999999995,6.1221908,8.5276922,25.5812693,29.6250779,33.708647,1.6916223000000001,0.2195856,0.5503194,0.6867697,2.06095096266354,19.3989251756924,36.55769487213674,6.935283678849477,16.04953206277287,36.980787630181126,35.0,20.4551,10.6006,19.274,34.339431999999995,39.5011169,25.4095309,56.80069039669515,40.00027555041194,9.098607686368277,5.779630076120277,-3.318977610248,4.256644001095918,23.487066441635378,19.23042244053946,78.59224389150414,51.85134157682637,-26.74090231467777,4.0150439612443645,0.0,-4.0150439612443645,0.0,14.359521923328625,14.359521923328625,4.037460459787293,4.522439982089346,0.4849795223020532
Manchester Withington,Greater Manchester,North West,1.0,0.0,8.119830199999999,71.7291025999999,62.3607602,9.368342399999907,14.665494800000001,2.7419532,8.293968999999999,1.0469076000000002,1.0304294999999999,3.6801055,2.397012,5.6750522,4.2502472,31.375306200000004,44.6526855,14.1397607,1.3457546,0.7041867,0.4855702,0.5459918,3.25940058828205,17.368477792151698,20.86393821184869,14.077156910070551,10.778380905384,54.46069137469808,23.0,43.528800000000004,13.6051,15.431600000000001,15.017092000000002,33.9746137,50.3511143,69.50004187253998,59.10069395269792,11.260392818411857,5.46356425678752,-5.796828561624337,4.046672289834117,19.371690110469437,15.32501782063532,66.47387235409889,52.876758285207636,-13.597114068891251,15.670562718399808,12.968776209532482,-2.7017865088673254,0.0,4.620066617143131,4.620066617143131,2.548499819255332,4.699144520859792,2.15064470160446
Mansfield,Nottinghamshire,East Midlands,0.0,12.0,2.6406283,94.8919953,87.3855911,7.506404199999994,2.0004936,0.7320269,0.2269188,0.3209145,0.3028749,1.0064183,0.1405188,1.3966426,0.7044928,46.6641982,45.5040018,1.0823436,0.33324790000000004,0.0351,0.2145699,0.281979,7.882534775888709,20.882726898769597,7.894643553475826,25.53204060169909,24.33142033969191,21.91500731894328,18.0,23.894099999999998,16.2728,42.336200000000005,16.242163,19.0787182,63.962905000000006,63.90026499638641,54.94089644843817,64.33762697664676,30.576581400442965,-33.7610455762038,0.0,3.227298172171247,3.227298172171247,30.308932872552102,39.05858300679047,8.749650134238369,3.290396900198974,1.9446540268211359,-1.345742873377838,2.063043250602157,2.3511086231654783,0.2880653725633211,0.0,22.84177477060871,22.84177477060871
Melksham and Devizes,Wiltshire,South West,0.5,46.0,2.2720219,96.3097696,92.82127220000001,3.48849739999999,1.1642295,0.24894840000000001,0.0504,0.1287664,0.21890289999999998,0.5096525000000001,0.10301310000000001,1.5956306,0.4206369,49.460808,42.6331885,0.5010998,0.20709270000000002,0.0944,0.074,0.39809,12.609050243432199,18.8843768690779,6.9362516816723385,32.08113422332601,14.330234182043892,34.81566730891081,14.000000000000002,38.0471,20.0575,28.3656,14.9247461,13.011887399999999,71.0748091,77.60089062065127,69.6734249557763,57.79176529660713,34.43157627482765,-23.360189021779483,2.962484757191019,4.353260551139582,1.3907757939485625,11.9898142170576,8.958459465265706,-3.031354751791893,27.255935729144248,39.120754643282616,11.864818914138368,0.0,0.0,0.0,0.0,13.135949065484445,13.135949065484445
Melton and Syston,Leicestershire,East Midlands,0.5,41.5,2.1979718,89.4090771,86.0653913,3.343685799999996,7.650907599999999,6.6249801,0.178051,0.0901,0.2522389,0.5999118,0.1059827,1.6893647,0.6507339,47.7685337,39.0726512,0.9432463,5.1327434,0.0604,1.0343913999999998,0.2522389,8.52630269866931,19.7818166932743,8.108590819789233,28.71303549103143,17.72919133165183,30.10629536212488,10.0,33.144600000000004,19.6163,32.1202,10.0838246,15.983881799999999,72.6960674,66.70016189359683,61.6814657831907,63.2574489454302,38.11159918235985,-25.145849763070345,5.5385838634081015,8.013308398208151,2.4747245348000497,23.49347171074657,26.377593180533204,2.884121469786635,7.7104954804151316,5.538642195450789,-2.1718532849643424,0.0,2.5072848258165528,2.5072848258165528,0.0,19.45157221763145,19.45157221763145
Meriden and Solihull East,West Midlands,West Midlands,0.5,18.5,2.0106483,85.6786176999999,81.7211763,3.957441399999906,7.6363745,3.8327701,2.2085445,0.2494167,0.5762731999999999,1.8565452,0.2846166,3.6195591,1.2088663,51.783164000000006,35.1915921,3.4516745,1.9269838000000001,0.1448255,1.7710951999999998,0.2514332,6.580757257655829,22.3686299412605,8.751278118609388,27.791411042944702,18.18102098340119,34.81240212965863,8.0,37.9994,17.3509,26.4378,17.288896400000002,13.2007626,68.6487922,64.80059515901905,59.58002408367046,62.40108245520521,38.133303054388556,-24.267779400816657,3.19611300176309,6.651527194277279,3.4554141925141892,20.84546311861905,27.723401839445895,6.877938720826844,13.557341424412645,7.614397638242306,-5.942943786170338,0.0,0.0,0.0,0.0,19.877370273645965,19.877370273645965
Mid Bedfordshire,Bedfordshire,Eastern,0.5,70.7,2.1967548999999997,89.2604313,83.76663789999999,5.493793400000002,4.501013899999999,2.3910381000000003,0.5229769000000001,0.2619903,0.644436,2.1641806,0.22786130000000002,3.2573126,0.8170886,48.6192947,41.6048503,1.5488391000000001,1.0288789,0.1716471,0.9706594000000001,0.316192,6.68297675811968,22.6055425572572,8.277930336753844,23.57277063159414,13.01251347894777,36.89219349499712,8.0,41.9528,19.7727,22.4779,11.5460469,11.7507552,74.159323,71.50021592856247,65.8007452493668,60.46566000974184,34.0823441687995,-26.383315840942338,3.892839746712128,5.207472642631144,1.3146328959190159,20.506575742815393,31.42016484955966,10.913589106744269,12.50852411105699,8.198141915721166,-4.310382195335825,2.6264003896736483,3.772596279800891,1.1461958901272427,0.0,17.319280143487635,17.319280143487635
Mid Buckinghamshire,Buckinghamshire,South East,3.5,82.0,1.9485698,90.6878756,85.60385289999999,5.084022700000002,4.1350961,1.7659028,0.8783501000000001,0.1145229,0.2822172,1.5266317,0.16462670000000001,2.8671637,0.7832551,51.5608863,37.7700747,1.6237716999999998,1.4438071000000001,0.3169831,0.27199199999999996,0.563412,8.02117159733053,22.2211472412225,7.357605761695664,27.623051758237573,11.488693626395891,43.13894305031526,12.0,46.5175,20.7511,18.6475,10.6369378,12.8103505,75.14894269999999,75.10006786609603,70.00259504346698,61.451782453940204,37.34870530666716,-24.10307714727304,2.7239363369787726,5.453096328149617,2.7291599911708446,15.275805470003503,16.998758132379383,1.7229526623758797,19.683529129705107,26.464755055513333,6.781225925808226,0.0,0.8971103408648589,0.8971103408648589,0.8649466093724065,12.837574836425643,11.972628227053237
Mid Cheshire,Cheshire,North West,0.0,2.2,2.7203951,96.0225557,92.4476787,3.5748769999999994,1.7273588,0.5471157,0.12323379999999999,0.0807,0.3760756,0.3612688,0.1019866,1.352385,0.5364921,54.3131839,38.9673855,0.559864,0.3760756,0.068,0.0669,0.2454053,7.4111524897033005,20.7966707505999,8.227864283705346,23.38600393751111,17.40709768462865,30.36376940364815,18.0,33.0237,17.2207,33.6378,15.579450999999999,15.2958295,67.35640120000001,67.2000802269276,58.8371202993664,46.948216684077,22.95887638825315,-23.989340295823855,1.9634596115718335,4.738731359464213,2.775271747892379,41.63131302364253,44.465055771037605,2.8337427473950783,8.386807939113565,5.93847117492592,-2.448336764187645,0.0,2.7054373750271026,2.7054373750271026,1.070202741595071,19.19342793129201,18.12322518969694
Mid Derbyshire,Derbyshire,East Midlands,0.0,20.3,2.2880582,95.2361079,92.57571449999999,2.660393400000005,1.8387743,0.7500426,0.25569630000000004,0.0489,0.4488891,0.737541899999999,0.0659,1.8001023,0.387509199999999,49.764762000000005,42.2246466,0.6023001,0.3102414,0.0568,0.388654,0.2772853,7.64283306102336,18.6564139514984,7.779823116635049,30.316535411274458,14.83626551832218,35.87985990924081,11.0,39.331700000000005,18.4329,28.124399999999998,7.8321533,12.878964700000001,78.61199719999999,73.60025112721877,68.00017163453288,59.56341359388934,32.53475800853964,-27.028655585349696,3.8579349385444535,7.460614601518626,3.602679662974172,26.962894032802144,36.48486633153146,9.521972298729313,9.615757434764065,4.966030751109522,-4.649726683654543,0.0,0.978061964958038,0.978061964958038,0.0,17.57566834234272,17.57566834234272
Mid Dorset and North Poole,Dorset,South West,0.0,28.8,1.9473557999999997,96.839731,93.7834997,3.056231300000001,1.23386939999999,0.4193379,0.07780000000000001,0.1387283,0.29111929999999997,0.2827143,0.0494,1.2916448,0.35208,49.6489827,42.4720447,0.4540104,0.2890113,0.1576425,0.0305,0.3184379,11.0823087937589,19.0553162756913,7.437974747538564,33.683851316338256,14.84807588007517,31.36864144898654,12.0,37.6353,21.002000000000002,27.234399999999997,10.358191999999999,13.142758399999998,75.7263818,73.90005249061225,65.8002099695677,60.037882237237504,40.57438300278709,-19.463499234450417,2.8502740998415503,4.75623056105344,1.9059564612118893,7.252262917296519,9.221634285252655,1.9693713679561364,29.85958074562442,43.30492385991841,13.44534311429399,0.0,2.1428282909884073,2.1428282909884073,0.0,0.0,0.0
Mid Leicestershire,Leicestershire,East Midlands,0.5,33.8,2.1513424999999997,81.8889788,77.8856749,4.003303899999999,12.468516300000001,10.5381739,0.4761905,0.145612,0.5116096,1.5564738999999999,0.16135380000000002,2.6967729,1.3892168,43.1102846,39.0468038,1.7729764,6.8478999,0.0492,3.2448813,0.268603,7.00953564514972,20.752298317277802,8.186866248189279,27.13544181554796,17.14354702402511,32.9337196667874,21.0,36.2782,19.6606,28.1594,7.3181807,13.042231300000001,78.8628379,72.50026271542664,63.057742782152225,62.223470367619086,36.90946930280957,-25.314001064809517,4.127334988132553,7.105098855359001,2.9777638672264484,25.646368198865797,32.32882414151925,6.682455942653451,8.002826445382567,5.08636836628512,-2.9164580790974473,0.0,0.0,0.0,0.0,18.570239334027054,18.570239334027054
Mid Norfolk,Norfolk,Eastern,0.0,51.5,2.3002361,96.84359070000001,92.01954570000001,4.824044999999999,0.9263456,0.24743980000000002,0.0665,0.0749,0.17362370000000002,0.6581067,0.0125,1.22888199999999,0.3431129,50.2999491,41.836915000000005,0.4377073,0.1434765,0.1102066,0.040499999999999994,0.2661593,11.3942697208514,18.2860815682966,7.1369753579548885,32.700792724144215,20.72599386098995,24.53615678087214,13.0,30.1143,21.485699999999998,33.5777,11.6201419,16.8250227,70.7642828,69.10088644997889,61.100682934621986,64.42476074119324,36.538335838943716,-27.886424902249523,0.3135817552433313,6.226986513279735,5.913404758036404,22.909794339238445,29.884306163801554,6.974511824563109,10.439828955406231,6.810902673377345,-3.6289262820288863,1.9120342089187539,0.0,-1.9120342089187539,0.0,20.53946881059764,20.53946881059764
Mid Sussex,West Sussex,South East,1.0,11.1,2.8701116,91.7965339,85.5463073,6.250226599999998,3.9574377000000003,1.8770897000000002,0.1382156,0.46342880000000003,0.39635349999999997,0.8526509,0.1493948,2.5671513999999998,0.8262446999999999,47.730159900000004,42.5979939,1.2205409,1.2063131,0.20122159999999997,0.0772,0.4227685,6.817292644757431,22.2666640965341,7.056154141817399,25.94323831723545,11.33757317520325,40.44075811407113,14.000000000000002,45.074,19.7016,20.9394,11.3703052,15.312011,71.9116784,73.30001661221552,70.20075034555387,51.2833103552475,27.14146414641464,-24.14184620883286,4.115280741845927,3.840384038403841,-0.2748967034420864,17.99845133996865,17.62113711371137,-0.37731422625727973,25.475457515722677,39.63396339633963,14.158505880616953,1.127500047215245,0.6600660066006601,-0.46743404061458493,0.0,11.102985298529854,11.102985298529854
Middlesbrough South and East Cleveland,North Yorkshire,North East,0.0,27.6,2.1381187,96.4278398,95.298077,1.1297628,1.6481507,0.5194299,0.586523,0.039,0.14608970000000002,0.4480473,0.1644861,1.1135279,0.36251880000000003,53.955783499999995,38.7278295,1.166553,0.2142648,0.0249,0.16989690000000002,0.1915398,9.57721753547569,20.1614077417476,8.357649020425173,29.477125885785682,20.89990089197225,27.5586389164189,20.0,27.660800000000002,16.0473,35.7851,19.0217259,14.3303017,65.96522879999999,64.30019994287346,54.100762403277194,57.859316349421405,42.73432364927041,-15.124992700150997,2.232192434977678,3.8017615354278953,1.5695691004502175,34.984341336650154,43.29696332325489,8.31262198660474,4.04904160095951,5.342447745497568,1.293406144538058,0.5908091419940918,4.824503746549231,4.233694604555139,0.284299135997157,0.0,-0.284299135997157
Middlesbrough and Thornaby East,North Yorkshire,North East,0.0,0.0,3.7305901,78.06698469999999,74.63961420000001,3.427370499999993,13.299023699999902,2.2992842,8.159764299999999,0.5227278999999999,0.5820063,3.3231840999999998,1.2107168,2.2947934,3.0160141,43.1559755,36.0389085,13.1051393,1.1837827,0.029599999999999998,0.5074638,0.3529792,6.846850752091551,23.5889059380619,12.827129037830359,18.824494731387002,25.633615449895643,24.60262850065368,32.0,18.3676,13.0933,36.3659,24.7171529,25.506090399999998,49.0333348,52.400535311010124,45.80027687556573,24.339567426640773,17.9440230185718,-6.395544408068972,1.4711750778153183,4.423518470078763,2.9523433922634448,53.97855755673202,47.193884965268694,-6.784672591463327,2.636409587911357,3.0139215857238355,0.3775119978124786,11.391630530208307,6.9462609352747995,-4.445369594933507,6.182659820692224,20.478391025082104,14.295731204389881
Milton Keynes Central,Buckinghamshire,South East,1.0,0.9,2.9098398000000003,65.5350969,53.8961039,11.638993000000001,15.0622327,6.9346198,2.5815066,0.7717497,1.4862738,12.4068098,0.6501454,4.4349776,2.5608418,42.9155043,34.9984501,8.0911165,5.8918906,0.13352730000000002,0.8885921999999999,0.591335,4.8157711381614,24.6332379691078,9.535644592875913,14.91898294224435,14.946829661198398,38.7791723167586,14.000000000000002,36.3699,15.8605,28.4795,20.4110908,24.7248806,46.6463102,68.6002423484345,58.6531490015361,47.54985754985755,27.065306207965804,-20.484551341891745,2.4634377967711303,6.758993484045339,4.295555687274209,38.14434947768281,42.34113432085315,4.196784843170342,10.42545109211776,10.33124515493725,-0.09420593718050974,1.4169040835707503,0.4190324540635672,-0.997871629507183,0.0,13.084288378134886,13.084288378134886
Milton Keynes North,Buckinghamshire,South East,2.0,18.3,2.8311068,79.9039903,72.5708319,7.333158400000006,9.0359632,3.3744301999999995,2.8955242,0.42469029999999997,0.5511938,6.0892352,0.2921628,3.5441054,1.42667819999999,42.359591200000004,41.917833,5.6504889,2.9758439,0.1505994,0.4357342,0.3775025,6.16883116883116,23.311053787363,7.862751963187107,23.587005451908148,15.360018199972188,35.3395432312534,9.0,38.1212,18.2641,26.914700000000003,14.804702899999999,18.2949626,62.317985099999994,68.40062331775039,65.0007775719961,51.638223842266584,30.206407551601888,-21.431816290664695,3.10454809046475,7.05135176283794,3.9468036723731896,38.53450418358048,42.016660504165124,3.482156320584643,6.722723883688178,7.3188768297192075,0.5961529460310295,0.0,0.0,0.0,0.0,13.406703351675839,13.406703351675839
Mitcham and Morden,London (Merton),London,0.5,0.0,3.0520266,52.0886863,34.3910085,17.6976778,21.0613919,4.478757600000001,5.963866100000001,1.4608684,1.1481715,15.7140318,0.8912266999999999,5.8741779,5.261712,47.6341688,24.025953,12.692910600000001,7.1387016999999995,0.1567525,0.3038089,0.8314345000000001,3.49589505621988,21.8964970676811,10.12369230144798,16.00288175665389,18.13672111312765,40.05041338979633,15.0,31.7544,19.7896,25.7118,18.4994311,27.019610500000002,53.0508891,67.2007184319442,58.60073032398415,26.711599171072763,13.974146503148823,-12.73745266792394,2.246625220304844,10.241962214119987,7.995336993815142,57.46518699281468,55.43033918903989,-2.034847803774788,10.830282958573004,8.003535520936914,-2.82674743763609,0.4183371099877985,3.2129046514197324,2.7945675414319338,2.327968547246916,9.13711192133466,6.809143374087743
Morecambe and Lunesdale,Cumbria; Lancashire,North West,0.0,50.4,2.3152269999999997,97.51286689999999,94.0481156,3.4647512999999908,0.8828832999999999,0.1983622,0.09659999999999999,0.0498,0.2176898,0.2919554,0.0895,0.9073800999999999,0.40484509999999996,57.2374578,35.3857265,0.43129759999999995,0.1118932,0.0692,0.06,0.32449039999999996,9.57946054310187,18.779493242227698,8.959255924112131,33.371162125155664,17.01857747526866,31.803710615874408,12.0,31.8065,20.2785,31.782100000000003,7.1441589,19.1839803,73.0134864,73.2003104160364,62.90033374779137,53.60813627542586,28.68973553340685,-24.918400742019013,1.2650039531373536,4.346740464845294,3.0817365117079407,28.113994106231583,40.78944630558272,12.675452199351138,15.613095665923957,9.923219376183441,-5.689876289740516,0.9846905771580536,0.0,-0.9846905771580536,0.4150794221231941,16.25085831998169,15.835778897858495
New Forest East,Hampshire,South East,0.5,31.5,1.9991803,96.6852471999999,93.4795541,3.2056930999999067,1.1258434,0.347008,0.049600000000000005,0.0903,0.2368467,0.5386886,0.0386,1.2833788000000002,0.3668806,49.3869457,43.3919031,0.3040485,0.1916827,0.1156706,0.0738,0.2919306,10.586511771358,18.4422855260991,7.141799582744457,33.10316979608315,15.953775568219381,29.65054012243657,14.000000000000002,35.1355,20.4316,30.1945,11.6788321,13.6064562,74.0824509,68.8008019941476,63.794076163610725,64.52368763044933,38.4965730709706,-26.027114559478733,4.79265939432127,6.893654653990715,2.1009952596694443,14.803292245894536,19.714791067875304,4.911498821980768,14.551254282676329,15.914216228167147,1.3629619454908184,1.3291064466585278,2.0760557152332524,0.7469492685747245,0.0,16.90470926376299,16.90470926376299
New Forest West,Hampshire,South East,0.5,30.1,1.8861215,96.8732258,92.9195732,3.9536525999999914,1.2740215,0.3082027,0.031799999999999995,0.11057650000000001,0.2599725,0.25524329999999995,0.0588,1.2351633,0.3622973,54.039714800000006,37.817330500000004,0.3693857,0.1294026,0.151754,0.0224,0.318801,10.574784003310999,15.487938274073402,6.198766926920232,40.96140731771806,16.25565904832246,32.76435107299659,11.0,37.0755,23.093700000000002,26.415300000000002,9.8916164,15.080576400000002,74.22851080000001,70.80066992245226,67.5004006001719,63.83532779390132,35.41877980879211,-28.41654798510921,7.728700353834532,6.042687269352785,-1.686013084481747,13.109768218502763,23.33340527008654,10.223637051583777,15.32620363376138,17.666227852472108,2.3400242187107274,0.0,1.186956427908583,1.186956427908583,0.0,16.351943371387875,16.351943371387875
Newark,Nottinghamshire,East Midlands,0.0,47.0,2.5438386,96.1327297,90.5884145,5.5443151999999944,1.26114809999999,0.46924669999999996,0.1408692,0.0847,0.2588947,0.5777230999999999,0.1189774,1.5524167,0.4759095,53.0606029,39.5589229,0.6215437,0.22082410000000002,0.08850000000000001,0.1446779,0.2617527,9.199824137173,19.2501114011076,7.750436398445847,30.116560617151823,17.10705654628961,32.65528181516224,15.0,35.505700000000004,18.8736,29.4754,11.9913829,16.357081700000002,70.6601305,72.40036077959765,67.00046372306959,63.07436763139365,39.22258179165342,-23.85178583974023,3.110838283351689,4.386539216970014,1.2757009336183254,23.90091537725459,32.5408256794927,8.639910302238107,9.56542148879701,5.660412652687106,-3.9050088361099045,0.0,2.7011354495968876,2.7011354495968876,0.3484572192030621,15.488505209599882,15.14004799039682
Newbury,Berkshire,South East,2.0,25.2,2.5369872,92.670217,85.90153190000001,6.768685099999994,3.5819612000000003,2.0224052,0.2119685,0.2764807,0.46080119999999997,0.9574425,0.19763250000000002,1.9978289999999999,0.792578,48.437372,41.7076268,1.1253789,1.5278119,0.1300483,0.1464324,0.3266568,7.93635346211863,21.351057787167,7.7288565093443,25.00095026924282,14.81364497789008,36.10233733417562,10.0,40.211999999999996,18.8017,26.810499999999998,15.780254,18.882292800000002,63.7000633,71.2004805274627,68.0008338544924,55.080339801063346,35.291232372777436,-19.78910742828591,3.9767711051382157,5.546699366441856,1.56992826130364,7.708304722293069,7.484161046392806,-0.22414367590026263,32.59696690274862,40.14919272430002,7.552225821551403,0.6376174687567441,0.580421009605559,-0.0571964591511851,0.0,10.948293480482322,10.948293480482322
Newcastle upon Tyne Central and West,Tyne and Wear,North East,0.0,0.0,4.7948966,72.57687010000001,66.5351078,6.0417622999999985,16.922135599999997,2.440722,4.9487533,4.6198562,2.4231299,4.3184948,1.7683953,2.0873489,4.0951507,41.4397601,35.552683099999996,14.6178792,1.2971915,0.11472800000000001,0.5537539,0.47497399999999995,6.48837118703494,20.8973391608889,21.226546681664672,17.29853768278962,23.29679898536733,27.83803736725538,24.0,20.5908,13.430900000000001,29.956300000000002,31.2873756,22.9386213,44.950036,63.00062823935919,53.80002081490347,26.56902461826114,10.223673074597993,-16.345351543663146,3.0372909525293443,7.805585781646718,4.768294829117373,59.25002596862989,45.641397654455325,-13.608628314174567,2.9708112599979226,4.705597872083183,1.73478661208526,0.0,12.726393422802563,12.726393422802563,8.172847200581696,18.897352194414218,10.724504993832522
Newcastle upon Tyne East and Wallsend,Tyne and Wear,North East,0.0,0.0,5.2455334,88.4416867,83.9962055,4.4454812000000015,5.0903363,1.4942909,0.8389612,0.48388219999999993,1.1078814,2.7562138,0.6927522,1.9625079,1.7492864000000001,42.211295799999995,46.4441737,3.4096249000000003,0.8954834,0.09920000000000001,0.2950135,0.39074060000000005,7.301024428684,18.0189638220933,18.46085047564831,19.07980323603541,19.97004960534115,29.99719215050073,19.0,24.8297,14.661399999999999,31.6705,32.0941686,20.6343578,46.591804599999996,65.00013009653162,55.500039342198434,23.651502111562557,8.3221095909832,-15.329392520579358,3.8488481476292455,12.42172916518986,8.572881017560613,59.26385525288713,50.09333427849059,-9.170520974396545,8.328162840501971,7.00597811960965,-1.322184720892321,0.0,2.348715767585832,2.348715767585832,4.90763164741909,19.808133078140873,14.900501430721782
Newcastle upon Tyne North,Tyne and Wear,North East,0.0,0.0,4.3950149000000005,86.9616382,82.3593895,4.6022487000000005,7.1000927,2.5709494,1.352934,0.7364307999999999,1.3735466,1.45408799999999,1.1140156,2.4163552,2.06781529999999,42.4993676,44.134319,4.2059008,1.5506273,0.30637770000000003,0.4516026,0.41412519999999997,7.05895341134908,18.136381454688,20.390261952180342,21.15206721298983,12.36125859274577,44.03733303526519,38.0,39.1637,14.085600000000001,19.1912,16.576501,22.065935,60.8254025,70.80015168752371,65.00033424694163,31.780654932308888,13.735935989468704,-18.044718942840184,4.050385091332212,10.35645967459942,6.3060745832672085,44.38246864783998,50.27048151881029,5.888012870970314,14.027667473172894,12.209720879527737,-1.817946593645157,0.0,1.2238517391036057,1.2238517391036057,5.758823855346028,12.20355019849024,6.444726343144211
Newcastle-under-Lyme,Staffordshire,West Midlands,0.0,17.9,3.3351389,91.55317819999999,88.18501810000001,3.368160099999995,4.5834723,1.7244533999999998,0.9192779,0.28417960000000003,0.6006522999999999,1.2572794,0.20452320000000002,1.7610523999999999,0.8450037,50.954790100000004,39.1216362,2.1829925,0.6781485,0.058100000000000006,0.23250810000000002,0.4467169,7.20842063254514,18.5276454752536,14.636657092748381,25.116284980809688,19.59555314813382,28.54987232066857,12.0,28.541800000000002,16.7083,33.423199999999994,18.7967674,15.4594433,64.935648,67.6005880421906,58.40003537787998,52.80070941452188,27.570801150991976,-25.229908263529907,2.155691151320651,4.67211873390883,2.516427582588179,35.35037898781749,40.36549043364128,5.015111445823784,5.637311825686718,5.015397041748701,-0.621914783938017,0.0,0.0,0.0,4.055908620653253,22.37619263970922,18.32028401905597
Newton Abbot,Devon,South West,0.0,18.6,2.6015599,97.5908311999999,94.872097,2.718734199999895,0.8333956,0.1414003,0.0257,0.1006941,0.194961,0.164994099999999,0.0611,1.1419145,0.2689156,46.9819506,45.1416635,0.3288522,0.09,0.0707,0.0268,0.35884530000000003,10.8295153122739,17.2959651173812,6.69977714103787,33.63514804202473,16.17209928609537,30.47051650110515,18.0,33.053,21.4729,31.3521,9.7101659,18.287037,70.5970293,71.80042195248924,65.00074492435631,55.55619156649494,26.99408234705784,-28.562109219437097,2.871589391337531,4.340306717786298,1.468717326448767,17.719900782293454,14.8253875645941,-2.8945132176993535,22.249570692615915,31.674029004834136,9.42445831221822,1.602747567258157,4.4674112352058675,2.8646636679477107,0.0,17.698783130521754,17.698783130521754
Newton Aycliffe and Spennymoor,County Durham,North East,0.0,51.1,2.5097565,97.8194548999999,96.0314437,1.788011199999906,0.8612337,0.2644999,0.0667,0.029599999999999998,0.22958589999999998,0.2963019,0.0995,0.7194396,0.30369389999999996,54.034237600000004,39.7266071,0.37771380000000004,0.1195565,0.0434,0.12907870000000002,0.1766897,9.955645439294,20.0468659653678,9.419287717116859,26.75564916198273,21.35282941357708,25.96025469857245,17.0,26.581599999999998,15.9222,38.3819,22.3864133,15.9216785,61.2598534,60.800448587649825,55.09145962088846,46.14497832703127,20.566681724639864,-25.578296602391404,1.4848289218850872,4.268935401294986,2.7841064794098984,38.28737434289403,46.1627264970135,7.875352154119469,5.395185834178733,3.741906339406716,-1.653279494772017,0.9084201789172738,1.2799277217286553,0.37150754281138154,7.779212395093609,23.979822315916277,16.200609920822668
Normanton and Hemsworth,West Yorkshire,Yorkshire and the Humber,0.0,52.3,2.4773082,96.8541903,91.9927374,4.861452899999996,1.01850669999999,0.2738024,0.2582675,0.00971,0.23496509999999998,0.7097861,0.0291,1.0932676000000001,0.3242628,51.5990291,41.6776699,0.6223301,0.1543689,0.0408,0.1145631,0.168932,7.88468452273953,21.0225516007232,8.30654249955513,25.44872175099347,26.84518129770992,21.95729961832061,13.0,24.799599999999998,15.787499999999998,42.2547,22.0614341,14.3226299,62.7912725,57.50066295412357,48.10041154441636,31.434039707611777,13.741781066879419,-17.69225864073236,1.803214425715406,5.9066274175355575,4.103412991820152,39.55081052413125,47.525378965033426,7.974568440902175,4.222104365070215,3.6287105559987896,-0.5933938090714252,7.750132589296009,0.0,-7.750132589296009,15.239698388175341,29.19750199455281,13.957803606377468
North Bedfordshire,Bedfordshire,Eastern,0.5,54.7,2.3563382,89.5871103999999,83.8941823,5.692928099999905,3.97344,2.0610841,0.4836063,0.3905313,0.3137684,2.3652570999999902,0.1161039,3.325753,0.7484384000000001,47.856875599999995,42.3481774,1.5458131,0.8731781,0.1851905,0.844392,0.355988,7.1195449459157,21.609456736723402,7.786174941344294,25.1235011849039,13.687837918127272,35.81724199393975,11.0,40.9927,20.240099999999998,24.073700000000002,12.4160761,13.136423,72.3703842,73.60039810898233,65.50006986877374,61.13661435536102,38.75215763852524,-22.38445671683578,2.8201843350770432,5.870716239017862,3.050531903940819,19.09006796911142,28.251973390741064,9.161905421629644,13.172129105725775,10.769767847791936,-2.4023612579338387,3.5995160314579557,0.0,-3.5995160314579557,0.18148820326678766,16.355384883923897,16.17389668065711
North Cornwall,Cornwall,South West,0.0,72.6,2.2399826000000003,97.3234074,94.11029090000001,3.2131164999999915,0.566843,0.0988,0.0303,0.0535,0.1290895,0.121,0.0363,1.1254992,0.8632797,48.0536507,43.7121823,0.2430415,0.057499999999999996,0.0736,0.0101,0.3045583,10.564016969191101,18.6815693430657,7.089456674187447,33.48252942252572,17.584350061852668,27.950129769325933,16.0,27.750000000000004,23.821,33.0172,13.530993599999999,19.7575224,65.5941397,72.10074398016053,66.90014137000385,59.06577657784271,27.1578138507348,-31.90796272710791,0.1867707158311297,2.5645951397560274,2.377824423924898,9.617767257799064,5.682451253481894,-3.935316004317171,29.87961610296429,47.84170588800307,17.962089785038778,1.2500693455628087,0.5321294784362693,-0.7179398671265393,0.0,16.22130438958794,16.22130438958794
North Cotswolds,Gloucestershire,South West,1.0,58.2,2.2859315000000002,95.7963987,91.0740203,4.722378399999994,1.3636914999999998,0.5523904,0.10073,0.060700000000000004,0.2523666,0.6390399,0.0498,1.8261378000000001,0.3747356,53.7613327,38.631514,0.342284,0.34120079999999997,0.1418962,0.09970000000000001,0.3260363,10.1979902497263,19.8973915193472,6.951410859891452,30.911592972708778,13.201484609634228,39.761832942071365,9.0,40.921,21.8999,23.4383,12.6100582,15.6444312,69.952246,71.60095293139176,68.60010925976509,59.33888527946765,34.693105576459814,-24.645779703007832,5.7960742622014845,6.352903701049195,0.5568294388477106,16.51999291240919,17.107646976846045,0.5876540644368546,18.00051188155848,28.00971550299628,10.009203621437798,0.0,0.8919150291664177,0.8919150291664177,0.34453566436319966,12.94471321348225,12.600177549119051
North Devon,Devon,South West,0.0,53.8,2.3408319,96.98517749999999,94.2522208,2.7329567,1.1509842,0.32856040000000003,0.09129999999999999,0.0882,0.1936884,0.32951949999999997,0.0832,1.1905244000000001,0.3438174,46.6783625,45.1166706,0.43707090000000004,0.177465,0.09129999999999999,0.051699999999999996,0.3305919,10.5123040951917,18.549327221355,7.391504742498108,32.50733813647718,17.75798720101224,28.539796092172182,21.0,29.478199999999998,22.8504,32.65,11.137089699999999,20.401407499999998,67.31793139999999,72.7005179720609,65.00006320872787,56.63626059264857,29.32104167882218,-27.31521891382639,3.164750544250733,4.566583036738821,1.4018324924880883,9.170399956819777,6.254740649979579,-2.9156593068401984,29.98506683938756,42.43732617616742,12.452259336779857,1.043522066893363,1.5948032751813601,0.5512812082879972,0.0,15.825505183110645,15.825505183110645
North Dorset,Dorset,South West,0.5,59.7,1.9665406,97.2325967,93.6827077,3.549888999999995,1.1615405,0.1524308,0.012899999999999998,0.0988,0.2071771,0.2908815,0.044000000000000004,0.9671845,0.3477882,52.681015499999994,38.5164511,0.290913,0.2748108,0.11378880000000001,0.037599999999999995,0.47447799999999996,12.5158878504672,18.479214539377402,7.118696186961849,34.55309553095524,15.395364340290241,30.938157017588843,14.000000000000002,35.0469,22.653599999999997,28.195999999999998,11.8451877,16.1989733,70.9863929,74.10015107205722,68.4009086528533,63.753179709711205,36.64835054243906,-27.104829167272143,3.946580876851713,4.190568202403236,0.24398732555152325,11.931393086937005,8.795765151057706,-3.135627935879299,20.368846326500076,33.450073465773,13.081227139272926,0.0,1.0265080611074209,1.0265080611074209,0.0,15.888734577219571,15.888734577219571
North Durham,County Durham,North East,0.0,26.2,2.4922831,97.600236,96.2460644,1.354171599999998,1.0887835000000001,0.3738141,0.1168827,0.0758,0.2874683,0.2411496,0.1379427,0.7634231,0.306422299999999,53.434768899999995,40.6254607,0.4969991,0.11687900000000001,0.0263,0.2463936,0.2263873,8.803185437997719,18.9062580083029,8.922905790597998,28.117455221144887,20.71392276422764,26.289380081300813,17.0,27.960099999999997,17.2077,35.3251,19.8421005,15.9173644,63.86512559999999,65.40056099062735,56.57950260675442,34.43031089166911,15.618910140743413,-18.811400750925696,2.6130800451901757,5.692289185612895,3.0792091404227198,43.68592828151805,39.846024299290264,-3.8399039822277885,6.364283024394327,10.123902321664863,3.759619297270536,2.2239424243692207,3.002526163839769,0.7785837394705482,10.682455332859115,25.71634788884879,15.033892555989675
North East Cambridgeshire,Cambridgeshire,Eastern,0.0,23.5,2.4483685,95.9194229,85.9136647,10.00575819999999,1.2024797,0.3777047,0.083,0.0703,0.2391154,0.7944486000000001,0.045899999999999996,1.3780853,0.7056632,52.073512300000004,39.9154784,0.6656321,0.207888,0.10736000000000001,0.108336,0.233264,9.48891863076469,19.7528981086028,7.594801368561106,29.115187226762917,25.80276310826103,19.0399849113542,17.0,24.1289,19.0217,40.137,12.6602092,19.9510015,66.810335,63.00022609088853,54.800039166864835,73.86954961421137,41.46926689810088,-32.40028271611049,3.3711645433339315,5.107719011639779,1.7365544683058478,16.04835815539207,20.441086379415967,4.392728224023898,6.7109276870626235,6.932816009801919,0.2218883227392956,0.0,2.930365529916275,2.930365529916275,0.0,23.118746171125178,23.118746171125178
North East Derbyshire,Derbyshire,East Midlands,0.0,30.3,2.0376988,97.2739062,95.5916875,1.682218700000004,0.9660609,0.3148022,0.1319789,0.013,0.2304222,0.3840747,0.021599999999999998,1.1661744,0.20983220000000002,50.7956426,42.424898,0.3775381,0.1254854,0.059500000000000004,0.1471209,0.2098636,7.42516118208182,18.6742515345763,7.235344794332062,30.552519576705926,19.65977940034177,27.584019470767963,19.0,31.704700000000003,19.3338,33.3929,18.3644121,10.3159005,70.59584869999999,68.40068014985415,62.21649484536083,58.40053355969199,34.53102516024942,-23.869508399442573,2.665777400513349,4.951380107269001,2.285602706755652,32.32482467309364,38.35302838704051,6.028203713946873,6.141999636209301,4.707190511489992,-1.4348091247193082,0.0,0.235468538786901,0.235468538786901,0.4668647304917238,17.221907295164172,16.755042564672447
North East Hampshire,Hampshire,South East,1.0,39.3,2.1153941,93.1266662,87.7154404,5.411225799999997,3.1360197,1.2906613,0.1901819,0.1406553,0.5517255000000001,0.7924244,0.1119299,2.2811918,0.6636554,50.2208883,41.1605056,0.7201157,0.9687389,0.1248068,0.3149887,0.45960619999999996,9.08205265593414,21.148762775429102,7.427174478693907,26.44229023708367,10.52547477106509,43.34583000430213,6.0,48.847699999999996,19.1844,18.2467,9.2062642,13.7387661,75.1430868,77.40060577946353,72.20085247946773,61.91433104177684,36.97624190064795,-24.93808914112889,2.9966508020447735,2.564794816414687,-0.43185598563008654,10.237969328397673,9.10187185025198,-1.1360974781456932,22.37087960514719,38.117350611951046,15.746471006803855,2.4801692226335272,1.2293016558675307,-1.2508675667659965,0.0,12.010439164866812,12.010439164866812
North East Hertfordshire,Hertfordshire,Eastern,0.5,37.8,2.3503298999999997,91.0156415,85.6960794,5.319562099999997,3.6521063,2.0770503,0.1731686,0.1439829,0.46891720000000003,1.6820702,0.13522720000000002,2.89716899999999,0.7529916,46.6498682,43.4743693,0.8259799,0.765661,0.3045132,1.2482123,0.4290426,6.02799953719773,21.038264314758802,7.46035747296145,27.00013204172511,14.54229154169166,37.36292741451709,9.0,41.0663,19.7457,24.5306,19.007729,13.125376,66.61498590000001,72.00005205418842,67.60026772383257,56.560088202866595,31.292840822543795,-25.2672473803228,4.278200516926637,7.239146991622239,2.9609464746956027,23.68463860321362,34.954303122619955,11.269664519406334,15.477072676993151,10.401751713632903,-5.075320963360248,0.0,0.0,0.0,0.0,16.111957349581115,16.111957349581115
North East Somerset and Hanham,Somerset; Gloucestershire,South West,0.5,33.8,2.6530016,95.9307905,92.6151528,3.315637699999996,1.3751906,0.44899370000000005,0.10675369999999999,0.0774,0.3380535,0.568324,0.0691,1.8137670000000001,0.3119124,45.8359063,46.2597993,0.49297179999999996,0.1936301,0.0848,0.1276912,0.2721288,7.63964603564999,19.7230519713813,9.741065149287131,28.539095965731008,14.80023367453202,32.23946559650504,13.0,37.0928,20.9717,26.672800000000002,11.219574,11.4731237,76.3032454,78.60006842285323,69.20005414185165,54.729529745634345,30.161369193154037,-24.568160552480308,2.3852220693977753,6.3022004889975545,3.916978419599779,26.19565785121089,40.56528117359413,14.36962332238324,15.016452809164823,7.585330073349633,-7.43112273581519,1.673137524592162,0.8645476772616136,-0.8085898473305484,0.0,14.521271393643032,14.521271393643032
North Herefordshire,Herefordshire,West Midlands,0.0,79.7,1.9799408,97.58488679999991,93.2725968,4.3122899999999085,0.8559228,0.3191431,0.0387,0.0155,0.1590194,0.20980320000000002,0.07730000000000001,0.9408646999999999,0.40859039999999996,56.0874607,35.7948208,0.2948484,0.1479764,0.0928,0.0541,0.3622108,11.2500312570328,16.9773082520347,6.381790796717561,36.1470343824659,17.10232292262121,34.67884425505379,8.0,34.8984,23.4517,27.491799999999998,11.2650346,18.1990948,69.218074,76.80028228652081,69.20043420311363,62.501608071600536,31.456256701481276,-31.04535137011926,8.793854409791777,43.15952503871967,34.365670628927894,15.23532979251282,6.3639251816846025,-8.871404610828218,13.469207726094867,2.851356181247766,-10.6178515448471,0.0,0.1886342877566419,0.1886342877566419,0.0,15.980302609110042,15.980302609110042
North Norfolk,Norfolk,Eastern,0.0,85.2,2.5237888,98.1015632,95.6847189,2.416844299999998,0.5415222,0.10578359999999999,0.014899999999999998,0.025300000000000003,0.1448775,0.17469999999999902,0.0287,0.9543520999999999,0.22761919999999997,52.3272928,39.4570417,0.17132740000000002,0.077,0.13338239999999998,0.0138,0.3679514,11.0417783844391,14.6487363250468,5.792843183502919,42.05135116921616,20.38063978188652,26.72419497862541,13.0,29.901899999999998,23.6236,32.6482,12.713000699999998,17.3789035,69.210892,72.9007903405958,61.73297989606845,58.463597222760946,35.930956784218694,-22.532640438542252,0.08727357356192544,2.9887549688582786,2.9014813952963534,7.718862728365851,6.117807112641626,-1.601055615724225,30.35762771032931,41.42592946878388,11.068301758454567,0.0,0.0,0.0,3.3726387649819634,13.536551665497523,10.163912900515559
North Northumberland,Northumberland,North East,0.0,69.6,2.1929879999999997,98.16564410000001,96.2802495,1.885394600000001,0.6727815,0.1676446,0.1066829,0.098,0.144784,0.1643487,0.0523,0.7369829999999999,0.2602228,56.7055647,36.853392,0.37882089999999996,0.0642,0.0697,0.1088566,0.2699643,11.199211785680701,15.8185345470825,6.196976220021771,36.77159571504536,17.50719543567408,32.73350143908714,22.0,32.6915,19.752,31.649699999999996,16.6909074,17.385286699999998,65.3279535,72.70070577856198,65.90075017540073,55.9290860826697,26.181847961836908,-29.74723812083279,3.399696624952598,3.568576868742706,0.1688802437901078,23.115282518012894,36.55590360952439,13.440621091511499,16.08646188850967,10.58288802899085,-5.503573859518822,0.0,7.3705546342362265,7.3705546342362265,1.4694728858551382,15.740228896668917,14.270756010813779
North Shropshire,Shropshire,West Midlands,0.0,68.2,2.0790835,97.4421928,93.39937590000001,4.042816900000001,0.9232198,0.25162219999999996,0.08220000000000001,0.0812,0.2615286,0.33084,0.0476,0.9757790000000001,0.327950699999999,57.0718128,35.8806455,0.4339082,0.1297762,0.0476,0.11986959999999999,0.21497280000000002,10.6006579401412,18.776450991216002,7.714411761199004,31.59451048659206,17.77005550547939,29.904170027041133,13.0,31.3871,20.6754,32.5731,13.0207734,16.9891187,69.2056408,67.8007652895778,63.900735720452,61.69386466683247,21.984514255756746,-39.70935041107572,3.288630406917794,2.488204218252208,-0.8004261886655861,22.39291385280557,6.902044602169617,-15.490869250635953,10.441736335635438,52.85720046779853,42.41546413216309,2.1828547378087277,0.2681776021292898,-1.9146771356794379,0.0,15.499858853893617,15.499858853893617
North Somerset,Somerset,South West,0.5,26.0,2.1921058,96.11763549999999,91.8542575,4.263377999999995,1.3117680999999901,0.4298405,0.06470000000000001,0.1326668,0.31946169999999996,0.3937111,0.0838,1.7522632,0.4244884,48.177158,44.1865402,0.48396849999999997,0.2165122,0.0849,0.0605,0.31946169999999996,8.65898504535425,19.6047108939422,7.0557525226945,32.452825287983174,12.49242434011167,39.573957782620475,13.0,43.575900000000004,19.870099999999997,23.2231,7.5653943,14.182049999999998,77.5538722,76.90039894516194,72.20013965730246,53.480233539673605,34.40650225049288,-19.073731289180728,4.9257878446820484,6.0874902354647915,1.161702390782743,25.019344400675298,35.594985678681695,10.575641278006398,16.57463421496905,13.244429565152698,-3.3302046498163502,0.0,0.24736822527247704,0.24736822527247704,0.0,10.419224044935461,10.419224044935461
North Warwickshire and Bedworth,Warwickshire,West Midlands,0.0,35.4,2.1718774,92.3166295,88.40918549999999,3.9074440000000035,3.9575842,2.8013537,0.329885,0.0406,0.2039095,1.0921436,0.08009999999999999,1.8170365000000002,0.8167365,52.59325689999999,37.7618346,0.7387953,0.7697564,0.038400000000000004,2.4235048,0.2359447,7.248175922172679,20.3023735810113,8.357180778743167,27.04494542064294,23.08442571785268,23.60070744902206,6.0,27.898899999999998,18.4872,36.7021,13.933927800000001,15.2057154,69.86218079999999,65.4008318614324,58.70038999770589,65.88186609748661,30.603321934538346,-35.278544162948265,2.8379143616326177,4.28676111382511,1.448846752192492,26.773968724136427,35.97215437225208,9.19818564811565,4.506250816744348,2.9995114802149487,-1.5067393365293995,0.0,0.0,0.0,0.0,26.13825109916952,26.13825109916952
North West Cambridgeshire,Cambridgeshire,Eastern,0.5,33.9,2.6771129,86.7612823,75.2744751,11.48680719999999,5.012344,2.3621496,1.0532491,0.0858,0.4867884,3.6824318000000003,0.2442697,3.1474899,1.3964524,49.152943,39.2903107,2.9128254,1.622322,0.1050613,0.46489640000000004,0.3178105,8.91643513571276,24.471606613813503,8.573745165284272,20.798317025869082,17.43029548712592,29.97099581050596,12.0,34.2757,18.16,31.0185,14.789800999999999,20.9557802,62.820321,63.90043748811174,58.50035555321447,59.96130294267733,33.193769133801545,-26.767533808875783,5.2389862221466235,6.663065009904557,1.4240787877579333,23.747661166865115,33.28155951737799,9.533898350512878,10.998894369790781,7.185305240410589,-3.8135891293801922,0.0,0.0,0.0,0.05315529852015649,19.676301098505313,19.623145799985156
North West Essex,Essex,Eastern,1.0,65.8,2.0532754,93.1873875,87.8088915,5.378495999999999,2.5801946,1.0647967,0.1722043,0.2200388,0.3750227,1.1958632,0.1224564,2.3199748,0.7165613000000001,49.6173128,41.7167349,0.9050552999999999,0.7041445000000001,0.3377215,0.12245990000000001,0.4515709,6.463887257780381,22.294276100383602,7.910033148139495,26.234884915262,14.068871771635699,36.26737891398183,18.0,42.3451,20.8004,21.7055,13.9759942,13.884386800000001,70.21586450000001,72.5001311578616,68.20074237560193,61.69835555475153,35.597396388776524,-26.100959165975006,4.844691282088391,5.232964365829441,0.3882730837410504,13.777882301861533,30.798367226859853,17.02048492499832,19.679070861298552,11.133379913948442,-8.54569094735011,0.0,3.1386753944029713,3.1386753944029713,0.0,14.099216710182768,14.099216710182768
North West Hampshire,Hampshire,South East,0.5,29.5,2.6847878,91.8366650999999,85.6463,6.190365099999906,3.7286539,1.5857175000000001,0.24026020000000003,0.1922082,0.45002590000000003,1.6263769000000001,0.11181340000000001,2.1235306,0.684741599999999,47.704590800000005,43.179382,0.9573445999999999,1.1319953,0.0665,0.1959045,0.5636874000000001,10.2090140088618,21.9228071421595,7.715838791848624,22.70742358078596,14.068379805977191,33.98736435089819,26.0,39.6239,18.78,27.6454,17.7546042,14.581421899999999,65.12184760000001,68.00026312327326,64.60030760235405,60.07506723160563,34.96448458375145,-25.11058264785418,4.569814460115696,5.401097928103417,0.8312834679877215,16.89012711126589,28.494972748558723,11.604845637292833,18.46499119701279,15.005017413375835,-3.459973783636954,0.0,0.9169076992700155,0.9169076992700155,0.0,15.21751962694056,15.21751962694056
North West Leicestershire,Leicestershire,East Midlands,0.0,42.0,2.4900021000000003,95.83697049999999,91.8863424,3.9506280999999985,1.5268871,0.7679842,0.0664,0.014100000000000001,0.23250900000000002,0.6300993,0.0654,1.5319422,0.4740522,48.9647606,44.016547700000004,0.41469970000000006,0.47006010000000004,0.0433,0.30095920000000004,0.21540230000000002,7.30566919929865,19.9039954821403,8.726409551340804,25.09107147053972,18.46588477013954,29.7931928528624,7.000000000000001,33.3631,17.7643,33.6419,13.629137799999999,13.715634900000001,71.4489433,67.10079575596816,62.500160844109885,62.06664821915642,32.65049822943259,-29.416149989723827,4.676443847096494,5.828460841637157,1.1520169945406629,25.406174645214847,34.73400312937495,9.3278284841601,6.8486381784401305,3.3537840731285518,-3.4948541053115787,1.0020951100921058,3.5081940212468092,2.5060989111547034,0.0,19.92505970517994,19.92505970517994
North West Norfolk,Norfolk,Eastern,0.0,51.4,2.2844083,95.0135791,87.2686712,7.744907899999998,2.4257952,1.1202716,0.1367604,0.0708,0.31619790000000003,0.5819549,0.12512120000000002,1.2812803,0.6973811,53.2841901,38.439379200000005,0.5965082,0.3656644,0.0921,0.0941,0.3220175,9.93335379488753,18.2984404628303,7.0645352279455125,33.2492599171107,23.468263084009138,23.48798626338566,24.0,27.1249,19.6592,37.8112,15.3637041,18.6894374,65.3242426,64.60018088955097,59.9005376344086,66.04006670921781,36.119463267962125,-29.920603441255686,3.535176758837942,4.795135304940986,1.2599585461030443,22.644073380139595,25.0033657945519,2.3592924144123053,7.780683151804649,14.56715882062559,6.786475668820941,0.0,0.0,0.0,0.0,19.5148768119194,19.5148768119194
Northampton North,Northamptonshire,East Midlands,0.0,0.0,3.5047704,77.084519,59.3044197,17.7800993,8.601589,3.0522270000000002,1.0789993,2.8510841,0.484926,8.618740599999999,0.2689702,3.8045638999999998,1.8905876,48.0661131,34.7748801,7.2435972,1.689471,0.0873,0.3625307,0.3399213,5.36219689436242,22.3578056421644,11.700580695486359,17.86962760374032,21.96781457467873,27.639088403152538,14.000000000000002,24.468400000000003,17.169400000000003,37.0306,19.5115888,26.969708599999997,51.881741000000005,67.5,55.300154739389775,49.77488058883407,21.99076842130438,-27.784112167529692,2.458695481951296,6.117714586372659,3.6590191044213634,42.077754287056614,43.54865711620788,1.4709028291512638,5.688669642158014,5.383493171980006,-0.305176470178008,0.0,6.194245808719776,6.194245808719776,0.0,16.7651208954153,16.7651208954153
Northampton South,Northamptonshire,East Midlands,0.0,0.6,2.6717863,81.555821,69.2572495,12.2985715,6.9754591,3.5701668,0.9566343999999999,0.7174758,0.7201934999999999,6.7000643,0.2110756,3.40801,1.3606675000000001,49.3382253,36.8455859,3.6698827000000005,2.1261947,0.09970000000000001,0.7455723,0.4149114,6.76503920253486,23.680471412756397,10.49193060203535,20.20033579660309,17.43020717869019,31.47676239015416,18.0,32.7273,18.8191,29.7973,12.4580838,19.363567,66.4531348,69.40026020900659,59.40036800519537,57.75681341719078,29.197795189504372,-28.559018227686405,3.4208192227060152,5.461916909620991,2.041097686914976,30.898242218996934,38.47029883381924,7.5720566148223085,7.924125141106273,7.272685860058309,-0.6514392810479643,0.0,0.8974125364431487,0.8974125364431487,0.0,18.699890670553938,18.699890670553938
Norwich North,Norfolk,Eastern,0.0,0.0,3.7300416000000003,93.0851888,86.4538256,6.631363199999996,2.49054319999999,0.5719473,0.11297729999999999,0.4559439,0.4952842,1.4202854,0.235033,2.1263932,0.8775910999999991,41.0376169,49.307482,1.7270077000000001,0.37425230000000004,0.125087,0.0847,0.375261,8.19398747014017,19.2101648351648,8.796346898871752,24.95354683571971,19.92169394774718,26.597223916278388,15.0,29.058,19.595299999999998,35.1508,20.0892455,16.1746147,63.039754800000004,70.60067208064967,62.10054956238551,51.55782083572973,21.728395061728396,-29.829425774001333,2.2688059020685007,9.553151972031028,7.2843460699625275,38.93461317256014,45.436468917294874,6.501855744734733,6.229300120976538,4.5296624057686,-1.6996377152079383,0.9678123078753743,0.7713318037801814,-0.1964805040951929,0.041647660789718974,17.98098983939692,17.939342178607202
Norwich South,Norfolk,Eastern,1.0,0.0,7.701648799999999,86.1614779999999,77.2978675,8.863610499999908,6.286349699999989,2.2551031999999998,0.4285932,0.5074695,1.3542023,2.4774773999999997,0.694682,3.2054206,1.8692743,33.7343673,52.8642567,2.901319,1.5072034,0.25658569999999997,0.140647,0.7688068,5.46213148085394,16.6501222448942,20.934464011997818,19.398343680733902,15.432263814616759,36.257798573975045,22.0,30.250700000000002,14.782200000000001,26.6422,27.9678068,28.1478344,43.100709599999995,70.00013643123184,59.100678881287514,29.00327434318235,12.875041578889013,-16.128232764293337,4.827707180166835,18.283623461581104,13.455916281414268,53.52771497622203,47.64164541523451,-5.886069560987522,9.454665939034848,7.932143253132276,-1.5225226859025724,0.0,1.676460804967291,1.676460804967291,3.1866375613939346,11.591085486195809,8.404447924801874
Nottingham East,Nottinghamshire,East Midlands,0.0,0.0,6.1835978,60.2275337,49.1994488,11.0280849,18.5775452,3.2522391999999996,9.3794088,1.2385577,1.5100561000000001,10.9878933,1.4304931,5.9032448,4.3037829,32.2071296,38.2285874,16.8635267,1.5133618999999998,0.3018521,1.0302343999999999,0.6365143,3.90406787491862,19.1017044867053,28.08349146110054,11.57396938384244,17.17819198692386,33.81581149873473,22.0,23.543,12.1241,25.917,21.4591734,37.8255208,40.0285618,59.50015935408478,52.442489363236454,20.83649511226175,10.794532603613762,-10.04196250864799,3.111190465562648,11.913863755122247,8.802673289559598,63.11208320314243,53.61238689805011,-9.499696305092321,6.302727313306254,4.788097137042436,-1.5146301762638181,3.2294781948846136,9.050906190698825,5.821427995814211,3.408025710842298,9.840213415472622,6.432187704630324
Nottingham North and Kimberley,Nottinghamshire,East Midlands,0.0,0.0,2.872474,72.516116,66.1357366,6.3803794000000025,10.0800073,2.8177304,4.5640978,0.2501379,0.5085525,9.576053,0.44417880000000004,5.8046717,2.0231746,39.0129292,43.8066688,7.6039578,1.3002777,0.0726,1.4372942,0.3558752,6.10317105850826,24.7581606559465,11.23353612075324,20.89355474655596,24.865556371561908,24.16668640875601,18.0,22.651699999999998,14.8591,38.7363,26.9087336,18.1170586,54.3154462,57.80037067877193,47.50061060001629,40.2188814276088,19.387551061216328,-20.83133036639247,2.481585612380045,9.572371240037707,7.090785627657663,46.004600692427445,47.0762990259091,1.071698333481656,3.752584985012896,3.8163795812266117,0.06379459621371586,1.9099844320003718,0.0,-1.9099844320003718,5.6323628505704395,20.14739909161025,14.51503624103981
Nottingham South,Nottinghamshire,East Midlands,0.5,0.0,4.949407,69.1357844,61.9150376,7.2207468,14.3280362,4.5745477999999995,5.096648,0.41877729999999996,1.7994624000000001,7.961340799999999,1.3468536999999998,5.4047877,3.1700894,34.4031748,42.4845925,10.1790384,2.1671147,0.4626836,1.4465719,0.5138897,5.76091930645243,18.4441589035228,34.39571981881429,15.303398323814491,16.83675689790234,27.447993733136038,35.0,20.1589,11.1508,25.372600000000002,25.7913605,26.663446200000003,46.6832778,59.30062945976845,51.20063535567459,31.556087399725214,16.07408984458165,-15.481997555143565,3.286353765013518,8.890173058791326,5.603819293777809,53.80711784780393,47.38282794488883,-6.424289902915099,6.718964676683065,6.262355911067854,-0.45660876561521047,0.0,6.377931202287174,6.377931202287174,4.631476310774277,15.012622038383164,10.381145727608887
Nuneaton,Warwickshire,West Midlands,0.0,4.9,2.6885735,87.641462,82.3985284,5.242933599999999,7.7961016999999995,4.9112438,0.7438233,0.0915,0.2512916,1.7590414999999902,0.11860970000000001,1.8133205,0.9900891,48.1494884,38.5220031,3.5351708000000004,1.6243491999999997,0.0271,1.4765897,0.6372756,7.5191559449072605,22.3003358570046,8.554647911400886,22.87385374311624,21.79611650485437,25.496639283047053,23.0,28.3483,16.7462,37.211800000000004,14.718098099999999,17.274549999999998,66.97856490000001,64.20037221724985,57.39892202058468,60.61075459172384,28.47887802392449,-32.13187656779935,3.7441911927417566,7.022056147332152,3.2778649545903953,31.52467360035406,36.92038919758328,5.3957155972292234,4.120380615180349,3.2514012568849635,-0.8689793582953858,0.0,2.346347026423701,2.346347026423701,0.0,21.980928347851407,21.980928347851407
Old Bexley and Sidcup,London (Bexley),London,2.0,0.0,2.0946111,80.15151779999991,73.4328476,6.718670199999909,9.4607828,3.9103382,0.4777873,0.7181647999999999,1.8003581000000002,4.9687904,0.181025,3.2099791000000004,2.2089009,49.0711247,36.002572,3.2070432,3.3395984,0.1157385,1.1385894,0.8348996,5.38083847412816,21.4141199020338,9.57378664695736,24.238728750923748,17.19315784981895,30.927445410321752,17.0,36.6296,22.2057,22.5003,8.8832935,13.6673801,76.3540224,69.80002153200194,65.10086376558058,63.928895058515046,37.59998320492095,-26.328911853594093,3.4530626409855976,5.460500073478471,2.0074374324928734,23.886093277035496,30.15136564986459,6.265272372829095,8.296219175969306,4.045514664203388,-4.2507045117659175,0.4357298474945534,0.9426238112233115,0.5068939637287582,0.0,21.80001259630928,21.80001259630928
Oldham East and Saddleworth,Greater Manchester,North West,0.0,2.5,2.3180381,72.47574709999999,69.5072095,2.968537599999999,20.6056756,0.3148997,16.13723,2.8773733,0.24031819999999998,2.9758945,0.1592914,2.6554702,1.28722169999999,47.2013774,26.535122,20.8411981,0.22282169999999998,0.07730000000000001,0.046,0.19888219999999998,6.24630028650581,25.3361307026158,10.65513984048977,22.59807965945641,23.07582634317896,26.808925219209662,19.0,26.533800000000003,16.8689,31.5298,19.5273838,17.6970616,62.09362349999999,63.20026285526532,54.50056452600221,40.2673078589377,17.06726569324847,-23.20004216568923,1.6852959015683215,3.7189566953700237,2.033660793801702,43.51442682609826,35.17034818420067,-8.344078641897589,5.248678624036045,8.451266691626108,3.202588067590063,2.829044276925743,16.288531136902535,13.459486859976792,6.455246512433931,19.303631598652192,12.848385086218261
"Oldham West, Chadderton and Royton",Greater Manchester,North West,0.0,0.0,2.0282001000000003,59.404363799999906,56.65940619999999,2.744957599999909,32.7507097,1.1265644,13.477709700000002,16.5708522,0.3972434,3.8608486999999996,0.2794094,2.437914,1.5461249,39.8039706,22.0033207,32.1252589,0.8328572,0.0491,0.0643,0.1785332,5.78761831176357,26.431583242654998,12.73399584007396,19.111393575225293,26.75018768768769,22.81461148648649,28.999999999999996,21.523500000000002,15.5695,33.726299999999995,23.8724165,17.4932393,57.8085764,59.900242653006195,50.70057833859095,30.274114416887972,10.541052031213544,-19.73306238567443,1.5326101633883962,4.8142483084022505,3.2816381450138543,55.315749201062246,34.303787623467194,-21.011961577595052,3.3397848494396185,3.2950509423690146,-0.04473390707060387,2.0749876220911916,29.292510305135718,27.217522683044525,7.462753747130575,17.753350789412284,10.290597042281709
Orpington,London (Bromley),London,2.0,0.0,1.9948438999999998,78.3067274,70.9602541,7.3464733,10.0657681,5.082261,0.4622088,0.4499919,1.9384265,6.1095048,0.2585926,3.8178042000000003,1.7001955,49.5892252,36.1766892,2.5247127000000003,4.1505054999999995,0.21378619999999998,0.36547250000000003,0.6525567999999999,5.5920717415673,22.7717200140696,8.29841501184186,25.024074122270466,15.96936821952776,37.24186343331206,21.0,41.1405,20.1574,20.7285,14.6591256,11.3548355,73.1937226,68.40002235386163,64.60039259674706,61.90612361616079,37.9918824474204,-23.91424116874039,3.7256423873524245,5.033316693074035,1.3076743057216103,19.77409207892479,26.88342413126994,7.109332052345149,14.594141917561993,10.261975560523517,-4.332166357038476,0.0,0.5209124650011937,0.5209124650011937,0.0,19.308488702710918,19.308488702710918
Ossett and Denby Dale,West Yorkshire,Yorkshire and the Humber,0.0,32.2,2.572861,94.1931431,91.6141905,2.578952599999995,2.7945358,0.5771479,1.5726745,0.015,0.2488816,0.8753769,0.1201498,1.57160179999999,0.565347599999999,50.4446423,40.584203099999996,2.4264919,0.2724708,0.0493,0.22741660000000002,0.2016713,7.385535321588289,19.106026031102,8.087918402528357,28.913034961016542,17.98534988830588,31.87438308483558,13.0,36.091499999999996,18.8874,28.7223,12.927456000000001,13.7551888,72.5563352,67.90059647701399,60.70035142090262,53.85327518104016,28.92439541403597,-24.92887976700419,1.2384792626728112,4.859480774052378,3.621001511379567,31.167709019091504,39.27700407995806,8.109295060866557,4.937458854509546,4.0685615298703075,-0.8688973246392386,3.6928077682685982,1.846238005151232,-1.8465697631173663,5.11026991441738,21.024320196932052,15.914050282514673
Oxford East,Oxfordshire,South East,1.0,0.0,5.6944758,68.6554209,52.648158099999996,16.0072628,16.380183600000002,3.9886258,5.2554508,1.3885695999999998,1.7853038,5.5653460999999895,0.9960923,5.4716965,3.9273279000000003,40.172490100000005,36.5660332,10.5052105,1.6389116,0.3992985,0.3950415,0.7194183,4.0785997357992,19.8075387584004,18.89397098022125,14.88223031208182,15.65932657100953,45.252869201341525,34.0,34.3621,12.2843,25.299500000000002,22.9742162,30.895709,44.374985300000006,63.00067701065255,54.80011143613317,21.44611605772183,12.045957143946518,-9.400158913775313,4.699767533663757,12.902569838082409,8.20280230441865,56.44545813412869,49.6708268727282,-6.7746312614004935,14.015965612526864,8.736432729213798,-5.279532883313067,1.0943462432562832,16.64421341602908,15.549867172772796,2.298346418702575,0.0,-2.298346418702575
Oxford West and Abingdon,Oxfordshire,South East,3.5,7.6,6.0056348,82.5969408,68.237298,14.359642799999989,8.916556100000001,2.1117416,0.8422499,0.56746,3.1789052,2.1249165,0.44512199999999996,4.2103084,2.1512662,41.6993685,42.36564,2.9257597,1.2647864,0.7594365,0.2390296,0.7886094,6.2652307208552696,18.0746238642803,21.22550988530367,21.23220422189483,9.47449303444359,49.71102128086059,9.0,40.094,13.2069,16.4712,13.523569899999998,24.0599534,61.3735818,73.50020140847026,65.90065760254446,34.09052253614287,18.522544458454714,-15.567978077688156,0.47056600207880567,7.035088482107918,6.564522480029113,11.796277048096004,13.002739249532588,1.206462201436585,52.18936029481244,50.90221313970172,-1.2871471551107163,0.0,1.484847167268142,1.484847167268142,1.4532741188698857,9.052567502934911,7.599293384065025
Peckham,London (Southwark),London,1.0,0.0,8.3148534,41.4624394,29.21789,12.2445494,9.0541603,1.21826,0.6317932,1.9342306,2.5216225,34.3730631,1.0341797,7.3539613,7.756348,46.4584702,32.453308400000004,11.3049592,0.5568763,0.33764099999999997,0.15355729999999998,0.9842465,1.9627681100768901,18.2192821704733,14.547899086178951,10.95492107909579,16.39544390560776,49.67912462060546,46.0,35.4404,13.3882,25.668400000000002,47.592068,25.221457800000003,23.791537400000003,62.60030072652155,54.01375508158378,11.221855568276203,5.866432971621517,-5.355422596654686,5.010438413361169,19.55048070727118,14.540042293910012,70.82856309066828,58.80093821687243,-12.027624873795851,10.384537679305003,7.021161430007475,-3.363376249297528,0.2850921498641884,4.14722787844421,3.8621357285800215,2.2695130985251533,4.61375879578318,2.3442456972580263
Pendle and Clitheroe,Lancashire,North West,0.0,18.8,2.0377654,80.5012777999999,76.344768,4.156509799999908,17.0389321,0.2831091,16.1638723,0.0625,0.2031399,0.23253419999999897,0.21049340000000002,1.4348482,0.7923377,46.6262236,30.8571166,16.4336596,0.1057034,0.034,0.0377,0.2380624,6.89289969551211,22.4504249291784,9.272225040870389,25.814307458142988,21.38298239359684,29.01549041480272,16.0,28.6233,17.1422,33.8294,12.0140329,21.256784800000002,65.95031110000001,63.0,59.40033032651506,56.93465264893837,32.56833639902468,-24.366316249913687,2.082044939187796,3.039312144415451,0.9572672052276547,33.088023088023085,34.49758309449459,1.4095600064715015,7.342815914244485,4.36112418188818,-2.981691732356305,0.5524634096062668,8.057064636180861,7.504601226574595,0.0,17.476579543996234,17.476579543996234
Penistone and Stocksbridge,South Yorkshire,Yorkshire and the Humber,0.0,22.1,2.0133326,96.6209702,94.8831723,1.737797900000004,1.09863929999999,0.3594698,0.2527522,0.0236,0.2201752,0.6504156,0.0887,1.28959779999999,0.3403288,52.3494984,40.8654332,0.5830216,0.1426662,0.059500000000000004,0.1538997,0.2111909,7.35941755975867,17.9705817297058,7.76314192878618,31.22244543015463,18.87104361266044,30.165983468852904,11.0,34.5071,19.3509,30.7627,13.3223014,10.738289199999999,75.55753560000001,69.40045407405331,62.16418754595329,47.83521809369952,23.72341635391789,-24.111801739781626,0.0,4.649152735130217,4.649152735130217,33.27544426494345,43.600591379506426,10.325147114562974,10.205977382875606,6.518821790060275,-3.687155592815331,0.0,0.0,0.0,8.683360258481422,21.508017741385192,12.82465748290377
Penrith and Solway,Cumbria,North West,0.0,81.6,1.9733963,98.1181254,95.4411765,2.676948899999998,0.7599125,0.2036199,0.0442,0.0812,0.17996710000000002,0.146,0.0422,0.712699,0.2633024,59.039068699999994,34.0316128,0.2838367,0.0936,0.0463,0.0051400000000000005,0.24681450000000002,8.526301394839999,17.2827483736246,6.756641947738275,33.04042819171527,18.77583775108214,31.550021886095042,15.0,30.7329,20.6942,33.7143,14.341394499999998,14.213753400000002,70.6425364,72.7004939848546,63.20021545090797,54.8173114848148,29.88778636797143,-24.929525116843372,3.1069597332281544,3.5104807126478765,0.4035209794197221,30.14808705941411,40.555183539295065,10.407096479880956,8.168094947828893,9.622369675940018,1.454274728111125,1.9667252321703899,0.9537144132627179,-1.0130108189076719,1.7928215425436551,15.470465290882895,13.677643748339241
Peterborough,Cambridgeshire,Eastern,0.5,7.8,2.6880759,69.6105499,52.3066245,17.3039254,19.7239145,3.5952802999999998,12.2079124,0.2807126,0.397162,3.7217553,0.4881623,3.479602,3.4641783000000004,44.7476999,28.407382,17.8287459,1.6187619,0.07479999999999999,0.6709494,0.2460148,6.77785592283733,25.8292874159404,10.413384426171191,19.83574398015908,25.58315045232019,23.32601809280756,22.0,22.9713,15.9146,39.2318,20.732271,25.4847979,52.3762635,65.40016615895874,57.100777308059456,46.483316395663955,31.763469621704242,-14.719846773959713,1.5095697831978319,6.070882690103171,4.561312906905339,41.543868563685635,32.04528085594192,-9.498587707743717,4.903455284552845,4.169850974398166,-0.7336043101546794,1.1094173441734416,13.104222392051968,11.994805047878526,4.450372628726288,12.846293465800535,8.395920837074247
Plymouth Moor View,Devon,South West,0.0,0.0,3.1413032,95.9378454,93.0665023,2.871343100000001,1.5495306,0.429368,0.053700000000000005,0.1053542,0.3518432,0.7007287,0.1520678,1.2155486,0.5963444,44.1600652,48.7898697,0.7176296000000001,0.2693596,0.06359999999999999,0.020900000000000002,0.2852627,16.1692639988852,21.521647338393702,10.11511511511511,26.19869869869867,20.824854158187488,22.79325612658946,39.0,24.9023,17.2301,38.834,24.471642900000003,13.811603,60.0097543,65.6003923598812,57.30024601561664,59.8313673367669,28.143083815568414,-31.68828352119849,2.604253198205682,3.9527720739219716,1.3485188757162896,32.289416846652266,41.219432518200485,8.930015671548219,5.046519355374647,4.1207765540414405,-0.9257428013332065,0.0,0.0,0.0,0.22844326300049841,22.563935038267687,22.335491775267187
Plymouth Sutton and Devonport,Devon,South West,0.0,0.0,6.7935948999999995,90.1764261,82.7871677,7.389258399999998,3.7826511,0.8381059,0.28216230000000003,0.3771476,0.9302975,1.7600222999999902,0.4432649,2.633515,1.6473437,37.387790100000004,51.553246200000004,2.3717734,0.4702574,0.10522590000000001,0.058699999999999995,0.5624465000000001,11.9234595601464,16.9467466055369,19.49914542617225,17.132878268346722,15.585930621588309,30.94184715618947,15.0,25.503500000000003,15.853700000000002,31.016,18.967889399999997,34.913108799999996,45.189763500000005,67.00078883660203,56.00047892083173,38.01027140044253,16.327354792730727,-21.6829166077118,2.9961634492418248,7.568594844993467,4.572431395751643,48.40752694720175,49.40016629053331,0.992639343331561,4.9042892231492194,5.7987884546858295,0.89449923153661,0.0,3.1666468701746053,3.1666468701746053,5.681748979964679,17.738448746882053,12.056699766917374
"Pontefract, Castleford and Knottingley",West Yorkshire,Yorkshire and the Humber,0.0,1.8,2.8056332,96.4768519,92.6108716,3.865980300000005,1.33694449999999,0.4033497,0.2299192,0.015899999999999997,0.319112,0.7690846,0.0476,1.1049997,0.3122053,49.3400059,43.7885244,0.5450400999999999,0.19621439999999998,0.0268,0.11693590000000001,0.2507185,7.04704069609353,21.346830149225298,8.27301180650384,23.06074851059197,26.09991449859533,21.55246121900574,12.0,25.0437,15.568000000000001,42.2325,22.518807199999998,13.856158800000001,62.7345237,56.7000535839413,48.2003780211531,35.565086750024236,15.034624690602664,-20.530462059421573,0.0,4.591595516867369,4.591595516867369,38.186972957255016,47.52621186417109,9.339238906916073,6.782494911311428,3.373473871568818,-3.4090210397426097,3.6711253271299795,0.38657285090524796,-3.2845524762247313,15.794320054279346,29.08752120588481,13.293201151605462
Poole,Dorset,South West,0.5,0.0,3.1284846999999996,93.5400569,86.5430714,6.996985499999997,2.9311001,1.0051544000000001,0.1286021,0.33539440000000004,0.46605420000000003,0.6882868,0.1635819,1.952695,0.8878692,47.677397500000005,42.948856400000004,1.0134058,0.4917847,0.3281994,0.0494,0.4187372,9.62384768610738,18.9965491916255,7.825870955722521,28.88405887101776,16.79965307892455,32.28348407880064,16.0,35.4198,20.0798,29.1678,11.4173867,21.435686,66.1717357,67.60077573071062,61.40036154387515,58.80002458966005,31.801325991684458,-26.99869859797559,3.4446015450503062,4.984829756152377,1.5402282111020704,20.669658408639165,31.841779975278122,11.172121566638957,15.348046146595356,12.376671536127654,-2.971374610467702,1.737669310055122,2.2991347342398023,0.5614654241846804,0.0,16.696258006517585,16.696258006517585
Poplar and Limehouse,London (Tower Hamlets),London,4.8,0.0,6.3749325,40.1256383999999,21.4310449,18.6945934999999,42.926298,4.6330765000000005,1.2156235,29.8134361,4.6662627,7.703517799999999,1.2480882,5.10561859999999,4.1388913,25.2763109,26.1182293,35.8619744,3.1021845,0.3636049,0.32176150000000003,1.0994719,1.53454506613497,18.9896298478285,16.49422342693743,6.32530618316446,14.29798691004419,53.95754178069453,9.0,43.9373,12.0142,17.396,30.8742634,42.3441868,24.1717551,68.10033480083305,51.20059940772808,17.66960224523372,11.005551555132286,-6.664050690101433,3.398819316752153,13.878887830712411,10.480068513960259,60.34259169650634,43.05358760539825,-17.28900409110809,15.501790380334848,9.73031985319737,-5.7714705271374775,0.727765411787477,14.42707486469536,13.699309452907883,2.359430949385464,7.904578290864324,5.5451473414788595
Portsmouth North,Hampshire,South East,0.5,0.0,3.1117539,90.2928924,85.26260070000001,5.0302917,4.83457,1.2103902,0.1787622,1.299272,0.6780981,2.0273036,0.2057264,1.8625228,0.9826929999999999,42.0914393,48.2922542,2.6395158,0.4783686,0.0729,0.1707746,0.37850039999999996,11.5426158680282,21.8599663826581,10.26097491624324,21.451618885138902,19.693059555422572,26.56493498397975,26.0,29.9809,19.2754,32.5529,15.278868800000001,19.947957499999998,63.778966999999994,63.9005650975698,59.10027423732185,61.36353735569593,32.97429855985382,-28.38923879584211,2.8403397952515794,4.450268073954752,1.6099282787031726,26.991940753648443,34.849614117760204,7.857673364111761,7.447179263776955,7.287283917966966,-0.1598953458099892,1.3570028316270966,0.0,-1.3570028316270966,0.0,20.438535330464262,20.438535330464262
Portsmouth South,Hampshire,South East,0.5,0.0,6.0071295,80.5266046,70.7212385,9.80536609999999,8.8374896,1.7539631,0.39306569999999996,3.1908779,1.3321591000000002,4.6695097,0.7425605,3.3586725,2.6077686,36.8888477,45.9163808,6.9815519,1.0355057,0.11680729999999999,0.266988,0.6470752,8.89935929897179,18.4354214236076,20.398114543684052,16.16358325219072,15.417724312989739,32.97869992274584,24.0,27.402900000000002,15.0299,26.2385,20.438582999999998,36.418679399999995,41.9317907,63.90045407386447,52.80019531514913,37.332630469161835,14.495992601726265,-22.83663786743557,0.0,7.981401561857789,7.981401561857789,48.641012124406956,48.440711056309084,-0.20030106809787185,11.424354243542435,12.551376900945336,1.1270226574029003,0.5060622034791776,1.8829634196465268,1.376901216167349,2.095940959409594,14.647554459515003,12.55161350010541
Preston,Lancashire,North West,0.0,0.0,4.3192133,70.1218971,62.5348527,7.587044399999998,21.8078382,13.7168142,5.7253693000000005,0.5238729999999999,0.5048231000000001,2.6721853,0.8468559,3.2592695999999997,2.1387874,44.0888427,27.6356237,18.1504091,2.9683509,0.05280000000000001,0.7152444,0.31172880000000003,5.85262436559093,22.2219547037768,16.64276206494478,16.228988886939717,21.20812621569051,28.789712556732223,27.0,23.083000000000002,14.9396,33.264500000000005,22.1886712,25.4823857,51.570832,59.10044278722908,51.52143666907142,29.79912785303396,13.032280649113595,-16.766847203920364,1.9994433104472071,4.378266196584402,2.378822886137195,57.2856745221748,35.021128697522066,-22.264545824652735,6.756819447021711,7.988898057160003,1.2320786101382915,0.0,25.231915585227416,25.231915585227416,4.158934867322324,14.34751081439252,10.188575947070195
Putney,London (Wandsworth),London,5.4,0.0,4.613058,68.9364418,47.6392382,21.2972036,12.022996599999999,2.445203,4.6254042,0.3647143,1.4651455,7.937477499999999,1.4938915000000001,6.361839699999999,4.7412864,43.7377603,34.207405800000004,10.6505686,1.4615785,0.6629656,0.26949819999999997,0.8794623999999999,3.1095574113635798,18.5749606257643,10.36178167750858,13.64353482742958,10.18278750952018,60.890001088020895,15.0,50.869299999999996,15.063799999999999,15.315000000000001,18.865441,34.6905748,44.2969963,76.00054749520942,67.8009931305824,36.37395094190109,23.42466715024452,-12.949283791656573,2.3376436264092497,7.44553899431406,5.107895367904811,44.32698195439974,49.02543463509371,4.698452680693968,16.896588985340202,12.141703909960924,-4.754885075379278,0.0,1.6894026253597587,1.6894026253597587,0.06483449194971726,6.273252685027026,6.208418193077308
Queen's Park and Maida Vale,London (Brent; Westminster),London,2.0,0.0,4.3921890999999995,47.1907908,25.3458526,21.8449382,14.131758699999999,2.9725173000000003,1.3648573000000002,3.9106551000000005,1.2285329,17.3285256,8.048786400000001,7.2227735,14.1261122,38.5294236,23.3590126,24.6763199,1.7892147,1.6141652999999998,0.1468156,0.8042593,1.60239000543183,19.0787890455792,12.86603620214512,13.93861892583109,17.86391446275338,47.83322582536797,16.0,35.9627,14.9081,21.7676,38.356935,33.3656644,26.935014499999998,59.50034532221219,50.34598668574956,19.788388133663698,13.269697206791331,-6.518690926872367,3.207660885287618,13.595701953420441,10.388041068132823,61.9187928301971,52.489372245259894,-9.429420584937205,13.90656041429496,8.911665753853375,-4.9948946604415845,0.25670215853032435,6.2410348694677,5.984332710937375,0.9218955780262952,5.492527971207261,4.570632393180966
Rawmarsh and Conisbrough,South Yorkshire,Yorkshire and the Humber,0.0,2.5,2.4753121,96.75787059999999,94.3189052,2.438965399999993,1.0386551000000002,0.2450668,0.3012943,0.025500000000000002,0.1899003,0.6842775,0.0891,1.1203056,0.3988815,51.6029789,41.644565099999994,0.7553415,0.1283656,0.0308,0.11563509999999999,0.1591309,7.69511128389542,20.9992743858194,8.719099354432359,25.368708339893857,24.89811379904906,21.269397565181038,16.0,24.117,17.1122,39.6873,22.0551074,14.454757500000001,62.637282500000005,57.70073719864514,49.000592562616525,36.97711128650355,13.260972156677678,-23.716139129825873,0.47849250197316495,4.975814063237376,4.4973215612642115,40.07744672454617,48.997168475696085,8.919721751149915,3.6996842936069454,3.3535865974516277,-0.3460976961553177,2.648973954222573,0.7904672015101464,-1.8585067527124268,16.11829123914759,28.621991505427086,12.503700266279495
Rayleigh and Wickford,Essex,Eastern,0.0,7.1,1.494432,95.0404693999999,92.7057751,2.334694299999907,1.7015367,0.6093201,0.1626926,0.1450762,0.3357478,1.0414400000000001,0.042499999999999996,1.8207065000000002,0.3958642,48.5912063,44.1311489,0.6259002,0.49636790000000003,0.2984425,0.0777,0.2155418,6.52593093431497,20.0122239589595,8.189800954516405,28.49895404041023,18.85675502432035,22.89757801993389,12.0,35.7717,23.346700000000002,25.5584,6.4010418,11.2844657,81.76354219999999,69.30067735439496,62.70076712973248,72.93243013755496,37.00862895493768,-35.92380118261728,3.6983225465592393,4.5770978365084,0.8787752899491603,15.668811442157104,24.642544499562298,8.973733057405195,7.7004358737287015,8.478886156154903,0.7784502824262018,0.0,0.0,0.0,0.0,25.29284255283672,25.29284255283672
Reading Central,Berkshire,South East,1.0,0.0,4.687369100000001,65.81993750000001,50.4014304,15.418507100000001,19.162927399999997,7.216291,4.8575653,0.6326611,1.6186154000000001,6.9609914999999996,0.8673303,4.8300583,3.2260560000000003,38.787983,35.5610951,9.2448532,5.885589,0.2157562,0.6704775,1.7071389,4.84608088298697,20.348116745475302,14.73884607117636,14.24652767115985,13.90715302789178,45.18594522154284,19.0,39.2014,14.5459,24.1959,13.2644922,37.2582836,48.1169293,72.30048265798631,61.50075363578345,36.39821463225306,19.785387825395773,-16.612826806857285,3.1108092373374734,14.168377823408623,11.057568586071149,52.60430816999806,47.68717846812833,-4.917129701869733,6.380749078206869,8.750082797906868,2.3693337196999993,0.392004657481079,0.9891589940606302,0.5971543365795513,1.1139142247234621,8.619814091099776,7.505899866376314
Reading West and Mid Berkshire,Berkshire,South East,1.0,39.8,2.1550482,85.7326922,78.7697121,6.962980100000005,6.0223002,2.1386724999999998,1.5790689,0.3422716,0.5449048,3.3912185999999997,0.1490876,3.9140752,0.9396720000000001,48.147836999999996,39.598908,3.1047879,1.3807224,0.17219659999999998,0.4430911,0.6152877,7.2315520286836605,22.3095382777337,8.487114222080795,25.40698907625401,14.92279055134625,36.0328238471017,22.0,40.1374,19.4053,24.5818,12.769267300000001,16.0571624,70.1848287,70.60100238459012,67.60041822775987,56.78747674136396,32.03368348692832,-24.753793254435642,3.418008251759566,6.807587377285127,3.3895791255255614,22.8945878165197,34.95735859594853,12.062770779428828,16.899927190356767,10.962170522652574,-5.937756667704193,0.0,1.7915834246310498,1.7915834246310498,0.0,13.447616592554404,13.447616592554404
Redcar,North Yorkshire,North East,0.0,19.4,2.547521,97.30615569999999,96.04549449999999,1.2606612000000021,1.0044378999999901,0.1436443,0.2776408,0.1575799,0.1833072,0.2229557,0.3344553,0.9422636,0.5241944000000001,51.909739,41.0291044,0.9594254,0.1093423,0.03,0.06319999999999999,0.2122528,10.7965860597439,20.0809428693933,8.51074966305073,29.105874039858083,22.45215232869554,24.20536939055458,21.0,24.336,15.343100000000002,38.3408,20.4623044,15.5879564,63.3191085,62.70067159261389,54.40045571062375,47.52906976744186,32.303664921465966,-15.225404845975895,1.5608228980322003,3.3246073298429315,1.7637844318107312,36.621198568872984,41.00261780104712,4.381419232174139,4.81216457960644,4.036649214659685,-0.775515364946755,2.958407871198569,0.4424083769633508,-2.5159994942352184,6.518336314847943,18.89005235602094,12.371716041172999
Redditch,Worcestershire,West Midlands,0.0,12.5,2.2747113,90.6616755,83.7776293,6.884046200000005,5.1736702,1.1132701999999999,3.1920492,0.23277469999999997,0.2550401,1.1132701999999999,0.0678,2.4937252,0.5576389,50.090073700000005,39.2508704,3.6990931999999996,0.3238604,0.061700000000000005,0.3582706,0.2105093,6.90506145359527,21.0177434213161,8.2253606835873,25.666218717513118,20.1918040555708,27.148130596363462,13.0,31.1559,18.1763,34.2973,19.2016451,13.886536799999998,65.9029878,67.90028160155525,59.70075656179997,64.67021746910592,33.087905604719765,-31.582311864386156,3.0462516578598344,4.951032448377581,1.9047807905177465,25.88577082587735,34.94985250737463,9.064081681497278,6.397760047156901,5.109144542772862,-1.2886155043840395,0.0,1.8053097345132743,1.8053097345132743,0.0,20.096755162241887,20.096755162241887
Reigate,Surrey,South East,2.0,2.1,2.1567723,84.04058359999999,76.6176349,7.422948699999998,8.012416,3.3646805000000004,1.3696359,0.5600125,0.6806731,2.7576933,0.3251389,3.7036355,1.4856912,49.7660366,36.935816700000004,3.1069231,2.6500497000000003,0.2643602,0.2173833,0.478059,5.8357716780456,22.076596044327403,7.7534791252484885,24.40583770106626,12.65056769062302,42.41484640654717,24.0,45.2619,19.855900000000002,18.7759,11.109563,15.7609958,71.8684687,70.20061444739123,69.00083069414879,55.819259757990615,35.405654521171535,-20.41360523681908,5.782790027866614,8.82413799589925,3.0413479680326354,16.916344049823262,29.41065818927409,12.494314139450829,19.87319755372272,12.740542879178346,-7.132654674544373,1.6084086105967943,0.0,-1.6084086105967943,0.0,13.619006414476779,13.619006414476779
Ribble Valley,Lancashire,North West,0.0,43.5,1.9506773000000002,91.0541357,88.5807702,2.473365500000002,6.1324373,3.8921854,1.3542424000000002,0.18265119999999999,0.2926455,0.6427732,0.23815289999999997,1.5611125,0.60951,63.701498599999994,25.2030879,3.7206721,1.2795802,0.0404,0.35319639999999997,0.22503660000000003,7.43120145747435,19.9550536960966,8.152298982832415,27.669489575182897,14.261982703864758,37.45175160013681,27.0,39.279799999999994,20.5044,24.3682,5.7985953,13.4980943,79.6917324,68.70068385060495,64.60076989941636,59.84111791730474,33.294888799184974,-26.54622911811977,2.8445635528330784,3.3196855237106666,0.47512197087758823,27.60719754977029,34.940314860734674,7.333117310964383,7.999617151607962,9.613055763796782,1.6134386121888191,1.6960183767228176,2.446994598542952,0.7509762218201346,0.011485451761102604,16.385060454029947,16.373575002268844
Richmond Park,London (Kingston upon Thames; Richmond upon Thames),London,8.4,0.0,3.3680343,76.4378287,56.84492840000001,19.59290029999999,10.8885578,3.569122,1.0333321,0.3973664,2.3563918999999998,1.9787592,1.6988985,0.8855549,0.7093046000000001,44.4063722,36.4635284,5.7021635,2.2909117,0.8880198,0.611747,1.0189803000000002,4.03543307086614,22.8199759433331,7.852417949043536,21.27379564318936,8.197725185126385,64.1030584126192,20.0,55.738600000000005,15.833,11.1858,12.5984252,27.6443569,58.9873141,78.70044757033247,69.30009819879201,40.57073220270133,22.07620785371819,-18.494524348983138,0.0,5.295339402527321,5.295339402527321,5.262177989912326,9.798707222858475,4.536529232946149,53.64578044074337,55.37589533552031,1.7301148947769391,0.5213093666429708,1.1297241687210047,0.6084148020780339,0.0,6.324126016654697,6.324126016654697
Richmond and Northallerton,North Yorkshire,Yorkshire and the Humber,0.0,63.5,1.912301,96.0386764,94.063343,1.9753334000000011,1.8001253,0.1998947,0.06989999999999999,0.015,0.11929200000000001,0.5663682,0.0935,5.9712606,4.7235477999999995,57.7536084,34.8135888,0.2912507,0.8318377,0.05159999999999999,0.0365,0.6136684,13.634698512711498,17.005480869758,8.49980913602239,33.07163761292783,15.411494136033848,35.01607349334824,24.0,36.708600000000004,21.6009,27.2868,12.982953199999999,18.7832756,67.4815611,71.3009537945631,65.55175814229943,63.34040092521202,47.518855871079424,-15.8215450541326,3.808789514263686,4.24102542966657,0.43223591540288453,16.441788743253664,22.408605695915593,5.9668169526619295,12.480724749421743,8.906565552487326,-3.574159196934417,3.928296067848882,2.207064254214236,-1.7212318136346463,0.0,14.717883196636855,14.717883196636855
Rochdale,Greater Manchester,North West,0.0,0.7,2.1860541000000002,63.060838399999994,59.5576589,3.5031794999999977,29.2740047,0.5344632,21.406707,4.5672306,0.2614011,3.1047451,0.437288,2.3176266,2.24280169999999,38.4636315,26.0376075,30.1899811,0.25071669999999996,0.0671,0.0739,0.16034210000000002,5.63882219133072,25.526064858959902,11.47229197225466,19.695199264102488,24.3753309296286,26.03313078338922,24.0,23.959,15.937299999999999,32.5244,21.7141846,19.9196239,57.8429886,58.700051640637,54.70057197987733,31.551666745922297,10.76647853255392,-20.78518821336838,1.878358457368396,3.0538197943962913,1.1754613370278952,50.8321841266822,32.823523483168714,-18.008660643513487,7.532455180940606,7.095343680709535,-0.4371115002310715,0.0,29.19522273735134,29.19522273735134,8.205335489086501,17.065611771820198,8.860276282733697
Rochester and Strood,Kent,South East,0.0,30.6,2.9874995,85.870947,80.0277554,5.843191599999997,5.0726396,2.4203487999999997,0.4318585,0.5677242,0.49105709999999997,5.0639054,0.1348951,2.7745699,1.2179381,44.7079832,43.9995342,2.1195241,1.0180315,0.1,1.4673627999999999,0.45806559999999996,7.19559866801795,23.3740616952495,9.261113097366223,20.68287450840176,18.65247281060174,26.949331328734072,18.0,31.0164,19.5887,30.440499999999997,14.8617345,18.413686600000002,64.5914772,61.90020524768403,57.400420417183206,58.46981068668086,29.280717404572986,-29.189093282107873,2.5876554273552146,5.697450584534485,3.10979515717927,28.10574661140361,36.15897459974647,8.053227988342861,7.102049960793099,4.446218132306681,-2.655831828486418,3.7347373137672233,1.0211747030377014,-2.7135626107295217,0.0,23.39546457580168,23.39546457580168
Romford,London (Havering),London,1.0,0.0,2.1196273000000003,72.4308706999999,62.347366699999995,10.083503999999909,12.822123399999999,4.9193653,2.8808675,2.0421924000000002,0.8072710000000001,8.1179688,0.42303219999999997,4.1167125,2.51233079999999,51.1000887,29.2137737,7.523276399999999,2.8772260000000003,0.7444765,1.9877337,0.4433607,4.37225090839548,23.0674900363509,9.315723556871236,21.30479335079121,19.26136298040846,30.892760248906132,34.0,33.1948,22.0027,24.7197,11.7010087,19.0467084,67.9829804,65.60087903739978,60.400411381556395,64.76974296408115,34.82416509637433,-29.945577867706817,3.0232221509956783,5.040070833427929,2.016848682432251,26.43975268305796,31.50271301110178,5.062960328043818,5.767282201865216,4.302222625831498,-1.4650595760337177,0.0,2.481440279701228,2.481440279701228,0.0,21.84938815356324,21.84938815356324
Romsey and Southampton North,Hampshire,South East,1.0,39.5,3.025947,88.8878793,82.78218899999999,6.1056903,6.4312009,2.0950585,0.84066,0.4887794,1.3487066,1.2594689,0.2890085,2.0504396000000003,1.3710159,49.4513741,38.54173,2.7390731,0.8548829000000001,0.11763509999999999,1.0546598,0.4664841,9.663078498463989,17.9747006305559,14.29327064354981,28.3502791654422,13.688635485117901,37.73434480092772,13.0,38.8203,18.6923,22.1323,13.074752100000001,17.6877545,67.92627180000001,74.10056350238405,69.60084588950568,57.851345422638204,39.76452715533612,-18.086818267302085,0.7147557765428487,3.7839566634017627,3.069200886858914,12.11977186311787,9.274991504587522,-2.8447803585303486,28.14419420883299,35.38489215823456,7.240697949401568,1.16993272886809,0.36580246666799926,-0.8041302622000908,0.0,11.425830051772042,11.425830051772042
Rossendale and Darwen,Lancashire,North West,0.0,10.6,2.625223,94.3416718,92.1623541,2.179317700000005,3.6091827,0.5078495,1.7907856999999998,0.7514200000000001,0.2741401,0.301814699999999,0.0986,1.3766172,0.37076789999999904,52.3139428,38.5279123,3.1319337000000003,0.14298819999999998,0.06999999999999999,0.06999999999999999,0.2189198,7.447822141560791,21.038115303581602,8.70688400523941,24.14374423907239,18.20421637760489,30.814510941463467,15.0,32.1459,18.8506,31.154300000000003,13.230790200000001,17.9609338,68.36588850000001,66.90033240403174,60.000268950956794,56.34604211327711,28.28230758886548,-28.06373452441163,2.476308777272454,5.210901429916177,2.734592652643723,36.643760142648205,40.8960509211529,4.252290778504694,4.173261474966441,2.7813886772154737,-1.3918727977509677,0.0,1.1004527320812227,1.1004527320812227,0.3606274918357943,21.72889865076875,21.368271158932956
Rother Valley,South Yorkshire,Yorkshire and the Humber,0.0,24.1,1.9900299,95.2466251,93.6308927,1.6157324000000028,2.5511151,0.42518859999999997,1.4532729,0.031599999999999996,0.2474816,0.6497475,0.09380000000000001,1.1490995,0.40342449999999996,51.9525969,40.2468274,1.9449653,0.1766168,0.0283,0.19297019999999998,0.1940604,7.884165564934401,20.3879470691396,8.272031827830656,28.588975074429502,20.667606083164948,25.519780920982672,16.0,29.8425,18.7421,33.826499999999996,13.461293999999999,13.512139300000001,72.5943816,64.80049004943231,59.75070365902694,46.11106225817798,36.11084406844838,-10.000218189729601,2.4709813577207176,4.100173043645452,1.6291916859247348,32.623988744284205,38.50942126514132,5.885432520857115,4.825448469926134,2.823976158431071,-2.001472311495063,2.28631727048892,0.0,-2.28631727048892,11.68220189940204,18.455585464333783,6.773383564931743
Rotherham,South Yorkshire,Yorkshire and the Humber,0.0,4.1,2.6549897,84.0517837999999,79.7004223,4.351361499999906,10.2514067,0.6837986,7.7971521,0.0702,0.36684869999999997,1.8166866,0.5673680000000001,1.8564209000000003,2.0236742,44.420932,38.761008000000004,10.2664092,0.4056664,0.0342,0.1820416,0.2337895,5.91950518337834,22.8526886028322,9.942537170209619,21.77378385396083,26.024682253436733,21.51458234907759,28.000000000000004,22.3121,16.420199999999998,38.1733,26.127578,17.1113096,55.839885,57.80065077362375,48.12614021370863,33.092070494703705,0.0,-33.092070494703705,0.11488706601410813,7.12661106899166,7.011724002977552,40.66772362767399,45.13971623524315,4.471992607569156,6.242963167206636,7.646485432687101,1.4035222654804649,2.860687943751292,9.812628614751436,6.951940671000143,17.021667700650262,30.274558648326654,13.252890947676391
Rugby,Warwickshire,West Midlands,0.0,14.5,2.4967178,85.7010640999999,74.66341279999999,11.03765129999991,7.6594733,4.6304167,0.8719735,0.2641513,0.6617492,2.7457109,0.1371027,2.7585072,1.1352107,50.460208200000004,36.0671621,1.8691673999999998,3.3078322,0.0603,1.3289826,0.3930279,7.2159468438538195,22.4063659207849,8.0863157199035,23.14089642333908,16.43351894608176,33.46575218434515,10.0,34.470800000000004,16.750300000000003,33.3775,12.943521599999999,18.3654485,67.1915836,70.40020933179089,65.4005792149902,57.33288992351181,30.82401436617419,-26.508875557337618,3.2512373090240416,5.2159007427965065,1.9646634337724649,31.129325691034644,39.86001142763856,8.730685736603917,8.286547076429509,6.636192963839687,-1.650354112589822,0.0,0.6795363643784181,0.6795363643784181,0.0,16.78434413517264,16.78434413517264
"Ruislip, Northwood and Pinner",London (Harrow; Hillingdon),London,3.5,0.0,1.6323502,55.3508902,44.1204742,11.230416,32.3984701,22.5548702,2.6463874,0.5186639,1.1955303000000002,4.0381688,0.9942727,4.1102612,4.1022509,39.6259287,19.925105600000002,9.2846987,17.9396039,2.725434,1.6440715000000001,0.9471935,4.78750904766828,21.188097306689798,8.021095619276675,26.789181605221206,13.04998392402246,48.93651225484134,22.0,45.5797,19.8021,16.067500000000003,10.6840037,19.457657,69.2379279,72.40079804921304,65.70073247296826,55.33527250459277,45.37172708160795,-9.963545422984822,2.6427587262706673,6.213501518336837,3.57074279206617,25.080373545621555,29.273109511371597,4.1927359657500425,15.156154317207593,9.222569068399482,-5.933585248808111,1.6916717697489283,0.0,-1.6916717697489283,0.09376913655848132,9.919092820284131,9.82532368372565
Runcorn and Helsby,Cheshire,North West,0.0,25.5,2.566123,96.5116063,93.6706143,2.840991999999998,1.0715133,0.2694955,0.11488449999999999,0.0601,0.2941903,0.423022,0.14816880000000002,1.4451828,0.5486541,54.2921565,39.2870564,0.6055726,0.181457,0.0655,0.058,0.2533956,8.902919511538549,20.1687205185581,8.859176986142714,26.78808774954266,19.08045071310377,28.77367163081449,11.0,31.1407,17.1736,33.5321,21.6430512,13.310329600000001,63.85972640000001,68.20012958841592,59.4599541045459,36.84167045313727,15.996211672783236,-20.845458780354033,2.9204015035730513,6.428317745945305,3.507916242372254,48.77731422198356,52.937137445246826,4.159823223263267,6.706183650708414,5.088196993015272,-1.6179866576931419,0.0,1.40878418373387,1.40878418373387,4.754430170597711,18.141351959275482,13.386921788677771
Runnymede and Weybridge,Surrey,South East,5.6,2.4,2.5296821,85.4789459,74.0349455,11.4440004,7.4885965,3.3861726,0.7124816,0.37037739999999997,0.8962566,1.6134504,0.4891243,3.5925661,1.8264409999999998,53.4059637,33.9135598,2.4003845,1.8613111000000002,0.3402194,0.9066234,0.5070306,5.51633746464623,21.4179546801623,9.803079708042741,23.57009410863684,14.14442993095727,40.94747154319836,15.0,42.8421,19.298299999999998,20.1015,11.8719676,18.9197269,67.9114259,71.40010302849551,65.60035891021808,53.21536387628396,38.21938532319234,-14.995978553091618,2.68658983462758,4.049489150933621,1.3628993163060406,17.746682109020487,20.647420885748037,2.9007387767275503,22.700260115058192,22.41311421051541,-0.28714590454278266,3.651104065009778,1.3677906036930345,-2.2833134613167436,0.0,13.30279982591756,13.30279982591756
Rushcliffe,Nottinghamshire,East Midlands,0.5,49.2,2.7094374,88.6285875,84.7550452,3.873542299999999,6.4662869,3.3299083,1.4504753000000001,0.12369939999999999,0.8329759000000001,0.9666510999999999,0.3541394,2.9318755,1.006554,43.368482,44.3890225,2.5508524,1.7936772,0.24840140000000002,1.1143145,0.3302042,6.79849027939326,20.517032600839098,8.957885537473109,27.36731464203882,11.81869013468177,46.23790538240871,17.0,46.8529,17.2015,19.02,8.495335800000001,14.8401339,75.5607776,78.10026385224275,72.73002078216513,47.34435928465779,30.938279301745634,-16.406079982912157,0.0,7.562690495982266,7.562690495982266,34.9838644614764,43.798489886395124,8.814625424918724,15.960736856259244,5.425671931282904,-10.53506492497634,1.7110393976065619,1.2728595178719868,-0.43817987973457506,0.0,11.002008866722084,11.002008866722084
Rutland and Stamford,Leicestershire and Rutland; Lincolnshire,East Midlands,1.0,55.6,2.0699846,92.8703196999999,89.1574703,3.712849399999907,3.7202713999999997,2.6124788,0.2355688,0.0732,0.3002971,0.9634975,0.0669,1.7805602999999999,0.665372,54.5278014,35.9804754,0.9688030999999999,1.4749576,0.1156621,0.862691,0.2875637,12.3709531923423,19.2060197197716,7.28627400603763,31.77853426681224,13.993274056711929,37.15956281368628,12.0,39.725899999999996,20.4631,24.999,10.9048084,16.3020873,71.282167,75.90051942186089,67.70030521371929,63.32428311079704,43.74086501842436,-19.583418092372682,3.626287797076654,5.7763962369022375,2.1501084398255834,14.65764123926061,22.343907610597608,7.686266371336998,15.834790047234723,12.870288408094366,-2.964501639140357,2.5569978056309743,0.841962245507133,-1.7150355601238414,0.0,14.4265804804743,14.4265804804743
Salford,Greater Manchester,North West,0.0,0.0,8.154416000000001,76.7848554,66.2830229,10.501832499999999,6.7356009,1.7977081,1.7214216,0.1782782,1.6824491000000001,8.8757691,1.5763114000000003,3.87651539999999,3.7272592,44.6259474,37.29498,6.2140334,1.0066502,2.7836283,0.29270799999999997,0.4842535,3.8941968457386897,18.6090564026476,19.29931683834192,11.233230682099741,18.89328301280764,37.560725900349304,33.0,30.1856,14.822799999999999,27.2045,27.5164969,36.4210245,35.1527635,57.90042839911824,47.280175288177574,23.295740248545364,9.024279669554705,-14.27146057899066,4.269329310633815,13.066693532137819,8.797364221504004,57.41206330962814,53.22385653838404,-4.188206771244097,6.156166942030026,6.93129155752569,0.7751246154956641,0.0,2.5639734031835584,2.5639734031835584,8.866700189162655,15.189905299214185,6.32320511005153
Salisbury,Wiltshire,South West,0.5,48.5,2.6052941,94.2818764,89.3798709,4.902005499999995,2.747722,1.052825,0.13619710000000002,0.3145504,0.3631922,0.8755527000000001,0.11890220000000001,1.5435668,0.5512739,53.207795999999995,38.295733399999996,0.8755904999999999,0.4572528,0.0746,0.0584,0.4399572,12.929664216173201,19.0430409702706,6.879901864829232,31.31973534823625,14.01356109010301,38.43917068718216,30.0,39.7079,20.724,25.619999999999997,14.9402737,17.642238,65.68654240000001,75.10002990217717,69.90024798684834,55.24629327670547,34.10200705558767,-21.144286221117802,5.090819460771302,4.215414665258207,-0.875404795513095,18.740282886504115,26.514260658122897,7.773977771618782,19.51006787759281,23.568453152093756,4.058385274500946,1.4125364984263016,1.1659657584756742,-0.2465707399506274,0.0,10.433898710461802,10.433898710461802
Scarborough and Whitby,North Yorkshire,Yorkshire and the Humber,0.0,22.4,2.8450924,96.7824106,93.218159,3.5642516000000013,1.3767414,0.36322099999999996,0.1440537,0.1924145,0.2181384,0.32928619999999903,0.1275904,1.0207231,0.4908114,52.386146200000006,39.782478999999995,0.7171815,0.1522853,0.0514,0.0103,0.3395551,9.97763255997544,17.6741927652342,7.366312788754523,33.179740489530964,20.23770341927226,27.91979033339428,20.0,27.1405,19.6018,36.6595,14.1785808,22.239277299999998,62.6348566,67.3000920361648,59.30053237853857,55.492317593113995,27.92790755523394,-27.564410037880055,0.0,3.887293367404627,3.887293367404627,34.838307457163545,40.15739128468375,5.319083827520203,6.109725685785536,4.29433979331087,-1.8153858924746658,3.559649263936932,1.8950272494968452,-1.664622014440087,0.0,21.838040749869972,21.838040749869972
Scunthorpe,Lincolnshire,Yorkshire and the Humber,0.0,22.6,2.4983371,92.0836271,84.240223,7.843404099999995,4.8429618,0.9255396000000001,0.9037286999999999,1.7031446,0.3271631,0.6599581999999999,0.19345289999999998,1.2403747,1.1730455000000002,50.2550972,39.0583215,3.7467993999999996,0.3006164,0.0284,0.49312469999999997,0.24182079999999997,9.40400586223742,21.480372432508197,8.656894291502779,26.51293052079602,23.41155466352381,21.92025391787344,21.0,22.922600000000003,14.236099999999999,43.76,17.5404703,18.2443985,63.828747799999995,63.60002691608909,52.757362874898675,56.3206229633078,30.580522905943507,-25.74010005736429,1.8324939692750435,3.1189982330798185,1.286504263804775,34.87875068771425,39.650713169957235,4.771962482242984,2.642938761691142,2.4122301605592686,-0.23070860113187353,0.0,3.3341015594991164,3.3341015594991164,4.325193618011766,20.903433970961053,16.578240352949287
Sefton Central,Merseyside,North West,0.0,4.4,1.6186674,96.9620106,94.78327920000001,2.1787313999999998,1.1510832,0.3546841,0.076,0.061700000000000005,0.3855262,0.3150857,0.10794730000000001,1.2579171,0.3139285,68.8160199,24.976042800000002,0.43838879999999997,0.3095157,0.1101479,0.0441,0.160816,9.09719554360353,18.1303025109263,7.238279665563203,34.26406898085741,15.970573657162241,35.44074296298229,27.0,39.2771,20.9198,23.3724,7.143589,10.3299012,82.0219251,76.4008404373486,63.90007406908625,34.33235824764841,17.892895529937405,-16.439462717711002,2.0722030513759218,6.942190562498683,4.869987511122762,52.57405104310813,56.422685409597676,3.8486343664895486,6.637005377568358,5.542793314927606,-1.0942120626407519,0.7391966928830423,1.045332883727792,0.30613619084474963,3.6451855874161394,12.15410229931084,8.508916711894699
Selby,North Yorkshire; West Yorkshire,Yorkshire and the Humber,0.0,62.2,2.1806514,97.5446846,93.966218,3.5784665999999974,0.7543149,0.27160439999999997,0.0644,0.00793,0.2269979,0.3548542,0.1020995,1.0090998,0.3370274,53.41382180000001,40.046984699999996,0.2914238,0.1248959,0.0932,0.1050712,0.1923001,8.444978286981419,20.4075821286532,7.8852277199384595,26.183917093007956,16.8936834840725,30.428728826898173,10.0,34.5211,18.503,32.4035,12.3925899,12.8753581,73.4708491,70.60059417070363,63.00012799180852,57.954394677483556,25.584088415749058,-32.3703062617345,3.0365638683018368,5.046523912071837,2.0099600437700005,29.82921697594632,46.296371541180775,16.467154565234456,5.999203897113179,3.640648490512372,-2.3585554066008068,3.1806205811551074,0.0,-3.1806205811551074,0.0,19.43236764048596,19.43236764048596
Sevenoaks,Kent,South East,2.0,41.0,1.9072269,91.2532032,84.3660783,6.887124899999996,3.2289195,1.2073264,0.2533274,0.23121150000000001,0.7197716,1.9683138999999998,0.1568217,2.6911014,0.8584984999999999,51.714015700000004,39.3650602,1.0927479,0.7559764,0.184973,0.2483061,0.3779882,6.34258914613265,22.474562876617497,7.440206934339108,28.00876667643561,15.84707005729219,37.53517941501658,8.0,41.7969,20.6368,21.413,13.2438334,13.231425799999998,71.89438679999999,69.90048738103965,67.70005155618267,61.72311995027968,36.73019499388766,-24.992924956392024,3.4435208203853325,4.074229944487866,0.6307091241025331,13.513828464885021,13.631535702118278,0.11770723723325638,19.39675264139217,25.828172909276738,6.431420267884569,1.9227781230578,1.0160524259003185,-0.9067256971574815,0.0,18.719814024329146,18.719814024329146
Sheffield Brightside and Hillsborough,South Yorkshire,Yorkshire and the Humber,0.0,0.0,3.2723207,68.9999545,63.287745900000004,5.712208600000002,13.0255805,0.9895951999999999,9.5851697,0.24262799999999998,0.3416784,8.1848335,3.2432187,4.1437592,5.6458722,36.7005325,38.0136675,18.543828700000002,0.4071173,0.06269999999999999,0.14630780000000002,0.3035205,4.93321699442915,24.9895956162863,12.30899045241234,18.79464595325599,28.389147195574132,22.7579306691778,39.0,19.717299999999998,14.3933,38.170300000000005,34.210349699999995,17.0302258,48.2963062,56.70019103270031,44.161323219200085,25.385225189515932,12.87169429330634,-12.513530896209591,2.9975722142397068,14.87093508794129,11.873362873701582,56.57731754446812,51.5658610654182,-5.011456479049926,3.889411881286231,5.358724534986714,1.469312653700483,1.449239458950602,15.332785018347463,13.883545559396861,9.701233711539414,0.0,-9.701233711539414
Sheffield Central,South Yorkshire,Yorkshire and the Humber,0.5,0.0,8.5337169,66.903474,59.691603,7.2118709999999915,17.1397124,2.898309,5.8866691,0.8037888,5.0406341,5.8988982000000005,3.1729091,4.2679741,5.7899476,25.078659199999997,48.4707321,14.640057800000001,1.6910333999999998,0.1978987,0.2212463,0.8571905,2.90706083133262,12.841381805027998,35.58483779483978,9.04290885614811,10.3416782394375,45.566690437763505,27.0,27.8447,10.795399999999999,14.703,17.2075668,44.9467777,37.2584751,54.00034045450677,52.03115030348642,12.404444794704075,7.3546520768480965,-5.049792717855978,10.865053721070744,26.044712762946894,15.17965904187615,66.97401949194841,52.09885859824544,-14.875160893702969,5.437780754984632,6.835833097506525,1.3980523425218925,1.245172984474742,7.665943464453038,6.420770479978296,3.0735282528174013,0.0,-3.0735282528174013
Sheffield Hallam,South Yorkshire,Yorkshire and the Humber,1.0,4.2,3.6795129,88.1460569,84.3696557,3.7764012000000013,5.8543879,1.7284588,1.9177611,0.2097383,1.1336625,1.3563077,0.716337,3.0987492,1.5445343999999999,42.2269789,45.670062099999996,3.6474524,1.0734761000000002,0.2226549,0.23986490000000002,0.3893771,6.10519641772118,19.2073556051733,14.976991565746681,27.07304037230643,9.158448047047802,50.90426500819694,19.0,48.302099999999996,15.841800000000001,14.9978,7.5344094,13.1905001,79.045254,78.4008144725507,70.80074641200845,25.69673359304765,12.024960756574485,-13.671772836473165,2.995038790663603,8.70331970310653,5.708280912442927,34.968201644857324,46.268483168930835,11.300281524073512,33.12356407951253,30.398635685354936,-2.7249283941575975,0.4844670862051743,2.6046006860332165,2.1201335998280424,2.731994805713715,0.0,-2.731994805713715
Sheffield Heeley,South Yorkshire,Yorkshire and the Humber,0.0,0.0,4.0173380000000005,81.40208220000001,76.8152697,4.586812500000004,5.7621153000000005,0.7059514,2.4727224999999997,0.44382199999999994,0.9150870999999999,6.1131982,0.9472618,4.4779651,2.2446604,39.661780400000005,46.3665528,6.4028920000000005,0.4069234,0.0776,0.14195,0.3898894,5.4934763637911495,21.9443994893096,10.5857282727639,21.46979208662086,22.1687086656721,30.85435045636622,23.0,27.722,15.7098,34.161500000000004,31.462443899999997,15.1820871,52.9148841,61.200026786312186,51.44654088050314,27.134259765838713,13.634708422202571,-13.499551343636142,4.298063245431667,15.413827186183218,11.11576394075155,53.87679177152861,55.22030900483795,1.343517233309342,6.718459350038297,10.04785933517141,3.3293999851331124,0.0,5.683296051604849,5.683296051604849,7.972425867162709,0.0,-7.972425867162709
Sheffield South East,South Yorkshire,Yorkshire and the Humber,0.0,0.0,2.4132981,81.1266638,77.8521878,3.274476000000004,11.2098618,0.5284498000000001,6.9880282000000005,2.4885181999999997,0.321874,2.9045523,0.7715367,2.7527430999999902,2.0061876,41.4760226,39.787849400000006,12.4513581,0.2853656,0.0634,0.1191426,0.205617,6.20366580251967,20.9875390861996,10.49852333136442,24.15475487300643,25.200213561131868,22.35391825354452,10.0,24.1561,17.8731,36.247299999999996,22.9590212,12.8257607,63.6330559,61.5005311266442,48.20045005592012,35.62990446946435,17.47784518185122,-18.15205928761313,0.17059024223814398,8.828380531715634,8.657790289477491,46.74812350733538,52.304939755668,5.556816248332623,4.661378369157284,9.563612982583656,4.902234613426372,2.059877175025589,11.825221548181487,9.765344373155898,10.730126236779256,0.0,-10.730126236779256
Sherwood Forest,Nottinghamshire,East Midlands,0.0,39.7,2.4841487,95.13047660000001,92.56704909999999,2.563427500000004,1.425036,0.6624768,0.19038919999999998,0.041800000000000004,0.257414,1.23461589999999,0.0865,1.814526,0.39539680000000005,46.2635388,46.080917,0.6255768,0.316674,0.0602,0.2661615,0.2321628,8.34412118734528,20.1256749208713,7.869372151839703,26.423934452978333,20.43413970544745,26.47424143845744,17.0,30.178,17.9766,35.2493,13.317889699999998,14.8213759,71.2157343,68.10031626545387,61.70037405693274,60.81099234297338,27.53390875462392,-33.277083588349456,2.598399508722102,4.554048499794493,1.9556489910723909,29.549597958126235,38.71968762844225,9.170089670316017,5.697672187146175,3.777229757501028,-1.920442429645147,1.3433380030321058,2.151664611590629,0.8083266085585232,0.0,23.263460748047677,23.263460748047677
Shipley,West Yorkshire,Yorkshire and the Humber,0.0,22.9,2.6981303000000003,89.494796,86.4040896,3.090706399999998,6.727640399999999,1.1825208999999999,4.3718371,0.417783,0.2237756,0.7451971,0.166292,2.2552069,0.7770558000000001,46.3375829,41.145737100000005,5.4792552,0.4721726,0.0513,0.6415388999999999,0.2196629,6.9747146498863195,20.0810887325082,7.326391963867741,28.918436800222608,15.790265176199311,36.45044864404231,16.0,39.2363,19.0522,25.6429,10.952643400000001,17.521014100000002,70.8809885,72.90055211328446,65.20031315803682,50.805495889193395,27.19292797548806,-23.612567913705334,2.4090808088289757,7.463304556652796,5.05422374782382,39.247092807940156,45.00341593689833,5.756323128958172,5.903266424709281,2.776225079187628,-3.1270413455216532,1.635064069328198,2.5795499244353355,0.9444858551071376,0.0,14.984576527337849,14.984576527337849
Shrewsbury,Shropshire,West Midlands,0.0,23.3,2.9723328,95.6099931,91.5307396,4.079253500000002,2.0016981,0.8070719000000001,0.1777955,0.10887480000000001,0.3715727,0.3855415,0.1318484,1.5152575,0.4874395,50.6707421,41.2623735,0.6552595999999999,0.2926693,0.0649,0.1698081,0.3156433,9.62917153393344,19.4473759953948,7.632205812291566,29.17460695569315,15.06570957929036,34.45755028917024,31.0,34.7887,19.4486,30.3313,14.436885899999998,17.673332,66.8957145,68.60055089087305,67.03416714337719,49.37347247546262,22.45345228859581,-26.92002018686681,3.2490204445823796,4.62955779674166,1.3805373521592808,35.45602669046049,44.476338246702866,9.020311556242376,10.811964154090855,13.037238169123352,2.2252740150324968,1.1095162354036543,0.8107059736229636,-0.2988102617806907,0.0,14.592707525213344,14.592707525213344
Sittingbourne and Sheppey,Kent,South East,0.0,17.0,2.5923382,93.1362485999999,87.7103722,5.425876399999908,1.7183712,0.6008104999999999,0.1052967,0.3309325,0.2212115,2.725326,0.0982,1.8767587,0.5432776,46.762347999999996,45.6023148,1.1759605,0.4495018,0.0717,0.1619268,0.2566054,7.3777717501864695,22.6426261569209,8.938392619533396,23.51414885123739,23.06652633911261,21.03805461696117,15.0,26.3937,19.2889,35.115899999999996,12.7910131,19.4362822,66.4549523,60.900424556559784,51.90014431475808,66.51840130017321,28.20625396360798,-38.31214733656523,2.2303958257596816,4.127030586857895,1.8966347610982135,20.890447576075104,29.07214986096883,8.181702284893724,6.334067532023181,3.2221083955314893,-3.111959136491692,4.026687765968822,9.73218205766135,5.705494291692528,0.0,25.64027513537246,25.64027513537246
Skipton and Ripon,North Yorkshire,Yorkshire and the Humber,0.5,57.2,2.0120627,96.9142219,94.02830589999999,2.885915999999999,1.4306684,0.3720139,0.5534091,0.0205,0.19369319999999998,0.2592778,0.0656,1.0668497000000001,0.3289817,55.9584324,36.4269902,0.7758054999999999,0.1895958,0.116832,0.054299999999999994,0.2746577,8.85641764423406,17.2316468699199,6.979070019640682,34.34107312841141,14.696245236766101,37.5512730273537,10.0,37.708999999999996,22.6849,26.1571,9.745724,18.4990396,71.0440867,74.00026068821688,67.50015785818022,58.85896464868864,35.23479887745557,-23.624165771233073,4.743451993024853,6.4471468662301215,1.7036948732052686,19.197505856657212,32.14780168381665,12.95029582715944,15.207933348598807,7.846585594013096,-7.3613477545857116,1.99214415303049,2.391019644527596,0.3988754914971062,0.0,15.93264733395697,15.93264733395697
Sleaford and North Hykeham,Lincolnshire,East Midlands,0.0,59.3,2.2399659,97.0679463,94.0984764,2.969469899999999,1.0047266,0.324864,0.082,0.0841,0.24494540000000004,0.3601599,0.0654,1.2268029,0.34044460000000004,53.4317948,39.508453599999996,0.4514837,0.2169197,0.055999999999999994,0.07680000000000001,0.1722903,17.6692814861157,19.150942449868,7.786986947243024,29.229738448558102,16.42578688093059,29.80809005101721,16.0,35.0899,19.912399999999998,29.824,10.0488486,15.6098853,73.0105638,70.2005067153404,64.2003542817862,66.4726313134253,35.72119839390508,-30.75143291952022,2.417680501387353,5.0138988983836095,2.5962183969962567,18.584706133457516,26.77236693091733,8.187660797459813,8.197993674447485,4.6617934726655,-3.536200201781985,4.326988377282341,6.243179244311747,1.9161908670294059,0.0,21.58756305981674,21.58756305981674
Slough,Berkshire,South East,1.0,0.0,1.9271803,35.0624895,23.0262536,12.0362359,47.8199544,18.5781901,23.1113179,0.5743657999999999,0.3882422,7.484204899999999,1.1625455,3.9442210999999996,5.6891299,31.1534407,12.6969355,31.0531099,7.4717365,0.0509,11.3570104,0.4645752,2.710442194992,27.961974466211696,11.5692378205985,13.565876668640051,20.41142923649907,34.85412787088765,16.0,27.3011,16.6938,29.82,18.2960398,31.501953500000003,48.994406,60.500630768209284,53.2004081181084,29.506145741878843,17.23046351494986,-12.275682226928982,2.080772607550483,4.327834003419751,2.247061395869268,58.80158033362599,33.887887610333195,-24.913692723292797,6.802019315188762,4.759924210915477,-2.042095104273285,0.0,32.04861592495032,32.04861592495032,2.809482001755926,7.745274735431397,4.935792733675471
Smethwick,West Midlands,West Midlands,0.0,0.0,2.5944089999999997,47.3988843,41.8702619,5.528622399999999,31.3213164,13.8137223,10.4114263,2.9392565,0.5317991999999999,10.9937071,0.6510405,5.0151010000000005,5.2709912,35.7787545,22.7233561,19.8320205,2.2716393000000004,0.0183,13.308673100000002,0.2550154,4.028915889611,25.8622128739316,12.24232462312688,17.56076691847819,28.449396052022006,24.81440887673586,14.000000000000002,20.508699999999997,13.9526,36.0456,23.224545499999998,21.821135899999998,53.736931399999996,57.500140346937634,48.18657115804207,30.180619965828654,12.946034458208743,-17.23458550761991,2.3334146936783013,7.805781005268404,5.472366311590102,56.9660727361484,48.007973800370216,-8.958098935778182,4.493531852575055,2.899045991741421,-1.5944858608336339,0.0,12.194218994731596,12.194218994731596,6.026360751769587,16.146945749679624,10.120584997910036
Solihull West and Shirley,West Midlands,West Midlands,0.0,8.7,1.7080270000000002,77.4277187,72.4147638,5.0129549,16.19623,7.9048516,5.003194,0.8206926999999999,1.1801518,1.3587987,0.5868278,2.9947704999999902,2.0224987,49.9090535,28.767241900000002,7.5258223,4.3621836,0.1266755,3.3845088000000003,0.3378013,5.88018820808033,21.705030193677498,7.957905954442506,27.36379379246024,14.766126566799151,39.93991998192283,11.0,43.2599,18.5113,21.8247,7.6991825,13.2429094,78.1063533,71.10024796315976,65.300123977879,60.89798521293769,34.73771785737142,-26.16026735556627,3.9857310827238486,6.975702370032212,2.9899712873083635,19.45036768369238,24.88213836209655,5.43177067840417,15.665916020646087,16.886746165496938,1.2208301448508507,0.0,1.2671459351067689,1.2671459351067689,0.0,15.250549309896112,15.250549309896112
South Basildon and East Thurrock,Essex,Eastern,0.0,13.5,2.0829736000000003,86.6819759,81.3510211,5.330954799999998,4.302018299999999,2.1022234,0.5134826,0.4375936,0.3104549,5.72321219999999,0.11136950000000001,2.4481589,0.8446345,48.031340900000004,42.3269108,2.0144878,1.1747893,0.16754549999999999,0.38436899999999996,0.2680727,5.68164997286228,23.3887017758726,9.43198281460757,23.08412849078271,22.50326813506647,22.27264879263991,28.000000000000004,28.340799999999998,19.8194,33.3971,19.0161346,15.009621600000001,64.7530469,61.00019092818373,54.400275103163686,65.44076549889334,25.687122303977343,-39.753643194915995,0.15202664937736143,4.343978355963488,4.191951706586126,23.564130653491024,30.544387974411492,6.980257320920469,4.104719533188759,2.708033072896913,-1.3966864602918463,6.73835766504952,5.924296442387924,-0.8140612226615964,0.0,30.792181850362844,30.792181850362844
South Cambridgeshire,Cambridgeshire,Eastern,2.0,60.9,2.9508502,86.4431821,76.9382542,9.504927900000004,8.064700499999999,3.1978573000000003,0.4985035,0.5728501,1.8110070999999999,1.2047963,0.3345597,2.9242999,1.3630210999999999,45.8403233,41.4099436,2.0436175,1.8053225999999998,0.3402852,0.1649001,0.6605536000000001,6.474066486637479,20.767242875014798,9.231620316479775,27.01718395242427,12.26145370865391,49.06673485042189,30.0,46.7493,17.2278,19.7287,16.6053636,14.5823633,66.88704720000001,79.60092217187376,71.00075030400248,43.5317420686441,27.44465701011205,-16.08708505853205,0.1597922700489364,4.839209255716498,4.679416985667562,15.131995073071675,11.125079712125354,-4.006915360946321,41.038316854755486,46.83246788740093,5.794151032645445,0.0,0.8362940694178738,0.8362940694178738,0.13815373347980958,8.922292065227294,8.784138331747485
South Cotswolds,Gloucestershire; Wiltshire,South West,1.0,76.9,2.156575,95.2531392,91.4743936,3.7787455999999997,1.9158228999999998,0.5934812,0.0645,0.12483209999999999,0.2676484,0.7595714,0.0783,1.5879062,0.483475199999999,53.8608017,38.1446571,0.449607,0.5141388,0.1322374,0.091,0.44008590000000003,10.8834637505862,19.1146276209635,7.551185241214855,31.44190459096672,13.09257959548268,39.71671026606265,7.000000000000001,41.6946,20.6542,23.5245,13.384679899999998,15.5767854,69.182157,73.00064506388877,72.70060204947096,57.902949858053354,34.40243272706409,-23.500517130989266,3.7902573840455736,2.9911832769139557,-0.7990741071316179,10.658218804640057,7.539158873142464,-3.1190599314975938,27.648573953261014,43.91340103658653,16.264827083325514,0.0,1.3119895958842542,1.3119895958842542,0.0,9.841834490408706,9.841834490408706
South Derbyshire,Derbyshire,East Midlands,0.5,33.3,2.3051421,92.9658972,90.00559940000001,2.9602977999999998,3.7262603999999997,2.5493117,0.389845,0.029599999999999998,0.27997,0.817709,0.0866,1.7727910999999998,0.7173248999999999,47.3402288,42.9387962,0.7469545999999999,0.5673474000000001,0.0328,2.1986033,0.22715029999999997,7.53192338387869,21.2031500938449,7.73150308179652,24.61508238587519,16.56763960215823,31.155171292985763,12.0,34.618700000000004,17.4451,32.926,10.4050279,14.325618500000001,74.3116521,66.30004214075011,62.00029822825306,62.11784147969237,29.66088724664932,-32.45695423304305,3.3454098603783975,4.243828847541377,0.8984189871629797,27.195491429903175,38.773859238690775,11.5783678087876,7.34125723002606,4.665806677307213,-2.6754505527188472,0.0,3.023810044384197,3.023810044384197,0.0,19.631807945427116,19.631807945427116
South Devon,Devon,South West,0.5,62.0,2.5637365,97.295129,94.17355830000001,3.121570699999998,0.7519812,0.1841438,0.0441,0.0518,0.19627300000000003,0.19519999999999998,0.15768,1.3264969,0.431139,47.455066699999996,43.7633697,0.37269820000000004,0.1036498,0.1510641,0.032,0.6252067,10.6992562145233,16.8929240836845,6.45312683327465,37.05789562882132,15.468293632764329,34.869864347374566,14.000000000000002,34.0131,23.847199999999997,27.279799999999998,12.1892738,17.0238795,69.2894891,75.6006026953877,67.80026841180458,53.566221926959344,31.452534486980653,-22.11368743997869,0.1513222240676152,3.054852665088564,2.903530441020949,17.029286386536015,6.256632111664354,-10.77265427487166,28.249275683256748,45.996245204473105,17.746969521216357,1.0038937791802764,0.25508121785976656,-0.7488125613205099,0.0,12.984654313933556,12.984654313933556
South Dorset,Dorset,South West,0.0,43.8,2.6448635,96.8361032,93.68232880000001,3.153774399999998,1.0664985999999999,0.1757166,0.064,0.1117273,0.19095209999999999,0.3615811,0.0823,1.3193979,0.416466199999999,48.4236934,43.3707774,0.4895488,0.1432083,0.1046131,0.0335,0.43571879999999996,13.9840079508492,16.8929934786066,7.2393210445100955,34.031507553917976,16.864443274797843,28.083879611464663,19.0,31.4984,20.968500000000002,33.364399999999996,13.2408746,19.712233400000002,66.12757500000001,68.8004071725002,64.60056910997524,59.198770841632054,29.7958684258825,-29.402902415749555,4.429143193156167,4.39056222852132,-0.03858096463484717,24.776645991008934,31.933030160898912,7.156384169889979,10.67546804757298,16.348879417582644,5.673411370009664,0.9199719266298678,0.8748496033607276,-0.04512232326914023,0.0,16.6568101637539,16.6568101637539
South East Cornwall,Cornwall,South West,0.0,70.7,2.5261822,97.7814243,95.37253869999999,2.4088855999999987,0.5145896,0.09129999999999999,0.0044,0.019799999999999998,0.1297316,0.11,0.0352,0.932308699999999,0.6618697,48.5514815,43.669946700000004,0.12313779999999999,0.09129999999999999,0.0814,0.0231,0.3617173,14.797176838352,16.7119813439652,6.763696420737515,35.54101829630193,16.38541099618944,30.67890193638697,11.0,31.371,23.0521,31.152,11.8665592,17.1148069,69.9220945,72.80086948040186,67.90014603367041,59.025398587478705,27.916649758552126,-31.10874882892658,2.689149616245909,4.055918516414398,1.3667689001684886,20.31504201198155,31.794018585399503,11.478976573417953,16.307156391754553,16.808018504240554,0.5008621124860007,1.6632533925392847,0.5336200949559713,-1.1296332975833134,0.0,18.89177454043745,18.89177454043745
South Holland and The Deepings,Lincolnshire,East Midlands,0.0,55.4,1.9540533,96.3481580999999,85.63468789999999,10.71347019999991,1.2540750999999999,0.4822843,0.084,0.0621,0.232008,0.525195099999999,0.0475,1.3180611,0.5544465000000001,58.069819700000004,34.047606,0.45943629999999996,0.2411355,0.0639,0.1132606,0.1808516,10.3523196864482,19.4434962231616,7.2483294398869855,30.226544249470212,23.24949388258076,21.34715253938914,8.0,26.6653,19.605600000000003,39.3482,11.9522846,16.587495999999998,70.2183407,64.60040983606558,58.50061137151009,75.92264991154761,38.01872414543871,-37.9039257661089,3.279855222757681,3.9190071848465053,0.6391519620888242,13.217023526301878,19.78227737861964,6.5652538523177615,6.5576770572805465,4.23470498584803,-2.322972071432517,1.0227942821122837,10.953625081645983,9.9308307995337,0.0,23.091661223601132,23.091661223601132
South Leicestershire,Leicestershire,East Midlands,0.0,49.2,2.2481527000000003,94.13271560000001,91.2956104,2.837105200000001,2.5810033,1.872685,0.1398849,0.0217,0.26302309999999995,0.727984299999999,0.0739,2.0549295,0.5034059,47.8386792,43.9573646,0.5181652999999999,1.1348412,0.0709,0.6304673000000001,0.23051460000000001,7.348257884928399,20.001483308148,7.795624159829412,26.793909052982812,15.58036090986897,31.527176730113187,9.0,37.8075,20.4872,27.069399999999998,9.504600100000001,11.7409767,77.1762208,72.40025901600349,65.40048389150644,66.53524623078889,35.561440059191185,-30.9738061715977,3.9663417661446356,4.830701532350708,0.8643597662060722,19.928448873799876,24.840826340076717,4.9123774662768405,9.5699631292666,14.838684553826983,5.268721424560383,0.0,0.0,0.0,0.0,19.92834751455441,19.92834751455441
South Norfolk,Norfolk,Eastern,0.5,67.7,2.4891861,94.6936403,91.0166506,3.6769897000000005,2.1739835999999997,0.8762926000000001,0.12641950000000002,0.10805089999999999,0.4484111,0.9238349,0.1307416,1.6899155,0.518644199999999,46.1511032,45.5081797,0.7066756000000001,0.49921119999999997,0.12966519999999998,0.038900000000000004,0.4311369,8.549281860323731,21.1571104764034,7.022225660066003,28.40862211221119,14.87806172544649,35.18695432953852,38.0,39.8071,20.598,25.4491,11.113081399999999,13.486675400000001,74.039923,74.30008310169929,67.00045947187762,56.49767630213858,29.30071199499788,-27.1969643071407,3.1567580075978174,8.041711208374513,4.884953200776696,23.377750351929343,35.000705944048896,11.622955592119553,16.967815338334265,11.589584299804352,-5.378231038529913,0.0,0.772504487787168,0.772504487787168,0.0,15.294782064987192,15.294782064987192
South Northamptonshire,Northamptonshire,East Midlands,0.5,66.3,2.1176159,94.91727300000001,90.71386369999999,4.203409300000005,1.8629359,0.9551004,0.20480500000000001,0.0896,0.2441906,1.0289484,0.0463,1.8156754000000002,0.375169599999999,50.3224663,41.9678814,0.5513928,0.49723809999999996,0.1142171,0.2491114,0.2707732,8.00713012477718,20.649350649350602,7.688643525417087,27.05498693113808,13.7451858648541,35.09640343358003,10.0,41.2568,20.7467,24.238799999999998,10.4857876,13.368666300000001,74.5009031,72.9002350483155,68.60044714148835,63.17731563580347,35.7394267836192,-27.437888852184265,3.795654432443083,5.661396353613796,1.865741921170713,20.776685116520678,28.873121403430357,8.096436286909679,11.114693607036022,9.2910218447958,-1.823671762240222,1.1356512081967507,3.74508817997281,2.6094369717760593,0.0,16.689945434568042,16.689945434568042
South Ribble,Lancashire,North West,0.0,17.3,2.3326482,95.72272459999999,93.4294855,2.2932391,1.8529730000000002,0.8752943,0.3684894,0.0781,0.2819102,0.48989059999999995,0.0718,1.6714005,0.2629077,62.7341259,30.009291100000002,0.8530945999999999,0.6588255000000001,0.0665,0.050699999999999995,0.2438921,8.26914980559201,19.2381379422794,7.761514195583576,28.319242902208053,15.47968642271648,33.083935548121865,17.0,36.3891,19.72,28.436099999999996,10.894276699999999,11.8105946,76.3862404,68.30005965676548,63.60010345907241,53.52021125330083,28.55094178082192,-24.96926947247891,2.512695510867357,3.369006849315068,0.856311338447711,36.22384724761324,42.465753424657535,6.241906177044292,7.743245988218566,6.361301369863013,-1.3819446183555524,0.0,0.0,0.0,0.0,19.252996575342465,19.252996575342465
South Shields,Tyne and Wear,North East,0.0,0.2,2.5978454,92.7972425,91.4274771,1.3697654,3.9832379,0.5440905,0.41341859999999997,2.3025278,0.1892489,0.5959514,0.47537509999999994,1.5894651,1.0341098,51.2210782,39.4439813,3.6080384,0.2005092,0.0338,0.3739834,0.20388849999999997,8.999013213314399,19.5129503881798,8.661958284096835,28.163730797768483,20.586390290467747,27.24669303150143,33.0,26.502100000000002,16.1524,34.7198,27.423702700000003,14.472417400000001,57.389044,65.70071872265339,53.900086359577855,25.824271802262107,11.21008038235933,-14.614191419902777,3.1486091095681035,14.753964805561589,11.605355695993484,44.08926153980523,41.06560938518358,-3.023652154621651,3.5481898772872182,3.8072995872257223,0.259109709938504,8.705620332765623,6.164457962198567,-2.541162370567056,14.684047338311718,22.998587877471213,8.314540539159495
South Shropshire,Shropshire,West Midlands,0.0,69.2,1.9838977,97.71656399999999,95.4753228,2.241241199999999,0.9342104,0.3107029,0.1063763,0.0179,0.23908330000000003,0.1981,0.031599999999999996,0.9226297,0.22855409999999998,58.835548599999996,33.878204499999995,0.30017059999999995,0.06849999999999999,0.0484,0.19590079999999999,0.2748931,8.925934746368181,15.8400846464248,6.217105668610022,37.69459269576362,17.76310937384763,33.16985028394424,9.0,34.592,24.055799999999998,27.256200000000003,11.5813289,18.0542986,69.518933,74.90010897203051,67.40043843624406,65.38728003325481,34.12773701430701,-31.259543018947802,3.4623112096438966,3.699688304648326,0.2373770950044296,15.78910904808092,13.4338760575378,-2.3552329905431204,15.361299709020368,30.98367955394653,15.622379844926161,0.0,0.0,0.0,0.0,17.755019069560333,17.755019069560333
South Suffolk,Suffolk,Eastern,0.5,68.3,2.128512,96.6721800999999,93.5847177,3.087462399999907,0.9475960999999999,0.2534058,0.0401,0.11587360000000001,0.1916788,0.5446846,0.0401,1.4630396,0.372559799999999,49.5608668,42.925677699999994,0.4689141,0.168939,0.13753369999999998,0.028200000000000003,0.2620721,9.02985074626865,18.2474003689466,7.153932456792764,33.18290115597459,17.43541362420357,29.488090776328878,9.0,35.2193,21.8291,28.5999,13.2661692,14.823383000000002,71.039801,70.50033768572716,65.50030199315482,62.05644034646549,32.95424274092744,-29.102197605538052,6.049175747415479,8.212946456015246,2.163770708599767,19.20129325829242,26.71051822708551,7.509224968793092,12.693090647826608,13.16366467900248,0.4705740311758717,0.0,0.0,0.0,0.0,18.958627896969325,18.958627896969325
South West Devon,Devon,South West,0.0,23.5,2.1596174,97.77272409999999,95.6125879,2.160136199999996,0.5950106000000001,0.155699,0.0526,0.0351,0.129921,0.2546417,0.0866,1.0373059,0.3402553,49.7762425,43.2419055,0.31862240000000003,0.0732,0.07110000000000001,0.0186,0.24953599999999998,16.9306811332127,19.0668699717111,7.854584216462756,31.63524585084085,13.705147525874631,33.305102688968866,11.0,36.7423,20.5397,28.0362,7.5535839,14.4996022,76.58220220000001,74.40022280280625,67.30048309178744,62.57040998217469,34.294246008958304,-28.276163973216384,3.8841354723707666,5.5989433788905485,1.7148079065197819,21.41176470588235,30.25152176409785,8.839757058215497,12.133689839572192,10.625550323494506,-1.5081395160776854,0.0,1.3112055434324872,1.3112055434324872,0.0,17.918532981126297,17.918532981126297
South West Hertfordshire,Hertfordshire,Eastern,3.5,2.2,1.8779461000000002,77.879911,68.8236304,9.0562806,14.605437299999998,10.375634699999999,1.2194752999999998,0.23420390000000002,0.7359251,2.2996395,0.3018403,3.5857418,1.629332,47.7452831,31.2480441,3.5796848,7.9336557,1.5495816,0.8732169999999999,0.5279682,5.29055752167,22.0947808304436,8.592660224707686,24.01658677623067,13.35106248897179,42.6356784552948,9.0,43.7347,20.277800000000003,19.3882,14.733035899999999,13.353336399999998,71.1468431,71.10036613656055,67.300799174326,52.179724045756515,34.107017034857215,-18.0727070108993,1.4996658673690004,5.247233389978033,3.747567522609032,16.0816069814065,19.971401334604387,3.8897943531978854,12.697039977986558,24.872549425954325,12.175509447967768,17.541963127481427,1.7304264931404651,-15.811536634340962,0.0,14.071372321465578,14.071372321465578
South West Norfolk,Norfolk,Eastern,0.0,60.7,2.3847285,96.1669852,87.3731277,8.793857500000001,0.892306499999999,0.1950767,0.06949999999999999,0.0763,0.1796251,0.5572241,0.0435,1.6137287,0.7697262,49.9237084,42.1071946,0.42781269999999993,0.1274746,0.1052632,0.0444,0.2945437,11.0000452304491,19.1488764044943,7.67814334850431,30.42305064331945,23.81518798395373,22.285194514413657,10.0,27.3796,19.8642,37.509,14.128369800000002,19.3798625,65.9399313,66.30008830996799,59.30072361997245,68.65491477450104,25.300552610804104,-43.35436216369693,3.0219151283065204,4.145708807939552,1.1237936796330312,18.33128681138005,26.7215518213601,8.390265009980052,8.251992757393495,5.90504116386602,-2.346951593527475,1.7398905284189057,15.466335852035638,13.726445323616732,0.0,22.460809743994588,22.460809743994588
South West Wiltshire,Wiltshire,South West,0.5,17.0,2.6864515,95.0555925,89.408585,5.647007500000001,1.646403,0.369312,0.0433,0.1774348,0.25893109999999997,0.779888,0.2186987,1.71761029999999,0.8005199,48.360807900000005,43.0532918,0.8840702,0.2960655,0.0928,0.098,0.4177928,12.7451214560393,19.5220892449898,7.756545290400236,28.54097702878916,16.763757281796142,28.565892441933137,16.0,32.4949,19.2981,34.0001,14.2133798,17.5093745,67.5726672,66.00019560995375,63.200547570157426,58.31445688760929,33.826459885635074,-24.487997001974215,3.675085208628829,4.858343441344655,1.1832582327158256,21.52549907911171,26.8021140183677,5.276614939255989,16.484958824650167,15.606047478773178,-0.8789113458769897,0.0,1.9255761566452954,1.9255761566452954,0.0,16.9814590192341,16.9814590192341
Southampton Itchen,Hampshire,South East,0.5,0.0,4.8911412,85.9525908,75.0978985,10.854692299999991,6.342731,2.1324151,0.6705251,0.45519380000000004,1.2738159,2.6157746,0.4497424,3.3544425,1.7344612,40.4066836,46.4733193,3.5053289000000003,0.9258502,0.0963,0.8522547,0.4870027,6.40479503371508,19.794233990860597,16.850565913937228,18.20875936355178,17.48963647073206,29.199035330466,15.0,27.366400000000002,17.1705,32.8943,22.414642,25.343037600000002,50.750294399999994,65.7000748150406,55.60052600818235,50.50926804580249,25.430320868262683,-25.07894717753981,2.193121191033508,7.339762962184322,5.146641771150813,41.02401889458257,41.473734002575355,0.44971510799278747,5.278252251112376,7.053320368959083,1.7750681178467067,0.9953396174690538,0.6937692166189262,-0.30157040085012754,0.0,18.009092581399628,18.009092581399628
Southampton Test,Hampshire,South East,0.5,0.0,4.8223210000000005,77.2488352,62.90586689999999,14.3429683,13.3297146,4.8998055,2.5611797,1.0684399,1.4972633000000002,3.4269689,0.5491473,3.2659339000000003,2.7285475,40.1427628,41.3351669,7.091095,1.5253363,0.0959,2.3431916,0.5012078,5.2867108322730605,20.3614711401862,17.45746847987657,16.15592137862676,17.936727796553832,33.43232312039448,32.0,27.483,15.5358,31.2361,21.629447600000002,33.231694,44.2131356,64.30010718113613,54.600768573868486,35.655865226474646,18.466694595726853,-17.189170630747793,3.184869093656932,10.037704231252619,6.852835137595687,49.46437302751478,44.53288646837034,-4.931486559144439,7.66546650664533,9.082530372852954,1.4170638662076245,0.49339911988265106,3.186705767350929,2.693306647468278,3.536027025825666,14.693478564446306,11.15745153862064
Southend East and Rochford,Essex,Eastern,0.0,3.4,3.4006764,87.5787588,81.4826502,6.096108600000005,4.92452389999999,1.2672659,0.8804698999999999,0.8550227,0.7176084,3.3142311,0.22495240000000002,3.0394023,1.143084,42.077620700000004,45.7571224,2.9598868,0.9313260999999999,0.9852718,0.1058556,0.5231712000000001,5.83397404533911,21.482967893500298,9.047161931357747,23.53982521536405,20.832757125077002,25.12351809712985,19.0,30.891099999999998,19.9155,29.512,16.4507712,27.3915474,55.0952891,61.6000570939195,56.500491544018125,59.00085733484719,28.666532176719787,-30.334325158127402,0.09731909076163774,6.848900544684285,6.751581453922647,31.329795861621523,38.82136372806133,7.491567866439805,6.430011353893922,5.721706677425862,-0.7083046764680594,3.142016358875733,1.7500504337300788,-1.3919659251456542,0.0,18.191446439378655,18.191446439378655
Southend West and Leigh,Essex,Eastern,0.0,0.0,2.8509428999999997,88.9858732,84.0135757,4.9722975,5.1521429,1.6308311999999998,0.8966168,0.7740856,0.5086015,2.06358,0.1867141,2.8357208,0.962744699999999,43.1416596,44.8891871,2.5848236,1.1698807,1.1290369999999998,0.1147514,0.4862347,6.01866605964033,21.4172808470928,7.646075176308063,25.72280251072387,18.82125858699692,28.041864981836927,30.0,35.8665,21.2335,25.5791,7.591623,23.0571364,68.9005236,66.9004189326325,62.26999163002033,59.05563874681551,31.555365905696608,-27.500272841118903,0.0,6.9596756987412,6.9596756987412,29.001769704984344,35.71367612545338,6.711906420469038,10.596837867797204,6.77192233838276,-3.8249155294144437,1.3457536804029482,1.3484104971196926,0.002656816716744448,0.0,17.650949434606357,17.650949434606357
Southgate and Wood Green,London (Enfield; Haringey),London,3.5,0.0,3.3906845,58.3513621,29.817856300000003,28.533505799999997,12.7726317,4.7910018,1.2703354999999998,1.9366389000000002,1.6556393999999999,11.8144314,0.9636491,6.2676111999999895,10.7939597,44.9366399,23.726570799999998,14.387570799999999,3.2645246,1.9895386000000002,0.4397845,0.9309421999999999,2.09687906371911,20.2772773556826,9.85242970269791,18.640820577312258,20.178707224334598,42.83174904942966,19.0,33.519,19.6474,22.7864,18.4269343,32.5544538,47.4743986,69.30044831258299,58.90068223732573,28.553270602519348,17.597600227715617,-10.95567037480373,2.4548489907421462,12.27693722493486,9.822088234192714,57.79518895128244,51.09807098596484,-6.697117965317602,9.944604644103809,8.59407501477962,-1.350529629324189,0.0,3.5427295220161588,3.5427295220161588,1.2520868113522539,6.890587024588908,5.638500213236654
Southport,Lancashire; Merseyside,North West,0.0,17.5,2.4564396,95.3713192,89.4733599,5.8979593,1.7561516999999998,0.4385244,0.1242657,0.3060428,0.42414660000000004,0.557661099999999,0.1632913,1.6267509,0.688082799999999,59.429398899999995,32.6565404,1.0598638,0.3306939,0.183833,0.0246,0.276263,8.08407252057118,17.413722329572103,7.5720104742507885,31.85069343419641,18.21493846716218,31.245278420860238,20.0,32.6628,19.864,30.1186,7.0596863999999995,23.2350784,68.6600348,67.20004317381509,61.20067911714771,50.377449405717954,25.439978694600413,-24.93747071111754,0.3573723096691295,4.791495594664773,4.434123284995644,36.783247671056856,38.287578508178164,1.5043308371213087,12.481930613556056,13.022925497680818,0.5409948841247623,0.0,2.046206085354757,2.046206085354757,0.0,16.41181561952107,16.41181561952107
Spelthorne,Surrey,South East,2.0,0.9,2.3427941,78.6713286,69.2123155,9.459013100000002,12.7680653,7.3416861,1.6219891,0.4205517,0.7760295,2.4747474,0.5128205,3.6548174,2.4310412,50.9271041,31.190325899999998,4.027002100000001,4.2465155,0.16900590000000001,2.5370307000000003,0.6828226,5.78160507116373,21.627099015634,8.422608053195404,22.860683770868757,16.808617835464602,33.58364722535448,11.0,37.4631,20.9303,24.9094,12.668644100000002,17.909769400000002,68.1011386,67.90004937187997,62.60051256322291,58.85881640072712,30.40765931638002,-28.451157084347102,4.286002827711574,5.226790278559979,0.9407874508484051,21.70874570793779,26.963566260884637,5.254820552946846,15.146435063623512,18.8666984360785,3.7202633724549887,0.0,0.5913442793397738,0.5913442793397738,0.0,17.943941428757093,17.943941428757093
Spen Valley,West Yorkshire,Yorkshire and the Humber,0.0,0.4,2.4139368,88.34351529999999,86.1592314,2.184283899999995,8.3463068,1.2151537000000001,6.4373712,0.0368,0.2680486,0.7358197000000001,0.1145776,2.1033931,0.4709246,47.2564437,38.8397174,7.3666064,0.4110079,0.0494,0.33637469999999997,0.18605729999999998,7.2763244669158,21.18577807041,8.81489120077273,26.52429871163958,20.11248828247058,27.762733048640758,11.0,31.8651,18.310499999999998,32.1737,14.0030776,16.4724848,68.9968492,65.40001385329363,56.50002064153903,46.359804274608656,24.012372741000537,-22.34743153360812,1.758139337838124,5.562862292366896,3.804722954528772,33.51479590756,39.154366993034245,5.639571085474245,5.83575165752293,3.4706999853865264,-2.365051672136403,9.085132072274355,3.7166934580349746,-5.3684386142393805,3.446376750195937,24.083004530176826,20.636627779980888
St Albans,Hertfordshire,Eastern,2.0,11.9,2.3578417000000003,80.6044835,69.347789,11.2566945,10.116254600000001,2.9048562,1.4499161,2.8696884,1.2519719,2.4707857,0.737518,4.6481717,2.1603047,44.7544789,37.3973855,6.1804809,2.1271465,1.887001,0.3386152,0.5556504999999999,4.28703866102077,23.337282277725,7.7291477758904605,21.482484259460293,10.95103434219912,51.7247528788342,12.0,49.8561,16.6998,17.224600000000002,13.3669072,17.9119062,68.0246543,78.00064886519121,71.00075658573492,39.25167730618298,18.18886348665091,-21.062813819532067,1.7179955512957301,6.3393652884876195,4.621369737191889,8.82145505181113,10.053473863680397,1.232018811869267,49.93037596976328,56.616421901034606,6.686045931271323,0.2784961209468868,0.4010539776029759,0.12255785665608909,0.0,8.400821482543495,8.400821482543495
St Austell and Newquay,Cornwall,South West,0.0,47.3,2.764548,97.189041,93.87192490000001,3.317116099999995,0.5432939999999999,0.0952,0.00601,0.0421,0.1684143,0.1354,0.011000000000000001,1.1568458,0.9753724,44.0950328,47.9564934,0.11628490000000001,0.0882,0.0862,0.018000000000000002,0.3318129,10.2097612585675,18.8774709758393,7.988444616351588,29.18096987864428,17.869835360104442,26.42337354640621,14.000000000000002,26.6663,21.1195,36.3912,11.1320668,21.723630399999998,65.76659459999999,73.9005056533927,61.400604388385226,55.57370503466551,28.86244971325858,-26.711255321406927,3.067261969581473,5.000855944534794,1.9335939749533209,26.63980543758394,34.14790721561243,7.508101778028486,10.824349341173908,10.28203372421467,-0.5423156169592378,3.894878216995172,1.9943507660703585,-1.9005274509248133,0.0,19.712402636309168,19.712402636309168
St Helens North,Merseyside,North West,0.0,8.2,2.6458186,96.89225019999999,94.15481989999999,2.737430299999999,1.1630886,0.19866620000000002,0.0849,0.13377529999999999,0.3064851,0.37436389999999997,0.188683,1.0652106,0.5051513,62.334278399999995,31.4611453,0.7028193,0.22661930000000002,0.029,0.0319,0.2306126,7.488274668730931,20.0181212369205,8.468238016931588,26.14531944698213,21.290857240353912,26.979793794330558,12.0,28.3729,16.5657,36.128,20.510894099999998,13.3483596,65.3165767,62.5004927920943,53.600137728278,26.62055045099977,11.135543805900085,-15.485006645099684,4.133638905826202,8.63517319760834,4.501534291782138,52.29074241500389,52.586845876365075,0.2961034613611844,5.609638148903513,4.444828778969215,-1.1648093699342983,0.0,0.6769778129169344,0.6769778129169344,11.345430079266626,22.52063052824035,11.175200448973724
St Helens South and Whiston,Merseyside,North West,0.0,0.7,2.6643257,95.6559121,92.68264389999999,2.973268200000001,2.0950207,0.7169744,0.1708086,0.041100000000000005,0.43967399999999995,0.5314603,0.2150923,1.1060383999999999,0.611537,62.7705673,30.5333853,0.7327591,0.4902633,0.0401,0.0242,0.3047013,7.50196106396634,20.0439676756162,9.049134419551915,24.7135947046842,21.81056246876242,27.2391741743666,36.0,27.887600000000003,16.5558,35.9255,19.161377700000003,16.9388385,63.0060139,64.00073309648677,52.98165457103457,21.29215586933057,8.037334034441962,-13.25482183488861,4.28222129215587,6.946233732088866,2.6640124399329963,58.1227834438399,49.74102800052583,-8.38175544331407,5.680992136044232,5.7815170237938736,0.10052488774964186,0.0,11.158143814907321,11.158143814907321,10.621847258629424,18.335743394242147,7.713896135612723
St Ives,Cornwall,South West,0.0,63.3,2.9372086,96.4952028,93.5666832,2.928519600000001,0.5885591,0.0802,0.028200000000000003,0.0463,0.163827,0.19770000000000001,0.0588,1.2552538,1.4631928,46.0562441,45.6585355,0.1841662,0.0486,0.0904,0.0226,0.45194170000000006,11.6408147083601,16.7758861289422,7.246337929924334,34.75881311369848,15.79868299784952,32.376080248974844,13.0,30.226799999999997,23.816699999999997,30.928099999999997,13.7813127,19.8270522,65.3014198,76.90079755739131,68.80050342529425,48.9860665318466,23.379620005820478,-25.606446526026126,1.820070873300061,3.7355007691348274,1.9154298958347664,9.078090502606727,5.7955348605163595,-3.282555642090368,39.28829848420193,52.037167920841476,12.748869436639545,0.8274736080446762,1.5569783395002703,0.7295047314555941,0.0,13.495198104186587,13.495198104186587
St Neots and Mid Cambridgeshire,Cambridgeshire,Eastern,1.0,39.8,2.9505668,89.5934836,80.51616320000001,9.0773204,5.0973008,2.1522568,0.6035779,0.2667852,1.0198386,1.4247467,0.2374578,2.82584229999999,1.0586265,43.1902897,46.2101001,1.7965601000000002,1.3367769999999999,0.2015099,0.1977257,0.45505290000000004,6.852745233172521,23.0490694640432,7.885267455539398,22.47941318939856,12.59628508693846,42.24556406148003,13.0,43.5452,17.8928,23.7636,13.937514400000001,15.2377671,68.1438089,67.00004016548179,67.73491136386924,51.29588553843695,28.168374872357322,-23.127510666079626,1.704534100673421,5.035739949321131,3.3312058486477096,18.811821833223426,13.081956053099352,-5.729865780124074,26.816937433806924,36.906697931243144,10.08976049743622,1.3708210938592809,6.079573389811277,4.708752295951997,0.0,10.72765780416777,10.72765780416777
Stafford,Staffordshire,West Midlands,0.0,27.8,2.6318808,92.2313972,88.2832001,3.948197099999995,3.6383634999999996,1.6827432,0.4346998,0.1332656,0.4082582,1.3167915000000001,0.1998985,2.007446,0.8059399,52.4326783,38.1105494,1.317877,1.098936,0.0518,0.5817274,0.45057430000000004,9.586119299254669,19.1276535060913,7.267551704158996,27.610398770687873,16.16471877748181,34.04621404264539,27.0,36.276599999999995,18.532799999999998,30.011100000000003,14.8194301,16.734165700000002,67.5525414,72.70009492908656,65.20087862254658,57.94274132252344,30.289725923188943,-27.653015399334496,4.4766229463467875,6.207481144993371,1.7308581986465832,31.203835434896998,40.276902345193335,9.073066910296337,6.376800296232776,3.64276554587146,-2.7340347503613165,0.0,0.8650481427546785,0.8650481427546785,0.0,18.718076897998216,18.718076897998216
Staffordshire Moorlands,Staffordshire,West Midlands,0.0,28.2,1.7512867,98.0054039,96.5235654,1.481838499999999,0.6734287999999999,0.20415110000000003,0.09970000000000001,0.012899999999999998,0.1220213,0.20179999999999998,0.0246,0.9585355999999999,0.1607007,58.8358149,34.2227228,0.2710409,0.1243737,0.0329,0.055099999999999996,0.1900806,7.408192464628261,17.6311683472671,7.1642635001413515,32.86542267458291,20.25177354291278,28.30574488802337,12.0,31.0911,20.9225,33.0009,9.064172500000002,12.9537385,77.5237137,67.30009836486236,62.00083045775404,64.09794742527907,35.356334580388896,-28.741612844890177,3.071448240801542,5.295367419518729,2.223919178717187,26.691944332648436,32.6428340492356,5.950889716587167,6.138660001270944,3.461733869105353,-2.676926132165591,0.0,0.0,0.0,0.0,23.24373008175142,23.24373008175142
Stalybridge and Hyde,Greater Manchester,North West,0.0,0.2,3.2783101,89.551423,87.10260600000001,2.448816999999992,6.7126848,0.7221143999999999,1.0590326,4.2309944,0.3461629,1.3815701,0.1766766,1.8037451,0.5505737,46.9138719,41.0055981,5.819937299999999,0.5382364,0.0257,0.0452,0.2454933,6.65082006180175,21.9011695964942,8.906083859644625,22.794296621786,20.24650822762893,26.289935743693,16.0,29.1671,18.4726,32.8263,20.975946,16.4598783,62.1196995,58.000219034059796,51.5005255296786,37.950811933534744,18.453771583554875,-19.49704034997987,3.3303436555891244,7.371304277773302,4.040960622184178,44.90417296072508,43.825022154193185,-1.0791508065318922,4.312216767371601,2.9001852896157256,-1.4120314777558756,1.0267182779456194,6.554955825881469,5.528237547935849,8.475736404833837,20.894760868981443,12.419024464147606
Stevenage,Hertfordshire,Eastern,0.5,5.4,2.6785938,83.9543242,76.6742355,7.2800886999999985,6.9510158,2.651769,0.9802843,0.8162367,0.5751668,4.4362865000000005,0.2770804,3.44299849999999,1.2153525,44.0723403,44.325411100000004,2.9228184,1.4524067,0.2360661,0.3420958,0.4211179,5.8711705783432,22.3815193628982,8.850636858583451,21.571462700079188,16.48317277617916,31.089703490554232,24.0,34.4539,19.0575,29.679699999999997,24.9396798,14.849747699999998,58.582535199999995,67.80087589580252,60.200126840955534,53.117463246859465,25.939365562448792,-27.178097684410673,3.0555963341232726,6.215615123492918,3.160018789369645,35.161378268984755,41.432751960669556,6.271373691684801,8.665562150032507,8.116586679152523,-0.5489754708799843,0.0,0.3464825002926373,0.3464825002926373,0.0,17.94919817394358,17.94919817394358
Stockport,Greater Manchester,North West,0.0,0.0,4.290374,85.3155832,79.8094348,5.506148399999999,7.6226083,1.256128,4.0220895,0.3652977,0.8116666,1.9504797,0.5274402,3.309616,1.8016900999999999,43.1717599,43.5675861,6.362786600000001,0.6810118000000001,0.15833049999999999,0.118271,0.31856850000000003,5.0019379010378495,22.026707982883202,8.373941429720384,19.21275488479913,17.946001285683668,35.38725268445989,16.0,34.4674,17.4938,29.026999999999997,20.0340217,19.7519434,58.678753699999994,61.500320752699665,56.759917360741156,28.180889671208465,11.370556051553237,-16.81033361965523,3.553034748027903,11.137055605155323,7.58402085712742,54.28428624204098,49.87523750658151,-4.409048735459464,8.662016211400134,8.525055513586521,-0.1369606978136133,0.0,4.173248174347,4.173248174347,5.319773127322511,14.918847148776413,9.599074021453902
Stockton North,County Durham,North East,0.0,5.0,3.0454934,91.7973325,89.924944,1.8723885,4.572967800000001,0.485241,2.7893792,0.14829610000000001,0.248169,1.4748411,0.2663277,1.207554,0.9472792000000001,48.1587974,41.6081517,3.6662631,0.2380952,0.0313,0.2360775,0.2623083,8.98077552738668,22.282712329812,9.023100609718702,23.40853606173245,21.80714393672225,25.15617915260215,21.0,24.4105,14.5656,37.6518,21.7503157,19.1098742,58.5691567,61.80004014106718,53.200477938038745,37.4965203674492,21.464666720141174,-16.031853647308026,0.0,5.141573754712441,5.141573754712441,46.710587361974575,45.79556696345017,-0.9150203985244048,3.996937923355294,3.029330766557044,-0.96760715679825,2.7581887352695555,0.0,-2.7581887352695555,9.037765611951377,24.568861795139167,15.53109618318779
Stockton West,North Yorkshire; County Durham,North East,0.5,17.7,1.8134506000000001,93.2781648,91.6819933,1.5961714999999992,3.9827812,1.2994833000000001,1.6552811,0.0909,0.4400946,0.5943746,0.28573309999999996,1.5162463,0.628393799999999,55.789231699999995,35.5236364,2.4161941,0.6032274,0.028499999999999998,0.5134549,0.2660332,9.560329883910281,20.7197588242683,7.628931315852003,28.07441442868829,13.433379176442031,36.78504975325621,16.0,38.999,17.927100000000003,25.8043,6.5237945,12.622124200000002,80.38922149999999,74.2002623025603,67.52370507142757,56.47838616714698,41.88494592705292,-14.593440240094061,0.5033621517771374,3.036720259879107,2.53335810810197,33.905859750240154,37.487149965047905,3.5812902148077512,4.449567723342939,2.4733747275792592,-1.9761929957636801,0.0,1.0691229080143099,1.0691229080143099,4.662824207492795,14.048686212426498,9.385862004933703
Stoke-on-Trent Central,Staffordshire,West Midlands,0.0,0.0,3.9880690000000003,80.9530976,74.4441591,6.5089385000000055,10.7759194,1.4282299,5.9794399,0.569344,0.5507495,3.6365407000000003,0.4046504,2.5483233000000003,2.0861188,43.8635015,38.5570972,9.900920000000001,0.6773568,0.0372,0.23552540000000002,0.4223519,5.90215071416844,22.8944435599427,13.27689448688828,19.01605138180986,25.718073353954928,22.308882015024302,28.999999999999996,18.4269,14.6289,42.4481,24.2386308,24.6449679,50.328353299999996,57.60038579918585,47.80023298025086,47.1140113272593,17.62872283147723,-29.48528849578207,1.974883033735533,4.825866417297175,2.8509833835616423,42.89091356808668,42.36447618237978,-0.5264373857068989,3.7576951489780845,2.8309104820198927,-0.9267846669581918,0.0,8.147014650457649,8.147014650457649,4.262496921940409,24.203009436368273,19.940512514427866
Stoke-on-Trent North,Staffordshire,West Midlands,0.0,0.6,2.3615969,87.0282502,83.4546143,3.573635900000005,7.871967099999989,0.4874499,5.0728683,0.7695528,0.2960585,1.8391516,0.1614865,1.9986443,1.2619869000000001,47.3215176,38.1975318,7.6975219,0.2801093,0.0279,0.13257839999999999,0.1963755,6.84128858936056,22.4494690290954,10.04317116314739,24.42325057829552,26.18330304011154,20.79276946443244,16.0,21.1685,16.4239,42.1851,19.639176499999998,18.1430788,61.622548,59.90009017648828,51.800478599166034,54.14117759510609,26.271092669432917,-27.870084925673176,1.3668514624354806,3.419087136929461,2.0522356744939803,34.84037468935194,40.32918395573997,5.4888092663880315,3.3048174345249475,2.520055325034578,-0.7847621094903694,0.7694513477346587,3.051175656984786,2.2817243092501274,5.577327470846875,24.409405255878287,18.832077785031412
Stoke-on-Trent South,Staffordshire,West Midlands,0.0,15.9,2.2515812,89.8627899999999,87.1819567,2.680833299999907,6.4667033,0.9059735,4.0948732,0.1883917,0.27200369999999996,1.1716269,0.0942,1.6288470999999998,0.8699927,52.6288496,35.2651074,5.4566621,0.46036619999999995,0.0317,0.2719865,0.2360038,7.90053037125988,21.4517630027918,8.635669527670991,28.804433679111053,22.7630908354351,25.813154215072593,13.0,27.8841,17.1152,36.6055,16.4740318,12.2660863,70.63444410000001,67.00084499376996,58.500271482868,62.53473558206147,33.20306775438425,-29.331667827677222,1.6010431362489845,2.948072883591422,1.3470297473424375,29.631054679150097,34.7345024669044,5.103447787754305,6.2331666025394385,3.851790337550681,-2.3813762649887575,0.0,3.6441795711005818,3.6441795711005818,0.0,21.618386986468664,21.618386986468664
"Stone, Great Wyrley and Penkridge",Staffordshire,West Midlands,0.0,45.8,1.9822887,94.8758625,93.0360317,1.839830799999997,2.1242137000000003,1.0330156,0.4470297,0.0668,0.18096620000000002,0.8488178000000001,0.049600000000000005,1.8215111999999998,0.3296668,57.9316436,34.3117507,0.9220462,0.3220699,0.042,0.7313894,0.2908323,7.958971695663459,18.0425531914893,7.537421168604197,29.85715371172403,18.28768876375736,30.73457896083952,17.0,35.4633,20.1999,29.0261,12.8099925,11.672596,74.4734997,66.10052042086208,59.8006180003076,68.4837722770159,46.48117839607202,-22.002593880943884,3.416700541280674,5.227963525835866,1.8112629845551922,21.582764596392888,33.701192424596684,12.118427828203796,6.516762585310541,6.902034136076689,0.3852715507661477,0.0,7.687631517418751,7.687631517418751,0.0,0.0,0.0
Stourbridge,West Midlands,West Midlands,0.0,0.0,2.2869542,86.7133404999999,84.2631069,2.450233599999907,8.184949899999989,1.5534503,5.4246959,0.1055011,0.3218861,1.6794057000000002,0.3143503,2.4642049999999998,0.9581225000000001,48.0729896,37.168694200000004,6.463559000000001,0.5264291,0.0301,1.0560878,0.2917429,5.727232209181389,20.3582580808507,9.2749092643124,26.353087662595648,21.561020515518152,26.973961073119412,18.0,29.967100000000002,18.1434,33.1536,18.4449672,15.208616999999998,65.5763278,66.30064423765211,58.50044743057491,61.78661657057718,30.756306735543408,-31.030309835033773,1.9822504372611258,4.343246903054316,2.360996465793191,29.10971475459394,38.4623100456392,9.352595291045258,5.780484118244045,4.029790862129494,-1.750693256114551,1.3409341193237028,2.6756607653342694,1.3347266460105667,0.0,19.73268468829931,19.73268468829931
Stratford and Bow,London (Newham; Tower Hamlets),London,2.0,0.0,6.6211905,39.1843938,22.960677800000003,16.223716,37.589457599999996,7.4314484,5.4394976,19.8083217,2.3967615,13.5083076,1.0640962999999999,5.4950906,4.2227163,29.6728679,24.9741614,32.1651164,3.6127032000000003,0.3116289,1.0632967,0.7242632,1.5454545454545399,19.3190299183386,15.478638849721971,8.598345712053302,17.00566216695249,48.43787424432586,33.0,35.9077,14.5959,21.3603,30.9196617,37.551797,27.8139535,64.20072636600173,53.42295582013185,14.516094986807387,7.169333486819385,-7.346761499988002,3.7108179419525067,17.292506043513296,13.58168810156079,70.43377308707124,44.077356970185335,-26.35641611688591,9.002638522427441,4.434212040980776,-4.568426481446665,0.0,22.207896857373086,22.207896857373086,2.3366754617414247,4.818694601128123,2.4820191393866984
Stratford-on-Avon,Warwickshire,West Midlands,1.0,61.6,2.1349862,95.3136432,89.3178663,5.995776899999994,2.0276745999999997,0.9391695999999999,0.2061335,0.034699999999999995,0.3439064,0.32287309999999997,0.1072736,1.7279459000000001,0.6078836,57.09598030000001,35.015039599999994,0.5206033,0.4827412,0.1314655,0.42279300000000003,0.3302413,7.67107777227372,18.024737155519897,6.617603277243868,32.62596310718913,14.842223891810672,39.25369396443776,7.000000000000001,41.28,21.2336,23.8587,13.103578399999998,14.8373552,70.3488783,74.00033161079946,69.90087509734303,60.19007786097056,30.831397873826923,-29.35867998714364,3.7922213716227575,2.2602390528522065,-1.531982318770551,11.341187893272588,7.086614173228346,-4.254573720044242,24.676512874134097,44.279537000321,19.603024126186902,0.0,0.9025850185992939,0.9025850185992939,0.0,14.639626881172227,14.639626881172227
Streatham and Croydon North,London (Croydon; Lambeth),London,3.5,0.0,5.1763566,49.3763258,32.2864925,17.089833300000002,13.4846812,4.4898338,4.438391299999999,1.0625828,0.8576561,23.4265764,0.7488678000000001,8.271278899999999,5.4410982999999895,46.4799541,29.793890899999997,11.750915,2.604193,0.24203480000000002,0.3592572,0.5616556,2.2704189589504797,20.1914636368153,9.62520234092888,15.22330137384302,15.06376578692544,48.67420730576674,15.0,39.4308,18.229699999999998,21.3682,17.7863355,31.594761100000003,49.0785214,67.50075646945837,57.900140354525135,18.83916738130506,11.958790653828025,-6.880376727477035,4.4398534341623135,17.123426031917045,12.683572597754733,57.89350588602167,52.144636724799675,-5.748869161221997,17.545022218757307,11.292168877516666,-6.252853341240641,0.0,3.005409287814513,3.005409287814513,1.2824510797536448,4.475568424124077,3.1931173443704326
Stretford and Urmston,Greater Manchester,North West,0.0,0.0,3.5003320999999996,73.48435359999999,67.82843670000001,5.6559168999999905,13.8881792,4.3608136,7.0973764,0.3242606,0.9786774,5.6676819999999895,1.0376339,4.409943999999999,2.5498674,46.3426617,32.9494537,12.5304614,0.7045437,0.18768179999999998,1.4729581,0.3498153,5.20522432606671,22.8236628236628,9.991673605328874,20.66170348239206,17.14999323301795,35.67183828143263,8.0,34.4804,17.4894,27.200499999999998,19.8371577,15.5177765,63.675652400000004,68.40034427640477,60.97745257883644,27.519124373339725,14.112429894352418,-13.406694478987307,2.7103681067369725,9.560453893308987,6.850085786572015,60.30918569117383,49.219599147863136,-11.089586543310695,5.930053728004474,4.817181861658189,-1.1128718663462847,0.0,10.3669405678014,10.3669405678014,3.531268100745002,11.92339463501587,8.392126534270867
Stroud,Gloucestershire,South West,0.5,22.5,2.7772901,96.6267655,92.7401298,3.8866356999999963,0.9467168,0.32701179999999996,0.0344,0.075,0.1718374,0.36030009999999896,0.0583,1.7110839999999998,0.3551101,46.5471095,45.0016142,0.3030587,0.19787339999999998,0.11143399999999999,0.0656,0.43428,8.42815906868007,19.0814498762251,7.163109983584527,29.53166194100378,14.05697519873611,37.504075030719456,12.0,38.0904,19.835,28.3518,13.125626200000001,13.750656,71.8378739,79.60021510735693,70.90017710926871,45.69766675454785,25.738541742089637,-19.959125012458216,8.00322963353546,10.37035696184201,2.36712732830655,41.6326127076193,46.39417855332706,4.761565845707757,2.23437911943053,5.272970820360582,3.038591700930052,0.9342868441866596,0.7675041633480559,-0.1667826808386037,1.4978249406802004,11.456447759032654,9.958622818352454
Suffolk Coastal,Suffolk,Eastern,0.5,46.5,2.3389826,95.83994249999999,92.0390807,3.8008617999999985,1.3609902999999999,0.3120878,0.0869,0.1544352,0.2917109,0.6981757,0.0332,1.670903,0.43001259999999997,49.2492654,42.746830800000005,0.5480363,0.2252204,0.1404946,0.0654,0.37000489999999997,9.96589263187403,16.2997859571074,6.750404272122131,37.39736502325334,17.61553075577811,30.769617896100947,10.0,34.4061,22.066,29.676799999999997,13.4233519,17.0256506,69.116479,72.10029189844137,66.40035448612939,56.446099493936785,29.528219853996884,-26.9178796399399,4.407524109615201,8.857252633920448,4.449728524305247,21.39406091855247,31.69197791753453,10.29791699898206,15.126515802539863,14.048249782613093,-1.0782660199267706,2.6257996753556765,0.0,-2.6257996753556765,0.0,15.874299811935048,15.874299811935048
Sunderland Central,Tyne and Wear,North East,0.0,0.0,3.0941554,89.5211205,87.0492224,2.471898099999992,6.5195299,1.1979675,0.5081353000000001,2.8363188,0.6190012,1.9647854,0.3233588,1.0778627,0.916696599999999,52.801987399999994,36.6891483,4.2396805,0.42088840000000005,0.037,0.3705871,0.305914,8.27930289235296,18.9324604181975,10.536229324857251,24.18976985107999,22.14212660037214,28.14560151812009,26.0,25.3891,15.9305,33.164500000000004,21.9874463,19.842273499999997,57.62306579999999,59.80028059750764,52.500394176696275,35.357438586806516,14.342918637535352,-21.014519949271165,2.7877449627380626,7.4905523437695525,4.70280738103149,42.174993099641185,42.17533848887554,0.000345389234354343,6.957861808814059,9.014690792602046,2.0568289837879874,1.1132578894102494,0.0,-1.1132578894102494,11.608703652589934,26.97649973721751,15.367796084627575
Surrey Heath,Surrey,South East,1.0,12.5,2.1413704,85.4659219999999,78.422061,7.043860999999907,8.444072999999989,3.0450024,1.3421246,0.48711889999999997,0.6267324000000001,1.6723055,0.3790967,2.6781347,1.7395647,49.9638231,36.433673999999996,2.9715986,2.1186397,0.1599935,1.0791917,1.0211049,8.37342348199193,20.722971522261,8.734242662989935,25.316377782154742,12.95557660667099,38.8181183626664,20.0,43.779,20.4323,20.5676,9.530620200000001,15.7612794,73.6757248,73.6001694197374,66.20670545857578,57.85617003318563,32.95178705951285,-24.904382973672774,3.539160959889509,2.43157277977735,-1.1075881801121592,9.376378738178818,6.587427806143801,-2.788950932035017,28.023632771287716,44.7539131162635,16.73028034497578,1.2046574974583262,0.19251694986189,-1.0121405475964362,0.0,13.082782288440612,13.082782288440612
Sussex Weald,East Sussex,South East,1.0,32.9,2.1793886,96.2253899,91.9600313,4.2653586000000026,1.3106325,0.37415679999999996,0.039599999999999996,0.1485622,0.2652111,0.441259,0.0979,1.6099744999999999,0.4126319,49.2153626,42.4683614,0.41817979999999993,0.22229559999999998,0.1958842,0.022000000000000002,0.3037306,8.36276125454497,19.4561571382004,6.737773832214936,32.70059270477031,14.62470504016756,32.73855290717714,12.0,37.501200000000004,24.2377,23.279600000000002,9.393392500000001,13.217714299999999,76.05221159999999,70.50045651677699,67.5007892822336,63.71362661378445,34.078291814946624,-29.635334798837825,4.575255979602574,7.650228774783935,3.0749727951813615,14.871099599336274,16.754448398576514,1.88334879924024,16.8400178072767,20.16471784443315,3.3247000371564503,0.0,3.2130147432638534,3.2130147432638534,0.0,18.139298423995935,18.139298423995935
Sutton Coldfield,West Midlands,West Midlands,1.0,0.4,1.9609831000000002,81.4438098,77.0450432,4.3987666000000045,10.6738377,5.9057765,2.2257848,0.4468118,1.0466980000000001,2.7729223000000003,0.42302319999999993,4.6595428000000005,3.7171203,52.4936908,31.4178147,4.007902,2.2640768,0.11480699999999999,3.5073021000000004,0.3630384,6.5670828378914,20.8392750118833,8.196378920986321,30.12126829140928,14.75677729921459,41.22118064352673,17.0,44.689099999999996,18.2953,20.471,8.5092152,13.092053100000001,77.8264962,70.20003488200491,65.20032375556455,60.39942666029623,38.280264001820704,-22.119162658475524,3.881509794553273,5.004862102497259,1.123352307943986,23.56808408982322,33.018848405851074,9.450764316027854,12.150979455327281,5.3524507065565965,-6.798528748770685,0.0,1.351043800302071,1.351043800302071,0.0,16.992530982972294,16.992530982972294
Sutton and Cheam,London (Sutton),London,2.0,0.0,2.3167416,67.92996289999999,55.2406714,12.6892915,19.203050899999997,6.721211200000001,3.261202,0.8898532000000001,2.370393,4.4903655,0.8678697000000001,3.3707401,1.7386358000000002,45.6936679,30.8291517,7.7677419,7.6052569,0.2227001,0.2255675,0.9137394999999999,4.0712590212674105,23.2953166707109,7.815199669043374,21.19704085854035,14.234678534913089,42.1398929452096,19.0,40.4431,20.2351,20.7893,9.1543386,24.648140599999998,65.2336538,70.80031973523678,65.90069076260747,49.983163982807454,28.935428307356215,-21.04773567545124,2.3134668330461308,3.615090534806537,1.3016237017604064,14.261096916037792,17.707851951434694,3.4467550353969028,33.44227226810862,36.9197160021846,3.477443734075983,0.0,0.665882451791791,0.665882451791791,0.0,12.156030752426165,12.156030752426165
Swindon North,Wiltshire,South West,1.0,9.4,2.5968629,86.7932896,80.2928764,6.500413199999999,7.075653399999999,4.1196319,0.7227919,0.3120506,0.4502176,2.4465896000000003,0.11842879999999999,2.6204731,1.0639797,45.579637899999994,43.513732,1.9277403,1.5686974999999999,0.0724,0.6071771,0.5733406,9.589610869766151,23.2341940588362,8.635309550022244,21.11569183200196,17.152322599031063,26.36672366296191,19.0,32.039,17.9785,33.611200000000004,15.7962843,15.807837999999999,66.8430539,65.7001816492644,60.30010103492531,58.50235326396657,31.307596513075964,-27.194756750890605,3.0581878812182097,5.357183289935469,2.2989954087172597,30.53755724868618,40.59775840597759,10.060201157291406,7.901901606129039,4.7231971017774255,-3.1787045043516136,0.0,0.9034303181252124,0.9034303181252124,0.0,17.110834371108343,17.110834371108343
Swindon South,Wiltshire,South West,1.0,0.0,3.1988431,74.9234835,66.5256862,8.397797299999999,17.0149887,11.5379851,1.0706259,0.9166681,0.5609725999999999,3.0225274,0.1778478,3.0419933,1.9970269999999999,46.8174338,37.8855444,3.6391145,3.5931058,0.0407,0.6857072,0.931677,8.48614528725794,21.695661037681298,8.859551110291468,19.41572741177867,17.76234348126157,28.499282451277903,14.000000000000002,30.1042,16.9573,35.8752,15.7355301,23.7915909,59.0991762,68.30085639816309,61.700574388076966,51.61629010438751,26.94557306782158,-24.67071703656593,0.5269852807559513,5.6681698441755595,5.141184563419608,40.20837119147132,48.39040942983435,8.182038238363027,7.648353423385225,4.114390320132161,-3.533963103253064,0.0,1.053712550788052,1.053712550788052,0.0,13.827744787248292,13.827744787248292
Tamworth,Staffordshire,West Midlands,0.0,11.2,2.1682726,94.6967171,90.250269,4.4464481,2.1649466,1.2862152999999998,0.22316979999999997,0.053799999999999994,0.2590364,0.7262981,0.0687,1.9288248000000001,0.4831582,50.280954799999996,42.2010122,0.6495835,0.44733589999999995,0.030899999999999997,0.7820906000000001,0.2430957,7.315195689302629,20.264835514577502,8.7777441790142,25.834895675839082,20.6702073233123,24.676590250200988,12.0,29.7053,17.5856,36.3527,16.3503404,13.8389743,68.9759688,64.6003882757029,58.300047930979396,66.71990585070611,31.87174568374897,-34.84816016695714,2.051109616677875,3.606010779208916,1.5549011625310412,23.29564559515804,35.027861514570205,11.732215919412166,5.316913248150639,3.3136932492920437,-2.0032199988585955,2.6164256893073303,1.0505161231387596,-1.5659095661685707,0.0,25.130172650041104,25.130172650041104
Tatton,Cheshire,North West,2.0,24.8,2.0810242,92.76566790000001,88.86141400000001,3.9042538999999987,3.4393743999999997,1.3784013,0.8695474,0.0838,0.5068103,0.5517872,0.3351487,2.24999229999999,0.9931846,55.108463500000006,35.3663646,1.748291,0.8501333,0.3647808,0.1737051,0.3474103,6.5907415773080595,19.8865377202779,6.6890374793357745,30.43376347800341,12.58079380300634,44.97677372753652,6.0,46.1263,19.3477,19.4179,10.2094677,14.4130863,74.5975891,73.30060472932739,68.300417099775,57.284182402426254,38.444200427671504,-18.83998197475475,3.693540816694949,4.952898341328094,1.259357524633145,22.477163591724736,36.255755264019726,13.77859167229499,16.185868505614327,8.888632029127896,-7.297236476486431,0.0,0.0,0.0,0.35924468353973354,11.45851393785278,11.099269254313047
Taunton and Wellington,Somerset,South West,0.5,16.2,2.8036961,94.46663389999999,88.4106052,6.056028699999993,2.7495887,0.9498744,0.0816,0.1918283,0.5893855,0.6894831,0.11027809999999999,1.4428824,0.6514748,48.493105,42.920559000000004,0.7608615,0.3632859,0.07780000000000001,0.0519,0.3113879,10.2180066753982,20.6114048472374,8.04447424293215,28.55291093976967,15.71762210463371,32.89294055261584,28.000000000000004,34.6635,19.3539,31.145699999999998,15.9431312,18.6260219,64.1210892,71.60048926124183,63.900288411450056,51.980161645848646,24.639121962858393,-27.341039682990253,0.0,3.6425816200739654,3.6425816200739654,7.896767083027186,7.0624726607547625,-0.8342944222724231,36.30051432770022,48.377540064421204,12.077025736720984,3.822556943423953,0.2664333717739691,-3.5561235716499837,0.0,16.011850320117706,16.011850320117706
Telford,Shropshire,West Midlands,0.0,0.6,2.9409272,89.0003952999999,83.7515744,5.248820899999906,4.187776,2.6993245,0.5095225,0.0782,0.40265639999999997,3.2899508,0.0916,2.70314109999999,0.818671499999999,45.1116412,44.750954199999995,1.3110686999999999,0.8711831999999999,0.042,1.6927481000000002,0.2662214,9.24476460945256,23.894124543445898,9.440692025121455,20.899395662993232,21.12769847323623,24.09647306672478,14.000000000000002,26.478600000000004,15.4964,39.001200000000004,19.737237099999998,22.7435406,56.4894133,61.50031085740123,55.20017347464289,59.372774267662265,21.428922170390376,-37.943852097271886,0.06203331418724871,5.205008593174564,5.142975278987315,34.32969557725445,44.71397004664866,10.384274469394214,6.235496840896037,3.8301006629020375,-2.405396177993999,0.0,0.0,0.0,0.0,24.821998526884357,24.821998526884357
Tewkesbury,Gloucestershire,South West,0.5,20.0,2.3137676,93.7874997,88.5468528,5.2406469000000016,3.0897102,1.5215659,0.22254190000000001,0.20494559999999998,0.29603250000000003,0.719379799999999,0.10764819999999999,1.8362298,0.5672232,50.728702999999996,40.3415795,0.9512473,0.9926509,0.0725,0.1531933,0.3798779,10.3342075503476,20.603956959389,7.438264280093414,28.37282504153175,14.42598091868326,34.97693814367853,10.0,37.8952,20.0528,27.4648,11.462945099999999,14.8243504,71.7059672,74.40080675240714,66.1006100882449,58.09907534628096,29.80695935227343,-28.29211599400753,4.216643766942702,5.918951770741054,1.7023080037983522,15.68569200490178,8.854735367436495,-6.830956637465285,21.99858888187456,42.70792558561157,20.70933670373701,0.0,0.35023383258822804,0.35023383258822804,0.0,12.361194091349224,12.361194091349224
The Wrekin,Shropshire,West Midlands,0.0,35.2,2.41256,88.96069250000001,84.4664944,4.494198100000002,5.7005723,1.8312719000000002,2.6915267,0.1421451,0.40705189999999997,1.9521876,0.2962895,2.3001660999999998,1.0863947,51.97799560000001,35.9463551,3.6901663,0.46611659999999994,0.0526,1.2571302,0.3858153,10.8698639549264,20.2210605980604,10.74170490645958,26.00820684786435,17.68373766608186,29.66509850372672,21.0,33.055800000000005,18.0901,30.6332,15.0680225,18.3958591,65.7390866,68.90062813740178,63.400722479244564,64.71048214830638,32.62694922031187,-32.08353292799451,2.9276014647543485,6.05357856857257,3.125977103818222,24.328654256942325,30.861655337864853,6.533001080922528,8.033262129996949,9.510195921631349,1.4769337916343996,0.0,1.1155537784886045,1.1155537784886045,0.0,19.83206717313075,19.83206717313075
Thirsk and Malton,North Yorkshire,Yorkshire and the Humber,0.0,73.2,1.9148082,98.08236430000001,95.259547,2.822817300000002,0.6126573,0.0847,0.0692,0.0372,0.1663498,0.23042039999999997,0.0434,0.7573565,0.3172056,58.315941699999996,34.7008989,0.2520922,0.07339999999999999,0.051699999999999996,0.0176,0.2241967,10.6656876018265,16.8696052710632,6.893602669268467,34.71012659752583,17.77896878083243,32.04867412938354,11.0,32.6005,22.2887,31.113200000000003,12.56798,19.7618119,66.7179146,68.10004044410233,63.500382555470544,62.500478945553475,39.24734421752314,-23.253134728030332,4.498256638185371,5.9963451613551015,1.4980885231697307,17.7918694202843,24.08578830050003,6.293918880215731,12.456415954634277,10.801855533465872,-1.654560421168405,2.7529790413425803,1.8695905375825852,-0.8833885037599951,0.0,17.999076249573267,17.999076249573267
Thornbury and Yate,Gloucestershire,South West,0.0,34.0,2.3221612,96.04431439999999,92.48079700000001,3.5635173999999945,1.3120992999999999,0.4176769,0.1762393,0.0499,0.2597747,0.5500944,0.08760000000000001,1.6299587,0.46350920000000007,47.6890478,44.6777299,0.5949287999999999,0.2393977,0.05910000000000001,0.14873219999999998,0.27912760000000003,8.60094037615046,20.1761977459913,8.312827384577904,28.6770617614812,14.322437125378478,33.152073163195936,11.0,38.3274,20.2653,27.647199999999998,8.7810124,12.204882,78.1537615,74.80027208343893,68.30014333981775,58.481179680116966,33.3558191391684,-25.125360540948563,0.224667011393827,4.056814136076602,3.8321471246827747,8.735267371574274,9.475893342327655,0.7406259707533813,32.558885936914926,39.00350403807597,6.444618101161041,0.0,0.0,0.0,0.0,14.107969344351378,14.107969344351378
Thurrock,Essex,Eastern,0.0,8.1,2.0917102,71.1788224,57.8898574,13.288965,8.821508699999999,2.8475171,1.5735842999999998,1.8326753,0.723468,14.759078500000001,0.2723352,3.3334162000000003,1.9071741999999998,52.2580912,31.8765003,6.3057694,1.7084678,0.12498970000000001,1.4394504000000001,0.4643655,4.03932796235879,26.4261617238146,10.25322659696128,15.069433099166751,21.13579711715617,28.81651674433727,16.0,27.150000000000002,17.7405,33.8261,19.3199725,20.6782519,59.1428635,60.5001568103413,51.20032717606162,59.90669160900629,21.32435166941797,-38.58233993958832,1.6655773174964503,4.34527930134725,2.6797019838507996,32.946426559084045,42.73390489376431,9.787478334680266,3.1328179584845275,3.080568720379147,-0.05224923810538051,2.3484865559286887,3.0193301027743757,0.670843546845687,0.0,25.49656531231695,25.49656531231695
Tipton and Wednesbury,West Midlands,West Midlands,0.0,0.0,2.0613328,70.5537745,65.7596014,4.794173099999998,17.125462799999998,9.488218700000001,2.5624156,3.3168412000000003,0.21492360000000002,6.490692500000001,0.31141989999999997,3.56071379999999,2.2694177,45.113382200000004,31.205754600000002,7.6871792999999995,2.1790429,0.015799999999999998,7.743322099999999,0.2193079,4.5576831777179905,25.017459587442698,11.18696047251248,20.32258064516128,31.02064737174285,18.93652511044991,9.0,17.590600000000002,13.889199999999999,42.4822,32.7063505,15.1289761,51.1902878,51.700569789002124,43.00044553051884,50.70942408376964,26.27943485086342,-24.42998923290622,1.8900523560209423,4.737833594976452,2.84778123895551,38.42408376963351,36.907378335949765,-1.5167054336837467,3.1282722513089007,1.858712715855573,-1.2695595354533278,0.0,5.039246467817896,5.039246467817896,5.848167539267016,25.177394034536892,19.329226495269875
Tiverton and Minehead,Devon; Somerset,South West,0.0,64.0,2.2717826,98.1305767,94.59773390000001,3.5328428000000023,0.5752402,0.1577944,0.021900000000000003,0.0427,0.1610818,0.1337,0.046,0.9555326,0.2048902,49.938091,42.2076855,0.1720303,0.0877,0.0646,0.028499999999999998,0.3517307,10.5580434033758,17.4243808091119,6.839386329034852,35.93670704888801,17.87940977814724,30.65932353093989,13.0,31.686799999999998,23.2742,30.729499999999998,13.8477437,18.6186703,66.7093155,69.80039271638249,65.9002289599667,61.31630608568942,31.20380703712282,-30.112499048566598,4.256137297362935,4.704049188267251,0.44791189090431605,14.308554775252475,9.106988692594387,-5.201566082658088,19.493635020541987,38.588364111094734,19.094729090552747,0.6253668211531845,0.0,-0.6253668211531845,0.0,16.396790970920804,16.396790970920804
Tonbridge,Kent,South East,1.0,45.6,1.9888968,93.2747237,88.03271099999999,5.242012699999998,3.061256,1.2148331,0.1553258,0.3199095,0.528725,0.747806,0.1008075,2.295942,0.6202747,50.1465823,41.1397418,0.9731009,0.9340122,0.1573831,0.2057296,0.3507689,7.16264544401349,21.6111783696529,7.571526017065845,27.7378087234069,15.051887693385119,35.3307442541542,11.0,40.3295,20.8153,23.037399999999998,14.5447677,13.5499307,69.88036770000001,73.90065146579805,69.1005450825862,64.7603305785124,40.76657129232237,-23.993759286190027,7.875114784205693,15.092989985693848,7.217875201488154,15.07805325987144,18.580114449213163,3.502061189341722,12.286501377410469,8.412811953584486,-3.873689423825983,0.0,2.149896677793673,2.149896677793673,0.0,14.997615641392464,14.997615641392464
Tooting,London (Wandsworth),London,3.5,0.0,5.3161255,66.55166129999999,50.130959600000004,16.420701700000002,14.012210399999999,4.2801883,4.5905765,0.7680477,0.9684484999999999,10.034021599999999,0.674838,6.11082629999999,3.2912336,40.5361321,37.0538835,10.5697801,3.2445683,0.4539227,0.3774921,0.5676363,2.75885951748816,17.3600975483584,10.48389801142395,11.95381227574025,10.4227267154814,61.77627692890657,49.0,52.607400000000005,15.0969,14.6054,16.2507215,36.0406326,46.480434100000004,76.00015596974187,69.50089266960723,28.224992731688133,18.36314526944072,-9.861847462247411,3.95738203957382,10.71340876036492,6.7560267207911,52.69269577411797,55.17065523298642,2.4779594588684475,14.203136490345972,8.382600154883555,-5.8205363354624176,0.13168470918201564,2.5612451126683413,2.4295604034863256,0.7901082550920937,4.808945469656045,4.018837214563952
Torbay,Devon,South West,0.0,0.0,3.4040611999999997,95.6966338999999,91.0656476,4.630986299999895,1.8954849,0.4425033,0.1340919,0.1044001,0.363006,0.3611362,0.10631569999999999,1.5525927,0.4942244,48.1719524,43.3913468,0.63122,0.18582200000000001,0.0939,0.046,0.4109156,9.91975737663486,17.7757407354359,7.22091254311296,32.1271382285654,20.08372973774568,25.23641673225877,31.0,26.7513,21.351899999999997,34.804899999999996,7.8034498999999995,29.50357,61.795741299999996,67.30088729270096,60.50011151489708,59.07084420552864,29.465466767862953,-29.605377437665684,2.424908281179494,3.0792583757996312,0.654350094620137,12.98777736359891,7.103979182478586,-5.883798181120325,24.24515901198721,41.064729480646214,16.819570468659006,1.2713111377057542,0.5074270844627561,-0.7638840532429981,0.0,18.779139108749867,18.779139108749867
Torridge and Tavistock,Devon,South West,0.0,54.6,2.3290295,98.1978472,95.9463565,2.251490700000003,0.5396552,0.1058201,0.0189,0.0168,0.17077900000000001,0.1278,0.0325,0.9366651,0.19804039999999998,49.421169,42.6239641,0.1697206,0.0513,0.0953,0.0283,0.3362982,11.1651861651861,16.9453689007219,6.4729308197812685,36.234850259533665,17.76857972447025,28.503119787483783,13.0,29.4879,24.4026,31.4475,9.4122094,19.4244944,70.3080703,73.10022063247978,68.00026761222988,59.83024804273066,31.58008658008658,-28.25016146264408,3.3712592375795714,4.624163715072806,1.2529044774932343,17.855052315797177,21.182605273514366,3.327552957717188,17.9428550523158,23.807556080283355,5.8647010279675555,1.0005853515767908,0.7969303423848878,-0.20365500919190305,0.0,18.00865800865801,18.00865800865801
Tottenham,London (Hackney; Haringey),London,0.5,0.0,5.7359298,47.027959199999906,23.1980627,23.8298964999999,9.52080429999999,1.9762236999999998,0.9840757,2.3269979,1.7076392,24.6965583,1.1293755,6.907609900000001,11.8470683,40.9951789,25.2258268,15.8684151,1.1293175,4.431415400000001,0.38817999999999997,0.8724877000000001,1.55169082125603,21.860575985437798,12.344583414219281,11.7631289460791,22.44437337232147,41.15045460775803,21.0,28.921000000000003,15.950500000000002,27.0542,33.0570048,36.9217392,27.163285,60.200668896321076,52.900097504414056,11.10236220472441,5.778619109295606,-5.323743095428803,4.297900262467191,19.00966424230348,14.711763979836288,77.78652668416449,57.45242602371226,-20.334100660452222,5.043744531933508,4.802231742552555,-0.24151278938095277,0.48337707786526685,8.966822755803527,8.48344567793826,1.2860892388451444,3.990236126332569,2.7041468874874246
Truro and Falmouth,Cornwall,South West,0.5,36.4,4.1807685,95.2112089,91.29183880000001,3.919370099999997,1.4374843,0.35094010000000003,0.1148723,0.1211955,0.3045696,0.38255300000000003,0.1296265,1.7272995,1.2414636,43.6797842,47.6087094,0.49427730000000003,0.21921039999999997,0.1074974,0.029500000000000002,0.3994267,10.1808570519566,17.5749110447274,12.59076009648084,29.00735976250841,13.00284942824791,37.21303520101534,27.0,33.7601,20.1385,26.2284,12.8141749,21.0273855,64.83199139999999,75.30057180288495,68.90009869503236,46.83388306933923,25.13130670062072,-21.70257636871851,2.7583457174961032,6.903549259907687,4.1452035424115845,38.752763782667,41.34768422727996,2.59492044461296,10.839465004168328,13.035174279802641,2.1957092756343126,0.8155424263293342,1.3210249880630272,0.505482561733693,0.0,12.26126054432596,12.26126054432596
Tunbridge Wells,Kent,South East,1.0,40.6,2.5003547,91.218485,83.6662683,7.5522167000000024,4.1830288,1.5821524,0.3414717,0.5188473,0.5833476,0.9988047999999999,0.22385370000000002,2.6027736,0.9969077999999999,49.318005,40.5621004,1.7490941999999998,1.0443344,0.1944492,0.0721,0.4154573,6.05398341744772,22.7078024677827,6.71527154133382,25.38048872713509,13.357686669503948,41.50115855676928,14.000000000000002,43.1064,19.843700000000002,21.8027,14.421863700000001,19.531813200000002,64.960346,72.7009085950699,68.9002629005423,55.11253430924062,27.601843317972353,-27.51069099126827,0.0,4.32073732718894,4.32073732718894,14.817932296431838,11.388018433179724,-3.4299138632521142,28.31473010064044,43.61474654377881,15.300016443138368,1.7548032936870996,1.1225806451612903,-0.6322226485258093,0.0,11.952073732718894,11.952073732718894
Twickenham,London (Richmond upon Thames),London,3.5,0.0,3.3186612999999996,81.1629377999999,65.9222405,15.240697299999912,9.0169663,3.8423196,1.0211402,0.5236139,1.2400891,1.9938322000000002,0.6698903,5.1131546,2.7131024,44.668561000000004,39.3487679,4.1673266,2.2201519,0.4136582,1.2717193999999998,0.7248335,4.16609907823638,22.412206434513703,8.518562448108167,21.56446447633729,9.441300449474836,58.23144460746641,17.0,52.6544,16.4552,13.607800000000001,11.1792217,23.359669399999998,64.5734006,76.90036900369005,71.5009398370949,33.83260213874417,16.27295609210404,-17.559646046640133,0.0,6.693390509928218,6.693390509928218,8.656087194954758,12.478791833690687,3.82270463873593,56.23800383877159,56.278549454647155,0.04054561587556549,0.0,0.6469656008203598,0.6469656008203598,1.2733068275294763,7.6293465088095465,6.35603968128007
Tynemouth,Tyne and Wear,North East,0.0,0.2,3.0428029,95.1371178,92.6742465,2.462871300000002,2.3715788,0.523868,0.1900203,0.7527322000000001,0.3243992,0.48179269999999996,0.11548190000000001,1.5086139,0.5007716,46.820014300000004,45.8888002,1.3312055999999999,0.233066,0.0682,0.1973712,0.2887078,8.784138355883089,19.274964252281098,7.727597104699758,28.72871852380459,15.651376847572852,37.50143222701753,19.0,38.1385,17.353099999999998,26.397900000000003,16.4434507,16.2609231,66.880376,73.90053431976983,66.20088052722251,40.222469410456064,18.66248089553472,-21.559988514921343,2.4434556915090844,7.41872857201867,4.975272880509586,46.73340748980348,50.58242802263621,3.849020532832725,6.71486837226548,5.595026642984014,-1.1198417292814655,0.0,2.474286422404891,2.474286422404891,3.885799035965888,15.267049444421495,11.381250408455607
Uxbridge and South Ruislip,London (Hillingdon),London,1.0,0.0,2.5040995,57.4860774,44.9392815,12.5467959,25.5237337,13.198346999999998,3.6008552,1.5988776999999998,1.4188772,6.7174836,1.6884554999999999,4.9707182,5.3019868,43.0187946,23.8963256,12.150559399999999,8.414461,0.21718549999999998,4.5051212,0.8509955,4.4391551508989195,22.9718543046357,12.9004257429835,16.74967965940554,15.735519703782069,38.75165300185136,17.0,35.103899999999996,18.0594,22.2491,14.419744000000001,24.476591,59.7032861,67.70030662578323,61.40041188584878,52.601315426726,34.873894672648866,-17.727420754077137,2.652514670552558,9.482946378011064,6.830431707458507,36.967823244456696,36.15237182558697,-0.8154514188697277,6.638178882281124,3.8158295944592067,-2.822349287821917,1.1401677759836162,1.2784771529381016,0.13830937695448542,0.0,14.396480376355797,14.396480376355797
Vauxhall and Camberwell Green,London (Lambeth; Southwark),London,2.0,0.0,10.195264499999999,48.9658808,31.2729243,17.6929565,8.6345557,1.6326490999999999,0.5990574000000001,1.1594035,2.9072187,27.8498776,1.1506934,7.5651559,6.984486400000001,45.2960931,34.5653205,9.532657799999999,0.8487453,0.4248565,0.1538774,1.0181072,2.11106011932078,14.939793171837302,14.941265294339651,11.61259520795859,14.63524687249715,53.28768514027231,23.0,40.4616,13.7208,22.6583,45.081626899999996,28.799965,23.4718185,66.30023556285245,53.80039845776777,14.526270456503015,7.4834825234441595,-7.042787933058856,4.123600344530577,17.092924126172207,12.96932378164163,60.45004306632214,57.35294117647059,-3.097101889851551,19.05254091300603,12.119032395566922,-6.933508517439108,0.29285099052540914,0.5354859335038363,0.2426349429784272,1.5546942291128338,5.416133844842285,3.8614396157294513
Wakefield and Rothwell,West Yorkshire,Yorkshire and the Humber,0.0,1.8,3.1047729,86.3574677,79.8836156,6.473852099999999,7.8535442,1.2883389,4.9958502000000005,0.0424,0.391406,2.3427773,0.3819746,1.9824952,1.4637643,45.8487772,39.2166294,7.650737100000001,0.7450792,0.066,0.1999453,0.2848277,6.606526930220211,21.5739765371075,8.70079327723372,22.14747379659492,22.60265201345798,27.102227085928487,36.0,29.242,16.8935,35.143299999999996,23.1427434,16.3991333,59.6754223,66.40021640630283,54.200050659236645,44.857719023078644,18.009641873278238,-26.848077149800407,0.9981056362414192,5.876131444313263,4.878025808071843,39.50868759293586,43.71556473829201,4.206877145356152,10.920090440592345,7.991440377804014,-2.928650062788331,0.4847941661744037,3.67965367965368,3.1948595134792765,3.2306031409773293,20.727567886658797,17.496964745681467
Wallasey,Merseyside,North West,0.0,0.0,3.3177826,95.6476887,93.3693522,2.2783365,1.8417036000000002,0.36813890000000005,0.0736,0.2696228,0.5454677,0.3806254,0.1348114,1.5897377000000001,0.5402827,52.0060144,40.4593768,0.7683932,0.3764193,0.0788,0.08499999999999999,0.27790739999999997,9.257759159395459,20.309208048773,8.26851603509712,27.183672426785133,19.20524750209747,27.05997508453462,23.0,28.3817,18.3143,33.435900000000004,14.305552299999999,22.0635545,63.040711,70.50008903255852,57.57424742406896,25.931610646978818,11.666588686660742,-14.265021960318077,2.3683699242277054,9.135357694287185,6.76698777005948,63.666213328152324,57.72235998689936,-5.943853341252961,3.8993588498154264,4.311514527675104,0.412155677859678,0.0,1.5416647171665185,1.5416647171665185,4.1344472508257235,15.622514387311092,11.48806713648537
Walsall and Bloxwich,West Midlands,West Midlands,0.0,0.0,2.3852617,58.715424299999995,53.3887397,5.326684599999998,28.786600200000002,8.387674200000001,13.857563,4.415462600000001,0.3290287,6.49192349999999,0.31283299999999997,3.3908707000000002,2.6151814,38.0334996,26.483399400000003,21.858244900000003,2.3040532,0.0239,5.1630226,0.1730384,4.56258228537703,26.5094339622641,12.55412197297709,18.25025565153057,28.87674844706619,23.24261518523484,25.0,19.2821,13.531099999999999,37.622299999999996,30.569301300000003,20.695056,48.138648,60.90008808691242,49.412749448622215,49.20666228358536,17.95864590895647,-31.24801637462889,1.5253122945430637,6.1520260278024255,4.626713733259361,44.41595441595442,33.64792557339141,-10.768028842563005,2.9322813938198555,2.196768035277352,-0.7355133585425033,0.631163708086785,20.435051490952112,19.803887782865328,1.2886259040105195,19.60958296362023,18.32095705960971
Walthamstow,London (Waltham Forest),London,0.5,0.0,5.4417836,50.48481820000001,31.0414403,19.4433779,21.6587565999999,2.9309655,12.0399944,1.4401595,1.0178325,15.3712311,1.2114331,6.527688199999999,5.9575059,35.0694756,30.0015521,23.313755399999998,2.158197,0.3986374,0.347174,0.6526871,1.69124790249933,22.7528404993509,10.05227890380266,10.787710308487,17.55713371456884,46.8031957720019,25.0,36.1207,16.9723,22.3941,22.3345771,30.1326916,45.2454022,68.2004176543628,61.556530960147114,12.251991310644462,5.13094485270067,-7.121046457943792,3.585393607116996,20.00915850759938,16.423764900482386,76.10220337229751,59.25118297389825,-16.851020398399257,5.946001862004759,3.785516474410694,-2.160485387594065,0.5254991207199752,7.819621012233149,7.294121891513174,1.5889107272163028,4.003576179157854,2.414665451941551
Warrington North,Cheshire,North West,0.0,15.2,2.6518251999999998,94.5397198,88.68090480000001,5.8588149999999946,2.4151278,0.6560294999999999,0.6167091,0.0766,0.5929099,0.7657126000000001,0.1324476,1.5262515,0.7532957,56.833773099999995,35.0985566,1.4216980000000001,0.42319829999999997,0.0838,0.1438253,0.2524704,7.3285146713895895,20.462703599958402,8.31659405733962,25.582396368663918,18.77282228210229,28.24044926842781,12.0,30.729400000000002,17.918,34.1719,19.809966000000003,14.415298400000001,64.94902110000001,64.30071282533017,56.700038233336635,40.93584840802647,16.198396643440475,-24.737451764585998,2.6919606410862373,4.717664393996154,2.0257037529099167,44.18639625316891,46.777053520141855,2.590657266972947,6.563399647660378,6.835493619040483,0.27209397138010516,0.0,1.645813041632327,1.645813041632327,5.6223950500580075,23.825578781748707,18.2031837316907
Warrington South,Cheshire,North West,0.5,2.7,2.4785338,92.34389,87.1446838,5.1992061999999954,4.3001868,1.5914232,1.1124224999999999,0.1140946,0.6845677,0.7888571000000001,0.2547457,1.5569981,1.0101308,56.7484361,33.846441399999996,2.1884959,1.0160522,0.0777,0.309832,0.3068812,6.995051214178841,21.0397253555664,7.7902532250358325,23.78045867176289,15.04401366107076,35.498340468517,13.0,37.9429,17.613200000000003,28.5073,11.8773594,16.3221618,70.9994476,70.60089475537701,63.400002552746116,44.353304143804614,23.878643904010307,-20.474660239794307,0.007389754105932125,4.6565469479787405,4.649157193872808,44.47338764802601,46.70840715090997,2.235019502883958,8.156441094422583,7.708568207440812,-0.44787288698177097,0.31036967244914926,1.1173296827186343,0.806960010269485,2.6991076871917086,15.930504106941537,13.231396419749828
Warwick and Leamington,Warwickshire,West Midlands,1.0,5.5,3.5780312000000003,82.0432003,72.0729348,9.970265499999996,11.5252597,8.5289767,0.6997648000000001,0.10145639999999999,0.844838,1.1292953,0.1934309,3.3328908999999998,1.96939239999999,41.749239100000004,40.8531902,1.6707281,3.0835459,0.19912200000000002,5.5251605,0.38022809999999996,5.3054054655015195,19.6534311766628,13.043134240629332,20.90247321065234,13.62529854859452,44.51359544368914,19.0,41.7736,15.270100000000001,23.4286,16.7233674,21.1771508,60.333978099999996,69.20007952813307,64.50081940347428,41.07416487894576,23.50298792633847,-17.57117695260729,2.9056849524977015,9.08776779543884,6.1820828429411385,43.313285320257435,48.73165575836416,5.418370438106727,10.904459086730004,7.888532054148542,-3.0159270325814616,0.4213913576463378,0.31302085450628075,-0.10837050314005703,1.3810144039227705,10.476035611203708,9.095021207280936
Washington and Gateshead South,Tyne and Wear,North East,0.0,1.9,2.3889019,96.9586110999999,95.3480256,1.6105854999999059,1.4001396,0.5213511,0.2305366,0.1078657,0.2527442,0.3891496,0.0867,0.856581,0.3954921,51.827881899999994,42.2163002,0.6619925,0.1565094,0.0486,0.3584912,0.1290145,8.87716618131474,20.0750780334532,8.923891325219907,27.24913719282755,23.06597303103243,22.339984988482538,12.0,24.4429,16.18,38.6728,30.0090705,12.319186499999999,57.2397002,58.50019521445703,52.20033558466463,33.732182866949515,12.571243348369846,-21.160939518579667,2.674357629785003,4.556873126063586,1.8825154962785828,43.118653763645895,47.762080981064805,4.64342721741891,4.926824617438146,4.32727370951622,-0.5995509079219259,1.7614530199742577,1.693633343237622,-0.06781967673663569,13.78652810220718,29.08889549174793,15.30236738954075
Watford,Hertfordshire,Eastern,1.0,0.0,2.6797985,61.6110265,46.7116541,14.899372399999999,23.9793928,9.8056289,7.558978,0.47436350000000005,1.0113103,6.2048198,0.7319529,4.7028199,3.5019455999999995,44.2961969,24.9965987,12.4452386,8.2883602,1.3469266,0.6494272,0.979583,3.82015112171614,23.540926808142,8.971134674642013,17.10168569874925,15.634448007329361,41.176133760879516,14.000000000000002,37.3705,18.6774,24.5697,15.484851999999998,27.5096503,55.901275,68.40010763195536,60.80064554953773,41.99966872334258,24.710381284444942,-17.289287438897638,0.25880988860822396,5.461702845574176,5.202892956965952,39.30804588181705,35.33460803059273,-3.9734378512243183,17.744005962979834,17.04420200202452,-0.6998039609553146,0.6894695432523086,6.359239680575864,5.669770137323555,0.0,11.089866156787762,11.089866156787762
Waveney Valley,Norfolk; Suffolk,Eastern,0.5,84.5,2.1643409,97.63820720000001,94.5551852,3.083022000000002,0.805073,0.2902692,0.0238,0.0556,0.1859537,0.31972900000000004,0.0556,0.9445087,0.2925776,50.887258599999996,41.6881158,0.28346920000000003,0.12132480000000001,0.1247265,0.0261,0.23244479999999998,9.12322575730645,16.3182206265461,6.337475474166116,36.46173969914969,20.105623029545182,28.23620182778391,8.0,32.6021,23.2048,30.534899999999997,12.6003047,14.492128000000001,71.88166580000001,72.70046501077464,67.50068775790922,62.20358814352574,30.309946406374177,-31.893641737151565,9.311622464898596,41.70725246061989,32.39562999572129,18.59204368174727,9.41658345729831,-9.17546022444896,9.157566302652107,2.473865465734722,-6.683700836917385,0.735179407176287,0.24045809304505533,-0.4947213141312317,0.0,15.851894116927841,15.851894116927841
Weald of Kent,Kent,South East,0.5,86.0,2.1364953,95.7819802,90.9488469,4.833133300000004,1.3743975,0.4373162,0.1174076,0.0883,0.2240438,0.7593426000000001,0.054900000000000004,1.6717111999999998,0.4125083,53.8157455,38.5990801,0.5385668,0.2789776,0.12710180000000001,0.08940000000000001,0.29405749999999997,8.16976404259762,20.3451652876044,6.900099110514494,32.054096777026395,16.709763359974918,32.60330146789949,9.0,38.3539,23.038,22.910800000000002,11.2627897,12.8654207,74.0942786,70.80095253033694,66.70086414394507,71.96084749859018,39.83672503549456,-32.124122463095624,3.8769838072988,8.9663196087711,5.0893358014723,14.055828566825102,23.229215964663197,9.173387397838095,10.10634012728591,7.838381448177946,-2.267958679107963,0.0,0.0,0.0,0.0,20.1293579428932,20.1293579428932
Wellingborough and Rushden,Northamptonshire,East Midlands,0.0,15.8,2.5170917,86.6040179,76.0721685,10.53184939999999,5.1387617999999895,3.1540383999999997,0.4463849,0.6144461999999999,0.258761,4.374927700000001,0.0818,3.1220267,0.7602694999999999,45.8483016,42.6649475,1.7641828,2.5955895,0.0774,0.2845456,0.3352303,7.28528911564625,21.7204485149362,8.71585715222953,23.05093270934011,21.69183022056306,24.00459460354977,9.0,26.8235,17.4553,39.0269,17.0039539,18.8044726,62.8842311,61.400715236628464,56.700698687704644,62.352265963778585,27.845856542002956,-34.50640942177563,2.7123543916333643,6.147550301239059,3.435195909605695,28.260777144800613,40.318290326247585,12.057513181446971,6.674602499787433,3.5693986586336255,-3.1052038411538074,0.0,0.6206661361827897,0.6206661361827897,0.0,21.498238035693987,21.498238035693987
Wells and Mendip Hills,Somerset; Somerset,South West,0.5,71.9,2.1538504,97.22698079999999,93.3230252,3.9039555999999984,0.9401313,0.2799002,0.029300000000000003,0.0305,0.2832861,0.24260739999999997,0.044000000000000004,1.2663228,0.32390019999999997,50.6669977,41.4565605,0.2245898,0.1320452,0.0914,0.029300000000000003,0.34760630000000003,9.362921673283719,18.566740194759703,7.252906976744171,33.781712473572924,15.02219830485672,36.01103188483789,8.0,37.8469,21.5721,26.178800000000003,9.0813483,14.497554800000001,75.27738339999999,80.80083605336998,68.50086360483618,56.12586594851261,24.819329733163915,-31.306536215348697,1.1711344589925763,4.105781448538755,2.9346469895461786,10.765223862086073,7.0024618805590855,-3.762761981526987,30.798532981343353,46.89882465057179,16.100291669228437,1.1392427490653956,4.048205209656925,2.908962460591529,0.0,13.125397077509529,13.125397077509529
Welwyn Hatfield,Hertfordshire,Eastern,1.0,9.2,3.0975031,78.3996202,66.9286493,11.470970900000001,9.0489503,4.4229349000000004,1.0268312,0.5134156,1.1384816,6.2278017,0.46418400000000004,4.1547982999999995,2.1688294,46.5591209,37.4918681,3.2923077000000003,3.2483516,0.8817581999999999,0.38417579999999996,0.763956,5.1376816553738,21.2136507909348,13.34658109913018,19.90531105102551,14.29452699704542,37.32291475015964,19.0,34.631,17.0505,24.1664,26.458309600000003,16.6738908,55.2138702,69.50005367110347,64.40058479532163,52.48952642044906,33.181302239191,-19.308224181258062,3.110218738536981,6.1624187390362195,3.0522000004992385,31.69102457671294,41.021566401816116,9.330541825103175,12.709230264301022,6.432772675678465,-6.276457588622557,0.0,0.0,0.0,0.0,13.201939944278196,13.201939944278196
West Bromwich,West Midlands,West Midlands,0.0,0.0,2.1917432,54.3836891,49.1541014,5.229587699999999,28.449426499999902,16.201031699999998,5.631808700000001,3.4476227999999995,0.2912849,8.6384461,0.5699444,4.2024384999999995,4.32598649999999,39.851922699999996,23.942175900000002,11.6739413,3.9571459000000004,0.0271,13.8409927,0.3318664,4.50149504765464,23.897610326181702,11.46471997157885,20.23172394824588,27.22083686028688,23.968795040150077,26.0,21.7047,15.2631,37.5433,23.3344235,18.3330219,57.405158,57.3001343285649,49.30064732354014,47.320975421127685,20.059757133850496,-27.261218287277188,1.911690069362206,5.580987363284998,3.669297293922792,42.12485197090171,46.24873221677037,4.123880245868662,3.547864755782198,3.6018749486033825,0.05401019282118469,1.3171568745921647,5.043721389216305,3.7265645146241404,3.7774609082340436,19.464926948274446,15.687466040040402
West Dorset,Dorset,South West,0.5,51.1,2.3875299,96.7827091999999,93.4799333,3.302775899999899,1.3847929,0.4295422,0.13570120000000002,0.12822160000000002,0.2564431,0.2842565,0.09079999999999999,1.19994,0.3483116,52.7076121,38.431209100000004,0.531051,0.1506603,0.1025773,0.0139,0.4658717,11.603155873302299,16.499885813939,6.197242631062036,39.84510001367496,14.557500000000001,36.191250000000004,26.0,37.3142,23.0593,25.9678,14.2123407,17.011776100000002,67.54505710000001,76.70049751243782,68.39723836642352,54.26980090982997,36.51744130786047,-17.752359601969495,3.5234289865601163,4.349396445204828,0.8259674586447119,9.364675764966357,5.8663625130691,-3.4983132518972573,32.842094338643555,51.32401862940785,18.481924290764297,0.0,1.9427811044577512,1.9427811044577512,0.0,0.0,0.0
West Ham and Beckton,London (Newham),London,1.0,0.0,3.9197796,38.3993987,18.8411817,19.558217,28.257035899999998,5.5594421,4.6361476999999995,11.5845394,2.4302975,22.617434,1.1768907,5.6884263,5.0376750999999995,44.8825668,17.7261035,25.0781552,3.2019938,0.1238823,0.7585971,0.8416711,1.8536208613646001,21.5145636318162,14.296910661533548,9.187056989552907,19.79086827986423,41.92580021168656,27.0,27.9845,16.6831,26.2334,34.1497124,35.995203399999994,26.8165281,57.30037699481277,45.812379475933,16.44323522137027,10.402222955871023,-6.041012265499246,2.530299282710858,10.721360184879499,8.19106090216864,70.70244867672521,45.21294156487289,-25.48950711185232,6.059856542171654,4.418399911962144,-1.6414566302095102,1.4988869651249073,21.54176295807197,20.042875992947064,2.765273311897106,7.703312424342467,4.938039112445361
West Lancashire,Lancashire,North West,0.0,25.7,3.012644,96.7343734,92.4700565,4.264316899999998,1.1290007,0.4141817,0.10951920000000001,0.0358,0.23695970000000002,0.35839909999999997,0.1344099,1.3789464,0.39924729999999997,60.6991378,32.259702499999996,0.45699829999999997,0.2309883,0.061700000000000005,0.0906,0.2309883,8.08352735739231,18.8550410080095,14.20472701880622,26.677949652633842,17.81368798636683,29.670015373064963,13.0,30.545699999999997,17.101399999999998,29.3659,15.7353512,14.362631,68.8664144,71.50052950281044,59.70068615268248,36.31012285665457,19.638009049773757,-16.672113806880816,2.369785238212787,7.38235294117647,5.012567702963683,52.139072973434864,50.463800904977376,-1.6752720684574882,4.861097924539051,4.622171945701357,-0.23892597883769362,0.0,0.0,0.0,4.319921007158727,17.893665158371043,13.573744151212317
West Suffolk,Suffolk,Eastern,1.0,48.2,2.6334076,90.811369,79.7132362,11.09813279999999,2.7034347,0.8142468,0.3664957,0.1879031,0.32756080000000004,1.9560543,0.15150750000000002,3.0233779,1.5057641,48.196329999999996,42.6245049,1.2662085,0.3766462,0.12103459999999999,0.0635,0.41050210000000004,7.520220950877881,21.1275239451203,9.388814244248648,24.616662735002322,22.551470206918008,26.57055437431935,10.0,31.237900000000003,19.8074,33.8505,15.951864299999999,23.5805879,59.1517064,64.70055993390945,59.58103154525273,64.32509120389138,34.25835662139035,-30.066734582501027,4.456830158086745,6.304022876454149,1.8471927183674044,22.17470612079449,27.22428023656333,5.049574115768841,9.043372517227402,9.280561512965491,0.23718899573808905,0.0,2.086176642620394,2.086176642620394,0.0,20.84660211000628,20.84660211000628
West Worcestershire,Worcestershire,West Midlands,0.0,62.9,2.1318598,96.8408088,93.71213900000001,3.1286697999999955,1.2003495,0.3563393,0.1262459,0.0621,0.3247778,0.309524,0.0519,1.33169079999999,0.3176273,54.8562469,37.4531683,0.42657600000000007,0.1598387,0.08760000000000001,0.10180810000000001,0.3451295,9.27253035924142,17.6084984343449,6.842130188723909,35.23714806658611,14.717176459258722,38.44570438048464,10.0,39.2308,21.6448,24.6813,14.3950043,13.1921562,71.1270364,75.10051694428489,69.00045422428586,60.679645402398755,36.17495931391373,-24.504686088485023,4.719276899009213,9.267284729460384,4.548007830451171,16.50617069355119,15.24128220600874,-1.26488848754245,18.09490700504085,24.203192714904823,6.108285709863974,0.0,0.663777497394262,0.663777497394262,0.0,14.449503538318066,14.449503538318066
Westmorland and Lonsdale,Cumbria,North West,0.0,67.0,2.2726404,97.75638810000001,93.6738375,4.082550600000001,0.7401948,0.16277329999999998,0.0561,0.0429,0.1693722,0.23866539999999897,0.0462,0.9469445999999999,0.3178554,55.5120492,36.865781600000005,0.293668,0.0671,0.0803,0.0165,0.3739592,7.979581517420719,15.3172532020134,6.841596286506343,34.22216491522135,14.89114769988139,36.99447767475673,12.0,33.7784,22.7778,30.238100000000003,10.9556717,18.0804701,70.2053887,74.90015615715213,68.80061115355232,50.162361623616235,19.358811297518827,-30.803550326097408,0.529520295202952,3.000020188561161,2.470499893358209,6.92250922509225,4.655482203783336,-2.2670270213089143,40.678966789667896,62.70768982294632,22.028723033278425,0.5977859778597786,0.5026951729150264,-0.0950908049447522,1.1088560885608856,9.775301314275332,8.666445225714446
Weston-super-Mare,Somerset,South West,0.0,5.9,3.2118948,94.9820459,88.06752519999999,6.914520700000004,1.9327047,0.6211821000000001,0.0867,0.3095592,0.3755985,0.7057997,0.1496203,1.6520141,0.7274641000000001,44.5864933,46.633648,0.8430068000000001,0.2321622,0.0681,0.0433,0.3229634,9.85066320378443,19.7447544454273,8.36099276726443,26.70910532051904,17.51084476317043,27.289937564253652,20.0,29.674699999999998,18.8745,35.5607,10.9199267,24.047492000000002,64.22790619999999,64.90004385902859,59.20060331825038,57.137251482385764,28.07501769285209,-29.062233789533675,3.0083711196372516,6.341118188251945,3.332747068614694,28.1217300313917,38.4760556735079,10.354325642116201,11.73264736658528,8.860580325548478,-2.872067041036802,0.0,0.0,0.0,0.0,18.247228119839583,18.247228119839583
Wetherby and Easingwold,North Yorkshire; West Yorkshire,Yorkshire and the Humber,0.5,83.4,1.8115465000000002,95.905208,93.30601990000001,2.599188099999994,1.7196890999999999,0.6522452,0.33103899999999997,0.0197,0.3419644,0.5615197,0.0765,1.3744128,0.4392226,58.7503278,33.3723014,0.6369636,0.3026396,0.6784809,0.35180490000000003,0.26986279999999996,9.15664504218056,19.1643873375315,6.705661713596246,33.10863093286465,13.9232167795315,40.933045242549596,11.0,43.3617,20.8433,21.2527,10.0025641,13.266666699999998,75.76153839999999,76.10100727476217,70.06073118740866,68.18574553743773,39.41330679882891,-28.772438738608813,3.928525470154604,8.666449798120897,4.737924327966294,18.249168152655475,30.140262921219314,11.891094768563839,7.914039377171535,6.412292619453108,-1.5017467577184265,1.7225214625806569,1.4217646721138943,-0.3007567904667625,0.0,13.945923190263878,13.945923190263878
Whitehaven and Workington,Cumbria,North West,0.0,41.6,2.2342603999999997,98.1889196,96.9195383,1.269381300000005,0.7158332,0.1590748,0.0548,0.0817,0.1601496,0.19886890000000002,0.0763,0.619089,0.2772931,63.861301000000005,29.805666600000002,0.38264760000000003,0.0709,0.0301,0.0312,0.19884780000000002,8.958280010238031,19.037824610256703,7.845538517659623,28.73093007803845,21.61009810401358,25.14806319090756,43.0,27.6418,14.7653,40.7053,20.243386,10.7336483,68.6157712,67.30056164458259,57.20076429643783,48.41904839069052,20.173701414903007,-28.245346975787513,1.2335676234074013,2.8799121948891697,1.6463445714817684,44.07624217626446,52.9049652835771,8.82872310731264,3.9559237578237356,2.8369640428527116,-1.118959714971024,0.7980716644047885,0.0,-0.7980716644047885,1.517146387409103,21.20445706377801,19.687310676368906
Widnes and Halewood,Cheshire; Merseyside,North West,0.0,0.7,2.3506693,96.1118884,93.4046307,2.707257699999999,1.3216426,0.3604559,0.0931,0.0346,0.4438046,0.4459897,0.20350059999999998,1.6182630999999998,0.502256899999999,64.8085208,28.9134717,0.5834217,0.3149828,0.0368,0.08549999999999999,0.2154006,7.84496202022234,20.8222572890079,9.048714587624719,24.71041438163759,21.29320103882267,25.24472264766598,16.0,27.0935,17.0641,36.4626,20.825997299999997,13.5771417,64.7718698,66.60036115343377,54.30016382933257,20.820182592302316,9.2008605310106,-11.619322061291717,2.340655383507382,5.399307377479274,3.058651993971892,66.45131224978287,61.61192150278099,-4.839390747001886,2.779131097883878,4.179347255745618,1.4002161578617405,0.0,1.088781614020359,1.088781614020359,7.608718676523544,18.519781718963166,10.911063042439622
Wigan,Greater Manchester,North West,0.0,5.7,2.6079336,94.68449679999999,90.7696268,3.9148699999999934,1.9164788,0.7169962,0.2784081,0.0582,0.3031979,1.2194291,0.3070117,1.2661848999999998,0.9134075,63.784917500000006,28.9083802,1.4872724,0.3813519,0.024800000000000003,0.0458,0.2478787,6.50091439519289,20.8030266942709,8.951684730431559,23.99569708396465,21.70006426359759,26.730151311561613,28.000000000000004,27.7013,16.634999999999998,36.6944,20.637028700000002,16.4046852,62.28772970000001,59.600651026160136,52.70014302833508,31.779228275831446,10.53815496711411,-21.241073308717336,2.8839749567070734,3.982982469009022,1.0990075123019487,46.71639802850673,47.43636763735054,0.7199696088438117,5.3905243994494025,4.137020465048045,-1.2535039344013574,0.0,9.816865938042495,9.816865938042495,13.22987433950535,24.08860852343578,10.85873418393043
Wimbledon,London (Kingston upon Thames; Merton),London,8.0,0.0,3.4209255,68.817973,49.7296122,19.0883608,17.5348968,4.6821925,3.0770763999999997,0.7128817,2.3705354,3.5082474999999897,1.2871727,5.7728018,4.366060699999999,46.327699,31.7019041,7.492255,4.9712847,0.5462253,0.3614327,0.9864667,3.4250485215207203,21.1706415101113,7.835077371531354,19.48464525238252,9.88225777458206,60.5102912097789,11.0,52.987300000000005,16.5931,13.9041,8.8341401,29.5209608,60.959905000000006,76.20017418101426,72.00005237795935,39.76825151216767,22.151495862507957,-17.616755649659716,0.24265016176677454,4.441211239428935,4.198561077662161,20.80813053875369,21.338546876420843,0.5304163376671518,38.293008862005905,45.08502318814222,6.792014326136318,0.6435504290336194,1.1257615713376377,0.4822111423040183,0.24440849627233086,5.857961262162408,5.613552765890077
Winchester,Hampshire,South East,1.0,41.1,3.5265359000000003,93.2113244,87.46396589999999,5.747358499999999,3.3065424,0.8552719,0.1708635,0.24627249999999998,0.6576812,0.6233541,0.1536817,2.1524981,0.7063630000000001,49.0221157,41.6018403,0.7578722,0.7731442,0.1851728,0.1422204,0.6958297999999999,9.470429980648511,20.2915692476963,12.64637541123147,27.28046564060082,10.66777885907595,46.44098429028222,27.0,45.1347,17.2435,18.6329,16.1880265,17.4269061,65.1532671,83.50013065064019,72.76482362090286,54.01574063932656,28.239540262106665,-25.776200377219894,0.916900064151711,4.8006167215642295,3.8837166574125184,4.755049991394283,5.296446842806083,0.5413968514118004,39.85542394892898,52.454621907631925,12.599197958702945,0.45688535619846343,0.8041909033569276,0.3473055471584641,0.0,8.404583362534165,8.404583362534165
Windsor,Berkshire; Surrey,South East,3.5,8.4,2.9383177,73.4547357,61.3226182,12.13211749999999,16.7933905,9.2476842,3.8395973999999997,0.3661913,0.9768109,2.8979624999999998,0.7531275,3.8729695,2.9809418,48.027923799999996,28.3811207,6.6454412000000005,3.8548609999999996,0.2976378,4.874947000000001,0.5610022,5.9928400954653895,21.9198507228432,13.8050409282276,21.60876411270058,12.904162849417919,41.54581815744196,6.0,40.2471,17.6899,19.8465,15.6098609,23.239386200000002,60.3894709,67.3002421307506,61.66489492190694,56.03725690072155,36.42973964549353,-19.607517255228025,3.4558573684315723,5.0568006011581135,1.6009432327265412,19.565869161120105,22.158864872032886,2.5929957109127812,18.87030041374348,21.082526632188483,2.2122262184450037,1.766904519198097,4.972815276488529,3.2059107572904315,0.3038116367851932,10.299252972638465,9.995441335853272
Wirral West,Merseyside,North West,0.0,1.6,1.8455806000000001,96.2426236,93.8654984,2.377125199999996,1.6796208,0.6133364,0.0979,0.0865,0.40623580000000004,0.3004352,0.0899,1.38142919999999,0.3959992,60.9337308,32.162850999999996,0.4642483,0.43580169999999996,0.1058213,0.0489,0.2844659,9.30875814290145,18.2001886029907,6.853864734299507,35.57175010979346,13.64668761135365,40.7129353842806,40.0,42.67,19.3446,22.3265,8.2900349,11.4695618,79.8164663,77.70029529605857,68.64324094051038,44.361774256860436,26.341814978679107,-18.01995927818133,2.5264960924954503,8.328161598366398,5.801665505870948,45.17360739392642,46.357430281676045,1.1838228877496277,5.716732683866824,6.1159936738003235,0.39926098993349957,0.0,0.0,0.0,2.221389572850873,12.856599467478128,10.635209894627256
Witham,Essex,Eastern,0.0,57.5,1.9947475,94.4368791,90.8857397,3.551139400000003,1.8097647000000001,0.6563205,0.12013010000000002,0.2334235,0.28030350000000004,1.300921,0.0957,1.8908280999999998,0.5615703999999989,48.741539499999995,43.4420385,0.5938254,0.507877,0.180687,0.0723,0.3154697,7.3055828997328005,20.8288888071504,7.529879089863749,27.831399468041766,17.753372328996058,27.632804106482027,8.0,35.8732,21.063200000000002,27.6555,14.0228754,13.1580181,72.09018900000001,69.4002317558838,64.10068023763982,66.74407446502255,37.205304033357706,-29.538770431664844,5.769120046060839,6.993656502578899,1.2245364565180603,17.48008828327416,27.037922652807143,9.557834369532983,10.006717205642452,6.796039760488509,-3.2106774451539435,0.0,2.462304606446258,2.462304606446258,0.0,19.504772444321482,19.504772444321482
Witney,Oxfordshire,South East,1.0,48.1,2.6175167,94.8128133,88.8883177,5.924495600000002,1.7211950999999999,0.436982,0.143947,0.2920068,0.3022888,0.9171481,0.175821,1.8826214000000001,0.6662691000000001,50.939263999999994,41.2607833,0.7495604,0.272474,0.1377793,0.06989999999999999,0.3495892,10.826380611839399,21.0722539779158,8.19043946642244,25.3593936399676,13.351777457742738,37.65380631142778,10.0,40.807700000000004,19.950599999999998,25.7886,13.821017099999999,18.511621,65.3133691,69.7002997002997,67.00045034305543,58.058109297897175,32.605171595761504,-25.45293770213567,0.0,3.2836470030049023,3.2836470030049023,15.397530661970965,9.435789973114028,-5.961740688856937,25.964905096336942,41.18298276134746,15.218077665010519,0.561027048055857,1.0240392218883443,0.4630121738324873,0.018427895739060996,12.468369444883757,12.449941549144697
Woking,Surrey,South East,3.5,0.8,2.5306693,78.4362103,67.2589785,11.1772318,14.1818112,3.2306168000000004,7.0471316,7.706146600000001,0.9524450999999999,1.8077215,0.6166841000000001,3.4769056,2.0973032999999996,47.588582200000005,33.2624612,9.3608997,2.3936196,0.21454070000000003,0.2741887,0.6176461999999999,5.596447619277449,22.2201194182382,8.014891054418028,21.97282139250822,13.247610898880472,44.72349091960811,9.0,44.459700000000005,18.3628,20.8127,11.5642647,21.086925100000002,66.4390173,70.40043516465124,66.00087736133578,48.257553244180286,26.530273133243327,-21.72728011093696,2.7696879643387815,3.8487901131997093,1.0791021488609278,16.729073798910353,9.230449683248521,-7.498624115661832,31.054977711738484,49.88887734967286,18.833899637934376,1.188707280832095,0.3489458926160557,-0.8397613882160394,0.0,10.152663828019524,10.152663828019524
Wokingham,Berkshire,South East,2.0,24.9,2.0586424,86.4209363,79.20183250000001,7.219103799999993,7.595826,4.4184271,1.1911428,1.3296004,0.8714685999999999,1.8437261999999999,0.32578260000000003,2.9432425,1.1962331,48.0468313,38.5288878,2.3629422,2.9768388999999997,0.288114,1.1147875,0.4448969,6.720265441551811,23.6849957169119,7.345281186545403,24.24548171877554,9.900723410804988,47.845159304294285,9.0,51.5712,17.7027,16.4084,8.3284413,14.0126088,75.47665839999999,78.30109455285594,71.90088146787036,55.48607576528758,32.21911516879942,-23.26696059648816,2.2013378899149276,3.6167336432156154,1.4153957533006878,9.857849196538936,6.724198596270302,-3.133650600268634,32.3093143314186,47.67310505750106,15.363790726082463,0.1454228168399622,0.0,-0.1454228168399622,0.0,9.766847534213596,9.766847534213596
Wolverhampton North East,West Midlands,West Midlands,0.0,0.0,2.3747569,72.4440264,67.7716232,4.672403199999997,11.520247999999999,8.5756106,0.9604990000000001,1.1480067999999999,0.2946551,8.6731912,0.23916810000000002,5.0033962,2.35915389999999,48.6146457,32.7385622,3.0864316,1.4972924,0.0249,7.5209047,0.2334437,5.84604469670095,24.831722276075098,10.370843527412529,22.09513938269063,26.679880347284712,21.96186677691578,40.0,20.972099999999998,14.7807,40.4934,27.7947263,15.054984099999999,56.4526428,56.20046024034774,47.10018818003028,55.692043271661106,26.61539847997837,-29.076644791682735,1.8324739662319278,4.2776893268046505,2.445215360572723,35.85835608128602,42.90306107122473,7.044704989938708,3.5689010211303205,3.010003304394845,-0.5588977167354754,0.0,0.0,0.0,3.048225659690628,23.193847817597405,20.14562215790678
Wolverhampton South East,West Midlands,West Midlands,0.0,0.0,2.4320441,63.1812336,57.9802248,5.201008799999995,20.703823099999997,15.3583418,2.3090542,3.2067876999999987,0.2630568,7.966863200000001,0.21545599999999998,5.348821699999999,2.7992584000000003,41.740502899999996,30.867579099999997,5.3688193,3.5266019,0.0342,11.6069714,0.266395,4.50560521295522,26.087972883469,11.143324020873969,19.01533920193967,29.2541731049642,20.79697055431021,12.0,17.8263,13.1723,42.8475,31.3112259,18.552657,49.3601423,50.50001981584475,43.10024273098177,41.182933528657756,16.937271583488105,-24.24566194516965,1.695136945091166,4.921814151339045,3.226677206247879,47.39058780443142,50.326523276017014,2.9359354715855943,3.8114421743793656,2.27068480019172,-1.5407573741876455,0.0,2.740998142711641,2.740998142711641,5.919899547440291,22.80270804625247,16.882808498812178
Wolverhampton West,West Midlands,West Midlands,0.0,0.0,2.5553906,55.26878669999989,48.8784342,6.390352499999896,26.9442101999999,19.432781499999997,4.4427677,4.7028538,0.3097954,8.4239493,0.4873286,4.8999157,4.463184099999999,41.6510585,24.0131375,8.196706800000001,4.6859882,0.0399,14.381075,0.4101016,4.86805986009032,22.5788855320577,10.52625873936371,22.71746788791926,22.02759909835615,31.605915663312988,20.0,27.9532,15.767500000000002,31.747799999999998,17.6458868,22.1110422,59.386345500000004,67.40059543499835,56.100695202970996,47.37327731752327,26.25695764711272,-21.116319670410547,0.24343319329380814,5.84098769956708,5.597554506273272,45.53967568416507,44.27926792954165,-1.2604077546234151,4.362165770151949,3.1518427743546282,-1.2103229957973212,0.0,6.548777973749914,6.548777973749914,2.4814480348659154,13.922165975674003,11.440717940808089
Worcester,Worcestershire,West Midlands,0.0,0.0,3.5172357,89.9960914,82.66951639999999,7.326575000000002,5.6417217,1.2862355,2.4819725,3.0037835999999998,0.3735474,1.1668543999999998,0.1540402,2.1979608,0.9974102,48.8634941,39.552907,4.0694708,0.41686320000000004,0.0491,0.1617391,0.3533229,7.242520459728991,19.4954579970188,11.96040756914117,22.60494905385723,17.36890674827993,33.72621397782892,26.0,32.6971,16.9285,31.3023,16.2530185,21.227976,61.4032734,68.80060557725841,61.400162716566406,50.79963849267162,24.993483360848032,-25.806155131823587,3.328225077606193,10.402728299591624,7.074503221985431,37.522103029588585,40.45095142931619,2.928848399727606,7.202640575268184,8.658441219914849,1.455800644646665,1.147392824865417,0.8906073507689634,-0.2567854740964537,0.0,14.603788339560344,14.603788339560344
Worsley and Eccles,Greater Manchester,North West,0.0,0.3,3.3719877,88.8982815,83.387726,5.510555500000002,4.2988972,1.1478731,1.0109536000000001,1.5023633,0.8777853,2.5283217000000002,1.0193938,2.4476704,1.8268437,54.480488400000006,35.5334853,3.6959926,0.6949329,0.23914689999999997,0.21663899999999997,0.2860385,6.28475842891901,21.923506320452297,9.379828870592034,21.8213058419243,19.02930445492784,31.407589877065373,12.0,32.8054,17.8983,30.084100000000003,19.668926,16.7057699,62.780239800000004,64.40015072569223,53.89282999746643,38.53075883219337,15.962673060197918,-22.568085771995452,2.542218994007627,7.71689819711821,5.174679203110584,46.52260759033957,47.66236513645018,1.1397575461106086,5.2599721566491136,4.350892038643255,-0.9090801180058588,0.0,2.7149002186023554,2.7149002186023554,7.144442426810323,21.59227134898808,14.44782892217776
Worthing West,West Sussex,South East,0.5,0.8,3.5772958,92.6402053,86.9268332,5.7133721000000035,3.1334289,0.8061686,0.185499,0.7379852,0.460238,1.0407998,0.21156909999999998,2.3212441,0.864325,46.824426,43.6037301,1.4418931,0.5384538,0.2617066,0.0953,0.5835756999999999,8.22008471584892,17.3521575948505,6.84588235294116,32.94941176470576,16.96884560898085,30.831775812192706,27.0,36.1103,21.893099999999997,26.718700000000002,10.0469919,19.961612300000002,69.1530435,68.90042472864559,66.30047583140487,55.99885844748859,32.49210737886543,-23.50675106862316,3.6225266362252664,6.41998548934251,2.7974588531172437,29.53006088280061,40.23570013922387,10.705639256423265,9.918188736681888,5.310116281349883,-4.608072455332005,0.930365296803653,0.7137674765182266,-0.2165978202854264,0.0,14.82832323470008,14.82832323470008
Wycombe,Buckinghamshire,South East,1.0,9.0,2.5594671,64.8689863,55.113465299999994,9.755521,22.805020199999902,3.7991118,14.871857599999998,15.5059837,0.70563,5.1990818,0.429023,4.8396808,2.28718199999999,40.3827337,30.145453900000003,18.2193663,2.5468538,0.1693512,0.8900346,0.5936699999999999,5.21036157050255,23.7401935903257,9.86816754048972,18.53010894569048,16.28449096098953,38.28972407231208,9.0,36.5711,17.9983,24.992900000000002,14.652601500000001,21.450225500000002,62.4232864,65.30009747945968,60.80009807126512,43.10543376268873,25.63792369558886,-17.467510067099873,2.5782649492450735,4.912964580953021,2.334699631707948,39.919389234837496,35.923113112440355,-3.9962761223971413,11.323893201398958,9.489885072921567,-1.8340081284773913,3.0730188518297363,13.352151802316465,10.279132950486728,0.0,10.683961735779734,10.683961735779734
Wyre Forest,Worcestershire,West Midlands,0.0,21.3,2.2716791,95.8802621,92.4731077,3.407154400000001,1.90829559999999,0.43007999999999996,0.1377831,0.8739383999999999,0.24013620000000002,0.388706,0.063,1.4467223,0.3759644,53.3230978,38.6351334,1.0392985000000001,0.12400720000000001,0.0413,0.2519511,0.23029909999999998,7.74051191526919,18.539547506086702,7.626878366884012,31.219875248086137,21.78139375376938,26.083511701335098,14.000000000000002,29.7987,19.3548,34.602199999999996,14.146072400000001,15.9730804,68.7511032,65.70032615616513,58.40025864856126,65.18858408654891,32.085123344700825,-33.10346074184809,3.9022171238701766,5.409894149430887,1.5076770255607101,22.837760329107414,30.286992338013196,7.449232008905781,8.071438460473487,6.220381770671863,-1.8510566898016245,0.0,4.557332034191062,4.557332034191062,0.0,21.44027636299216,21.44027636299216
Wythenshawe and Sale East,Greater Manchester,North West,0.5,0.0,3.5387085999999996,80.0843769,72.9927138,7.091663100000001,8.2890456,3.27027,2.2530718000000003,2.5084915999999997,1.4393131,4.8216094,1.1973365,4.303599999999999,2.5013218999999998,47.828892499999995,38.8567741,5.337025799999999,1.653537,0.2554244,0.24556589999999998,0.3602828,5.43598940985566,25.3022807862364,9.526935158704097,20.20722959351115,20.71467356770683,33.4253728756773,17.0,31.151699999999998,16.0314,30.953000000000003,32.8145017,16.5663165,49.5687078,58.20037708861583,50.90010405827263,30.069930069930066,13.77900439537974,-16.290925674550326,3.483098371277285,10.561688643565368,7.078590272288084,53.296543711879174,52.632116937544716,-0.6644267743344585,6.950557429790656,5.072574874782786,-1.8779825550078701,0.12958287718671105,2.657671470918941,2.52808859373223,6.070287539936102,15.296943677808445,9.226656137872343
Yeovil,Somerset,South West,0.5,38.5,2.3463751,95.8616068,89.8514379,6.010168900000001,1.8069646000000001,0.6693874,0.11442519999999999,0.2536425,0.21645430000000002,0.5730985,0.07339999999999999,1.2882371,0.470074,51.9919141,39.8945401,0.5454164,0.23933480000000001,0.0553,0.019100000000000002,0.2946393,11.6525104827437,19.383226917819698,7.615840204389723,30.67587968877006,17.38319907940161,27.46375143843498,18.0,30.5749,19.6485,35.772999999999996,15.143108999999999,17.5386534,66.1376685,71.20044197732236,61.31262525050101,58.15289683712681,23.486272266710248,-34.66662457041656,2.8044634939402897,4.908890341559078,2.1044268476187886,6.316509015666568,6.132537996404642,-0.18397101926192683,31.109592078037245,48.54755679032522,17.43796471228797,1.6165385752290866,1.2420330119300538,-0.37450556329903284,0.0,15.682709593070761,15.682709593070761
York Central,North Yorkshire,Yorkshire and the Humber,0.0,0.0,7.911449600000001,90.262563,82.9695522,7.293010799999999,5.26041239999999,1.1732513,0.3477656,0.6131657,2.168044,0.8932216,0.408167,2.2989137,1.2849024,37.4951954,51.080809,1.6280772,0.6268875,0.1500869,0.11073490000000001,0.6552576,6.35362165264807,15.587559315220501,26.96337246619865,16.03308694121779,12.67299979787879,38.4764316032467,31.0,30.0256,13.725599999999998,25.6268,18.723920999999997,27.928027399999998,52.3810575,66.90078782213914,54.21474158428232,27.77933016646042,12.425270641460656,-15.354059524999762,4.187457586523492,11.96823857996907,7.780780993445577,56.40493393477306,56.63735198393462,0.23241804916155928,7.8220430322142835,7.042448583893083,-0.779594448321201,1.3791864596223704,1.0294762597234726,-0.34971019989889784,2.427048820406371,10.897213951019088,8.470165130612717
York Outer,North Yorkshire,Yorkshire and the Humber,0.0,29.8,2.7087603,95.7104015,92.2513682,3.459033300000003,2.0149222,0.6103557,0.6103557,0.7407645,0.5558406,0.372058099999999,0.1891996,1.3147767,0.2683057000000044,51.3618677,40.3653739,0.7557617,0.38482920000000004,0.11651770000000002,0.062,0.3495532,10.0866490712613,17.835986086223198,9.052072508948147,31.72715493463668,14.139344262295081,39.16495901639344,12.0,40.2656,18.756800000000002,25.5613,8.5702903,11.0402868,79.4482347,75.30016916750334,67.000537514585,49.6310502283105,26.94399874770086,-22.68705148060964,0.016438356164383564,4.328258912847806,4.311820556683423,29.937899543378993,45.319531953195316,15.381632409816323,18.670319634703198,10.754118890149885,-7.916200744553313,1.2639269406392695,1.0859781630336947,-0.17794877760557481,0.480365296803653,11.568113333072437,11.087748036268785
