PC1,PC2,PC3,PC4,PC5,PC6,PC7,PC8,PC9,PC10,PC11,PC12,PC13,PC14,PC15,PC16,PC17,Seat,GMM_label,KMeans_label
0.13556650738721943,-2.191608694798538,-0.18250373642673065,-3.7610758432350493,0.1781103926230622,-2.070732463604991,0.8818268947840244,0.725175496426479,-0.6886802124054812,-0.8435000097387643,-1.7398353160762032,0.005485677752703661,1.6506540588037697,1.52847875062011,-2.536651279264808,-4.88063557868245,-1.5062919273190036,Aldershot,5,6
2.954961942331539,1.9813694439409728,-1.8425212819939862,-2.0728079853251997,0.7034487070216108,-0.3998149619569504,0.7438014881813401,-0.11004358698236723,0.44564059562509384,-0.4295622552401546,-0.20219893519664262,-0.5620842599674186,-0.6304351080362068,-0.475204951049895,0.4884937067022502,1.0398096087815905,0.29776391289024096,Aldridge-Brownhills,10,9
-0.22441528156755902,-3.4924690003090544,-1.141871076195941,-0.987188975378386,-0.12778670084177957,2.3420389005259303,-0.1078512956875458,-0.7231571251439654,0.3061847409371357,-1.3696960437187595,0.8554580209083317,-0.5960240979069236,-0.42436777244700846,-0.9717333791644396,1.3209427731132661,-0.05438740926701307,-1.5183722851289194,Altrincham and Sale West,10,6
3.9003426283986893,2.7082751324547734,1.0542892310218952,-1.469745915277895,0.904431530243454,-1.592828400984828,-0.5642672085558249,-0.12293382118405873,0.17990798985116754,-0.8720915557651213,0.3361419984055167,0.0033373238860358208,-0.07080061783719126,0.13284054874689208,0.2550253639890568,-0.04174841403947546,0.2902898997415727,Amber Valley,4,9
4.691101149884824,-3.048497172623591,-0.5539529251420935,0.7548010065222073,1.2387011325472064,1.27076313961867,-0.845191356309729,0.18019757175596057,-0.7828190932228446,1.6610244544520203,-0.13612644482233488,-0.7609398965936347,-0.9649171778167287,0.10458379999673904,-0.05373245372009905,0.0677446471756455,0.6051133938991703,Arundel and South Downs,6,1
2.9572334398780176,4.937697362301433,1.413026866137491,-0.2423526997134251,-0.7835347227830738,-1.0367869409138777,0.4650948148410243,5.009420126064886,2.1054729208899956,-2.935357130880224,0.6840129768678034,1.3351643567205176,-1.2567691981401037,0.8027590475432399,1.0846095406447858,-0.6301861917253008,0.8842573989792488,Ashfield,5,9
1.5056725585617508,0.19775358488121353,0.26031891982724814,-1.6393958455019775,1.0208594892768816,-1.0019988365739143,-0.25233212695622326,0.26591750094274136,0.6075610813417043,-0.6480086049901161,-0.21108252628147722,0.8959355494326932,0.4280077280822562,0.6683339337930104,-1.085622529486193,-1.3972783934053912,0.19426627938787805,Ashford,4,9
-1.5438446784637148,4.461978869198703,0.5158888454086613,0.42407752711556634,-0.6854817219340951,-0.2668064951213223,-0.24101976028102712,-0.30938570045074437,0.11862003189655321,-0.3672628883876462,0.10390529658695569,0.675295260590574,1.050112106601076,-0.20274726729048373,0.0024036286881925946,-0.8844880464911402,0.258712642236911,Ashton-under-Lyne,8,10
0.5933568688845965,-1.3133022137549273,-1.4705238069429174,0.013676914900015184,-0.3362800684144477,0.07535896049596848,-0.14998100158290115,-1.1932368627077787,0.8318809883001931,-0.6244463160473742,0.16797467540835512,1.3858126715665005,0.3567120674125308,0.01224865678405081,-0.8301046205937075,-0.286016484471162,0.7219598901023546,Aylesbury,10,6
1.7530545060643867,-0.9963796333122519,-0.16836692483047042,-1.0559965163286924,0.10334767589271528,0.9303262883274526,-0.971283891384233,-0.5186090086141869,-0.42288363168062315,-0.31512172463716565,-0.3002521731390604,-0.6566724462908217,-0.21920697442253878,0.23894724417515242,-1.162319500592395,0.032654027282421186,0.28307261783748444,Banbury,6,1
-8.358698627377255,3.5009553462086043,-1.8582234651475422,0.6441770522809698,-0.5796908052617697,0.18752507025892504,-1.859495326676769,-0.47020930868896066,2.349834960032213,1.5927330664089454,-1.1127607136737636,-1.1079793889251113,-0.10434150351516608,1.1931926102418144,0.6480299667883233,-0.7961681593052568,0.38758458672200113,Barking,9,5
0.5493668622979067,5.540811435114125,3.1590450145901117,0.7571495734456725,-3.6831000222107924,2.156627989015275,1.8234758377783136,0.0760617569699446,-1.377339718360668,-0.04202419714937204,0.6822074008152105,-1.9596476814096124,2.0231718592868932,-0.10489786502773839,-0.3141195711171046,-1.6159567339852752,1.1248214311780365,Barnsley North,8,8
0.17401456392597045,6.417432377946073,3.1328599475407395,0.48078339005188236,-3.816636868579322,1.2291109515247591,1.6157468188572606,0.3358858559924659,-1.2504580509368295,0.2740299580224956,0.9883708875003345,-3.079694675732321,1.98246130034321,-0.29654591333119024,-0.056818389699638094,-1.8733501557660053,0.5542579180307792,Barnsley South,8,8
2.9815438780927126,1.745192485882944,0.9010009052547043,-0.36377339530529534,-0.26314191724044805,0.8626727277481282,0.14023726635984865,-0.3019385487553912,-1.2293800416112068,-0.11777130648232811,-0.4730239799667211,0.29318822743818007,-0.10391007053692888,-0.18968741769618114,0.13097907873616388,0.17339587223589015,-0.33734221738854253,Barrow and Furness,6,9
2.06885880874278,1.9568118285005143,-0.22303480741878184,-2.276446168681447,-0.017231406999676766,-1.5963878243725984,-0.8205498588848888,0.12730578689063354,1.9806940396390718,-0.7529050045350942,0.2927107440003053,-0.6522790566583082,0.1946087894314628,-0.054577470563792745,-0.07921580877736865,-0.26148975298245675,-0.55457409637443,Basildon and Billericay,4,9
0.5673105538585291,-0.9110177647374988,0.5989548109311779,-1.7873160166145492,0.32652551999133717,-0.06784643045811982,0.32749834192028626,-0.01565990380304129,0.3479501255774655,-1.0056825169235648,-0.3775041228898891,-0.7763137880854188,0.5059769862319062,0.609010068500676,-1.1529813273785214,-1.0347625292700913,-0.4556557855018331,Basingstoke,4,6
2.803609362702443,2.898623199158534,1.08250373905188,-0.7335318886515582,-1.3610999695289705,0.713916156983286,0.2654091744289912,-0.28946951255881165,-1.050320854097902,0.2882939455309144,0.15970487537165304,-1.0411898844053271,-0.1517807713132653,0.25851228336508913,-0.38506680722264214,-0.26537992771702096,0.2897560683678625,Bassetlaw,8,8
-1.3063161303688249,-5.202239600987418,2.409386668080373,2.2409606124118864,-0.611097228692425,-1.664495499143128,0.4866252459498147,-1.292422248648441,-1.3534495076040267,-2.642137506291796,0.8381154317783405,-0.2920352076940566,-1.4859975618231211,1.8338290488878388,-1.945330551043742,0.06408327935508597,-0.13790352934998898,Bath,3,3
-5.441127159053259,-6.209177834938397,1.9584526203872166,-1.700776128154367,-1.063858485458454,0.5601984895697817,-1.1501180583865205,-0.10554741775230785,0.18528529575352695,-0.6810347079304702,-0.902869855641302,-0.9127950719857583,-0.7400843140913903,-1.0755588280090198,0.32414011450664826,0.3770477316303174,0.47338708542568325,Battersea,9,2
2.3042971713968114,-3.1995166884396804,-2.848879506078435,0.5059185027853929,-0.8057383688359516,0.9961628371554537,4.165142204201786,5.705603434008751,3.493770150879504,-1.0338915195968439,0.5933618094757493,0.17900164892436557,-1.5350559912658015,-1.1649584678998812,2.920954674957972,1.0799475579010953,0.96876648910127,Beaconsfield,5,7
-1.6566451874168064,-4.05991766894476,0.5080741991817002,-1.8075728075909352,-0.07411798309762706,1.829553897460849,-0.25776210666033533,-1.2334530076024761,1.5784110356910155,-0.7066464211291097,-0.7687038298938847,-0.09253552934593144,0.0982853321205195,-0.27968740745136744,0.10138750684158412,-0.22923925210416868,-0.4676693797217523,Beckenham and Penge,10,6
-2.7473358231296863,1.0579059457037325,-1.0253099262056686,-0.48343568428905104,-0.4220797806194601,0.025630571267124536,0.015792544822504258,-0.5560947434979456,0.585088960828036,0.11374420226984475,-0.8646576083056865,0.328816206387027,0.3505464830310504,0.4432603259016895,-0.3138754192155031,0.48616990805143834,0.5159583597914569,Bedford,10,10
-8.801047387519262,-4.925391783130964,3.8927871074367704,-0.7190622048809977,-2.271016748231534,-2.2007006337585358,-0.2880809746572301,-0.00569925738367906,0.26545327428056253,0.021500204126108095,-1.496751285211036,-1.2262283164318446,-1.4895314207493306,0.915768338968651,0.08793786917715676,0.22079008173980288,-0.9659437369653909,Bermondsey and Old Southwark,9,4
-13.858240435244543,-0.3671995109265734,-1.2743462789565576,6.115412419738605,1.4214596458412811,-1.9663605600048955,-6.783210569998372,0.7328609228113041,-1.457434636496914,-2.343721776906091,-5.275243329608754,-2.230501720722695,2.233966910914167,4.949052028667681,4.6885537188487465,-1.0972993793440458,2.2248083365679463,Bethnal Green and Stepney,5,5
4.681211064642007,0.3268756454184837,0.22033772948558358,-0.14975879228377248,0.5800531488627364,0.6413611221227941,-0.4153444018546402,0.2670737419467684,-1.2169717472714074,-0.011539074642284862,-0.7653067806064446,1.5491322098001759,-0.22394132825947355,0.1846253423693163,-0.1295822526353913,0.46935258344848985,0.5254414443981642,Beverley and Holderness,6,1
4.341723579357139,-0.5902338016148686,-0.518540936882225,-0.15179275648325796,1.5786056026131265,0.8613843178066048,-1.5604428412222526,0.38513276698242477,-1.2909781489701357,0.7412056302030928,-0.5861904047439348,-0.2955690774118913,0.10807657374196018,0.1559500364104589,-0.771193285239917,-0.13836868601837138,-0.3250508194761564,Bexhill and Battle,6,1
0.679669806693033,0.25183706017361907,-1.4287360253622543,-2.649597659541937,0.2681987131882568,-0.5225485322612777,0.393434783381515,-0.2492372471500786,1.5950000648172478,-0.38001484551676556,-0.6764550632773365,0.2085233591056236,-0.23344929002503118,-0.17531189675628045,0.5802570962930697,-0.3617787861163582,-0.7206927972156483,Bexleyheath and Crayford,10,6
2.36631836099888,-3.121924195608336,-1.0217752200351007,1.4973506375061734,-1.1114732229839863,-1.0568370033409922,0.3405707074626111,-0.3752838994554496,0.41820046877360006,0.4966345720664992,-0.10302633124832077,-0.3191999571122237,0.11455952786543781,-0.0566320380988944,-0.07891031378480717,0.08640317108088247,-0.29052563392473774,Bicester and Woodstock,11,7
-1.1431938757347035,1.8545760982118695,3.8995093438699273,1.5074869763229939,-0.06419516663253401,2.0482922318310703,2.0351614674505627,1.4954024562587012,1.2880693516746236,0.6071282771213674,1.083978554939884,0.9678451060233159,-2.208299086683706,1.2772440766989792,1.1663072683776199,-1.0272392059899196,1.179875407688581,Birkenhead,5,3
-6.262463023868599,0.42823631652921124,-1.0153459244761927,-0.48329464068827305,0.022941356957049932,-0.3744767780259412,0.6897526505655754,-0.37609902189683014,-0.11788383989319925,-0.5853829577669868,-0.5230492585193924,0.31820030239930625,-0.35425554804300663,-1.0112975538564857,-0.3899194993221112,1.7413922316384318,-0.2692444552519377,Birmingham Edgbaston,10,10
-3.6911145070210063,4.535418561611069,-0.3447893465529242,-1.0391091503650207,-0.8041319029162228,-1.4457047551944702,-0.7872123030661891,-0.05223323429332686,1.7711208310121578,0.6674426578137271,0.1181131647855685,-0.5623595696230208,-0.2986377529012185,-0.6306169314864971,-0.2371883682896388,0.07216485418358269,-0.6786368466783883,Birmingham Erdington,10,10
-9.759953363241856,2.6333656117932165,-5.860506365507039,4.765382082677388,1.2905659917331278,1.0113924308943796,-1.357801638073154,-0.11780746462535634,0.35647941287322665,-0.5610335804596122,3.3197412627551546,1.1942016057782747,-2.1828790888302807,-2.9079339312322148,0.5219476336073858,-0.030806154894465906,0.5125025491234984,Birmingham Hall Green and Moseley,2,5
-6.885247222833247,6.941472348582548,-3.3791253765557103,3.28894825468432,0.11809177222044362,-0.491625502188801,-3.2555169067161227,-0.7356608940840441,1.0870347543930146,-0.7403160626535011,0.9212911165076251,2.538443486927142,1.0254156027644767,-1.3180082203451673,-1.984964153551101,0.30271866716925044,0.354407531499066,Birmingham Hodge Hill and Solihull North,2,5
-14.594624884622757,3.447679856214384,-2.6694159251566068,3.9695068768136292,0.36538448441743904,-1.227804962579546,-3.042633303445707,0.3120076017065132,-1.0142645474420484,0.43445739830132213,-0.4288523094334288,0.32999276840137004,-0.6950697921305101,-1.8685064287712243,-1.1229409800060859,1.703541080529587,-1.938021342421719,Birmingham Ladywood,2,5
-1.316316012761192,2.669701252783999,0.8474282360834987,-1.1137255359930138,-0.9058876047033615,-0.7327727443190115,-0.012733250292756315,-0.2131616725102373,1.7020700247302933,0.39308559393622006,0.2762555505464308,-1.0832606288346465,-0.26414155041822274,-0.4769135772751039,-0.11190091659456924,0.3026068485601443,-0.929037845335709,Birmingham Northfield,10,10
-9.645565088375541,4.262000218063227,-5.907525524402811,1.7391224584373166,1.20034194668956,-0.2876264035967214,0.9315891168490594,-1.5317577001770526,0.9236600827362526,0.21371976092288847,-0.1942670783538981,-0.9445153505464916,-0.9455591033272824,0.1905864547304306,2.2655655235239616,1.3190437787272533,2.205441996869957,Birmingham Perry Barr,2,5
-4.8711526821473985,1.0530585133626493,1.4457850520910447,0.8537634710059315,0.8018852604262596,-0.9519835145675468,0.2604891934061959,-0.5107288476173084,-0.2833928329583645,-1.1700510013391126,0.33910046925005594,0.3653349584931065,-0.4346055940241953,-0.7767038525529113,0.28269558129424377,0.9687662160183792,-1.2316897815961683,Birmingham Selly Oak,3,3
-7.487116005416754,5.287536243783649,-5.265827029910394,3.9163246642766905,0.35835393766043727,-0.0401246549205858,-3.423121932687501,-0.5042678076529052,-0.10141114511198356,-0.5858800488527774,1.1287962348544047,-0.6932073644816488,0.11215425104938043,-1.3944486816453026,-0.967118108226608,-0.09763380642206872,-0.7317855123783916,Birmingham Yardley,2,5
3.394310280278131,2.6502120565729888,1.1521154234514632,-0.22593480594120832,-0.28951252563460267,0.4592882970757613,-0.2914743766861629,0.07019085829881531,-1.4892946717386402,1.2183669744435,-0.6245825910013658,-0.06383409844801592,-0.8818813101306271,0.2066112333881386,0.5874964655991357,0.39933743905910263,0.35458998358687277,Bishop Auckland,6,9
-6.715912786563142,5.581798897351601,-5.268096359368954,3.9583289222651015,0.5140898008374216,0.7930418107648491,-0.8067226379078226,-1.209452371180683,-0.7340733663919782,-0.8710764381460435,1.4732250590812292,1.382015260113776,0.35516227806109535,-1.2433745440119406,0.052572478172181844,-0.6268153031083017,0.3462369580641902,Blackburn,2,5
-4.845991587563312,4.5783679813434714,1.133838107141686,-0.5320210521431528,-2.0925781605032157,-0.38421440246806876,0.10436449450868948,-0.7023692475759511,1.6745611426469205,1.3242824539837414,0.7020723910029848,2.3566051816117684,0.03261120789976611,-0.6358990267549451,0.07605047705291883,-0.06579382640215752,0.48643577443984537,Blackley and Middleton South,9,10
3.5152829174826135,2.358978026119386,0.7670576809580082,-0.8217557017673516,0.08893166048057442,-0.10042807061579766,-0.2543069242253887,0.1912817610034734,-1.1020521934409624,0.04250153621479273,-0.4218432567865529,1.92904499795876,0.14953754709221323,-0.0993518602147419,0.6015261230206779,-0.38702238316498316,0.15695763668941226,Blackpool North and Fleetwood,4,9
0.97341257901512,4.330893729163263,2.2006345736933812,-1.3272818892547378,-0.6071978200302869,-2.1274211103982434,-0.039716695430131725,0.6271034378070646,-0.6918757930502379,-0.5567403831249755,0.11013744890781414,1.791147267854759,0.7799170932509712,0.24848925594622764,0.1624578892619296,-0.6419417306914376,0.535332324893137,Blackpool South,4,9
2.3559698968898766,2.3012190014788243,2.130408864933281,0.2550730777679492,-1.0116244525892695,1.691337939192413,0.8617902032122382,0.1381196803673054,-0.4139804232091263,-0.005105375719533575,-0.08195407519821328,-0.7346753894255558,-0.06001810001263937,-0.41631638498550455,1.2124301245610778,-0.2947124956456169,0.2739488359892391,Blaydon and Consett,8,8
1.5604260814622832,4.277649111181355,2.5447330498604086,-0.04215615291053851,-1.3173596749812715,0.2255721388640065,0.645950643681921,-0.22128867226008336,-0.7893358896980763,-0.18785920956201524,0.02666455798391836,0.0810069951034201,0.7251922403935183,0.019064103369147753,0.31782525105319304,-0.3190916717684096,0.7321618312352945,Blyth and Ashington,8,8
3.779145353975004,0.6977837087374029,0.151145239324934,-1.0262878577416574,0.44703027697315545,-0.8453673257567301,-0.5072825945059063,0.7487086107226316,-0.5205151454438554,-0.035295479411260766,0.03621983298353753,0.294437316036753,0.07364499055439808,0.10664316164866801,-0.02144214037806515,-0.4361697918772521,0.051188334334367966,Bognor Regis and Littlehampton,4,9
2.4094789714236087,3.2867974062399123,1.842002743957693,-0.014504211205701886,-0.2683058189481679,0.45567751817793495,0.499381141136739,0.3438881732433646,-0.6472354765556643,0.9111913718279762,0.7261722573958015,-1.7735020553855083,-0.6846618280406636,0.4687218225491264,-0.033958180809554185,-0.23121535463164775,0.27057476445153694,Bolsover,8,8
-1.303571970383904,3.2307032824969,-0.7272629871312148,0.1907385706779438,0.16099924785888686,0.42836995928220806,-0.05916387925714426,-0.6656161886832838,0.2732436204469716,0.44073117379713384,1.085973146138693,-0.28761131360759334,-0.8360222972218777,-0.39907616419456016,0.30082435399617213,-0.8134237151983056,0.03279563697192436,Bolton North East,10,10
-4.361991183979628,5.454980093510647,-1.5452800054575158,1.0984417300111964,-0.30317546424771114,-0.4772581021834287,-0.7956280528600086,-0.4789376301646765,0.5858556617862277,0.003780795342109222,0.8102574794972218,0.31067263548798985,0.30798834445767376,-0.5709189850666587,-0.28695369659514725,-0.5207724926674425,-0.2086528064940418,Bolton South and Walkden,2,10
1.3028707120157512,0.9146027026658285,-1.011559964767364,-0.8923105065756555,0.8448090133707395,0.9367898422437225,-0.03650968730323909,-0.7711408902429474,0.44917859163761437,-0.07356662771247889,0.559852251744434,-0.2364721428989803,-1.2345109619873074,-0.5763190855975723,0.9811049533828485,-0.6774706489128033,-0.6219657827122332,Bolton West,10,9
-1.4406497444841997,3.5220082435064186,3.1496646831743313,1.0419451170882994,-1.759812820648826,2.8753001433996364,1.0432045205301557,-0.9858658043396521,-0.5599777029987468,1.7937814861446226,-0.7765218791304203,1.3926203789136726,-0.010643695025948618,0.1542063875589642,0.9582283409417264,-0.3973380669002599,0.29339560234838286,Bootle,8,8
4.093651601372002,4.369201981776067,-0.22496130247714424,-2.494036708734598,-0.02182029281978094,-3.4668262274727577,-1.589695076615367,1.8770929502797058,-0.14971627705162327,1.044319165097707,0.03183621622378788,0.5150229947776845,-1.2355381874750477,0.3489725414175571,0.39032487871680943,-0.3066873057361536,0.6822129261407781,Boston and Skegness,5,9
-0.05391430890302198,-1.112554390742601,1.0393217394033756,-1.1800682201517951,0.41589845042968066,-0.4038870735783938,-0.3460466066325925,0.40694886063850627,-0.5077757737041805,-0.7713978630697095,-0.2829511720569671,1.5418041389277135,0.780893188884949,0.06077378836217852,-0.5972960739154599,-0.29612854200296,-0.023929354708040074,Bournemouth East,4,6
-0.2167009183358003,-0.5771164266849198,1.9583963926866184,-0.755440971423307,0.8942178676734376,-2.428850773131284,0.11467570696734371,0.7058207340137506,-0.9944130863759167,-0.8029045463861235,0.10957924365874976,0.0003850498210952623,0.47101035538711217,-0.39013405877036145,0.08462900766749389,0.2012385983285289,-1.1613376767412653,Bournemouth West,3,3
1.0341828962935173,-1.127928872714527,-0.28417475146693394,-1.5506985534324484,-0.08322503466458263,-0.36875470756172957,0.14668880979459453,-0.10454109978106667,0.890387544475844,-1.2674659752959003,-0.3806760201715376,-0.16150355225051813,0.7432303768870739,-0.07010555273336966,-0.5271572225926505,-0.7195504898802686,-0.5012953217579694,Bracknell,10,6
-7.671573573683469,6.103408574870739,-4.824461785665032,4.426015367912978,0.769816048003415,0.6426285304982691,-3.277843077036815,-1.3587490419163712,-0.027618023343775024,-1.530962760889717,2.199101699797073,-0.08010633381218359,0.1603237871216145,-1.344879219569477,-1.4484479906696965,-0.33999353366856194,0.11812000931308818,Bradford East,2,5
-2.85519890973995,5.036049358568951,-1.4486564616135504,1.2479948111452397,0.5734053783490175,-0.4398797636119144,-1.2897617913928134,-0.3907438023673369,0.6404865303567845,-0.47642695103666427,1.9854608023554332,-1.2530808570365248,-0.170429366275876,-0.796697464123128,-0.8911702580623433,-0.8083879429640455,-0.3498864295010327,Bradford South,2,10
-9.992594544978983,5.619696184873286,-5.404694853717911,5.291683696912437,1.6473281866577958,0.43908426524801836,-2.2329974812914735,-2.301022494554609,0.18167973636230839,-0.7056409718696772,4.1963995456262255,3.016030979429881,-1.3670589260393253,-2.7127617318588406,0.2856614219537267,-0.9071479485927122,1.687858299624012,Bradford West,2,5
3.917804397488337,0.5483005849059254,-0.019568681044641267,-1.2655383102415378,0.7424569829559793,-0.46369264619398887,-0.7810976287103556,0.48746705012310243,0.5214128080711232,-0.4078900381603712,0.4841664711149436,-0.4736546383682925,-1.243751517541795,0.6515414956663313,-0.0045301641850944855,-0.06714088704148828,-0.31059725836447366,Braintree,4,9
-10.470630527003687,-0.4537785148013718,-1.8871257430145312,-2.1962455068613975,-1.1557058443409474,-0.25241288565438263,-0.7015045621032541,1.9171922125897716,-0.9201977824021372,4.374271182745332,0.31754378247255954,0.5222261169150844,-1.0119908203285983,-2.7815605987805765,-1.3016856488507784,-0.3053166099459802,-1.9111060169259244,Brent East,5,11
-9.897656350350879,-0.6943913055165083,-6.319988648323511,-2.8184980234890276,1.1790922077598627,-0.16075741554367629,5.249949556277069,1.4633411574506046,-4.13037553984863,1.9901422886498779,-0.5847535046887105,2.368668139913928,-0.12646348174603025,0.40308774696291577,-0.2884779492024615,-3.3443616654729063,-1.3760250212768115,Brent West,1,11
-7.54448816260745,-1.952788535924931,-3.9219729390555758,-2.3757410930770044,0.3056107288444722,0.6304837870204792,2.2080430771475617,0.4447116461655389,-1.2532163500678162,0.4171169405792529,-0.5522491817164277,-1.0544271432983154,-0.465340928733374,-0.5683473005231799,-0.5697926372625434,-0.7385027337301182,1.2537083752776215,Brentford and Isleworth,1,11
3.784896157831769,-1.301445875395129,-1.6366184822502206,-1.769248919239174,0.42462642702936876,-0.11369675238809493,-1.0365232517932395,0.26399325346170693,0.7393217880332524,-0.007974382106865399,-0.08670806785637841,-0.6493770080295875,-0.28197171241633157,-0.6347150054144595,0.8844030466945864,-0.04242568462880782,-0.5786364253146297,Brentwood and Ongar,10,1
3.367583393660389,1.9127282158814896,0.32301597095283724,-0.5992393714528661,-0.2908913831937336,-1.445796946189279,-0.34699430538366344,0.5029550887871832,-0.37014932890089625,-0.04861607116254808,0.28519191960093837,-0.0619620307687807,-0.18027733148021596,0.4541922106080968,-0.5850925418859207,-0.11173129664233436,0.1776324192143422,Bridgwater,4,9
4.948614705855243,1.8698629375955478,0.05466570490704424,-0.5791219997244352,0.7222589534609148,-0.8317095771901939,-0.7917746491160631,1.3921388148314662,-1.3097640183862136,0.7427006178967374,-0.4835149652340075,0.5257399035975612,-0.3573237630588493,-0.010345352799001832,0.09305290784915207,0.17527494539534572,0.22912343364879476,Bridlington and The Wolds,6,9
5.013464586410936,1.8340294691559134,-0.13140506787518783,-1.2964817857388402,0.9646901718065117,-0.6602370623482421,-0.7510616575129093,0.40623739536136616,-0.8022754324968334,0.18575167118674507,-0.013528570882079025,-0.8159390740126452,-0.5381339931461182,-0.4575377357590914,0.34176544789229424,0.12499041628981128,-0.39533355463740427,Brigg and Immingham,6,9
-3.4809742556088996,-1.8338045387692947,4.435375369815765,2.2210504386380396,1.923657267424773,-0.13142219449712267,0.8611196862686071,-0.28795585942573004,-0.8833102527745845,0.431131707730252,0.24457600467267177,1.0808824437789113,0.7680808102277197,1.3272805910089291,-1.4762908808542559,0.03937919749785161,0.1209837754667335,Brighton Kemptown and Peacehaven,3,3
-4.432094050811285,-6.499055116118207,8.60367798531887,2.9014989723994327,11.671848445113328,-0.47027292688467665,2.567816699155791,3.349086268571888,2.783730895618775,0.045508924052578906,0.9479874374680017,-2.234824777559619,10.017364763455022,-5.691696910846296,-0.2668189093173302,-1.5255300634964,2.2512289969311863,Brighton Pavilion,5,4
-8.468113378201304,-6.74703205774409,9.476736611474951,3.966106675990139,9.148576993781846,-1.223728150361703,2.2688534227448733,0.544332792622188,0.611271816922708,-0.025502162112800153,2.4704962111785873,-1.1159195921512757,0.33080021950292027,-0.8835840055430163,0.8379458343393725,-1.195919181469786,0.6928613521169422,Bristol Central,5,4
-4.679183914287202,-1.2998755672543023,3.6848075080705907,2.3539363739544195,3.2127869869217616,1.5900669348449878,0.8026430687743905,-1.1356283312715263,1.5486774425586578,1.4868060073092024,1.6423463352689307,-1.2228184960865884,-0.6750324409454396,1.1565206928229206,-1.3051464430692152,-0.7530273042946302,0.4935166122304061,Bristol East,5,4
-2.1789211822809755,0.3520272360509109,2.075707066126397,0.5505148652782931,2.0456140994444962,-0.08089469038570928,0.15657599376810932,-0.9737901150945697,1.1881696016502816,0.1572526748082827,0.8912590326010724,-0.1920408395792477,-0.8349718404113725,0.8560594538866021,-0.4181474050626128,-0.4216530988875044,0.12076151572506366,Bristol North East,3,3
-1.6626505055228125,-1.6406844979121051,2.872801679382374,0.5711911106819013,1.4624011902741745,0.5349610289870854,0.7088116973042882,-1.4467898380880255,1.1309458953499305,-1.0670960199404127,0.4737329648096541,0.9773462227264765,0.08572953388130378,0.3165570517958273,-0.022116922874903105,0.1735506438090084,0.7502673122657494,Bristol North West,3,3
-1.9108361918141996,0.5939087694419107,4.127716811767723,1.1434638036670548,1.9837725364950707,-0.1539053025656328,0.8012811322898662,-0.9182558583576607,1.660219981270056,0.43514014454855393,2.101585023952508,-1.7799419535928191,-0.909734378127971,1.406006064967992,-0.5337346514201378,-1.1219888331511723,0.5198936631739195,Bristol South,5,3
4.971409809105005,-0.3797271523617584,0.026318624922111847,-0.08859302753906059,1.2405215156812925,0.581478153265486,-0.8072924921571097,-0.018703346760360402,-1.0520444893446756,1.0909833053096598,-0.19252218880195449,-0.459060346505928,-0.9630273566989764,0.6152300469844922,-0.3797043867790429,0.29881163650832604,0.20780900753011958,Broadland and Fakenham,6,1
0.5558071855757376,-2.9744295738218085,-0.9058305601527261,-2.241997597858789,0.08466101456363644,0.6408753714817809,-0.3907308085839154,-0.4456462331375239,1.2105627935042853,-1.2530833559110877,-0.2703229224110246,0.24846540268541303,0.07813728723864753,-0.6506365510170476,0.13960983510222597,-0.837902961289017,-0.5187058532461873,Bromley and Biggin Hill,10,6
3.8218723705195585,-0.9369351143477914,-1.2139934433154251,-0.33793253436171666,0.33535602856155344,0.4360028920809012,-0.42385332905089573,-0.540670167068654,0.5255704759017256,-0.7234065731012199,-0.44123487706330045,-0.42567104472926065,0.1503238641022203,-0.7461847749278706,0.45056891275807404,0.44079063028536114,-0.700600584203299,Bromsgrove,10,1
1.289440993724246,0.4331579111759832,-1.0810801378673642,-2.529556697526751,-0.012470508471051585,-0.49331790398334946,-0.9291451216449228,0.25798098848672985,1.3689295968852477,0.7316679129460091,0.22020345634685284,-0.41736881838853124,-0.09297376216418389,-0.5212577356477833,-0.14007612292993254,-0.4010951400775882,-0.9634970942120518,Broxbourne,10,9
1.4299305764700219,-0.46939716924370634,1.1972990003661748,0.23525467249308488,0.6602757079144032,0.41122470645198256,1.3786654648889651,1.662184191796065,0.9299334461350027,-1.489413997668571,0.47082385400776017,0.43820265327910746,-1.0419899277664166,-0.2174852114843208,1.5136489226138385,0.10486525428849702,-0.5590459504320163,Broxtowe,3,6
0.7964492063916374,-0.8620431579634846,-0.8511122650441358,-1.3344729384375325,-0.0930091237914125,0.6546674233949021,-0.29033689645400634,-0.5623779507857715,0.79884151875732,-0.6108891130571433,-0.08585209318921629,-0.7817749493769718,-0.6941043043166326,0.4419942659764806,-0.1730583818191151,-0.23502311633157394,-0.2907389263641873,Buckingham and Bletchley,10,6
-0.5496221126939095,3.5718268088202767,-1.429348249168996,2.5010036395228523,-1.4088678897880444,-0.9167127299435556,0.22084822881163332,-0.13644754594859115,0.45862833259081515,0.1336723900055227,1.535590090336789,0.42825872974383894,0.2272300101259113,-1.2202393256044628,1.3226949649641306,-0.6065636524044697,0.45150950930825345,Burnley,2,10
1.2355074526196923,2.3555708332061953,-0.7943891608632401,-0.9242624132568339,0.4729449341788198,-0.7402450664438011,-1.1860136700615382,-0.14005139993865245,0.22022296839496985,-0.5043537713424373,0.3303408935130279,0.10553211439215877,-0.013528740554842798,-0.7628441609193082,-0.23456991147401657,0.026404488156579017,-0.16244497350952833,Burton and Uttoxeter,10,9
0.14767186255093268,1.818216905468834,-0.8138672361234521,0.4008041473517337,-0.16590958981958542,1.4376035116416332,-0.9042997464363237,-0.9576421683981592,-0.14042529905477846,-0.5875096914256281,0.15099697029087136,1.7185352621093526,0.19599835988206926,-0.8535161212163638,0.3298519834657578,0.12454333246645181,-0.1678441983021254,Bury North,10,9
-1.3480238231261599,0.19058380735724006,-0.4787949673945065,-2.1728321528811634,-1.0571553578471564,2.2035483615514333,-1.5263450965030498,0.9521890726704041,-0.076047482910813,0.3906413888816211,5.914479308392831,0.8476672314149291,3.06427283742565,2.818284565546331,2.3866508334844867,2.9858105975883973,-1.5571928503498487,Bury South,5,6
3.3997830280108916,-0.2352714917297426,0.9651746333013668,-0.24774358468164698,2.2773400013815266,-0.18754873907061886,-0.1207362758044126,1.1634110066059218,0.5956914126245841,0.26482955014789605,-0.5811074377719885,0.11902623319811456,2.078091431469397,-1.0837182770499942,-0.0961731531754279,0.041902065535771645,0.5106277755001553,Bury St Edmunds and Stowmarket,6,1
2.353692117231295,-0.47931675295097886,1.062065925862458,0.06515855405232561,1.026556814308786,0.9498976537737415,-0.31092995309374394,-0.7328266239678773,-0.0833679712990943,-0.2506022992265867,0.23409639463490267,-0.43765451386115856,-1.366544680718721,0.5348795300381725,0.5727153703073677,0.13009325338546757,-0.44298952167580224,Calder Valley,6,1
3.2707015169621885,0.7293112486084001,1.0416194862963812,0.0135361180419351,1.0057379263678248,-0.3701803474643086,-0.3277115547666551,-0.0002722145240146305,-0.5084978337173859,0.04810817966687719,0.038558886160206196,0.021758144580473548,-0.1553605448541921,0.5383572393392557,-0.12677938257583823,0.24055299689135648,-0.05740139861422077,Camborne and Redruth,6,1
-7.239666776627508,-5.887338845036183,4.3285189994811315,0.7133782329484516,-0.3554997171751924,-0.7667197595007845,0.4288779451029806,-0.119815991586819,-1.6714986313511526,-2.4752774105085042,0.08512344455174341,-2.01837045573426,-0.6242969849045809,0.7704766393092465,-0.5079535529312807,-0.14272476983121735,-1.04568976641072,Cambridge,3,4
3.832013208317703,3.0041289261691193,0.6169545125840836,-1.7444798283149954,0.901270814264986,-1.5245202403935425,-0.4233146360399107,0.5715334573610333,0.5282289947253235,-0.2601048791498875,-0.16863060895983117,-0.5059384213964534,0.8716814517165963,-1.0613476900531909,0.6878729638369159,0.1245364786833852,-0.43652728818479725,Cannock Chase,4,9
-0.7900638679064641,-1.672490299317607,2.1516531929505747,0.41638421064788655,1.2818758815918085,-0.4034331830941611,0.34274564168534466,-0.7063457062091804,-0.43654038561713077,-0.24008188218451934,0.353827596210361,0.6813009180579935,-1.9068457389040803,0.5846075594587063,0.920777036695955,0.07676373098212205,-0.8205639292088706,Canterbury,3,3
3.00516747417029,1.9436683472300624,0.790996666607955,-0.5120090053375754,0.0011453015140155149,-0.39130761061758995,-0.12575606194719635,0.306374637981578,-0.49238290584286504,0.0038476025726461318,-0.32856236740695727,0.8368638033951493,-0.3447916909941783,0.1413531236381751,0.3453580175084197,0.1842967287906421,-0.027243337566193574,Carlisle,4,9
-1.0235491413705349,-2.7372085032929308,-2.509422329205867,0.3605899458466374,-2.45309827385104,-1.3718874040101594,1.0838771372601355,-0.7450610973436809,1.406629800628534,-0.3025899300148188,0.013261317761292397,0.40750084643297513,0.6865548033015644,0.5798669860865084,-1.1190780997700314,-1.2625110017313887,-0.3762062786144211,Carshalton and Wallington,7,6
4.88272846813601,2.1824242905437843,-0.7839047257010411,-2.116643378821061,1.1345599210921493,-1.4146983389780525,-1.1187373911478078,0.15149322373725568,0.1984906593770688,-0.21735669574675054,1.2002270914787132,0.177992622371402,-0.9254881061034723,0.3649818139320428,0.4454435078998698,-0.8341237391393707,-0.6190695889702361,Castle Point,10,9
4.7402232059732965,-1.863424607160602,-0.13475241462652762,0.7239176587940367,1.501196306257014,0.8599195587656246,-0.6991485314883791,-0.06209486402516712,-1.073556056663245,1.3751162129410457,-0.5680191699580897,-0.46142308588389286,-0.0882282700167352,0.12543820505411174,-0.07710798269378744,0.34618315271561856,0.2593664408857597,Central Devon,6,1
3.5974386022742575,-0.40440132282727254,0.12768623142168548,0.16537461407000584,1.8537618270888543,-0.20828544592382792,-0.5433167593568493,-0.04128717347441753,0.34148652295693754,0.8485586163577582,0.35188565880348327,-0.3941312761962286,-0.24415980027647505,0.10518287666207551,-0.21238370639646878,-0.22735858125386188,0.30724075591955596,Central Suffolk and North Ipswich,6,1
1.899707521235967,2.17876713595947,-0.3472770539725336,-1.9394344321910193,0.6328530587710949,-1.6876926798511762,-0.49710842165538044,0.03637966475381134,1.4203418504147323,-0.5937270539128776,0.3525856317742444,-0.5959785191517717,-0.08198363788975871,0.15606545674882324,-0.2839772883858886,0.0633593157215808,-0.37883000533983713,Chatham and Aylesford,4,9
1.9477786602928913,-3.8876037586892864,-2.609021449632848,1.9394002860204211,-1.8531155796090326,0.22072451282389413,0.06314638791959909,-1.5048501692525942,0.49000760629575546,-1.097167337974403,1.2295561467246388,0.36688128895077654,-0.43964160029034594,-0.2970430317087575,-0.1015451158827977,-0.20623594504316864,-0.30896617281209326,Cheadle,7,7
1.3795600742880407,-2.4221575704230953,-1.4283016383687013,1.4414663166625985,-1.5451285277959799,-1.8285428805885444,0.8631918385309295,-0.5750695169488111,1.1442670079910058,-0.4056704012401273,0.27394556618490407,0.580361019695257,0.10663463065632535,0.40906756055419424,0.16365916101015107,-0.28689551502836563,-0.5866906358969616,Chelmsford,7,7
-5.7771287894183185,-7.220185980537529,1.113010868037921,-4.353668756238492,-3.4959988130827333,0.0236543545117216,-2.639166703610212,1.869083464421928,-2.6640769841375715,-0.9514238206955271,-0.2538149835781838,0.6405327181122383,-0.9814329229802865,-2.231541416364679,-0.9584411089388584,-0.17298323904244514,4.4248169275563605,Chelsea and Fulham,5,2
1.2394649914932283,-4.930613923658006,-0.5138063846628207,2.7936140318579867,-1.8500604570945083,-0.9343825223531007,0.9510456588571954,-0.8273023351177189,-0.35859216959957324,-0.5827394561788373,0.8321887135226312,-0.22652561961810214,-0.20710580815970747,1.2531098960167582,-1.8086431144356248,0.030635747784058753,0.06349902814314994,Cheltenham,7,7
2.0298131965581723,-4.477439256500835,-3.5346136473198473,1.8580709321284135,-1.1099099849604874,-0.48895244711654423,1.6124340818979948,0.11213497037801519,1.397606273852817,-0.07993969426103327,0.13969202038011466,-0.19930045348580808,1.2088190523974642,-1.3627216451726947,1.1500281624420639,0.07422985013589037,-0.013048329597642525,Chesham and Amersham,7,7
0.5828020834445575,-0.6744713213376392,2.1895851624141933,0.39983832267762254,0.302156068397664,1.6522034572094701,0.44629718052924655,-0.9610474259093387,-1.0471064976683158,-0.25556949039158233,-0.4072813229739846,0.64020874027228,-0.6079242405794326,0.03557158878463964,0.8397044975517047,0.08976144120131009,0.1532006525914045,Chester North and Neston,3,3
4.00643802836156,-2.4031076704928482,-0.5659691313535619,0.06111185045357803,0.30080135773854527,2.3697062784376897,-0.8881250257009438,-0.6484611979443636,-0.9519241636988826,-0.14717705787300683,-0.9549927920926037,0.21203468224612546,-0.5790940996642634,-0.16447572608489877,-0.17189113776329284,0.6859782279545146,0.16521714682679992,Chester South and Eddisbury,6,1
1.2583794371543193,2.396406599334738,2.218098680247625,0.3269654356198848,-1.2338718973992089,1.2767866245402741,0.9011582014599372,-0.5697847313860744,-0.721135243323718,-0.34907677350717764,0.07501510697258659,-0.054810364674761074,0.800404369691585,0.37351096834828285,-0.2901141228941099,-0.5251358246657983,0.6837992946355799,Chesterfield,8,8
3.976105381773646,-1.8554226968362,-0.8944012984884254,3.0524931438417555,-1.0953052069968523,-2.8751351400716607,0.8923376031041816,0.7096085445432702,0.4059278556901038,1.5991696269701223,-0.32854109617283106,0.7669914681699396,1.4059948623434104,-0.8354316250241501,1.099418765929933,0.30653441781594704,-0.19350488735838758,Chichester,11,7
-3.6180713962202686,-1.3396635816666025,-3.674125788051816,0.16473948696296267,0.230451796076257,1.8027506712476693,-2.794564095791894,0.09679532923820403,0.11482724488173499,0.4272059430848128,-1.1885964336209272,-0.46295290799857186,0.6474353850900599,0.08254757877922857,-1.130540543079996,0.43014054359784426,-2.491245410154941,Chingford and Woodford Green,2,6
3.690393846562259,-2.1898282623939913,-0.8346759694089677,2.570433885656679,-1.267896504573284,-2.115195081333325,0.6216591881735406,-0.29138585812022916,0.1147505032849786,0.31684370274000834,0.23915096348256396,-0.09933431034831047,0.4046392577183853,0.33318358783461777,-0.41096133691400216,0.13650892830096756,-0.21627786829215645,Chippenham,11,7
-3.677730167225129,-4.516837143192112,-2.2312828212094766,-3.5541138210004664,-0.49998868129032176,2.1904841240987283,-0.6552064945252792,0.2558487184396277,-0.46566930174490184,0.5960876225577558,2.7419424521005764,1.9348938911523736,1.850053904110885,1.5899554043318311,1.4499286044896,0.8668152114459899,-0.738313204396307,Chipping Barnet,5,2
-0.5432512121744361,2.033521406622483,-0.19409588803729422,7.563799987434209,-0.47578709174107514,8.002740540345027,0.4309555379946831,18.841143820506115,4.645911420233107,-5.168755194342337,-1.5471867549911462,0.9151931903856686,-2.218519029969314,2.107467686925105,-3.8205196501072205,0.7714795842265031,-1.5937605431367,Chorley,12,12
5.432146263503716,-0.9713203127860025,-1.0970593252199226,0.527880258767462,0.6593020939312404,-0.1316200225321609,-0.8581319057068015,0.39432342136303833,-0.9537419435627594,0.6766355556005486,-0.5083412596516561,-0.0547060057542431,0.49376377537874555,-0.2942909086002363,0.10386683612326812,-0.20699482382233295,-0.5010766344006695,Christchurch,6,1
-9.175094127689828,-9.630224760570353,1.1647648232132268,-5.554036818649869,-3.5789973988813535,-1.9376543804846555,-3.5027897476275864,4.284754116619461,-5.833589623351941,-1.0272531099684743,1.223869758685548,-1.3772045778590338,-1.1090021030240642,-3.61125281779546,-0.10689045246433727,-0.7686578161880262,4.281196880394216,Cities of London and Westminster,5,2
-0.08581548544380968,0.08258822632964528,3.304979224889368,1.0727287973415862,-0.5928935093003389,-0.27884004334978724,1.0032524111638808,-0.5797849745605537,-2.1301604460097057,-1.300698217896061,-0.6164639956085514,0.7717583720346858,-0.22516001600731803,-0.2516722126082091,0.6386815560243764,0.871645964519441,-0.4240060281397894,City of Durham,3,3
5.598924930416926,3.8597174432350667,-0.18644402641559507,-2.2119646303959493,1.2823414308894392,-3.478487322320337,-1.3899497935337943,1.850661079932292,0.0910025497985477,0.213727347097378,0.5475513114712203,0.6150162253237547,-0.7970395148714949,-0.30026274854056995,1.5700653516647625,-1.0932267786607668,0.39937923212848464,Clacton,5,9
-7.199570246761238,-4.463046412445973,4.241264321101283,-0.9709580262660268,-1.2600266508426492,0.09281544535499033,-0.194341628210678,-0.4285269641200064,1.6387917596699533,0.6463783447673535,-1.7869249877842945,-0.3048789757647392,-0.1202016990436716,0.15387877644356945,-0.5383074145070269,0.9566010502072746,0.4988056186709322,Clapham and Brixton Hill,9,4
-0.260938315698221,-0.45693495954260666,1.074642902083266,-1.1573494505351711,-0.3798002369964686,-1.7116154623553281,0.3231976898789659,-0.3997498257752362,0.481511980097277,-1.4829649923278125,-0.14616331520225243,1.0294379060129761,0.7528607192827935,0.37509527131850284,-0.9016018433256127,-0.3331269573479079,-0.3486612482410287,Colchester,4,3
1.9815506526747202,-0.3243127194493768,0.5821293191212803,-0.04589242786701277,0.7646640948043272,1.4366489524531927,0.031122307082116357,-0.9993090473174013,0.18030339872929363,-1.0457937948525784,0.3771581857025564,1.0255647446387537,-0.5593851257201972,0.14356174799728014,-0.05584798237437452,0.09718838771046814,0.4397968305716609,Colne Valley,10,1
3.989549846550921,-0.7925277607222753,-0.2761167017170438,-0.728718105059743,0.5321849404493202,1.6648524796821897,-0.9968414529650311,-0.42389212184033165,-0.1147760239697695,-1.0865382573328772,-0.6971335971345691,-0.25324600676201015,-0.06962850774297316,-0.3091794044170273,-0.08788636961768855,0.1888994395208031,-0.6773182122970454,Congleton,6,1
1.9900416543233055,1.378482287243335,0.3539303477318693,-1.1429333648631395,-0.1344106685122188,0.03267940596769356,-0.5239242965401074,-0.5922534744666789,0.23945866044940245,0.21549239544819748,0.10010173904711023,-0.5953525184964568,-0.8346791524431627,0.5961271743722674,-0.1613642308661352,0.20990187680905223,-0.26278873857309176,Corby and East Northamptonshire,4,9
-4.305227164331895,4.060901568176821,-1.3872206980729298,-1.2192338601766761,-0.5323395849138508,-0.22496584444934134,1.3967651269110748,-0.5080994552072808,0.7457664021436962,0.2712855978686346,-0.1588437235697212,0.04912725201023535,0.09553103604742214,-0.0973187635485511,-0.4363240303608329,0.8950491748501318,1.1105342929508302,Coventry East,10,10
-1.4098599742735198,1.6982784835567968,-0.4184762344242655,-1.325833731563954,0.36261861262985273,0.052773005179324664,1.1967343842862537,-0.41179094054207244,0.27452839050686806,-0.16486524332653577,0.22623211816842004,-0.6125414201495094,-0.3779743861305247,-0.5742708926596561,0.36464628737420657,0.38912887974954696,0.14582757864612042,Coventry North West,10,10
-4.585775064346253,-0.31268243749545566,-0.4306402125569292,-1.2857708218597892,0.5882289581087767,-1.2153481487949882,2.001843616543724,0.008966990195316328,-1.2134897824460118,-1.939950687397102,-0.9313051966249891,-0.6052867164309866,-0.5364976004564361,-0.6439574994856075,0.9773540499968245,1.5487739811342587,-1.2171511223533447,Coventry South,10,3
2.198329719184386,1.9759021413586746,1.7516521327096524,0.2671210805934175,-0.6526200116225832,1.3654221482344504,0.31460958456699933,-0.6812466544583818,-0.7274601407555272,-0.43343425253260537,-0.32409138151786004,-0.4455249082945941,0.5355409236721655,-0.022147348231848846,0.37705847349359717,-0.0902422639357643,-0.03210303085264516,Cramlington and Killingworth,8,8
-1.2866675289180711,1.1835335385623897,-1.4446514238870731,-1.5019346453577331,0.49776707727074954,-0.8704740886609721,-0.28005968025092476,-0.1141250165429098,0.8381666480075229,-0.1824665549772962,-0.04715784149108232,-0.27878141256542677,0.2909244173289978,-0.19056344658776114,-0.2832209332494586,-0.5058671224834641,-0.5601319225363903,Crawley,10,6
1.573504254684472,1.7213784350356849,0.8069350617479752,-0.9809248524956727,-0.4101607038439409,0.026510658150684308,-0.2426653119123144,-0.1843932222437081,-0.04469748106292789,-0.2933583371270814,-0.23038933247879428,-0.20111009232824856,0.06731637449275062,-0.16989061143660067,0.350252755216728,-0.22164607642577355,-0.38949308585249787,Crewe and Nantwich,4,9
-3.286558257468458,-0.6662227445210769,-0.7306696701016852,-1.6247853492902589,-0.3967155113654505,0.6302837211885004,0.3546220588186686,-0.6747095516535354,2.4469040759101346,1.73124955817674,-0.7429564799368934,0.29436449180610996,-0.6217879646461117,-0.38383660074656034,0.3788900653603318,-0.32025119319927237,-0.7314139870420976,Croydon East,9,6
-1.365972069768875,-3.6549852522754027,-2.430879528604464,-2.134079115932818,0.3041745752643723,1.6453944402478387,0.5048611559780504,-0.6052779770992225,1.1184873397839816,-0.561500757782227,-0.6273263761627469,-0.0600539948111216,-0.10154996542477196,-0.49023039214667147,-0.21318413300975053,-0.7857061113419216,-1.0541231878851216,Croydon South,10,6
-8.341879606196374,-0.1455916438142177,-0.9784525816737083,-1.1032105106687766,-0.8219772713679996,0.5897102549787645,1.2410372102539875,-0.48788616408175906,2.3508602656187105,2.593663996646501,-1.6168551024209836,2.2063305434379545,-0.1146000661232572,0.10085247947368589,-0.2601843441508557,-0.511223354831505,-0.71549482328919,Croydon West,9,4
-3.3219609740173826,3.1085950479426416,-1.1474962441835732,-1.5147619727765822,-0.3953652876725389,-0.29653987770093754,-0.43264532431639746,-0.30896848006508465,2.50593313315856,1.2316425307129175,-0.20401186722907583,-0.8251337766350062,-0.7228174007698686,0.41926829163402124,1.1702585430105006,-0.8749724954623486,0.07484574822972082,Dagenham and Rainham,10,10
1.4424618679090488,1.7523452866299871,1.2920311434357639,-0.05731348991180795,-0.2846617182832099,0.4252923309947161,0.5250938379015603,-0.3351021420893438,-0.7860087958177394,-0.005720378192093769,-0.15738357657093602,1.2411818870283904,0.3328124224136673,0.2712268007883923,-0.14958673634259986,-0.05365178029276617,0.6687565042260777,Darlington,8,9
0.022354616660414686,0.240251238681251,-1.189260127573765,-2.523000471973561,0.451122777545935,-0.7553528848895308,0.14784744917675938,-0.506942334345106,1.9781635153330073,-0.479354148816735,-0.23364869889210438,0.013203104816045906,-0.2477356473845487,0.14234170361322349,0.11851687111318968,-0.5946176526864464,-0.5656569432737023,Dartford,10,6
4.179319806399024,-1.1339219056489116,-0.43314607121372034,-0.6731388066723757,0.9385716903541572,-0.036557373513309864,-0.7390073880369287,-0.16019309831339362,0.19498230255497803,0.15827513587316797,-0.3549184926422679,-0.7175695885796147,-0.0341678701022592,-0.34596302394482076,0.14446627836924517,0.2623907627611367,-0.007670297508381437,Daventry,6,1
-1.1846517200949471,1.363465146996862,1.1243677648377177,-0.7639682789313065,0.10699917053650901,-0.37724070386568354,1.1659527034596417,-0.7710380307142151,0.2281181919508451,-1.4136500077472551,0.254112362292174,1.1023436977766123,-0.08602252824748753,0.21302255900480221,-0.3583372831764669,0.7086890322420372,1.2283550955494837,Derby North,10,3
-4.4993033963317925,4.534991925111946,-2.181618771796112,0.1929540490484007,-0.2832626924093136,-1.1141310778887876,-0.49884753443634505,-0.3898490267640254,0.42653011734298446,-0.5709991946698978,0.6625001236411574,-1.1921682141484207,-0.4159542464566288,-0.5709264021528441,-0.8332794928364207,1.0940601685792943,0.3490017323398503,Derby South,10,10
4.460235587030164,-1.4452590250076196,-0.05355635089549267,-0.0034483492486457414,1.1162109786740035,1.5595222917002518,-0.7653215680181845,-0.42930059051306796,-0.9520765399262249,0.6087593060521606,-1.0186899290983542,0.20112405456527718,-0.2579261127494085,-0.09677487817441294,0.038412256512935776,0.7248359774169345,0.3857884005894104,Derbyshire Dales,6,1
-4.589561417687019,4.687763400401203,-4.08993143525361,2.7783043723732574,0.8713993790929545,-0.2449060178937689,0.5637702568819134,-0.8446898473867221,0.7945283973377472,-0.4985084167457296,3.171990610445069,1.1147356724188984,-1.5989749502905681,-1.5237994918730307,1.9224589634806692,-0.8502164134925945,0.9904489246912231,Dewsbury and Batley,2,10
2.5801897412665604,-3.0980415522523868,-0.7899145264813364,1.8483386859362572,-1.5051936041007141,-0.6114317388501183,0.5074993782313356,-0.6807896013855298,0.9785616033218268,-0.3394009318107237,0.38439759243556054,0.10752888449508942,-0.3097380897417159,0.6359146505539484,-0.3900437795731205,0.1790320939508739,0.31355290774746253,Didcot and Wantage,11,7
-0.5250009043910437,3.645915152029583,1.379957359630458,-0.260597334010831,-2.1138671619384732,0.9756319933466352,0.8876796526909865,0.34388101775972124,-0.9172804208887684,0.2372915392463922,0.26432130294092443,-0.4215476788507963,1.1130272844260736,-0.12177189469592047,-0.6685759487782121,-0.7263277880392972,0.7195717798406961,Doncaster Central,8,8
3.2951351392703385,2.7381208287827,0.7102985890989275,-0.3664458053289748,-0.8888607248657113,1.1952738289194438,0.4150612678599946,0.36235831919113065,-1.1597689395306625,0.3805442878015702,-0.022617239792796385,-0.6820785325595685,0.32334713508527047,-0.28961176899472973,-0.1833528839369005,-0.11295685823925107,0.21704182777284703,Doncaster East and the Isle of Axholme,8,8
-0.29772644776573365,4.171567144274686,1.9510043339084444,2.1672600667207744,-2.835940376639415,3.7209209884805294,1.204013641576437,0.6593635966256968,-2.2267132721207137,0.3008588254347058,0.1653193025977519,-2.5404266287464896,1.565513511558821,1.1587724736642608,-3.3422624011912605,-0.18607308862672076,-0.6191050740951591,Doncaster North,5,8
3.544649406671315,-4.010444105249154,-1.6256643283910408,1.7197031687462483,-0.8934889972505179,-0.2859894404189439,0.29308735696497284,0.023141400612983372,0.962285974668762,0.315421406411508,0.3987906383977757,-0.4863351427554095,0.21190117630189043,-0.5104551930514081,0.5197135131336198,-0.30284210113604326,0.12281448178136092,Dorking and Horley,11,7
3.131665816960774,1.5332020355763856,0.8672075628667507,-0.8089154498743543,0.8022632478238871,-0.7784146274702586,-0.5355026313318508,0.35416731681909525,-0.08780517736269682,0.014100590026275459,-0.28883227989496213,0.7958372341648802,-0.14711398001977086,0.45965634797510874,0.07564820192861922,-0.3599169838778316,0.17760251913460107,Dover and Deal,4,9
3.9987691848658224,-0.3448080647210966,-0.2754290215342174,-0.5781486408271552,0.6173423258598907,0.2472469308904167,-0.6778074640253255,0.28937154137820664,-0.08792446603557615,0.7750538006063886,-0.24600476069936705,-0.19479386755225536,-0.3760602132436663,-0.19730219761077822,0.07764956539012123,0.07985136774705322,0.34634833323801845,Droitwich and Evesham,6,1
0.4725872733321522,4.497714479495327,-0.8078804033048164,-1.513186197261327,-0.2516839494663009,-1.8979510501135894,-0.44944764206091636,-0.40859011854942084,1.1200529349954398,-0.6926424507535345,-0.3558125827973892,2.3129771472198555,0.5660602755833164,-0.16472956316896717,-0.6636042134351701,0.7875403208831862,0.9378145053754241,Dudley,4,9
-6.946012496677889,-3.559133143447879,3.7972035534456485,-0.33725625973354034,0.6325863181925113,1.1821581305391828,0.7516396642621521,-0.22952499975030596,3.77295979371231,1.478159584618402,-2.172491196109043,1.3796927332368847,3.057061061381844,-1.807110684359865,0.2220005442229458,0.7776621690040842,1.1590281834039051,Dulwich and West Norwood,5,4
1.8176422051197638,0.010923237548132186,-0.5867780085879913,-1.1075601194589093,-0.191160874033022,-0.6033100019215064,-0.10003887961226264,-0.28485524023419245,1.5070300017357625,-0.2348285453283006,0.13182907420482448,-0.48793345460465337,0.593873106755279,-0.4520859715175675,0.01800992462854736,-0.20559865057334625,-0.8818459932511722,Dunstable and Leighton Buzzard,10,9
-8.616726974395375,-5.308540430143554,0.52328812455986,-2.1854215511241533,-1.3236173749454703,-0.4112292955272172,-0.8247175953699404,1.3758910793626968,-1.4812341233540571,1.5022718014071677,0.13832835974258853,0.2823017610493636,-1.2666476446505686,-2.7937286816017557,-0.839501666130635,-0.6354212076865202,-0.050147457297416174,Ealing Central and Acton,5,2
-7.953828552600066,-1.2587374354775598,-3.2779389290158965,-2.654727717253421,0.09116021477559313,0.1299154303363551,0.5649943285581804,1.1562130031563724,-0.8741583824241588,2.7968069762519403,-0.399375412007219,0.3981718440484267,-1.062955044018474,-1.946169230301227,-0.943642140042544,-1.1388104099792786,-1.3123821324087348,Ealing North,5,11
-9.44956849772649,0.7186646828564738,-5.987940525265673,-1.2497984351090046,2.4138542434013512,0.6745399463400431,4.916316431261171,-0.12289618923516189,-1.4277849768211608,-0.22019239363359036,-1.5792760099318905,-1.1973959489119241,-0.37359969488228634,0.09131942289940854,-0.7187167182417219,3.5466465596592665,2.8093859048696315,Ealing Southall,1,11
-2.053480190077164,-3.3136048090135635,-1.8769283578633649,-1.067141665329905,0.2515333889681767,1.4228505975817027,1.3293085885428326,-1.0908928374613607,-0.48388869196414525,-1.715746541499209,0.3075810744171673,-1.164353500256844,-0.3569809359615424,0.12450114286764359,-1.499543729518415,-0.5153969202783637,-1.0272935064482414,Earley and Woodley,10,6
1.2821502365093773,5.615033618582056,2.54813581928853,0.6036012966890733,-2.7424231404271504,1.3009134095704862,0.8914383374066512,0.551648404688232,-1.506965634291322,0.3639605204642736,-0.011089823271954243,-1.3367322529945025,0.21975139149728806,0.12065960474189971,0.37413774426242447,-0.5130641391691443,0.517727538941031,Easington,8,8
2.8765803141786375,-3.4794345987585373,-0.9822638008117502,1.6898779971489606,1.0405969723016995,2.0258797826738877,-0.7590293455104223,-0.5595571993450357,-0.36990746639667016,0.3460421092418948,-0.040260298178351306,-0.8147165600591054,0.48343847226882225,0.5655983879162211,-2.1191225276352728,0.24021726666354776,-0.22755701583746232,East Grinstead and Uckfield,6,1
-12.067854790532362,3.1720311737110247,-5.590547119502387,2.87732525611847,1.9004843792553885,0.6467890186535228,-1.4834076718837519,-0.5640077565556609,-0.9854879856655884,0.06110083422161379,-1.7471403047170437,0.2602463858789853,0.11561344041847954,2.3890759403515647,2.4216134965958163,-1.3031489122920248,1.4839996917718066,East Ham,2,5
4.607882484497611,-3.3141807622356927,-1.1867327618932157,2.0403846875671796,-0.13002925630407794,-0.09208381360035064,0.1977225991392925,0.0834697506152685,0.19330481980385741,0.5260628709303257,-0.22032990054120924,-0.22308386633798719,0.7489661159908184,-0.7082500657289605,0.5283667348558386,0.2981000242019488,-0.031041710062238992,East Hampshire,11,7
3.0099955734023736,-2.381788647651069,-1.2370268910409592,-0.49684011319276,0.17394683222613994,0.5034147524327781,-0.684994200127719,0.05881746899050486,1.207713916323012,-0.5188837238823393,0.1020853598852406,-0.7721049991919157,-0.40889383057084455,-0.17166587638938072,-0.2664884220407452,-0.19496824976536722,-0.5301780672001422,East Surrey,10,1
1.135954270800698,1.7102197986667667,1.5232839012875443,-0.7952975003625632,1.1564270946009938,-1.014834839480581,-0.40534212870896175,-0.004549981592728162,0.13211545535503486,0.13338670808203132,0.44231441633450197,1.1873568921131432,0.17637553871619774,0.6559297705904356,-0.4732209275505273,-0.6639193746772165,0.4918312958653398,East Thanet,4,9
3.6286837671548717,-1.0571169931495534,-0.3173716630795584,-0.19317831059638751,0.07401442877863271,-1.0371140228002378,-0.42152775710484935,0.11940499226729064,-0.493716292396679,0.32822788683685294,-1.0281330262671062,1.2160673906265709,0.6834178078249229,0.23774296413093501,-0.9345415374154235,0.25570590642281704,0.4725380490148202,East Wiltshire,6,1
2.2758294369424528,-0.2989203362507015,0.7719556492583693,-0.5648620873118061,1.0243494020276773,0.5994925207105285,-0.18170107130102509,-0.45687787614567155,0.14615195883286922,-0.551383351235901,0.1999513491405559,-0.0033331575427244103,0.43353114109224256,0.13914291520954986,0.0340303929900993,-0.4241773121651946,-0.6200298930697499,East Worthing and Shoreham,4,1
2.0019201804025046,-2.0301416879882628,-0.4524060275944159,2.2736321416238297,-2.5129877371608216,-2.7751630030036654,0.8186367642377673,-0.18758856943020125,-0.3709703861421773,0.4932302054078826,0.6780921558782309,0.9360587384593532,0.43594403621086275,1.07969428014537,-1.172832116987033,-0.5250077326453785,0.7015027117609195,Eastbourne,7,7
2.7045480752209725,-2.195855480926793,-0.9238998189671355,0.9860013528359739,-0.8113200612086959,-0.7485713292140657,0.5909995605633878,-0.9120401698660978,0.33427047916742664,-0.9924237932929328,0.4597838496988857,-0.36156356024034153,0.09428938827336439,0.5797738489099874,-0.9070348872128761,-0.190364571227752,-0.13225067803638338,Eastleigh,11,7
-6.854923796279485,0.5962196841670542,-1.7437020756279458,-1.7448508546820198,-1.14490372609743,0.7145200540985625,-0.8765542551271613,0.19477663255056749,1.4942974759093424,3.4312717772297967,-0.556816779225884,1.4560257567791586,-0.13845373090480526,-0.24188868537718494,-0.3496572562570058,0.23590103467790496,-0.278678551921567,Edmonton and Winchmore Hill,9,10
0.9309203978407071,2.3838117937181234,2.0308544419096184,0.1889987889380992,-1.0145977153046537,1.6582619203492284,0.6380733476967992,-0.8735552213600124,-0.3485002338042322,-0.040453452827102186,-0.09057755423792152,-0.5917902469123962,-0.15865830192326588,-0.09918794711040888,0.8054820351812424,-0.449919887217179,-0.5470244870220459,Ellesmere Port and Bromborough,8,8
-2.013632051925554,-1.2726991635707903,0.24457983198801558,-2.062932507479025,-0.6181997548815606,0.12412267580567315,-0.22991313287242432,-0.4701039724038104,1.4798622089956368,-0.1244386161809049,-0.9754198083723276,-0.18744283330324701,0.21883053981535316,-0.16227373527752142,0.2615277183283456,-0.47164110956393074,-1.0653781949251062,Eltham and Chislehurst,10,6
3.0977431518390057,-2.4907885523197915,-0.7737514839185666,1.0715959710748775,-0.9450763282452049,-0.4847279712401218,-0.18929849569466947,-0.131368860524559,0.14545501139602976,0.4044574245038186,0.19613681443268452,-0.7957122948813178,-0.6807196896746687,0.6850174364689783,-0.6838362109741548,0.29216895020921474,0.10087320287691745,Ely and East Cambridgeshire,11,7
-5.634695917215598,0.32298863564139263,-1.15172726422289,-2.131090590581097,-1.2451374765184444,0.37564051710353497,-1.180906972525696,0.034369825852302714,1.9605276655160209,2.308930959278967,-0.2528487857599387,0.5883241640886104,-0.09795708709548964,-0.5863062578483098,-0.15073404942133972,0.19044823956759616,0.0390585528164017,Enfield North,9,10
0.22062054761551286,-1.8814210861852023,-2.2342251464625993,-0.7296834868820686,0.15950931043977992,1.5784330769727024,-0.49840252865398194,0.4602437772363516,0.06136215313065375,0.6255213469546925,0.6457988218977944,-0.7980588512616031,1.6674568253072954,0.5163709283112947,-1.1214848829825947,1.2571748027768037,-1.4470476485365642,Epping Forest,5,6
1.2239733420375984,-4.304361777058594,-2.2522982462500356,0.9788696317233443,-1.3070649597777395,-0.4877561525371003,0.6697374620605991,-0.21303959546391754,1.1893904553414953,-0.6426071125720926,0.07477744361519287,0.5882855437984172,0.691925268037839,-0.9609807478192467,0.5325927145765245,-0.45693688622837214,-0.5975649520727305,Epsom and Ewell,7,7
2.7384415256509995,1.8590515718621397,1.1595421654896383,-0.6677199713962642,0.8080079707697205,-0.958816417108267,0.08878467599819764,-0.1188144471059127,0.13076947184592608,-0.8128269937818843,0.5135330349189221,-0.15019311069769664,-0.2055786049108122,0.33021712356779503,0.14634437077136828,0.05840862319129845,-0.16081336020902476,Erewash,4,9
-6.466697639630877,1.0223023050047522,0.5202139453387092,-2.529480952266368,-1.578696777292518,-0.5791007149030812,1.108030780819016,-0.00939967258669363,2.644449764795163,2.0836248458080093,-2.507821175583354,0.31673701073064314,0.5359449487323106,0.5981509545147259,-0.7025087252077102,-1.0697932944318387,-1.2543765581404733,Erith and Thamesmead,9,10
1.5972487012092522,-6.154254318162564,-2.6081117656388755,1.1865069066052698,-3.029284513711049,-0.4760802147027418,0.21949620893307722,-0.7144917277651519,1.3040418077657134,-1.0886406293087558,0.8917510053530114,-0.7775057894597498,-0.1342486084123325,-0.49180132410413835,-0.15497985017322238,-0.49796297557462976,0.43560700457693585,Esher and Walton,7,7
-2.3772532765513334,-0.8365546664575426,4.488463053436547,2.0207269068246205,1.8786155715634423,-1.5772460776627717,1.6601415932984485,0.39888481346669236,-1.333418685010021,-1.0737508115461691,-0.04860911435496682,1.2137507981752906,1.0317508103629673,-1.0127531218241062,1.2728539125464255,0.6466298431984308,-0.8652965929111818,Exeter,3,3
4.665506118166223,-1.4422902277921723,0.7166867415787713,1.47669468466046,-1.0402402717742545,1.2262748060146036,2.969000896508964,5.702644657281267,2.7792976820135475,-1.512887018705645,0.7099091531094279,2.4499527666885657,-1.9969939580467366,0.6065061819808637,1.702090565829986,0.44699869545805176,0.8938636905636892,Exmouth and Exeter East,5,7
4.5676307056454535,-0.4539366539835067,-0.10095673823844102,0.2721295210013029,0.2683699363551262,-0.7303000617127882,-0.1916817876828474,-0.05849031564853656,-0.6758215186393839,-0.5535108097333229,-0.12551295261893106,0.44867312083753724,0.7377685336651033,0.0037487882536565193,-0.6093333001443854,-0.0430952840028385,0.07159316595483965,Fareham and Waterlooville,6,1
3.383827629205035,-3.5145776678229623,-1.1676470244766513,0.7131350449369614,-1.0677012779095145,-0.15159100187904373,-0.4208113107788423,-0.7391022581832823,0.3106414637039848,-0.7502320805330335,0.44531592328204694,-0.9248050935082706,-0.3701762287772317,0.15327369646981315,-0.7226960694436243,-0.0776544297158678,-0.13782995211978794,Farnham and Bordon,11,7
3.338651127867947,0.19244490997453623,0.030034933636030395,-1.0819514988892158,0.8807129580308513,-0.2888970462504167,-0.6451330292815484,-0.05981167239089608,0.9463632113973814,-0.03965765800050463,0.39438746431540084,-0.631848172433684,-0.21425384757855165,0.17142359798034756,-0.3379646032103876,-0.49679115035956073,0.035519304221554235,Faversham and Mid Kent,4,1
-7.8587964982058525,2.049532028290226,-5.47630144509519,-2.284852428673499,1.0126331417792722,-0.8854391725817711,3.5490076017654957,0.7451673844584886,-1.0416129966263616,0.7076665243923176,-1.5160309336296292,-1.571243244148791,0.21851796560140038,0.22759092550498897,-1.1000958378004826,0.36244796589005385,0.6498528945563959,Feltham and Heston,1,11
0.04167844727005785,-1.5118240162311376,1.0448852673735893,-0.9521456250181118,0.8672228124078841,-0.09019791840355616,0.530866244001423,-0.9332501695542321,0.22280094454337152,-2.092685678164568,0.2399375255392286,0.4696697962112365,-0.31618542515511555,0.0351811935116507,-0.006110357257301743,-0.06384320183819381,-0.756617483545628,Filton and Bradley Stoke,10,6
-6.149282039597701,-6.956551401665911,-2.256499829181628,-6.832706217903263,-2.151359484734558,2.296135674150726,-3.149849311259064,2.1163764079469916,-3.0234272428824096,0.5181049516697179,7.764540262456514,0.09797393668142473,3.1937941689468445,3.8572504841855677,0.8428675873693152,2.5796075284448685,0.09829690921458174,Finchley and Golders Green,5,2
2.607683301300094,0.7329400938724728,0.9554492620705474,-1.5405074466507886,1.3815318273447559,-1.1176247691308607,-0.39857134859644594,0.8794942682793885,-0.42331157391557106,0.11401294791383955,-0.21301480138650314,0.8516696537062102,0.1671742285976972,0.5617264574038094,-0.4298816689144861,-1.51222914897135,0.5169095253859847,Folkestone and Hythe,4,9
4.454798975788763,0.1534652494583618,0.552256557263721,0.2866956932802832,2.2394304962595677,0.7451689646518529,-0.03981353852083456,0.7993958202454052,-0.12744404193425202,1.282448986217934,-0.42832232682256577,-0.08402386846725034,0.6765195744537651,-0.8520798944086649,0.6673851959201917,0.3814194779027295,0.12980265251638798,Forest of Dean,6,1
3.2747598120514487,-1.2902077358161013,-0.104031699841747,2.5376678700075814,0.43527213848028573,-1.1203757483380092,0.36694235974110645,-0.05730366012313429,0.6956468731622208,1.0810888832381704,0.773759592669126,-0.9596945918145614,0.5446148760748298,0.02333922902619197,-0.20718067950084193,-0.2588419404426802,-0.0643468189800613,Frome and East Somerset,11,7
3.98022889736305,-0.29726794557533737,-0.5940960764034464,-0.411109166583325,0.6811670477820442,1.3139215606763393,-1.4717748585158967,0.8017775680882689,-1.3010264078075038,0.013124650019339294,-1.28731690457319,0.26140590962928395,0.2314273880044719,-0.6184775409248209,0.07616752769988706,0.0679496247240632,-0.8461956428123998,Fylde,6,1
4.846295659587696,0.7235972280147307,-0.18540823054421313,-0.3294577157861413,0.3603200428949634,-0.387499427961495,-0.6500697106553366,0.4877944679931204,-1.00194259836892,0.7813103104640651,-0.3876124204614456,0.310770349760125,-1.2984683603461058,0.41960349677103576,0.02959580623425813,0.5332597035930517,0.1101535312611608,Gainsborough,6,1
-0.30611276637716717,2.0110014268294893,2.1965719049074908,-0.02393894486653546,-1.0630659174522865,-0.3526886945388097,0.17668589624782827,-0.08671323018924278,-0.18911515342557045,0.11071475030723557,0.9130942691868654,0.2901716697474824,0.9794165384779001,0.3752787007393942,0.8782066538475779,0.4684216589922385,-0.06448759222458814,Gateshead Central and Whickham,8,8
1.5296971509726303,0.40420745862617835,0.851285893412176,-0.4073060971326759,0.5481207752608531,0.8682691875542314,0.3856338252913376,-1.0762883636036122,0.3955083335732003,-0.7345525476693869,0.3215975599344524,0.16938319463176535,0.03548600119996615,0.040092671696361194,0.19434772982537707,-0.11866413245993326,-0.10729419852119856,Gedling,10,9
1.5536714971753436,1.7569547860433128,-0.03776927247315763,-1.4969270389121563,0.4910330987519745,-1.1488392258136977,0.10219417594011727,0.0951548609024899,1.0203321429355825,-0.9378918801114761,0.1451277767523359,1.5105715817536425,0.07273546670570236,0.2619363732622022,-0.3199637250817697,-0.005574339289891223,0.11231882369934668,Gillingham and Rainham,4,9
5.092255070750627,-2.110455656061248,-1.0266415043787414,2.5135196509964057,-0.3521558283391191,-1.572977281790037,-0.08588000866187259,0.0811731281183223,-0.5862109592073171,2.1015340938614258,-0.02514856001975507,-0.3431067598222118,-0.594382915994549,0.5770758770799812,-0.08723935572462514,0.273930851802564,0.36570932888580027,Glastonbury and Somerton,11,7
0.3863636690961746,1.3335052818865174,0.13683930263286756,-0.2987331724497477,0.02824745740148368,-1.0740274931104892,-0.03186524632451899,-0.377330743947792,0.3543013899814542,-0.416521911628782,-0.2618504863843747,1.3361344527928265,0.5431165533304131,0.14857480009240548,-0.5075694219494414,0.2587533077064157,-0.20740769107561882,Gloucester,4,9
3.39332971199537,-4.573810364237711,-1.922561865476085,1.8562767294336413,-1.755480614196506,0.3857650042652573,0.255753527566497,-0.5347105230007093,0.44504174865765134,-0.150685576533329,0.19056355462712526,-0.11274704141243158,0.09697594971836744,-0.14153712237231184,-0.19148414149193232,0.04800668535834447,0.045357111089481886,Godalming and Ash,11,7
4.391476777764253,0.23712129331898632,-0.1851369265898928,-0.7085336466448962,0.7014324252671126,0.4965071816144317,-0.4734128052451219,0.6509414226869674,-0.48823842540887064,0.11551145278723746,-0.38424976222734225,0.005123458342046841,-0.23027224654080258,-0.4453822251799545,0.04787750787813307,0.3831742522084904,-0.10749017105112754,Goole and Pocklington,6,1
-6.456860423502096,3.8259204790997456,-0.5381786625547994,1.8849119960742617,0.09480375978509104,0.6769727245341304,-1.498181698083908,-0.8072872437458082,0.880681121637115,0.6969874689910681,1.3761885668663278,-0.2003896571422532,-0.9986711676336879,-0.9464784601717188,-0.03128006169641447,-0.6313820122876478,-0.09958284765285708,Gorton and Denton,2,10
4.246368315613803,0.7928899846138192,0.6410072434045557,-0.17197602237359616,0.6462396012986505,-1.1600496597886116,-0.26219396721006294,0.16063015706704623,-1.3034422451458854,-0.6682099000423023,-0.3330443652831821,0.9291700440992561,0.8137847450669033,0.42010335569732,-1.2220443730107462,0.1950581504886212,0.10895765509752213,Gosport,6,1
3.8443145479406873,0.8298158929964741,-0.3056674707058455,-0.6658380533932599,0.94739792045722,-0.10204758073243586,-1.227617099485794,0.5863567989686892,-0.8459714521318619,0.09725426686309438,-0.7168558708008389,0.05146212622805617,0.2921759740788332,-0.022208362281955517,-0.7190956960278252,0.05611808152561215,-0.1705200019519504,Grantham and Bourne,6,1
0.51238563456677,1.759288709069337,-1.8482290603265148,-2.640804193216303,0.8310060149593019,-0.7403806630685058,1.1661236892782327,-0.3437097441976585,1.1674020949943988,-0.11687686729877567,-0.7012147175847147,-0.579254737344669,-0.18695084772679674,-0.07619079942811363,-0.019021166581881143,1.9632718909761462,1.0300757720145093,Gravesham,10,9
1.8060673374389506,5.081073489092082,1.7889575461427978,-1.5107211052259462,-0.755247834166197,-2.4865829264660864,0.024144023715839496,0.4749514228223002,-0.49750859247582613,-1.0303776845817378,0.7658905675376952,-0.10162408598739923,0.6788137421323889,0.2029652257803498,-0.5356910252586324,-0.342252996132873,0.3695434543842437,Great Grimsby and Cleethorpes,4,9
3.681539181833182,3.9933024525668346,0.8214822401848187,-1.8670647637192541,0.6737385828054638,-2.887386634150859,-0.8734659584432816,1.142721464732588,0.06636462885381006,0.029574126762318676,0.11196342814167702,1.011616531408299,-0.3152176402794496,0.33168407915341397,0.4026545905973648,-0.12532714289599037,0.7800895006414036,Great Yarmouth,4,9
-7.711528464139859,-3.9535526647816415,2.8513830838995964,-1.8601318574338708,-0.9504918636482658,-0.42096073662064765,0.6033054345897538,-0.37979720944377665,1.64338351856819,-0.23918669884967358,-2.1194038519969336,0.5067076561694611,0.3592582044230236,0.7598278344552803,-0.60194341168542,-0.8811130264243104,-0.2861710398149761,Greenwich and Woolwich,9,4
0.0926533451207507,-5.52167486802765,-0.2357941227284921,1.7851529049202655,-2.1775721790509235,-1.8522091168292263,1.2511131361999535,0.7360010104388749,-0.009231095539177852,-1.659516541359275,0.5038840235626978,0.4629744054883443,-0.9698223823323247,0.0027231385505085345,0.16191102442455982,0.12930411153004534,-0.22021277690196298,Guildford,7,7
-9.47027296172859,-2.4566164303295572,2.7366480814846037,-1.590576103874461,0.4415581453913404,1.6840118026607043,-0.8160889062690929,0.2968210358756816,2.2651891919618956,2.888038675123086,4.059592017895041,-0.033782652257829414,2.878704303746641,3.4027645508800966,1.2047714382119024,2.801157882628961,-0.0613308234055021,Hackney North and Stoke Newington,5,4
-10.355045500456386,-3.3471240823292616,4.94435522372962,-0.5824176277697918,0.40903700102916807,-0.14066819660425348,-0.3198447641079259,0.1455698296974793,2.2095688770259985,2.4813548314632152,-1.0834786287247469,-1.569154901913878,-0.5248247969223075,0.9533964373129682,0.059300362466709146,0.31011463248013277,0.023140953871179048,Hackney South and Shoreditch,9,4
1.0765274764535357,2.443818294551593,-0.6514047529364075,-1.4483971891577028,0.29818605485833277,-0.9774921946755598,-0.12286492838240323,0.11276975071953682,0.8056690173603658,0.004210751636134096,0.7790344188706996,-0.23500300572068777,-0.7413043372162333,-1.3833171247093732,0.354023998238094,0.5158381623059872,-0.39908775600673474,Halesowen,10,9
-1.5079231893948224,3.430626304488613,-0.6075684494102325,1.7589577644882741,0.582251533211775,0.02857401117380228,-0.9553690228111676,-0.7705585344392171,0.09009297390726098,-0.4063831459521529,1.6854948941325012,0.16979632415498305,-0.20450340028627892,-0.29317914980651355,-0.5350639427747405,-0.8350822664926597,0.3147658140944098,Halifax,2,10
4.0965118935305265,-2.342111553424124,-0.9250825367506498,0.8431369287967185,-0.1475439224330802,-0.4986919310192674,0.11974136388634588,-0.6145519056343477,0.45870164465425817,-0.8859777132123225,0.34526543066266197,-0.49082004958290754,0.34312215146638825,-0.33275510031348315,0.09857900489877931,-0.09641110700023164,-0.6302732166641518,Hamble Valley,11,7
-7.029732284269481,-5.490424277021369,1.8447188114710908,-2.362433516287954,-1.5695037318120963,0.04982340272940884,-1.1026921007315957,0.8376990203211175,-0.5666592782633408,0.5420211808399686,-0.6673901930027876,-0.7086309891541118,-0.6263097637737822,-1.7260572078742986,-0.07886482370022434,-0.024291261178730397,0.20267156480980195,Hammersmith and Chiswick,9,2
-7.9571961456561064,-7.881718167719228,1.8042745340993736,-3.070205436389583,-2.0689618258602027,0.7443067914100018,-2.205900806315921,1.2386059812176773,-1.7056728668531642,-0.5621491397712254,2.4420563869353056,0.2602919245460467,1.0266626957666907,0.45580203816209935,0.7697265461496796,0.15535564495734086,3.7134878203710406,Hampstead and Highgate,5,2
0.5351580906644029,-1.0647977444220784,-2.604592762555355,-1.2114507648507518,1.8028498615770794,0.9908607329831021,2.091084639081293,-0.6754779336951682,-0.7435104500221845,-1.0023270429259312,0.30297993973445914,-0.5528565215746384,-0.6974751134107278,0.3867391453006501,-0.40383053132127644,0.31102347082693355,0.7907713488248883,"Harborough, Oadby and Wigston",10,6
1.0128959028977498,1.6561384666314387,0.03208047623940537,-2.2716505790679045,-0.21345905809020368,-1.2409279684252519,-0.9129739203491026,-0.39295761120535205,1.4743317549849397,-0.07509314946929654,0.1667712273359187,-0.18514504851566063,-0.4458132402523154,0.6021852766018373,-0.23961713124526804,0.026981585463009165,-0.570747164300529,Harlow,4,9
3.2358305537595817,-5.590136170409673,-2.047802490106111,2.679697314835084,-2.28555864866605,0.28479569429827783,1.3908250094196482,0.8295048743941673,2.5523778649861657,-0.48562096108388675,0.7627373930041954,-0.19091142925807064,-0.28628273484093364,-0.6644910804924805,1.4181327070262548,0.35622596306653276,0.05645471735530846,Harpenden and Berkhamsted,7,7
3.332430858344155,-3.210881874265001,-1.1559442092627412,2.2848950294314734,-1.9748475015106575,-0.7608393382931441,0.5096802991140806,-0.3801409120403275,0.26566219759672977,-0.1241055236856626,0.34227895803402775,0.3787209654336142,-0.33120036662652474,0.38782058512920037,-0.17534423537148686,0.04801162728305825,-0.008197486438473634,Harrogate and Knaresborough,11,7
-6.439214477157111,-2.6084816786752247,-8.312472613130458,-3.9047524925532473,1.5658504019669068,1.3776470394175009,3.7685817049734327,1.437791265476767,-4.129083763187453,1.8164944062641954,1.0422790292265025,1.7492320366699796,0.671584369756444,1.4540078777825043,0.43159731370761634,-2.946842423784847,-1.3896852591410467,Harrow East,1,11
-8.277562998899485,-2.3030111724643763,-6.195980516614102,-2.8126847637688814,0.9006422754047101,0.9859203898959594,3.108574084296071,1.0917631113151576,-2.714847085742124,0.9243186599126539,-0.651835591899319,0.07998450130115307,0.21283585564283186,-0.1887408369317062,-0.09382377061814856,-3.4451421973564322,-1.7166160632046699,Harrow West,1,11
0.41468318377266156,4.879579656772621,2.6472187647196903,0.765569907813784,-3.8754820075806173,2.3957029630782265,1.782869002702794,0.06848479611377183,-1.804137928116233,-0.5540120163930363,0.4404689318576584,-1.408297247851841,1.336090560337179,0.07900236602686381,-0.4855619196337212,-0.916264985573873,0.7297875244388539,Hartlepool,8,8
3.7837136339145,-0.22193681965157985,0.2196727567597812,-0.564599331724607,1.31128079457115,0.012191270601194461,-0.5686624542725863,0.20552098464155671,-0.6432661943829672,0.2950145630835042,-0.02639667716024632,-0.4890137634250419,-0.6212249675688121,-0.06058783629462038,0.23397263140339228,0.2017206784985607,-0.3450387362737901,Harwich and North Essex,6,1
0.7795058913234294,0.34433574809512424,1.9736687257446115,-0.21443113571459677,1.2343158096089808,-0.5381293856232487,-0.23820252950855567,-0.28352097977197643,-0.11900726007046145,0.5343270981154337,0.7873511875542134,0.9271181338041664,-1.1849738262580733,1.6850744816712622,-0.4767634677314364,-0.8324900352285031,0.553233684936667,Hastings and Rye,3,3
3.880173174122124,1.5974690172199628,0.7970917360725562,-1.1522478890907202,0.6143536039819307,-1.3061096286155287,-0.5169090495687751,0.11150507138776027,0.14538479890321468,-0.6677771066870934,0.26502865576443646,-0.13442270787126848,0.15278273877430282,0.47760227043606834,-0.6626018318353976,-0.1804857575881935,0.19935085675898467,Havant,4,9
-8.105422296875938,2.123574176373992,-5.8352568685930555,-2.9636233731977524,1.354513205746603,-0.3764794995893937,4.911317892823334,0.19121605359669722,-0.800303514334229,0.4229922819500498,-1.036105920715824,-2.1251511827129086,-0.7491890267229715,-0.2523462985024206,-0.015320619537906732,2.287542172032685,1.3162456611658302,Hayes and Harlington,1,11
3.4067361066505626,-1.4403589346568,-0.5692248883998292,1.0810865384212096,-1.627027560333411,-0.2925319407896386,0.19746542026688094,-1.0319959450323362,0.4727848417017233,-0.5204112296410124,0.6337959745742424,-0.7661826803215739,-0.4673385438622497,0.39301199548196414,-0.35420968217460386,-0.37638149137247995,-0.4666339278675799,Hazel Grove,7,7
0.4351470845381138,0.14989380896968352,0.2582364619325438,-1.044257092381665,-0.6533975029640868,-0.46560721973709285,0.22844842075656305,-0.7626402743391008,1.6820178091388605,-1.0474703560871086,-0.38378469462810266,3.803559993025297,1.0188301373604205,0.78651638819514,-0.6617762447339559,0.11383470774736593,1.541600318252409,Hemel Hempstead,9,6
-7.513418995039483,-3.637241776680129,-2.740931126832885,-4.735768608358715,-1.2496815142971516,0.13606366908582876,-1.464067338654591,2.209516804719212,-1.6629057080273453,2.081433252597367,4.237520523064724,1.6736716031118484,2.6367116303127873,2.0786122652226506,1.4228652619244977,1.4227525474057774,-2.229954950058045,Hendon,5,2
4.080276639851232,-4.566770398096255,-1.811598087958304,2.4793587168508044,-0.931918424539815,-0.17535476475548362,-0.08320891427997493,-0.24442225027438055,0.13751731318610874,0.9653069702173269,-0.30023635641822843,-0.7090251403325901,0.4962643638145943,-0.5419072264658419,-0.016789734952871064,0.5621165658470965,0.18891600055696567,Henley and Thame,11,7
3.4949809003032164,0.5423288552262472,0.4019201337726866,-0.5896505437555107,0.4482130344334404,-0.5656624945434693,-0.4399920140019733,0.2607034987314653,-0.47510697925846684,0.5626511552124387,-0.4486185294404431,0.6689017503486426,0.557011252650109,0.0050735635245653735,-0.5489440136625832,-0.019114589668381674,0.5920932506358272,Hereford and South Herefordshire,6,1
3.9869683388607062,0.5531863964241743,0.15954317670053664,-1.0464010668386985,1.305126398043471,-0.3374611360916633,-0.5768393348903417,0.28744622948038245,-0.5408061690263211,0.3929594052099761,0.19167611944983873,0.0636955878400273,-0.16077370503499766,-0.16762184649314782,0.28815355295626044,-0.5839334968432691,-0.17014386069496357,Herne Bay and Sandwich,6,1
1.8508550378815651,-2.239740787447501,0.31234299735746013,-1.4923697243914404,0.5522744677326947,1.0568844877566523,-0.5220038473497797,-0.5700430565936879,1.2403286693694702,-1.4428887149509202,0.19204854941791294,-0.24329607271656867,0.1702598485405871,-0.16715464732035265,-0.12832852947476006,-0.3723460456842701,0.05595788679207651,Hertford and Stortford,10,6
-0.10718937573888787,-3.259617748011926,-2.7069763998248573,-4.005743737083662,-0.2912351567060694,1.6945302637807143,-1.759094692378276,1.328773793947892,-0.6130925735648917,1.53467913798962,5.268652528452718,0.06964567155551386,3.6845085390976244,3.222879796920439,2.4514928515453533,2.7846852997960974,-1.9818708274214443,Hertsmere,5,6
3.21789867165492,-1.6286415161472072,0.05085283756504317,0.5672044231501496,0.6272422826959241,3.5455715973561484,-0.37502922752631374,-0.6065912328876658,-1.9653434981931004,0.5455732744206498,-1.4936887262555145,0.010105458857949407,0.35526040644514173,0.10740810654023299,-1.1851523058804623,1.1446726479158584,-0.24603867215641942,Hexham,6,1
-0.2979923009565042,4.175868309929705,-0.8192605664852873,0.33442329029032486,-1.655699704387571,0.2396327676835885,-1.1680139822289353,0.007463793539288158,0.2715905738407345,-0.37484448494615696,-0.18796794554993998,-0.9147889943357507,1.3436495413574898,-1.4632460018604119,0.08130383970215954,-0.15819081841259705,-1.1784820009327859,Heywood and Middleton North,2,8
2.5452713454675764,-0.2573381675417897,1.2640809630158412,0.16134210716429237,0.592144080313533,1.9082947163477686,0.1192921588183793,-0.9561426427620927,-0.6129408721401588,-0.08230558278365378,-0.15493977437786358,-0.06466701124292067,-0.40769121511875767,0.14480916284685036,0.5130277806487022,-0.045873136285182727,-0.16652807157132574,High Peak,6,1
4.141293888404446,-0.10779409916427946,-0.9456700709940272,0.2537310160813489,-0.1593631619275223,-1.215276384348222,0.06904636606328364,0.04697808625185122,0.11173233657764277,0.07853877779774052,0.14669993580290563,-0.6564942760235766,0.22986886174627105,-0.355841034717878,0.02889191291487086,0.2379125900561456,-0.5079380386186338,Hinckley and Bosworth,11,1
1.6250171039396717,-2.3520201425315865,0.08988531719437216,-1.345776079472175,-0.015103221879039784,1.7712946450294407,-0.20184675373904407,-1.3919035042394154,0.602598371080349,-1.9308237467032379,-0.16913966682248915,-0.05748568268098838,-0.4811381005137529,0.7994523773612223,-1.0747948784818293,0.4312540716404884,0.7165559304941941,Hitchin,10,6
-11.116929918407848,-2.8818797761550856,2.9269280818839514,0.9519944676159382,-0.25041057392725824,-1.786159193165981,-2.8287439683365427,1.333513462834815,-1.7157954375677393,-1.1579655984062438,-2.5937829128173893,-1.855427084685603,0.8713576379916647,1.0054047789461986,0.8810505994324672,1.0953012550945813,-2.2831853368131982,Holborn and St Pancras,5,4
5.9738201853371375,-2.16839701199509,-1.4443296478071108,3.883464082011022,-0.7184159082068899,-1.1030618353655746,1.6774803541405894,2.9543511165227816,0.7212047250431771,2.4612664331363554,-0.09467142471431421,1.100268443906999,-0.5810612457709656,-0.15714416966523,1.9811862444707948,0.7035894122692353,-0.04323823456439148,Honiton and Sidmouth,5,7
1.9354431471106097,0.6440534364033185,-1.6014415652240572,-2.533030493026909,0.6074528372361915,-0.7967691227897509,-0.6413070965395248,0.13355498389733675,1.6854770171819906,-0.16555718733952332,-0.19630441017688297,0.2031201008394934,-0.10821211289545495,-0.60890086169973,1.0104134703755594,-0.4930441066953188,-0.29987286261764784,Hornchurch and Upminster,10,9
-6.140246408995764,-5.985139435983712,2.2808069236248265,-1.529921369233451,-0.45991564357676196,2.156681341314801,-0.5220512520791074,-0.7010221145902326,0.8182940485847225,-0.28686770408212825,1.3382442119390787,-0.462778859558262,0.29863950478882717,1.2655424558621085,-0.18604479636688956,-0.0910892873932634,0.6549662666095557,Hornsey and Friern Barnet,9,2
3.203640171884539,-3.35631001801022,-1.415766005533605,2.0119359648490778,-0.8521860703095409,-0.6705365484122392,0.4099026133189201,-0.36558733341842814,0.8773822198824275,0.19154930311462443,0.18130745440443638,-0.2711536242550725,0.548420059913738,-0.3080426857789814,0.20026416145052534,0.10551115154145212,-0.4795485399569716,Horsham,11,7
1.761110263384556,4.687252377074467,2.39677669876679,-0.062305477093540694,-2.5473923984684506,0.9545833238388625,1.1298891150813168,0.2176759386533216,-0.3314897682141503,0.12549254431037987,0.17879563351431682,-1.7429111911453246,0.831312316171014,-0.4549246486836901,0.7869598834296903,-0.6696629239133196,0.28745455692929495,Houghton and Sunderland South,8,8
-2.9706025171481634,-3.5800177188684885,3.2421315827127564,0.526648331777083,1.6902144400355168,0.8910041729683958,-0.15454643970083493,-0.3628008744911077,-0.26509711458362284,-0.40244671994434683,0.6211015311984032,0.021581442596508793,0.30508945517144725,0.5490888733533615,0.17743613487939805,-0.47789976712666377,-0.3329753176633676,Hove and Portslade,3,3
-4.753988955083385,2.0952637647737746,0.8112728429645348,1.2912390353154635,2.5103110612372457,-0.2271433254789344,0.1602064781075687,-1.2660901486111578,1.6417094684092117,1.098682868312777,3.059650979523256,0.04677060953523491,-2.6242287863944638,-0.3176611960470243,-0.3769871937167351,-0.6627395102329078,1.4065478782895726,Huddersfield,5,10
2.9067037925931016,-1.296196065004229,0.05461751027116878,-0.5076720647971419,0.632450419826796,0.5419924523870666,-0.6011112208766963,-0.13252183898161873,-0.09130126601943232,-0.6073658384608291,-0.4591763991493865,0.8847763065340367,0.010939317547675242,0.42375684677047604,-0.8018983419890374,0.29661867835233013,0.7393223670664105,Huntingdon,6,1
-0.20546311243416537,3.380238480222984,-0.10991690853666235,0.7831345580130236,0.7780416414441784,0.19001289236477034,-0.4859436371927549,-0.5469434957743013,0.11047249876945804,0.6211579270989662,1.9289400260574194,-0.29482970459834174,-1.3456354458408983,-0.565607545791017,0.6602410096838651,-1.1363282811517634,0.4040638898198933,Hyndburn,2,8
-8.122931156515438,0.3444930619734698,-8.196938056377649,0.9487021913286974,2.273664129727344,1.6775069563846363,-1.2053462252202642,0.7303961027140141,-1.7574334826037077,-0.9462524091988929,-0.9037385096917849,-0.9008770952072035,1.380189372094016,1.6592104831581835,0.9725680813717805,-0.34610635496489717,-1.247543597965428,Ilford North,2,5
-10.902830431577831,2.5981975571964475,-7.511291415445692,2.4220448240680557,2.1376170132796535,1.2427295300502073,-0.17854804781272568,0.641239430646375,-0.42389785744799774,-1.1160741598662003,-1.131566911834122,0.3625297456139436,-0.11363289972237739,1.2843372965192863,0.8332151759065889,0.06066138896940175,1.4188889189184444,Ilford South,2,5
-0.8116157436277194,1.2749278573699738,1.2935673600423805,-1.0348683848084035,-0.1364990004582232,-0.8744025839185623,0.05951692767499225,-0.39387182973234386,0.7170502086091053,-0.11375303352092385,0.15831400976942153,0.42827592874475684,0.4747857548490643,0.6124645379928846,-0.5736241626769871,-0.1852928365950776,0.5468688991249542,Ipswich,4,3
3.968573631336715,0.5151348207488762,1.3338265158816087,1.1157106039030793,3.380311797873411,-0.7696125404408781,0.3635424267482797,2.4132606096660028,0.25029047178202796,2.293406135167561,0.4209324362317657,-0.23811287025240493,1.2121155151721812,-1.1032673540945308,0.8777799957788263,-0.8933196023674436,0.8171214911216595,Isle of Wight East,5,1
4.277580224882182,0.3393241536877276,1.1325722003214727,0.18541043255048273,2.140371279265968,0.06702364955499779,0.5760054289084964,1.7637576835129336,-0.10781416784111901,0.29719913597293035,-1.151324113781073,1.6319322914792667,3.707470615828933,-1.9461816994805496,0.4280246419756791,0.39749702929409025,1.0999320133097368,Isle of Wight West,5,1
-8.021703372951354,-4.675796325787315,2.923023401869978,-0.2601946728914465,-1.1491079788888294,-0.045578634746733626,-0.7546405099889293,-0.12921162015315066,0.9076488498455697,0.10973328407753577,-1.4844791295493018,0.2790942394893962,1.7510560149032894,-0.8637318785502873,0.8528680276394277,1.1464965837654029,0.7563033016880447,Islington North,9,4
-8.73497484376088,-4.659072969194086,4.604612149474447,-1.0830866701578779,-0.5821033922038958,-0.671770258319655,-0.8636390167563112,0.22666559569229655,0.40190507378185486,0.17906199860064398,-0.7033483608606442,-2.169611661787901,-0.8999098811547172,0.46466206251760894,0.30775150574256027,0.4956226447790372,-0.05960089008037977,Islington South and Finsbury,9,4
0.7271311706071876,4.457403413478976,2.974625591009459,0.08531532625939482,-2.2637712425259324,0.9897548922365333,1.2363770046116513,1.2034226965680375,0.45152027684884377,-0.06006156178842467,0.14205442201736082,-0.9340915567298861,-0.3000188455012299,-0.08365175645119953,1.0453585695607424,-0.2912954241810259,0.3916282251542223,Jarrow and Gateshead East,8,8
0.0629016425176101,0.9726689963388684,-1.4748243705104171,1.3925089061766307,0.7685373223357869,1.9473635204705155,-0.983141355121839,-1.1288384487229486,-0.7319242457899797,-0.7107901047280598,0.8629913045403463,1.1127206087403212,-0.8284566260702712,-0.09201954199406816,-0.01551449151820532,-0.05322658837252297,0.26919215988974277,Keighley and Ilkley,2,6
3.6803471675543955,-3.343916050348388,-0.9485902368998617,0.5695961499731353,0.6333681054468384,1.1964782546421846,-0.19067951466372932,-0.42781910079176366,-0.13384203975385936,-0.04401915145899885,-0.5186969190106517,-0.8965288818900963,-0.3787595219232173,-0.6572686548597682,0.5354979196298472,0.7863185655809093,-0.2896781504380114,Kenilworth and Southam,6,1
-8.66683457250079,-8.180985707166993,0.7297225639945796,-4.936823249219516,-3.937395661965762,-0.6545512672578284,-3.7142036586606495,3.6134013571831933,-4.167888081371116,0.19836614516631515,0.42214586509115093,-1.1821951543309124,-1.1501404879371917,-3.95707335643214,-0.5482815338886026,-0.5261844570523754,3.876382433882858,Kensington and Bayswater,5,2
1.706200497170479,0.8094834718446273,0.8294185358174134,-0.9291842935415491,1.5108687670977545,-0.01847217427793749,-0.03180357580338232,-0.04434243138136611,0.911171334486478,-0.17137536606865375,0.5894262387730134,0.5385301158513374,-0.876332594702672,1.1081779953494397,-0.9243965393843313,-0.2852585570805954,0.822475822356873,Kettering,4,9
-2.5225357994901922,-5.884215693728676,-1.4812968998534468,0.8253954791136452,-2.2869723191509905,-1.744451967108388,0.715241051895896,-0.2199213011345658,0.04975715460011143,-1.0897516505636267,0.7114768536366107,-0.5409114864425094,-0.39561401928952294,0.054148090972153805,-1.1465764032772574,-0.9984633802960992,-0.28148448553811034,Kingston and Surbiton,7,2
0.3082360837421766,6.438267513494094,3.033310141448999,0.30051236785588153,-2.7847769069199733,-1.7764395891784666,1.3780850707400853,0.2614159528679722,0.13857480496099014,-0.02456712647258714,1.3877753912924518,-2.6208828429029913,1.4824475455123576,0.1768775064958787,-0.25702198284761535,-0.8773760335512837,0.3165921159788419,Kingston upon Hull East,8,8
-1.5591919348383612,3.390683376433303,2.8438427802502346,0.5279601698776192,-1.7146877659722737,-0.8949169192234671,0.7204912216300464,-0.2608259115002214,-0.734809501305167,-0.6633720035377048,0.20889222720781153,0.7284159776109809,1.3436164283201373,0.21004372957482684,-0.6399892694566952,-0.094299697283465,0.6259188563958178,Kingston upon Hull North and Cottingham,8,8
0.6757788070223887,3.3792162387241063,2.1202588440965284,-0.710931605746526,-1.9848062699329196,-0.2428842664223135,0.6303833804614815,0.0029898211384123885,-0.8842147194763489,-0.28732457680334483,0.7527878118350939,-1.5745279676631228,0.6347475081196892,0.0857170749711006,-0.5992136745389328,-0.7029512328264554,0.20851486893609497,Kingston upon Hull West and Haltemprice,8,8
4.7743810659096875,0.38194570176597675,-1.1548996498696853,-1.3463839237095079,1.066530921585782,0.4477829392596057,-0.6501721595289814,-0.013457290012298666,-0.1332922945205183,0.030818907173197893,-0.694376193141325,0.12357841354858465,-0.1686685642029826,-0.7965105198292898,0.5244496750313538,0.38705361533423593,-0.2801349394166773,Kingswinford and South Staffordshire,6,1
-0.9194019181977222,4.491661364434747,2.592066294832265,0.8052634218902465,-2.2906188295193144,2.8899199918444705,1.034842800323512,-0.7483531270409768,-0.10883878590602647,1.7903436032834505,-0.5161785931747419,0.13580323124062593,-0.2753746396829494,-0.4260274736164598,1.629202477064982,-0.3322284972236264,-0.27412035570788995,Knowsley,8,8
0.4403590842237667,-0.07154983147928437,2.6200227681104726,0.2017000350266662,1.525469662793546,-0.12624182840166256,0.3259360985942826,-0.1348319471123053,-1.3779126235954953,-0.3508460554992434,-0.27637899106577707,0.5999967328641906,-0.7677446741100468,-0.39324033288406635,0.7884684676424186,0.5013760885567103,-0.7536277860678762,Lancaster and Wyre,3,3
-9.214991069866143,-1.5939306471296246,7.067841213288625,2.2296585147867756,2.3308725441752554,-3.265673189176628,1.691616457768642,0.17029106946844874,-3.104963521181576,-1.813899137436919,1.4342036830158793,0.0640800739394128,-2.40526093948293,-0.11022838039844439,0.27072450278767496,1.6200296202966635,-2.3033525121138925,Leeds Central and Headingley,5,4
-1.9011036933193464,3.5337983946543696,0.23000449814707244,-0.15924209195702207,-0.4890380440701378,0.06668360106234605,-0.30480176393510705,-0.5183200868158384,1.1391774922142652,0.31623863894139653,0.4965837094527419,-0.8353670043997656,-0.15249165689255537,-0.1328890834743085,-0.028198058659267913,-0.08136333987211754,-0.16975833637630994,Leeds East,10,10
-4.648026665466505,-1.6721621822052115,-0.48823197226816745,0.17347183710491668,0.8274246454944576,2.96615974404688,0.4116075833488295,-1.4079116745041853,0.4866897634917057,-0.6784853562629726,1.2902465130597125,0.18862773306705102,0.39252774530689083,0.6568268214105515,0.24760863653216866,1.3243891164163124,0.2672082335900973,Leeds North East,3,6
1.7880727937340375,-2.0809100076375975,0.3641144672575298,0.12330793022615569,0.10892218693186738,2.417608618523118,0.1839265973019905,-1.219019414078576,0.18315956570007344,-1.2198546152412504,0.0435635625093069,-0.3377436595351512,-0.5330599796458446,-0.24256072808565354,0.4331185248211142,0.24304418223921484,-0.4983711151609075,Leeds North West,10,6
-6.537222832129071,2.995021963918589,2.5645079833835833,1.2884708854019562,-0.4752395786471817,0.5760540664316657,0.31748224787332635,-0.25083337652151755,0.8457371689479781,1.6379218144909358,0.32623602781381134,-0.6781747150016972,0.1569331844357389,0.9922674630831182,-2.401245049160756,0.26563636784956773,-0.09696224912620477,Leeds South,3,10
1.6667892066999008,1.6695413237230181,0.9499078828888718,-0.9419386607337189,0.49673059961391663,-0.37932812348146455,0.22943571720876946,0.2563273175969761,0.7182616245131915,-0.8284958973727717,0.3961918800364267,-1.0326711968727216,0.08508804933329417,-0.31871631074652856,0.4719068601490648,-0.04736756304544935,-0.9271085735456135,Leeds South West and Morley,4,9
-0.888148000913277,1.6973227517741971,1.3909535670964417,-0.13340824185134204,0.30835605202362004,0.014004074277212453,0.3894732852562926,-0.6013760004596896,0.7988260745447303,-0.38928430882439513,0.6812535163327789,-0.4909534420234139,-0.6229693135371549,0.40555624473469976,-0.010539162655433417,0.2353243181361086,0.024204116928746,Leeds West and Pudsey,10,3
-9.285334955390333,3.8194058789319976,-11.743858019835582,0.28149102628307543,3.785551432866904,-0.6470143828452504,8.68215719091067,0.6478220888263707,-4.38676879490258,0.10431812100931676,-0.873578199767142,-0.9410249360545819,1.3604876055370259,2.9449368140872907,-0.366058284173612,-2.0535512205911792,-0.8991872453306503,Leicester East,1,11
-9.27670517934691,1.5352238471919213,-2.8042353416259376,1.4424446746955353,2.204187078670894,-1.4084883374395,3.605763872085846,-0.834308815519721,-1.7987757719982844,-0.47713763674688603,0.2706732702920447,0.9373536132188867,-0.4908053141220204,0.3833204448682032,1.8412823829435687,0.4968958799602463,0.6266014887481971,Leicester South,5,11
-5.26494122094346,3.4184397968075073,0.08979624386356709,-1.2897381094417788,-0.055379570395480075,-1.7777476953399856,2.4276260935259675,-0.015077987872038144,0.45624032381949625,0.5931599465950844,0.38658986697194786,-0.1714633229483182,0.0662348594992095,0.8049532638909083,-0.8674768468379463,-0.0031588335293212216,0.34635175224268044,Leicester West,1,10
1.6050430640885698,3.496042080303421,1.322272801322783,-1.2122248733103693,-1.477466153492138,0.15666872202426815,0.00894850914474865,0.2461460883435627,0.2783273405855844,-0.033443801231162036,-0.06524137909603728,-0.3498755807394104,-0.5600975939709513,-0.43165713898402797,1.0841862741813408,-0.5938101567591592,-0.6315919341472658,Leigh and Atherton,8,8
3.9328367735325545,-3.38218436501956,-0.8352349916588613,2.667608841296876,-1.2302659251961205,-1.54033686008922,0.596539593940205,-0.45330438448932303,-0.15994767671761,0.2430915425629311,0.42593247725630445,0.6360698455224396,0.8467790780753133,0.6004235665976075,-0.7302321785194751,-0.2683855760297208,0.5480135526355943,Lewes,11,7
-6.5286806191871385,-1.0555833971535562,1.8162260523254092,-1.512335493502448,-1.0002718337828007,1.1751970055327814,0.26763793690241267,-0.7604963990929703,3.095962524435127,1.9954329130335762,-1.5836082904128406,0.764687289975984,-0.3998530924270492,0.3890383553406185,-0.5674249381691879,-0.1937644745118507,-0.5315166411460914,Lewisham East,9,4
-9.247295875350698,-4.085891240473565,4.768158791804584,-0.6474383062566973,0.1728588196467896,-0.043145216835384616,0.45922857471836687,-0.7073692877207026,2.5260220432973353,1.480623490118847,-1.7123975950913204,0.39774173106682037,-0.6778872484901644,1.1088070611951333,-0.42417129856250607,-0.5894134837313829,-0.640971045871374,Lewisham North,9,4
-5.99955960942777,-3.863363982008268,3.424567385485085,-0.2285661976820877,0.4537803813430169,1.9933936384941988,0.37531676282905746,-1.2908924546175513,3.4049834637729433,0.5525849102621373,-0.6507790758953838,-0.4025889871402946,0.25652121794914723,0.04751845256291168,-0.19753163581530528,-0.1692424926535588,0.16584634638189727,Lewisham West and East Dulwich,9,4
-7.75403018873983,-1.7572067848464377,-0.5583191661842498,0.7344214713786936,0.7813192616157776,1.489487717718622,-1.3501061951803421,-0.5185096211711232,1.155661405156313,0.8203567320341939,-0.18479925846077086,0.7771770745679389,-0.15128637307560466,0.30676620398549453,-0.5511820625282858,-0.6636735568174723,0.2459416212221692,Leyton and Wanstead,9,4
4.260218832703732,-0.16388025937392917,-0.18173230049131797,-1.1181580689295443,0.4204898421973198,0.6730393474947864,-0.6111477946929801,-0.2444755453294888,0.0030445203561216346,-0.6740458519820534,-0.567744774543441,-0.180537979393895,-0.1443289343534038,-0.4705261676562823,0.3268646814596262,0.43488644425470924,-0.21582376310866747,Lichfield,6,1
0.01159344965502879,1.3020092988623928,3.0175589794492095,0.31642364834974485,0.39386873649429266,-1.748045100290499,0.4683598689717784,0.06605180129013044,-1.2390145822433087,-1.2668926986287439,-0.2652460984695687,1.6219195980093903,0.17411659329357354,0.494258114463962,-0.05399597933711416,0.8402519909006749,-0.05268761097662373,Lincoln,3,3
-1.3600788042444178,1.3002151615707906,1.499461306093564,1.4488142249440736,-1.742309753749455,3.5257478504712587,0.15652268037134145,-0.8639305380763644,-0.5912116186900727,0.539885576369163,-0.9631067919321322,-0.15617912017515403,0.2880134235727383,-0.3261349766625627,0.8106938819600934,0.09765159086374554,-1.1113530550092563,Liverpool Garston,8,8
-8.889740662253953,1.1139304018142697,5.6284313468081635,1.1540811419985613,-0.5202127988753824,-1.8084330955054773,0.9686898033378313,0.6681886492518456,-2.5093447267708893,1.40690026230677,-0.1942747144156773,0.9275467362685782,-2.084004795086148,-1.2444124812126058,1.252374221709181,1.1971449293451921,-2.0234499347072576,Liverpool Riverside,5,4
-1.686454733005304,4.12000307043975,2.6675372910689745,0.33993680349855254,-2.1058030594380677,2.0930930177565408,0.899557044987177,-0.69471137508512,-0.21980559998964902,1.383441799039064,-1.1270945552357385,2.29692571730904,-0.2111772363974036,-0.22500214258239423,1.5437104702852855,-0.05673303391487251,-0.0302053393332123,Liverpool Walton,8,8
-5.683342461519279,-0.776688824438218,3.856322943298528,1.4185709197115888,0.535700343791041,1.003110319219212,0.7703470729484395,-0.059216906526469215,-1.2660074123068736,0.727247291754519,0.2275418436641983,0.5956859350879363,-0.7916216893915853,-1.2372252402748232,0.882907213738922,0.38407691926922133,-1.067679342625687,Liverpool Wavertree,3,4
-2.1488656126152503,3.3375592362206565,2.464498772899147,1.0947477802914944,-2.188745562119175,2.8652596974961457,0.9474345316094259,-0.2753288622941279,-0.6252925508640992,0.9355694809182326,-1.200042053047193,3.227464590420528,0.06812868337094906,-0.20707009727112338,0.913876254968908,-0.06736701072996056,0.2418654100864869,Liverpool West Derby,8,8
-0.3596329461810759,-0.45646583639147775,0.9614201078723342,-0.4230299590878614,1.3716615306701962,-1.0560782195744043,0.7891709896848095,-0.32903094369432867,-1.305087444517654,-1.719665243221234,-0.20697323386023725,-0.07574270616569885,-0.7874421697349838,0.017059981712948293,1.2217535932327441,0.4101141057367538,-1.2521881534325339,Loughborough,3,3
5.496885457823938,1.7297621148576063,-0.23740996696470032,-0.5808997637470917,1.237196600869551,-0.865982624153048,-1.3848903388438294,1.0236175124908848,-1.604983662118581,1.301338245721817,-0.31150810797238104,0.15010287319397095,-1.5563510896181836,0.7440010742565673,-0.1270967548392125,0.17534340821264802,0.20545881288764728,Louth and Horncastle,6,1
3.4926794994448627,2.832698273419861,1.2865655675420151,-1.0033835254329668,1.192199038476518,-1.5425739053132665,-0.2280191247136199,0.5428907466567285,-0.3310844506316507,-0.07899441315450245,0.4260775938784525,0.15892021266021553,0.48373363706948025,0.0413961140779991,-0.09955614857259897,-0.29230685839188425,0.3338575622860931,Lowestoft,4,9
-5.924242083077278,3.5764545110972863,-4.71387596909671,2.0602705931179104,0.33224886252045893,0.9970674272663601,-2.241373732882247,-0.44367664536628465,0.7372909849173694,-0.6322779627941483,-0.4009267405246445,1.6711142158488657,0.5796470311602507,-0.34624559840537983,-0.4232381707400231,-0.3758927937029643,0.08721393733061322,Luton North,2,5
-6.1703081864951885,2.782227572702204,-3.5427728506321006,1.906915290142605,0.36417074938138955,-0.10802454687740796,-2.1655948702294965,2.162910736083298,0.7112826160801456,-0.1183255483469258,-0.267224343043547,-0.5985480957289706,-0.051371236530913564,-0.18175813503210012,0.7378374531326347,-0.4323581881010089,-0.228928200162628,Luton South and South Bedfordshire,2,5
2.889489814111287,-1.4207169520431155,0.450903649144013,-0.873512603816057,0.4297531028427944,2.1284976791463133,-0.43584657562093987,-0.8034764855103272,-0.2962658231726094,-1.0533920827079966,-0.7802099439543887,0.30187339325100226,0.5079908230427593,-0.48965249326775684,0.05446331635516567,0.024697148540638807,-0.24074270350823887,Macclesfield,6,1
0.7232417869692799,-4.391335014323949,-3.423790658358123,1.9985597218903557,-1.2820735602538469,-0.1545674300899694,1.2009314837387919,-0.1595158263766624,0.5781936860149741,0.20848650281525866,0.17540185289830337,-0.8387013448579757,1.1290596512383007,-1.2338804834421233,-0.22466287963263323,0.31936784189778566,-0.3300392851437482,Maidenhead,7,7
1.5452223533287608,-0.6588220455679236,-0.0682940657192518,-1.3571519134310912,0.22820768617307405,-1.1161079792828141,-0.25012516575345756,-0.0798543268891208,0.7480287215968386,-0.6302409710856461,-0.012955786305932804,0.8121726916445363,0.3670971010428835,0.5413417864151174,-0.9410974276315833,-1.1965116373226576,0.34773562660293056,Maidstone and Malling,4,6
2.129546607438122,4.16650845351309,1.4728217899051512,-0.14672057227478336,-2.0873140901202603,1.1003793966701811,0.6194253869844242,-0.2043062512895229,-0.3634943546950959,0.27967972344984715,-0.15597791183525106,-0.28254193325098087,0.5294171365155055,-1.1674596351951636,1.6103830713524871,-1.1562017508565532,-0.09433409699131738,Makerfield,8,8
5.269971048895207,-0.11783427193804079,-0.9394564507064734,-0.8738142201964167,1.146514066545391,-0.678865604423917,-0.9784544187786799,0.10573504739248586,0.16304522307535924,0.21515704448634695,0.128792170488912,-0.48096880647960755,-0.24634829522199667,-0.3321113253524612,0.46431036507414947,-0.07141013878069627,-0.3985009148446203,Maldon,6,1
-8.67065860382819,-0.14968297159090024,3.895989958097231,0.7234123202653557,0.0867525122424751,-2.420947034490791,0.022557269002804584,0.6921208834835739,-0.9552083666236308,0.08020440155643244,0.4127616264688949,-0.7229071477833496,-1.5867718653149434,-1.1330096828303593,0.5382817891986365,0.035624214091916906,-2.5985963213550325,Manchester Central,3,4
-14.191587440525815,0.6126659350765482,3.6594839720013455,2.479236450392578,1.6733480797470062,-2.046458384863535,-0.6046548912788912,0.3635707603766354,-1.9039668564875036,0.34546140833190997,0.9770435019755167,1.2512175984311449,-2.0800670597099407,-1.5283898184383804,-0.9882731904531512,1.1663792380366205,-1.538137919041558,Manchester Rusholme,5,4
-6.934558843311017,-3.394328884243957,3.593405212791005,2.2759886217108813,1.3558023741502319,0.703921968408605,0.4830418639936197,-1.1367608202644348,-0.6889358434740648,-1.1112260158950982,1.4486413382200838,0.4103655603454968,-1.2586540513433584,-0.5739601122776564,-0.004705518507294202,0.21070355930660567,-0.07946573624653791,Manchester Withington,3,4
2.6081486426959697,3.236365237202147,0.6305184702894991,-1.611604136462704,-0.09034423458391543,-1.454119058557097,-0.5117614433514894,0.38120444996510755,-0.06029313678324888,-0.5067154403955747,0.22056331607501417,0.17562095055648885,-0.4555200667094171,0.5994433089118049,-0.34071688885018064,0.12497652506890727,-0.048742149777110264,Mansfield,4,9
4.718133653879714,-2.5356041725046747,-0.9887915701659789,2.357071964511775,-0.5714281565158105,-0.8899980754433757,0.289764611803232,-0.3853299917507213,-0.22275471799075983,0.9856356565490823,-0.12912029471426617,-0.02318153602506169,0.23161820809874187,0.181700867477179,-0.12564717556644894,0.36900791358905916,0.22671673705330073,Melksham and Devizes,11,7
3.032248104235442,0.3992026970533308,-1.1701256198694636,-0.8453904692793732,1.9462297356920153,0.046287163844934365,0.4371300427766384,0.3131471097112999,-0.7057811809129108,0.17025155569915645,-0.1018950627030019,-0.7078980650100614,0.1785826694386272,-0.11899809106785546,-0.025506313646968166,-0.32202816385656313,-0.16884946090721414,Melton and Syston,6,1
1.9969972082154488,0.03841219604726476,-1.0540683951261973,-1.5724409830867283,0.4158232372457124,0.1321033155292695,-0.2120267732094867,-0.3760683183859024,0.6947217585906486,-0.5405405554187865,0.1729224002495413,-1.13973214962895,-0.5611985102284955,-0.5611742801217988,-0.058737542555121446,0.3716670416540112,-0.21293112842863277,Meriden and Solihull East,10,9
3.0150617956376453,-1.6006090174185583,-0.907746708008015,-0.882737026615273,0.9398059473480016,0.9737565102632099,-0.7700259883224454,-0.03553999168310027,0.735889811545956,-0.7506704752901303,-0.392867612395342,-1.0483307583825865,-0.3404361605471759,-0.3212883140811486,-0.2575473098961581,0.6712576005843889,-0.5148125011076743,Mid Bedfordshire,10,1
3.591707806264975,-3.7330785492713296,-1.7773474209122435,0.7289320404913763,-0.12804454604300813,0.6399093858680345,-0.4727708100077066,-0.40166969163194993,0.2743359929994962,0.5671514320343534,-0.16349304795039243,-0.5640323585246706,-0.1918977544071681,-0.4197717783874709,-0.04872202924247104,0.1626478228629826,0.3512550464188037,Mid Buckinghamshire,11,7
2.0287917162054896,1.4817017717237608,0.9437543095220234,-0.4713003200381349,-0.4031808954765102,0.6785173626593689,-0.2230048844988145,-0.6863077178796632,-0.003778403488179241,-0.7317022621270185,-0.29925831542501247,0.21309772155901943,-0.03324539089572473,-0.14965141400405216,0.3849865663836706,-0.03562451238272246,-0.4448687049260764,Mid Cheshire,10,9
3.7110353303414305,-0.8532143081580376,0.2814936025007426,-0.6863971181159446,1.3501486497589141,1.1645151521788988,-0.41869467615826095,-0.7511170308673072,-0.11999125074650625,-0.899292916320991,-0.029616104433251394,-0.3662224376191015,-0.3742260082132837,-0.2988480621603429,0.2575325110685942,0.03445692075780866,-0.29150249194695704,Mid Derbyshire,6,1
4.459643667896407,-2.9090594285072133,-1.4736837738014945,3.107838367746219,-0.8033192305734319,0.040361595785141174,0.7653069784492907,-0.419286033598029,-0.5821833440633148,1.0262050249760486,0.20586395161798776,-0.3347321574335622,0.7098946983491333,0.3782360126534877,-1.319427341719189,0.5231673208280057,-0.5447749074617253,Mid Dorset and North Poole,11,7
2.1867625124906667,-0.30727527650871655,-1.9803012644996834,-1.520432043663222,2.061058574813798,0.4645412539548084,1.5015205278081842,-0.5557393602600643,-0.2981642804080205,-0.7220764428857713,-0.12786394415627036,0.22566438403469788,-0.08689777788980661,0.20461550324460812,0.11848393670366195,0.07721684488789371,0.500143491910494,Mid Leicestershire,10,6
4.495221544867503,0.911784654022162,0.14783707466508833,-0.7023616297109986,0.8372715044482911,-0.191247233325735,-0.7106538418068512,0.3444941705632742,-0.8590535856658598,0.8488265291710743,0.16574297605347993,0.024458691704113314,-1.3331829706960137,0.8474501955200671,-0.23667389208887257,-0.027382409855916542,0.18739102728089674,Mid Norfolk,6,1
2.8568820657806846,-3.4335110684063417,-1.2082772546011833,1.7920420328017508,-1.0234906286792889,-0.4044536252150356,0.7059481134886694,-0.5797984983960935,1.3448608415810812,-0.4676520373070153,0.15962856019891242,-0.0552432225711194,1.0497495287494245,-0.4783425079886688,0.41676063673902947,-0.09466266077372477,-0.3446656667655166,Mid Sussex,11,7
2.187075864199985,1.5776495904430632,0.34967268471689333,0.633151212386569,-0.4445349598615747,1.805176885335338,0.2486387704934892,-0.20671341112299038,-1.415504106530927,0.4499677888548867,-0.7311956789337629,0.24548036674940674,0.5961417011131215,0.11864828093928904,-1.6188053222024958,1.3612060625804552,-0.5784337403265323,Middlesbrough South and East Cleveland,3,1
-3.1123170987214372,4.84909092667075,1.2276233980399263,0.6592529554392872,-1.8076631407639083,-0.07694462796549287,1.046881170841569,1.85886019669876,0.10013523301341604,-0.8203933544514238,0.7775974479696723,1.48565994315364,-0.34444589652453267,-0.5639935461915615,0.024008333489956245,0.07769450075121806,0.29346988588968875,Middlesbrough and Thornaby East,8,10
-2.7706363261808487,-0.979128640858802,-0.7692732471484488,-1.8213141275959046,-0.36987813406758635,-0.5309995839476958,0.7775469695381156,-0.341185271449903,1.5233200376285954,-0.3723345085649006,-0.39332931231488083,-0.04912821719643597,-0.19291163886716628,0.09487362605378974,0.048141744991097704,-0.3875336521524836,-0.5943592488192926,Milton Keynes Central,10,6
0.2923009248367111,-0.838408861595857,-0.45639189333437014,-0.9632897382422806,0.532193018960956,0.5396645269373938,0.019026607403336074,-0.6787363915797998,0.9554331422240457,-0.26658582227609395,0.23041593173904093,-0.5328572140347424,-0.0830247616960711,-0.31497153630076363,0.1636808742798269,-0.19218973607758144,-0.2334904633691406,Milton Keynes North,10,6
-5.496551394079242,-0.9528466596309387,-0.7960139515634059,-1.44706823158988,-0.37401349149124674,1.1327603478470634,0.34385138539520194,-0.4402587398331939,1.1389983702721382,1.625559791913406,-0.6919908273129242,0.4521274175045597,-0.5319257001793639,0.038883456983817864,0.01887374843030523,-1.450946132350782,-0.8455686612205955,Mitcham and Morden,9,10
4.066398642047101,-0.09478458512832236,0.22953797607988635,-0.48254337416078635,0.2375057319319609,1.1375364372044359,-0.4358196363972304,-0.24661208853053515,-1.2961085629896558,0.3151632138588988,-0.36275334126922476,0.10700212614305306,-1.0035211425716033,0.1745248602876551,0.03705179354565568,0.1224711525743979,-0.10645790316896307,Morecambe and Lunesdale,6,1
4.554644484576849,-0.5381730732562582,-0.29220215183904863,0.34672433257878793,0.8432577764499587,-0.16635268632252626,-0.34993382875189116,0.3515511100871498,-0.3438855206548945,0.21327202426604228,0.0312915017558451,-0.17371369652407534,0.2747208969209347,-0.08908886029810367,-0.41588709905752363,0.035877359128415956,0.06584064440552093,New Forest East,6,1
5.287994128756448,-1.4235196278344868,-0.48547019410758296,0.19294173837863496,1.1349194370566493,0.2999599487544913,-0.5041036226297513,0.566830397830002,-0.8793347924717932,0.892761895039797,-0.6585539911336696,-0.12089448892256882,1.0643687691484536,-0.8751598260207877,0.16313760237018926,-0.05970561262933788,0.09935869892777603,New Forest West,6,1
3.7262869859664938,-0.42246997840968536,-0.11723741805880879,-0.5069236161837254,0.73926903570239,0.8644345129138759,-0.8032706875087247,-0.272369539940424,-0.8573894999491878,-0.012457434473533199,-0.6121769304711205,0.0228430413148987,-0.019577335576247922,-0.07773674777981643,-0.37835300965245994,0.5307710126789343,-0.12573818204942575,Newark,6,1
2.8212038759056663,-2.943140951954755,-1.1955881386183547,1.5878139860154925,-1.0784495572943957,-1.0968205283886734,0.41913700751907645,-0.08134250008027012,0.3904923564409986,0.18403029839367654,0.4359570482955719,-0.9011376648858787,0.5465330228130443,-0.059848914792912496,-0.5552479080290555,-0.05219058490958932,0.266349293149262,Newbury,11,7
-5.0811333594506864,3.004421991628102,1.6398445643839916,1.6537178838546678,-0.5873561470897323,-1.159243716090886,-0.5296010128229759,0.14257409874053467,-1.6268950879498367,-0.6063888412275491,-0.5623910781223375,-0.26157894422689565,0.4080419035016368,-0.44843421238020365,0.7721592964332766,0.30150410438913733,-1.1208620874198447,Newcastle upon Tyne Central and West,3,10
-2.308365227146969,1.9584536668322048,3.982068613906846,1.017830448497913,0.023378674286941535,-0.7645099016669266,0.8299156961327896,-0.42394637677256847,-0.6878956393846686,-0.20494938139277755,0.10237921704178424,-0.4896024626356204,-0.28569363496159544,0.23991727392271373,0.7121209861108215,0.18777423965466591,-0.3063014043123814,Newcastle upon Tyne East and Wallsend,3,3
-1.617554940670794,-1.5229399227552225,2.920292989463226,1.0947824290701518,0.04303034650444105,0.6513921236676238,1.237114730643296,-1.3377922759522374,-1.1613888903028684,-2.1775569804720423,0.006971789300794816,1.496889577887019,0.2618118088311809,-0.1879003770306053,0.20751944976223952,0.4625168669249665,0.1259999503088922,Newcastle upon Tyne North,3,3
1.7418761522923252,1.5861670769492773,1.1725951167355617,-0.6775553445642641,-0.002592518198410442,-0.41590456592114333,0.22664534429959432,-0.22300977180523351,-0.7439655761014758,-0.44442545740822786,-0.2062840603126606,-0.5481911138323088,-0.27093544344260123,-0.38239356918812073,0.7705192325399506,0.15293591363943498,-0.7328848278216881,Newcastle-under-Lyme,10,9
4.386085754511797,-0.8065042034340831,-0.42827416203916147,1.9397031320345697,-0.07385465917068093,-1.303643018746439,-0.004502032934411992,0.29612995011234966,-0.426002231170752,0.3728693890852758,0.006671801092305068,0.5156380483086042,0.38677252398777395,0.3336816780863371,-0.08489071596736282,-0.1664907049871521,-0.0018788733441806615,Newton Abbot,11,7
2.5302858285184824,3.467209172486286,1.7887945730805141,-0.2500197892942368,-1.0527725912738963,0.3524000708289723,0.09905283920481922,0.03538518740103219,-1.0099860803571257,0.30304204430992926,-0.3637822698005856,-0.8010446787459442,-0.12156511773108941,0.0655150668276178,0.1594143415996403,0.3499355088497402,0.2166226510784134,Newton Aycliffe and Spennymoor,8,8
1.7646999885476742,4.872352729240008,2.5225523640593215,-0.11205252110252756,-2.1863658796449488,1.013733564493516,1.2335161570110322,1.3545060803112032,-0.12554328694195452,0.4977121642624428,0.6469249836604496,-1.8322921965511436,-0.3004439092470853,0.11102385054831355,0.5748158428767701,-0.5649939832564267,0.778834111665671,Normanton and Hemsworth,8,8
3.1609038263092444,-1.7730122328474844,-0.6699884049734594,-0.7495820444489547,0.6817890136142011,0.8205573894837347,-0.20977141272991176,-0.03808091843922738,0.8400215694093418,-0.4073277403005073,-0.028559586301062458,-0.495132403218253,-0.6352209112842522,0.07178259432420274,-0.09760764394523833,0.41929344052867085,-0.00727663016149817,North Bedfordshire,6,1
5.207578074668858,-1.1741268490996042,-1.304578171347689,2.836433461824964,-1.000071825749594,-2.535577795158952,0.24968349851349456,0.35788527375379253,-0.3423341385041125,2.213210243921611,0.18905752183519534,0.2518112799122075,-0.35640563805688374,0.87719882591852,-0.09519279731190235,0.41253353496887857,0.1964851930360464,North Cornwall,11,7
4.273024103071335,-2.5649103108637923,-0.8820838726618263,1.4247475100969045,0.25527491126255764,0.11887454091280723,-0.16999596349393112,0.08567208289795326,0.11195879814103253,1.1829634701681198,-0.41456739028749395,-0.5733776017987431,0.6570586053069224,-0.6686848467362405,0.23464683670191838,0.30257669418706845,-0.09479787310879961,North Cotswolds,11,7
4.724322434366245,-1.1846479812266355,-0.9155543748732938,2.6046524298076674,-0.38348335547400775,-2.0739150563512263,0.28478588671883426,0.3029748202132563,-0.42020465022023806,1.4107888438935763,0.2319699643769562,0.5825421438708116,0.38641586694186586,0.6198741395305926,-0.5020238459558181,0.10856851335604775,0.4887557291416618,North Devon,11,7
5.311904266647671,-1.7812556692282782,-1.3430147794565228,1.9041700419655896,0.07282449314364169,-1.0850839004290413,-0.09963196761626178,0.3118516191089201,-0.6207389540551154,1.6853222587666221,-0.41929551936625925,0.23893033352246495,0.4439012796428733,-0.12230780303286456,0.16482003948727156,0.13527918560832844,0.01884372555613574,North Dorset,11,7
2.05226409806275,2.909502640202903,1.7983268025178623,1.0985969460384264,-1.2709865173302102,0.7579640377115833,0.7221834282661442,0.17003035266549912,-0.7607445679681183,0.4376732717966818,-0.05869399614253459,-0.7274907850087379,0.22761241156026832,-0.2631736478104039,0.9957722922922403,-0.3657643260701724,0.21524330801758382,North Durham,8,8
3.7307768680044133,2.5919942366218858,-0.35525306392474393,-1.2174086341842563,0.5650808300775788,-1.9429334275335943,-0.9630622924529753,0.9241901978435516,-0.4722943860670457,0.7875542311890371,0.15745605368783347,0.08252977224524669,0.3288003663193143,0.057980131636376844,-0.692382985049236,-0.07341882889012344,0.04210846174563966,North East Cambridgeshire,6,9
3.6264420502744987,1.2211291637683523,0.5328721693888838,-0.45488223119537163,0.38630544045807463,0.7169856851257868,-0.251413838119938,-0.47767764917950595,-0.37789458838786794,0.16844972003722072,-0.3543529712481415,0.2093683078382613,-0.05225361058245907,0.04263453414446253,0.08071057007363633,0.4446669378396405,-0.010930234816599507,North East Derbyshire,6,1
4.156667366578541,-4.267904200670207,-1.914832605336268,1.8178078534055695,-0.6887821464296818,-0.27864377110803573,0.38941617397554495,-0.1148515027894921,0.9007309711215629,-0.2602669592925951,-0.08879658700534385,-0.6133067680994009,0.2652375508117717,-0.6867626802150057,0.6623510456322708,0.33690342961453007,-0.7035724731768229,North East Hampshire,11,7
2.564966975424341,-1.5916523635030742,0.0012506490531160785,-0.9998901452529672,0.7105196269988525,0.6947869582784242,-0.322130936409528,-0.6801984664007472,0.7144774996471833,-0.43803904754372774,-0.20695941045924734,-1.1106221977895594,-0.02873339847017917,0.04978545184425394,-0.22449033918012823,0.38531482049187576,0.05057475565790856,North East Hertfordshire,10,1
3.665792085808062,-1.2918850085448872,0.4824491285118803,-0.45541595779121197,1.0166002581920888,1.4470524798048723,-0.3998175077684225,-0.8506752679017962,-0.19402410506298595,-1.0057283673341666,0.12239909473100269,-0.16999445293368298,-0.6477114217770096,0.43300749084359097,-0.299780763960621,0.20282467662012627,-0.06698224409370837,North East Somerset and Hanham,6,1
3.285790182480954,-1.9762697413851067,2.369389277038034,1.4471519707754148,6.205049088612778,1.4289478816687722,-0.9936775600451169,0.08427747940196323,0.3555750821521334,4.326236573283781,2.297148364091835,-1.7984757151593638,-3.8172605374625586,2.2068037397416433,-1.10590782804031,-2.208067091166272,2.3398289298373025,North Herefordshire,5,1
5.524950795340738,-1.1964179412963378,-1.0105063445000728,2.6777754868434105,-0.9998948316596799,-1.0870557730876853,0.20301793694622977,0.4339743425236925,-1.9772886156343008,2.9503856897047047,-0.16998941272338447,-0.4007701217887376,-0.5406102808781322,0.9191560857360865,-0.5041949254056185,0.32151767762508593,0.4072147082874311,North Norfolk,11,7
4.289717009988586,0.16672233860292704,0.3312720181389087,0.3776098770738996,0.32289102059574676,1.0066089968056708,-1.1860778578136602,0.045971226227143884,-2.029142159510014,0.6575473851609795,-1.6479278740137475,0.35680439924252183,0.25354218280902663,0.38389725351925647,-0.899459078878961,0.8161142240714774,0.540715468340606,North Northumberland,6,1
5.116393698872793,-0.46686023777287816,-1.5460186457475475,4.096545721334794,-1.2525028266954128,-2.975393723388876,1.2062531213045389,1.116812266207817,0.7908726390466801,3.161633806960187,-0.41811810694587886,0.42221776425045665,0.6337937930305619,-1.0541782245707834,2.184754581164069,0.989812929053839,-0.729590321141281,North Shropshire,5,7
3.765227941944423,-2.6460524277185264,-0.02182015257320011,0.1800011228310521,0.803722506242407,1.9384856113012539,-0.16445948524773374,-0.9801166755804159,-0.2786719215763905,-0.7852568603860287,-0.15506021577285128,-0.06824048678171502,0.38556939655605765,-0.3035001129927855,-0.20017260844254592,0.08446326787559089,0.009108677995138736,North Somerset,6,1
3.549726036335106,2.4406575658223213,-0.4782925639824606,-1.9660552534061904,0.8844429203041289,-0.9195168774719864,-0.2256222310522306,0.19854431921876706,0.1016517553757725,0.15803727938717496,-0.16666987150496246,-1.1164482335381714,-0.5310290872457621,-0.444173096847395,0.5678300711357098,0.6257257577997193,-0.15274954769880267,North Warwickshire and Bedworth,10,9
1.6038577251879018,0.36642956775172597,-0.2736705602521661,-1.756109969563744,0.438550241257438,-0.6977386612210573,-0.5078199870275055,0.08976497465558023,0.8989355555017962,-0.1360004063316694,0.06379500046358921,-0.528162201675414,0.4561063192187622,-0.4198147762522225,-0.5869658705559718,-0.05525161130790782,-0.0750976387157558,North West Cambridgeshire,4,9
3.3913906792186,-2.0515056785564854,-0.6290883433165544,-0.8777643387095312,0.6216767077196953,1.052317225412779,-1.1391467865707543,-0.532651929875417,0.12655206175228395,-0.6644602262871626,-0.5152432337004351,-0.2833870483942509,0.5414534142605683,0.07796484175450043,-1.2102042050978388,0.34257708728213215,0.18748689900318208,North West Essex,6,1
2.706262939375435,-1.090902473328469,0.013496760347530789,-0.5652666256570544,0.02148883624253534,-0.2720543285897163,-0.20460401905940667,-0.5017829052422084,0.32578422966255016,-0.8655212217963386,-0.5295957795440466,0.6078290044325065,0.9525169708643946,0.3048590895899494,-1.1969061409167125,0.0004282989748968255,0.4057073402252985,North West Hampshire,4,1
3.4629742757737616,0.8761245150228405,0.2832421066426909,-0.8929700136998967,1.1469682938189685,0.09843532876279197,-0.691702137289459,0.16429338023968784,-0.026772195654025804,-0.4993275984414271,-0.18437207503067451,-1.1123669659571622,0.08314929285353259,-0.3686163913776686,-0.15912197644576295,0.4316492738599102,-0.5270654490666958,North West Leicestershire,6,1
3.8624876201352323,1.5480307699148999,-0.16734127739531418,-0.14052332054380898,0.22938900094917236,-1.4412410910474132,-0.24255202022026523,0.6425237732638167,-0.7289503376677022,1.6310419993476801,-0.4541057345090982,0.8825976112104553,0.3470148057443856,0.03338375348575548,-0.08315246825025875,0.31024550556687414,0.4783601440051425,North West Norfolk,6,9
-1.6661856218652606,1.7142095595245812,0.028527847338094565,-1.2852246698573013,-0.024023788006523175,-1.2083306314597844,-0.9197207658504191,0.09912589520525067,0.7953638727796312,0.4195813406632831,-0.7054323270115709,-0.13945122020220269,0.2384486446515933,0.42511144006829077,-0.03842068232536171,-0.054198690081907,-0.48118551932451364,Northampton North,10,10
0.7029448610734473,0.2444615119129406,-0.5500133463983121,-1.7571794534732146,0.2645440671528806,-0.523498579271605,-0.111280358701982,-0.45315089557299504,1.2100347829054443,-0.550166163885008,-0.2394443483363998,0.4556870831322044,0.3272859067369857,-0.19607246390772823,0.06437300249928553,-0.24729730529741042,-0.5252593495368248,Northampton South,10,6
1.630001409551282,1.0832938638778666,1.829175035069996,-0.6692056156741834,0.9392689078044683,-0.4687122486680163,-0.14277835295599156,-0.39118297041413863,0.3291723157784488,-0.23988045828027246,0.38769989745080374,-0.1063282870736804,-0.4230129816438168,0.8795487065637106,-0.05300523780724263,-0.2754926693283655,-0.016140588418499833,Norwich North,4,9
-3.6288247380416387,-1.0503413013256588,4.917165804307136,1.0954570491130775,1.4528964109813882,-1.2045212913946455,1.0676955603979694,-0.4292000971392677,-0.8138855167970616,-0.634988739842854,0.499619831997335,-0.22571041972429123,-0.3366257887576432,1.008268923214054,-0.11215909071731693,-0.10538001444590925,0.03557039253246872,Norwich South,3,3
-7.694730018979995,0.7192225285818872,2.4831848589375785,1.053096419957075,0.7020574740828627,-1.3312529751567785,0.4217539782667673,0.3069915914798222,-0.5950347477697716,-1.049472659311954,0.40346393502676814,0.5368718633759871,-0.7272914849194776,-0.5464822948611132,-0.35334311890024445,0.9394293298463428,-1.2931309853239752,Nottingham East,3,4
-2.1956228986046566,3.7307825977860425,1.17365057269178,-1.0226147229623852,-0.6233011756031557,-0.8485218169476267,0.8367157944240534,-0.2744407526587217,1.9371212813966352,0.27672574196175825,0.866741956338886,-0.6732834442260559,-0.17883854889710385,0.09040050295988547,-0.6445054336241385,0.1444106884420886,0.15162343441139847,Nottingham North and Kimberley,10,10
-5.600986245343444,1.5593978410692293,2.731551133451984,0.7556517373716416,0.35781532729665805,-2.3255193965023704,1.128274238150659,-0.26741281788224536,-1.4851589118640385,-1.876090667656697,0.09738201923223455,1.2058737721883679,-0.008653527157748392,-0.6535549498392961,-0.33706782529915497,1.719816563480271,-1.300826627771559,Nottingham South,3,3
1.555289752635822,2.3457143792188604,-0.17128022171397753,-1.4987872841849856,0.8198947578639941,-1.0335668287715019,0.2735651582646414,-0.13864061167523453,0.4292127788334503,-0.5503070676529959,-0.09569475195392357,0.48371971539326636,0.4104849017623267,0.12765569363165744,-0.2977032263689714,-0.348938017708315,0.17336585394876405,Nuneaton,4,9
1.5708532472032017,-1.126255648187818,-1.3833068937181199,-2.459414000266958,0.8914333531483162,-0.23553754481404626,-0.2581177035622392,-0.0563833287366704,0.5433195300194099,-0.9555902917591174,-0.3239771721828011,0.3901248809551577,0.02679603226095944,-0.4208783940959716,0.5290268506986294,-1.1145108588569275,-0.7474005921935942,Old Bexley and Sidcup,10,6
-1.6848938265724387,3.891803509660816,-2.144405792490294,2.0997756333629973,-0.6776416661607159,0.6659466371463625,-1.8682419932130494,-0.23614270543038018,0.6144524095731738,-0.7527215533410395,0.4407286232443995,0.044207340028755954,0.44783600351881747,-0.9259004026083576,-0.03483409646599079,-0.3026076131498536,-0.4596300570196442,Oldham East and Saddleworth,2,10
-5.089920589693227,5.882872878888501,-3.3634754442275567,3.9747621500667787,-0.149004359767155,0.5471545419152278,-4.098877387162146,-0.14827659927318443,-0.1788080120271114,-1.4019466417632986,-1.371527654628827,-0.3848443331166494,1.428926185354229,1.2133017107839994,0.8141207922717502,-0.8188952563390532,0.2907959520264051,"Oldham West, Chadderton and Royton",2,5
1.190898508452582,-1.7889383104445702,-1.4706278125945853,-2.134956576486769,0.013770822814414814,-0.08928757533122471,-0.1081460916704773,-0.42329423820563633,0.9859109337965809,-1.1351866876633314,-0.42537224043444477,0.4455977896414303,0.3811603542135599,-0.3660255702022547,0.12530029255590952,-0.8758863484408795,-0.5728638646295133,Orpington,10,6
3.057856425164712,0.9291427321483527,0.5462495369106045,-0.34992382624971835,-0.01101385575063856,1.19564035731547,-0.08098135576043775,0.1137909850149314,-0.17057393053447378,-0.44447635740614766,0.1103286960615571,-0.4438753326035755,-0.6761348618997216,-0.19755000929989924,0.5528886875845654,0.04530394958981783,-0.18720345069638217,Ossett and Denby Dale,6,1
-6.994629806279355,-1.1690787974536307,2.0168256538904763,1.5100262022215194,-0.06235171748942425,0.5523345605992087,-0.379110246819539,-0.1360434363609466,-0.8092263497483905,-1.137235264635503,-0.788287002143171,0.8087961789812883,0.8302520504495613,0.30763021719142963,-2.0021142084617547,0.5678692753580763,-0.47191465940989197,Oxford East,3,4
-1.675741938360278,-6.2563369322634514,1.061132135332908,1.8299780254625189,-2.1598192039604482,-2.5274733895664534,0.5114731237844151,-0.598851436802748,-1.0158066266110686,-2.3390191014836685,0.8220079390145562,-1.4636590763541237,-0.8773653157672893,0.463337175153876,-0.41247155069993974,0.14210099980184296,-0.8201230453066635,Oxford West and Abingdon,7,2
-10.178739949245438,-1.6094035135312632,4.877588628538681,-0.32205545202565905,-1.0704825010556598,-0.15091074743738442,0.06733580430249593,-0.6885828016580046,2.670246596850535,2.601167420461832,-2.717261659202595,2.0059267333601287,-0.15988948698731545,1.0365788907862055,-0.8548098673160076,1.0910476741520871,0.23321870774103473,Peckham,9,4
0.7123693280537093,2.4766841584569437,-2.026670810713737,0.3616972673707956,0.5910256012897164,0.14236074183040945,-1.7974261695758371,-0.39397742854598183,-0.3613292131610802,-0.8717844770119012,0.81113442985853,0.5333653723409791,-0.2209330734899338,-1.234968368593795,-0.5125869774808095,0.0015724093105986248,-0.2931476087907401,Pendle and Clitheroe,10,9
3.359973474410054,1.1823885519602793,0.9488571886919327,-0.3135317183148516,-0.7297366964281982,1.7239060012445837,0.13229402898147324,-0.8638674545281037,-0.8068323520140038,-0.18111743221850896,0.1758701250636035,-1.0943470317234816,-0.6318162404384358,0.08124908006646668,0.4435546530731313,-0.397545558933723,-0.13492866519227015,Penistone and Stocksbridge,8,1
4.408840497274755,0.46235588976715264,0.1814106824868289,0.11847613457982972,0.11890458171002452,1.4373580231915788,-0.2975942904099524,0.30294564698170084,-1.2177099109566176,1.4091201659752486,-1.1395678133735119,0.07674410517108818,-0.31003691279169465,-0.2105580479994341,0.43008705240353867,0.727997968427316,0.12618595086406872,Penrith and Solway,6,1
-3.122506635726361,2.9744479277723532,-2.071389301138188,0.5117414773956244,-0.4352692517371897,0.04150637530272795,-1.178344883998725,0.021691919147666338,-0.035305013293271265,0.5585970733329394,0.69083403883505,0.3989949192478534,0.32294496388799276,-0.29814688590418426,-1.6028538939535832,-0.10703771704617389,0.18697137461192917,Peterborough,2,10
2.9570783479679923,3.120483146294004,1.673222719996608,-0.7350163004872947,-0.040270685276237804,-1.6174710151364196,-0.00023597108753172682,-0.4449918425464799,-0.3888384437597831,-0.9227194560849095,-0.34237031183762645,2.23276043750396,0.8734288077214416,0.7644970865629036,-0.7732857227116625,0.4609799701760843,0.8445499241219996,Plymouth Moor View,4,9
-1.3817100600361867,0.7456334770252578,3.898702432029567,0.5159120869753293,0.4814339816772306,-1.8178950966190934,0.59660601132133,0.1413138239580499,-1.8045003421064114,-1.1148217628618415,-0.07256307764046892,-0.18616098203584272,0.4356875600487484,0.3430602802372939,0.0491322973506756,0.21443213577059483,-0.7713236983148447,Plymouth Sutton and Devonport,3,3
1.2814810556666483,4.974154821141169,2.462200278309723,-0.6486871963333316,-2.5931026057458517,0.556682679974878,1.0679166890982792,0.2872274136841714,-0.15643876083496927,-0.5073172100484428,0.920695555279033,-2.073198310063821,0.05377300351142476,0.302481060137077,0.14513926717522965,-1.068432854525823,0.23662977815124983,"Pontefract, Castleford and Knottingley",8,8
2.7996566872367423,-0.5055919571791827,0.32136662780677944,-0.7438669962017335,0.2189786148938776,-0.3962836276820665,-0.3818401495989061,0.321959774785547,-0.3232538803233061,-0.7575265686641397,0.011019942865031464,0.23884101336379346,0.4392172744458812,0.1788931595088988,-0.48167363563424503,-0.29328910764293675,-0.06189278213915097,Poole,4,1
-12.063527274100721,-3.260820423403787,-0.04332230054516203,1.8073588129350169,0.39830175300626003,-1.9318321127689524,-4.299692400196167,0.7373512520761791,-1.1661736948290968,-2.4819590382504604,-3.3394938748022684,-3.1224058114011317,0.15950580327655794,2.995716909700565,4.491180553583595,-1.8975466207504361,1.2224389680469137,Poplar and Limehouse,5,4
2.206897594973805,1.3496672629723143,0.6343207263202404,-0.9596673075739288,0.3183220980429215,-1.5564469814976263,-0.137891320454143,0.04335661974231872,0.1656145048118994,-1.146874760963206,0.13413525622270187,1.088784996415661,0.5683872729328333,0.4068934005068308,-0.2889265798698387,-0.1276051547290848,0.15667233322530816,Portsmouth North,4,9
-3.132306143313332,0.0801187911286365,2.9911591277282685,0.3206292020191921,-0.20740898333944022,-2.4543112786549237,0.25434957770897504,-0.08776488266702792,-1.1022557313461188,-1.1081753265366734,-0.19892717169104232,0.6705906603566222,-0.5981570248291677,1.0332020043424837,0.2694573982305289,0.2649624309522421,-0.4231138323644833,Portsmouth South,3,3
-4.825180997059389,3.4535655296607333,-1.5805151001925257,2.2555848177029665,-0.07987592656059576,-0.34220572864455273,-0.4443041684657953,0.21419585886062262,-1.5833143636853997,-0.6548227421300572,-0.9114470975598722,0.4390103555756126,1.1043180500125234,-0.1345360713095589,-1.0948988715481565,0.27112639592182314,-1.3131330065737603,Preston,2,10
-4.760723386193489,-5.6787560012238885,0.8326720354419437,-1.7000597279375376,-1.0851297874062857,0.7092893958395479,-0.9695074903879761,-0.4021711469727368,0.16473627233110597,-0.8307019673496099,-0.45531544423802606,0.1985456664728884,-0.4159439597325601,-1.1213873862108354,0.02131059581292876,-0.0634121255732792,0.6341656389339656,Putney,9,2
-10.878195508229231,-2.3543312443047344,1.0423115978605533,-1.9821773823248305,-1.823798652727271,-0.5154547794457247,-1.6417621117107497,1.835942950143359,-0.8783860384991,3.774282894190589,0.2677955148056692,0.14031927940926378,-1.536780493545627,-2.586670077381187,-0.9932843537818568,0.6753883310481,-0.6001276546710186,Queen's Park and Maida Vale,5,4
1.5717586443123384,5.018054610681463,2.3621654196214967,-0.31881278324958884,-2.3567419771414424,0.7510432398995358,0.9957130949369621,0.1340481080855568,-0.31019648794137566,-0.0895223807385958,0.7110258928614123,-1.5259534384115268,0.26574069163498554,0.07639345336136956,0.36650103402374645,-0.9215194169968892,0.2807244506227689,Rawmarsh and Conisbrough,8,8
5.026386305809715,0.45202975120080524,-0.9512168420530264,-1.3345463306292955,1.2510471210014023,-0.6222302360533354,-0.7396866470801642,-0.1341286177856616,0.7034997637543129,-0.6189916577374577,0.5957966092337406,-0.03187148402011373,0.15635484016521514,-0.5510019936755391,0.6130190517868145,-0.46623821786611475,-0.7797421882319494,Rayleigh and Wickford,10,1
-5.201718210303715,-2.9359451246796886,0.8977254630191056,-0.8359133069938118,1.0594186191005879,-0.7087588022628819,1.4077585633312153,-0.3109702805985864,0.01416497888478265,-0.28540650246952304,-0.11492635394821601,0.7642378865906108,-0.4739797487387144,0.46645670541621903,0.06642539906188613,-1.9106052776494133,-0.5269940866912519,Reading Central,10,4
1.8247807692869722,-1.6540905036270936,-0.5205690217274762,-0.9536827130058027,0.46631635748949585,0.7244975793797791,-0.5259435520213376,-0.8223568763141579,0.552245378313942,-0.6085450368986093,-0.34845599688378026,0.3804682119501267,0.11820564309003928,0.23803028488697645,-1.0424023372983724,-0.09523611514275332,0.2320623517663866,Reading West and Mid Berkshire,10,6
2.376269535915174,3.1671371899206044,1.4383680039782962,0.011896006603944095,-1.2317083925964059,0.6744832871393754,0.6765568484415415,0.2928037466901701,-1.1192080549757808,0.023916548712324716,-0.016388781222321402,0.08730677695031527,0.1322542815607616,-0.01903597133669652,-0.1336176091056781,0.28160828476665534,0.2552954847674626,Redcar,8,8
2.5515182554135754,1.4942554079388586,-0.23961219975743234,-1.2148762065897671,0.3902801673911791,-0.4308236711937548,-0.7876728195069022,-0.28175286788424275,0.5806216702330042,-0.3182486612927369,0.011175676604943972,-0.3345313542341391,0.054823328229705766,-0.3402240747442065,-0.09595509445813595,0.2757166138082483,-0.2204571101840388,Redditch,4,9
1.4787705319117392,-2.903425793551407,-0.7373932517600374,-1.2351689857436228,0.4341844795595231,1.1907149502778114,-0.042603922747135856,-0.5269766410212956,1.0189722102378636,-1.3426914802213419,0.08470169492618942,0.6679925215367257,0.5247684300717133,-0.3901504587525152,-0.4970835171358088,-0.7381646977076055,0.5884098818259469,Reigate,10,6
3.509298654059776,-0.4391245331134021,-1.3580764937249323,-0.3144068283606864,0.2522993382212559,1.658756733553308,-0.17167081481010416,-0.24117011166365854,-0.31320084680902305,-0.10742682488483646,-1.060905137935719,1.6323628512198078,-0.1748505409165094,-0.8908244820974547,0.7501043119390094,0.32478264866854617,-0.25377373462527675,Ribble Valley,6,1
-1.2446122214714745,-8.279497609535435,-1.5277125232553557,0.8303834260353807,-3.6132480092459183,-1.2335626583357526,-0.14654798186433424,-0.42426535004696236,-0.27846803781951296,-2.003487602584428,0.9400815892501734,-0.33307893277851486,-0.37626850665946315,-0.07539384325787452,-0.5870577959809262,-1.3396847691504812,1.7542046877075712,Richmond Park,7,2
3.6739068335195872,-1.6573215096330856,-0.4206731570148657,-0.5985150466053052,0.5377426321126045,0.8551752031869465,-0.46004695524472805,0.9990954899024147,-0.9186719875265259,1.2012240778249794,-1.294099101919197,1.5084301449394004,-0.10333871244138412,-0.1717123995560835,-1.0160086325335609,0.755318197083863,0.17076862006741558,Richmond and Northallerton,6,1
-4.316981017148471,5.047718166603628,-3.2399138743731295,3.7101166973834236,-0.44025559516457524,0.6796994525417661,-3.405537739159111,-0.5815699440626554,-0.40973253922938374,-1.2473166335470423,0.21906162478493163,-0.18634820190051346,1.3870713640239334,-0.8148537107860959,-1.2468244266653439,-0.3298735990344363,-0.561863104871732,Rochdale,2,5
1.7267427823117643,1.3646542087535456,0.09703165606567231,-1.707613577494191,0.5715452768860736,-1.0102987781966584,-0.08730737342533633,0.4628153603468971,1.2718312647018386,-0.6507011932234791,0.03219435734353582,0.07576524938297358,-0.30377267730773755,0.3305648418311158,-0.1448511091942412,0.12235481520187479,-0.10997372403407542,Rochester and Strood,4,9
0.1286343799665116,0.4646199902632753,-2.0615258904239293,-2.34141092237079,0.5166905405614717,-0.6028694878363811,-0.6114201141122664,-0.2125846288857631,1.2410500399156839,-0.25923654977520505,-0.4394205428485095,1.9105677246399482,0.49052690583682856,-0.19955813045050505,0.3007425457199606,-0.16896641346892238,0.2871778768536904,Romford,10,6
2.585679042761754,-3.439072022191124,-1.0542285814598682,1.6969873779761093,-0.61140885482337,-1.1717983431131322,0.47528647798589513,-0.13608889668700316,-0.9608165041163411,-0.07572743437707517,-0.1006065451098465,-0.15556591642208153,-0.7840624099993068,0.0741997693528147,0.1652191408329533,0.7748783080187236,-0.48704704178167896,Romsey and Southampton North,11,7
2.592196002115336,1.5087580369994829,0.38427987758296167,-0.7996410097323524,0.5002739048798264,0.19705641671681826,-0.6304078711505465,-0.4749897773955114,0.1240211810271855,-0.6132153471209413,-0.00497266434764035,0.1891921636485259,-0.23153774504927202,-0.3996260993067567,0.801790475212297,-0.10020783106396772,-0.39690796434773,Rossendale and Darwen,4,9
2.6436410276111784,2.097503202224678,0.72093945572511,0.15854734021563108,-0.9985457182317355,2.184969081527829,0.8345507575205254,-0.1363860988169931,-0.9622754864966184,-0.010151594566101072,0.39611162821409307,-0.7487248027210678,0.4656568014793628,-0.4138034633957437,0.0068496650263381075,-0.39093841520091666,0.06246867490517902,Rother Valley,8,8
-1.107591211022042,5.70386898684536,1.4083003286879578,0.8160397311769081,-2.215918149725115,-0.2434565341798772,-0.067593544963085,0.044990535685762195,0.2044250495946499,-0.34374430151607244,1.1349420447347596,-0.7317820999927637,0.2990544300738095,0.09193783960080973,-0.5399067264350045,-1.0411488231336226,0.6936212608269631,Rotherham,8,8
1.4084386894688934,-0.11085218888402615,-0.7105746451504009,-1.6365959380169413,0.4301297203200552,0.17780819482968946,0.33002015040995575,-0.4786483032918391,0.43329942908533353,-0.5502635627159151,-0.36891592881561147,-0.4744128514881971,0.06332996670254083,-0.15864472596848833,0.1538987034635544,-0.056392003135211026,-0.40854915744613624,Rugby,10,6
-2.6132037737682916,-4.109833163152127,-5.208056220732722,-3.170779842515571,1.051769937551163,1.6029018239824606,2.952388661861992,0.2742876600623333,-1.4879710485810544,-0.5764001365106219,0.36547657802737876,1.179145496528955,0.45662649016921886,0.8895478826127844,0.5908102250296784,-1.9826643852017234,0.04002443092678605,"Ruislip, Northwood and Pinner",1,6
1.7906884778308385,1.8644168129459076,1.7929151567493211,0.07093974357690129,-0.5783386086530513,1.5215436029896994,0.1614361777626396,-0.6542263812877296,-0.39959331047849034,0.2746223198416835,-0.4082628859738023,-0.8400590122600438,-0.041058558120153105,-0.2046063156988825,0.5644375716373343,0.09929139551824229,-0.27382123248552825,Runcorn and Helsby,8,8
1.0504348873341525,-3.3749927462146605,-1.3883682976756133,-0.7796860979609778,-1.2739871480446139,0.3001756092501286,-0.02182424866834758,0.5688143359682626,0.27076494857506533,-0.9466605064559396,0.17003835862033212,0.0021402776510836483,-0.07757421722788721,-0.9243763950565111,0.16603043125128275,-0.33636574490329985,0.6543781755514675,Runnymede and Weybridge,10,6
1.6312778636256513,-2.984911941137292,0.11884877112212242,-0.35906774799267277,0.9875355146098119,2.572180847131914,-0.045004411218846053,-1.5349239746522745,-0.3866301700062604,-1.6733072147558667,0.10478363381335397,0.01663200828469672,-1.6703380717200598,0.6875861412705293,-0.20395546808178622,0.5198809224004407,0.15618895044290146,Rushcliffe,3,6
4.2597097026678306,-2.0412193835600068,-1.0076402652798162,-0.11920896710637915,0.8166252771282368,1.1189496431354866,-0.15232254342294788,0.2543026315536625,-0.8482904977764094,0.29536243807864865,-0.5261016112498594,-0.05886675248152599,-0.4930021924039768,-0.037582197127981894,-0.20374639983380088,0.4300835294299092,0.41581950321006356,Rutland and Stamford,6,1
-5.830764643466289,0.8005166952210204,4.538167721715908,0.08953180454348668,-0.9533823383356059,-0.9660220875746556,0.7330299866030082,0.3331565771591744,-0.7091363918638679,0.4152411034927562,0.6398108684699348,0.7913194833631582,0.9182737524756994,0.19748394404066255,0.3505218194241565,0.7795770131790954,-0.461864608740671,Salford,3,4
3.748628462377091,-2.241909219575372,-0.2379859350663899,1.1232354246508331,-0.14777361751826568,0.5357629587316813,0.0955270349587624,-0.1417690950269111,-0.6738831205547351,0.3957061018586361,-1.169193915219784,1.6358376563730015,1.0229243821616358,0.09215598130848834,-0.5345289549978632,0.4954646520721524,0.8680388385434223,Salisbury,6,1
3.269392126907437,1.834233476413502,0.9279783343083557,-0.7316165734107055,0.0922498219065209,-0.24911441439848392,-0.3862729375314752,0.6313373776464036,-0.9651699662778661,0.23556563854422533,-0.36850136318502824,1.0055003811426002,-0.9604373777048224,0.590310344139029,0.3905725284455218,-0.034278151842316994,0.20897897539460752,Scarborough and Whitby,6,9
1.7028178819385245,3.6822546501361777,0.4633901327537701,-0.6808439912006482,-0.626713955660142,-0.5925171602871244,-0.3328081724287064,0.09163768055564846,-0.852766848901649,-0.0797522607486733,-0.2581654119242252,-0.07397138623592499,0.4535590978230924,0.11550037756607649,-0.26361527290452125,0.29483076350639426,0.2881938292213483,Scunthorpe,4,9
2.8041418109653895,-0.07646282274812556,0.785897722239739,0.5025863721599282,-0.533497693412961,4.284651893620054,0.35706431756157336,-1.288268106004066,-0.7845490428724664,0.4207255645824762,-0.9479942749778738,1.7483497933791605,-0.5097450714383692,-0.5970381343313108,1.3810834674207408,-0.29685581487045865,-0.05233588061771439,Sefton Central,8,1
4.139976051033956,0.7091262540063913,0.5956556618756167,-1.0633859909624286,0.6636452348000791,0.9455100153989098,-0.44232278713592454,0.11006975880472834,0.06422589992462586,-0.2600267044587587,-0.3358696896690146,-0.4297007442918203,-0.711516385701594,-0.22443557915295753,0.4576935558121523,0.5711502638310452,-0.1800391789970966,Selby,6,1
3.5137138586208168,-2.2484683883003513,-1.5921401132059936,0.13794355806155528,-0.4699476950293002,-0.4744432031397365,-0.4625766653183992,0.2396460632254726,1.1081395242435281,0.11539526367083543,0.12068782206146222,-0.7811589820963627,0.024168758834266533,-0.7108937890050846,0.5059051445173053,-0.022897499601049382,-0.29313536512056104,Sevenoaks,10,7
-6.262798160245528,4.309661152731648,1.3222007910185778,2.2772120730695398,-1.2924784769165016,1.3385026846638481,-0.04241121624024556,-0.1497549612234459,-0.18167273234091336,1.6664664252746129,1.2357283281534475,0.614359836747351,0.5207117775407241,-0.37766280138601793,-3.7124986893985534,0.4525719733440194,0.23056517435679644,Sheffield Brightside and Hillsborough,2,10
-10.151827907185051,-2.836192801260736,6.361549198216557,2.828512419855463,3.0145000500955614,-2.1289676313132615,1.4586730031560924,1.0838874484532295,-2.88725623226458,-1.634314200623373,0.9568997154705388,0.3458976223986603,-0.4560733272377022,-1.6999051257676254,-0.020087519240983724,0.6074232031587848,-2.3499394776488156,Sheffield Central,5,4
-0.020173008185560733,-4.722442838214208,1.208782379945409,2.2715050499028004,-0.6489473075306208,2.5897819999094756,1.1030307314736854,-2.098658066767478,-0.46396139629108835,-2.341141572236905,0.4566539191373642,-0.1605980220373726,-0.1253534820750806,-0.08600454556205119,-0.6850849331662012,0.3656507043947206,-0.39133926442496864,Sheffield Hallam,3,6
-3.3499768540285717,1.6207105581624461,2.964547669938329,1.7561434020805766,-0.788549830697449,1.5538389005331552,1.0566865441399147,-0.8978048524980906,0.5811099778181829,0.9827862562949854,0.45024085763476185,-0.9227855136707841,0.7784317747913544,0.5696939954550987,-1.9878064865302811,0.2629719670457969,-0.16118631356694108,Sheffield Heeley,3,3
-1.8981425662418352,3.19812694393188,0.5182157448027085,2.332383744226034,-1.2618696418892288,2.2296461993162646,0.1480590236744241,-0.2939252292470375,-0.6680541050112234,0.6995488625291202,0.7561383839896682,-1.900983441155695,0.255372803104863,0.4904745231704542,-1.7891126719777655,0.03635781733880228,-0.8580262247412679,Sheffield South East,2,8
3.5733812379377907,1.7489197849524638,0.5207341868856383,-0.9822588222685452,0.8303045874461503,-0.4867823321971783,-0.5777448368147989,-0.064787698863044,0.05893035721167784,-0.5541548742900958,-0.07449825059293094,0.050774498732709505,-0.2373063510766817,0.1188061702828167,0.013646533372414796,0.36924360129437467,-0.031029968062659397,Sherwood Forest,4,9
1.937711731975516,-0.2953892349560436,0.15889466137890496,-0.13548930653089117,1.184603236961386,1.6400206594326938,-0.4960233243939884,-0.7954051452682599,0.1273429262068027,-0.7527320807720621,0.142293620996908,0.32147128784233675,-0.7060649575403135,-0.13946203636323706,0.33217577800889614,0.18832106316696567,0.09104652902481496,Shipley,6,1
2.8185490541695253,-0.06483216761389674,0.9482500139805726,0.2031598958394221,-0.05133858035518324,0.5100935014268233,0.19353884567010846,-0.5559581012515009,-0.22252568359329966,-0.40450316789279545,-0.745086494358282,1.6961568102278652,0.5295657885926282,0.1581893122896616,0.05121918483131971,0.3631700243749572,0.4450640825170724,Shrewsbury,6,1
2.800548485052708,3.042868095735168,-0.16024830950841348,-1.3011303171205395,0.5310078124526456,-1.6159621040999004,-1.328638000618501,1.2042186785228284,0.6407836505688814,-0.8769522572497327,0.18230766797072737,-0.2835175867482462,0.07903885825057465,0.35432604998298245,-0.9116968983354542,-0.10186267969180803,-0.6782379812879494,Sittingbourne and Sheppey,4,9
4.499433440343,-1.4822011313248014,-0.1419829406495981,-0.4186617144739769,1.2053195203205402,1.6086180153346015,-0.951379669494995,0.33119754393320494,-1.0603261083032647,0.4075127697007704,-0.6498451788369004,-0.2556579979362502,-0.3755345110913688,-0.22250814430983504,-0.09476216003734478,0.10857959013987441,0.1926506698630774,Skipton and Ripon,6,1
5.061844065647193,0.4730397420324357,-0.16656822559442658,-0.1528357226802731,1.1551779784888179,0.2193414776845208,-1.121240295220134,0.9195747760278221,-1.031045347797054,-0.13232873673419893,-0.6616977899348351,0.46284078983341265,-0.6692865782830237,0.3418405135828545,-0.48597299821573237,0.4778970078255247,0.03577293318432689,Sleaford and North Hykeham,6,1
-9.127916389148927,3.03584958721075,-7.6627887839359206,1.4112939987640913,1.411924730687872,0.8056697934150802,0.18015436424982464,-0.1963651174378457,-0.5859458847524329,-0.8408080716577641,-0.44855530189745446,-1.1823823596577936,0.526255852147043,-1.091500574493677,-2.233646395436779,1.7701246983270464,0.34801195178475625,Slough,2,5
-6.369903661085683,4.971658954004858,-3.5214265040928496,-0.4511593461525075,0.6276635150829972,-0.09297936637618681,1.9736433884558664,-0.6375005650557322,0.8578726968520455,-0.07695347660135622,-0.4127228636632947,-2.428273172529792,-0.3292822579680683,-0.3346056872056044,-0.5734591281497119,3.0711178277192377,1.5889323939705877,Smethwick,1,10
1.3576908437772315,-1.7764349885499318,-2.9288850518178267,-0.6194951344514267,0.9571135161808922,0.5646524313307427,0.7916314039027291,-0.7007557041721335,0.4817856342139829,-0.8957180887608053,0.13820268066582794,-0.5743758102306323,-0.34830896404327766,-0.933200639196732,0.569641368449601,0.1148773102092118,-0.2912699083031227,Solihull West and Shirley,10,6
2.3286855963072757,3.2309948399602493,-0.2495262339751363,-1.9131213900256399,0.012264039506225314,-1.7275451768251613,-0.7907149892438858,1.0814937320589193,1.8518592670185272,-0.8511916611176535,0.09768019054732778,1.1111428193051684,-0.7445011436523964,0.7187373033016685,-0.010853297291421439,-0.11917657204331145,-0.038880114696936766,South Basildon and East Thurrock,4,9
1.254555304461526,-5.203523653351826,-0.9928393933558518,2.300681486163054,-1.9023736538748717,-0.6347150021743292,0.39890743676183144,-1.245210687436907,-0.0811259610783086,-0.35159583776618797,-0.1986656411121354,0.7222077604117266,-0.44278055866412114,0.9767536925874114,-0.457123752988098,0.25893793052412123,0.7539196592909867,South Cambridgeshire,7,7
4.650384313440727,-3.5432100173383447,-1.665077844352849,2.74315720959229,-0.7866691799400657,-0.6324377823658516,0.1754706445480987,0.04205069975071006,-0.2974956670579091,1.5763071958450658,-0.63436689190674,-0.7482980850800228,0.48723763324971914,-0.42431881198724075,0.12545127754881774,0.7044993454137549,-0.313673007125604,South Cotswolds,11,7
3.1789099262131155,0.8976654239402785,-0.33071419895542736,-1.2032818006524595,0.8851920608143552,0.07482424129948145,-0.24488206264235793,-0.36775321996906735,0.09730566501362452,-1.1266548716204974,-0.2385209169012868,-0.7900333043127508,0.070462678902641,-0.3456041236183232,-0.2189867478012268,0.811956043399458,-0.10098904987460311,South Derbyshire,6,9
4.75420027049389,-2.697372860312218,-1.1743322661052458,3.1570871060037686,-0.8870235854917229,-1.4269114149551967,0.4575217773945205,0.14157462315061578,-0.725971037843265,2.1415008599337164,-0.04214158909193426,0.3175085982610107,-0.41020313978442957,0.693763496859706,0.27551378821887657,0.03598636610688968,0.002431064892642279,South Devon,11,7
4.38290850708759,0.07994475257252404,0.4732787602737882,0.5220142461679105,0.6422971631394836,-0.7109056224590602,-0.06420537359709248,0.47096592884925537,-1.0849409117787854,0.7908206427659976,-0.7077590268197366,0.7570150462575257,0.6361243919439122,0.09940194660525493,-0.1356929627301552,0.2947723228131684,0.24247074613667124,South Dorset,6,1
5.427472160262596,-0.5331423616000954,0.16293572859457298,0.3127151777667309,0.8460297468498014,-0.2501347155382411,-0.5144443823332225,0.4143611347392756,-1.3430779538988395,0.9777225567465466,-0.5762457499172389,0.01951746240098034,-0.4179926495814067,0.5238835904857282,-0.13673369427346516,0.31112955747677645,0.2532274169570595,South East Cornwall,6,1
4.388527980097881,2.256838681249261,-1.2162267611265007,-1.0218301493283328,0.8640251966154068,-1.0262650447916937,-2.0720208459138347,1.4217405916888375,-0.8844564723067815,0.9600105867884778,-0.7473849636654553,-0.8922201468058834,0.08876441110458587,-0.09592261582242241,-1.0039299406158964,0.3029214911019528,-0.6208666233453372,South Holland and The Deepings,6,9
4.408922045404778,-0.7485732333583234,-0.8571353491261855,-0.15601486172169077,1.0992047995328946,-0.2747387046738644,-0.1399410999246939,-0.2873948096092011,0.4029332723593331,-0.052475804015825675,0.010637511754378387,-0.6080599455829987,0.01403873745392629,-0.5065495542421077,0.5550225743347864,0.3804072255751176,-0.5157632229350141,South Leicestershire,6,1
3.4496492176548386,-1.2618912928682664,0.41138132711378217,-0.032255370944117664,0.8851446758984484,0.8225796519734332,-0.523862837126523,-1.0965647668010607,-0.12524374709152328,-0.4663738737951974,-0.28427412129446944,1.7419984175666496,-0.04303405137873388,0.9279744200072632,-1.069113515591946,0.15087859714532578,1.2260329695403511,South Norfolk,6,1
4.080684146639496,-1.4283507156451065,-0.644334642262781,-0.21715060512888576,1.1624623259037945,0.9700762792269553,-0.9450806462082776,-0.17450179260124418,0.0378534000766884,-0.18738933253095816,-0.40711385005259876,-0.6246323752068716,-0.1856975045628034,-0.18023608219756604,-0.16585879307315493,0.43854883667319533,-0.32367809323959146,South Northamptonshire,6,1
3.5634107323305546,0.4014053939390802,-0.008663265895466591,-0.8190369638407963,-0.0744309061409442,1.4496492721899799,-0.2953560719900757,-0.6079234492390858,-0.18443740248572002,-0.1646820872368427,-0.8707023301811069,0.6992799472197921,-0.2425693014022003,-0.8158523895020022,1.0877847025644862,0.05600818651347287,-0.6214190486766051,South Ribble,6,1
-0.11438876212971827,3.458476794732499,3.065888000268625,1.8042054100352856,-1.1309202989139933,1.9860477482784367,1.217986143611331,0.8699916436035453,0.03729866537428489,0.24178619509371807,0.4210370102490953,0.06001748806921885,-0.2555527540783033,0.9030447108201174,0.3769495999343912,-0.937970184088465,1.7618729217688385,South Shields,8,8
5.656252502152445,-1.4478309461349554,-1.3092491396981991,1.621227715045651,0.23459295132393843,-0.7745588397345861,-0.2411944777170792,0.5213956067358335,-0.7145432604252889,2.5088749152702925,-0.7593155101164425,-0.037669458912496546,-0.15220122919484524,-0.5826425841016885,1.2766298615676288,0.4481104816382779,-0.22383084192045274,South Shropshire,11,7
4.661755328743952,-0.5653256267606482,0.042767704364107526,0.014933438097733651,1.482396987882816,-0.0075479549056536015,-0.6820835065553292,0.23817625353885413,-0.3221971898345925,1.0462803686552307,-0.14415212803536046,-0.7647776500413087,0.0669803566530832,-0.2628362151235332,0.07170347948010598,0.20433993933539196,0.22485535668913553,South Suffolk,6,1
5.10822940085117,-0.7426994204289461,-0.015176103422432174,0.08552068091490284,1.188023006507395,0.4573377545952586,-0.5037557037021504,-0.34009887407634093,-0.9023701018301301,-0.38980189445748065,-0.17525552975679257,0.147731332674324,0.050265605769083385,-0.08111075529285397,-0.17774288392637316,0.028347074655989096,-0.1626403957420641,South West Devon,6,1
1.119389253722384,-3.221410908853621,-2.6902015051648593,-0.47525207438496,-0.8894549359170756,0.8896985869865107,2.5817495086808195,2.8974974602971755,1.9942023296881672,-0.9270203655196989,0.9428768740140772,0.2937493322409271,-0.9680277123943777,0.19452078564769218,1.8417277641170253,-0.748936415687203,-0.11259330692114959,South West Hertfordshire,5,6
3.790568831352917,2.2420845692861233,-0.516071778814354,-0.37913455487384584,1.0782848617451233,-1.3085048545648164,-2.31022525968927,1.4084067869163033,-0.9276579000996693,0.5092631443966539,-0.8434989792201975,-0.8918925706784089,0.298887525190854,0.5495963456139092,-1.5345195102801763,0.4010041990441353,-0.544426438289051,South West Norfolk,6,9
3.37388011000357,0.07876166671754403,0.14722005269284044,-0.06596458918763264,0.09920865483288537,-0.7159143596645474,-0.3266231229863677,0.08737811965952418,-0.5853350287184,-0.05539327385972556,-0.17298527596241786,0.09821257792330468,0.5446989700979598,0.12155440331173366,-0.7934734728553821,-0.07871944308948904,0.03132574378052962,South West Wiltshire,6,1
-0.9336779256358406,0.6553904805862054,1.9290583271887485,-0.8260940865488966,0.407852784329328,-2.130992892630731,0.269235998443388,0.18836203951951783,0.03283248076166957,-0.7422210392936829,0.12109470456017166,-0.0950337630210521,-0.32001810511312184,0.17828262837738154,0.32970715399049266,0.4374660956770306,-0.7380187629251113,Southampton Itchen,4,3
-3.7256366813425306,0.7015144586994339,1.8547051975305673,0.10572873195947974,0.03793502889063577,-1.509989281181302,0.956172839063016,-0.12387443523454333,-0.43777073202750155,-0.6536196263029922,-0.07442219013015379,0.8925340684494804,0.2077201332384557,0.36022175087990166,-0.011759069512217371,0.4366430178641714,0.5200660810219427,Southampton Test,3,3
0.742860618481535,1.136813943340774,0.8274332543631788,-1.3778407459108086,0.2277003772233292,-1.2929969058578825,-0.37852184500584374,0.4621846042188536,0.6390728935677472,-0.38602692528869614,0.7265892331824111,0.4621978707633967,-0.45283184452082614,1.1729505259911275,-0.24358512986507325,-0.27106551469001827,-0.41678013081385573,Southend East and Rochford,4,9
1.7346878997327324,0.04551542404524045,0.08328617442740174,-1.116043505379496,0.5829890776810143,-0.15869140479260319,-0.40745540070073594,-0.5359412860400654,0.3809050841663055,-0.9121060922889319,0.8898830895034894,1.6299042093630274,-0.3107474034491114,1.2564357591341953,-0.3745045262379317,-0.6100818739043016,0.07738122413808372,Southend West and Leigh,4,9
-6.641882524136666,-2.6385097459559406,-0.1665924317907749,-2.1645298460288838,-0.8136032014579373,0.6106126739351536,-0.710550601149807,0.5770491549563737,0.42925779903793604,2.638357087192307,0.1031690845506833,0.7084542487007716,-0.14927367190930313,0.25964340087168636,0.23523863557435074,-0.6374161382618385,0.1957855575262911,Southgate and Wood Green,9,2
2.6810980515739278,0.3066407754443714,0.2651309629204501,-0.038906188145334954,-0.30755725731232614,0.5050062355428659,-0.41421773317742167,-0.21209299294772838,-1.00773176807285,0.5922313934499893,-0.4557492981938598,1.003173523825649,-0.7501180312997173,0.06185266280812639,0.5540286994874973,-0.1488309527634938,-0.2574118999648267,Southport,6,1
0.9197488538188471,-1.3128832073416885,-2.1827058491355604,-1.5118068951696029,0.10633079713214232,-0.808405928456224,0.7291615843027254,0.14945325075347873,0.7042157270908957,-0.0965280137937855,-0.22706076247951448,-0.425179410827107,0.45063784546133884,-0.7981778787282761,0.39707107954110316,-0.5538004528151987,-0.15759930142135756,Spelthorne,10,6
1.826735016476162,2.2288672041249225,0.16301770279465902,-0.3234424562410441,-0.04205067479005506,0.765653276999588,0.07409454999363134,1.0049654194655582,0.8524453108702654,-1.274333223932509,0.9797867442728213,-0.14622788728930505,-1.0366500415068645,-0.43432800148329936,0.7554064380188836,-0.44022890342443505,-0.09171047553379143,Spen Valley,10,9
0.13436725873516317,-5.992659948952441,-1.971278274111021,1.8858453765753704,-2.4404256875632138,-0.7403303559919177,0.1617874014745681,-1.2163544501913228,1.6166753943277048,-0.8324733037697966,1.1609316023513099,-0.952277873086114,0.14420990778285855,0.6299545429678655,0.09915764715439075,-0.2243668229201732,0.2559320006885147,St Albans,7,7
3.874421264103404,0.6457680488413331,0.6665484741869584,-0.04221680470864205,0.9219497010152223,-0.47116290378715375,-0.2321808719061053,0.7078310792139821,-0.6535132570573516,0.15616897629000184,0.09783314665708912,0.24318191437855194,-0.28952284244120513,0.5582010370430369,-0.14655845617815952,0.1201562951158286,0.22411053316416943,St Austell and Newquay,6,1
1.0226419012423036,3.2963059483863755,2.350980496665257,0.29932345128160487,-1.529565022766016,2.177992986137752,0.8058826028349768,-0.39167777469431125,-0.48608244033051146,0.7864196921412336,-0.13770323982935634,-1.3239080858909003,0.3490539952884507,-0.8041213976487365,1.0956712387156686,-0.8123958726678538,-0.06617461448348008,St Helens North,8,8
-0.26290561099288157,3.575865425719,1.9575979226613118,1.6289463291042574,-1.7610436803177452,2.332196275061026,0.37968294731062924,-0.40257637064182333,-1.1390254159565343,0.3573428754413962,-1.0919498370513312,0.9430976145880897,1.517934410545866,-0.3804489282797532,-0.003658086905815585,-0.5743041608669714,0.16984939433810473,St Helens South and Whiston,8,8
4.724781071257633,-2.5715841516596027,-0.8191286114045391,3.328883359843217,-0.8953074194185531,-2.018668191448174,0.34719165155539833,0.15357207906593884,-0.8313625862386385,1.9303163003230555,0.03403986002713594,-0.09744914047246094,-0.05103283010591293,0.9896665135243949,-0.5273023836610189,0.219031043569594,0.3290175621251156,St Ives,11,7
1.6306947014310993,-2.964441717024958,-1.156633149364659,1.9647774948707797,-1.0291601116243139,-0.9393148682389965,-0.0006465578589891201,-0.2965736234046974,0.987839882729085,-0.4830014272209536,0.23274361764108564,-0.8297380668389385,0.2553620021395245,0.3355015881064902,-0.6623544395547476,0.17267915170867623,-0.6635809850745378,St Neots and Mid Cambridgeshire,11,7
2.7903893865524063,0.008209193639676824,0.5028895302100163,-0.9423764460314087,0.8836876790467614,0.5385888731074739,-0.22454522589050974,-0.48821358219318595,-0.2795959446134357,-0.33930527827612966,-0.9243368061272227,1.2532203571545315,0.3367502572489484,-0.12317999521812892,0.08595066642486276,0.1687730401589214,0.47874168592271543,Stafford,6,1
4.743215790904554,1.3205257900890086,-0.18638365458530495,-1.1034951091625307,0.8872456084354008,0.5443606566890168,-0.7180973306404165,0.04406878311452157,-0.5430692907228499,0.5128945287261678,-0.26048614319136565,0.019396178355243057,-0.563359842136625,-0.6013810994547992,0.8230897759416673,-0.14997320097258948,-0.3285936224300111,Staffordshire Moorlands,6,1
0.025302828693387094,3.2132031661708376,1.2404213443455454,0.5426514036547357,-0.5589101540533159,0.729632423351407,-0.380075400746971,-0.05242565308736708,0.04804945893845328,-0.48597649272058274,-0.14078090112711225,-1.1991704437927528,0.8867388050718777,0.28521140375037557,0.43243978376333153,-0.7895373624320567,-0.17284095244368083,Stalybridge and Hyde,8,8
0.6063461026136854,0.42970670165140523,0.4949902470741358,-1.1727055149257273,-0.04215834584540546,-0.4813343755465387,-0.12850800096856843,-0.7255200989113387,1.3046367436399477,-0.5277056651790768,-0.29178190413201915,0.5317542452455492,0.432975068387779,0.3157640714862702,-0.09428861037609632,0.06478908946040193,0.0815524632588847,Stevenage,4,9
-1.70776581552368,1.0521352551028471,1.9052432957244405,0.7760857717993008,-0.2854054582342838,0.9437004374245668,0.18004892524321367,-0.8348859680286025,0.742795604197776,-0.29196328652572706,0.6302705557746581,-0.7286661783643628,0.215214544272523,-0.15110474695956966,0.028918793168457958,-0.5345304855069801,-0.3418499650578727,Stockport,10,3
0.5962130904711231,3.8373045036933155,1.8454472604792458,-0.0028565900513561563,-1.5332539875493736,0.3616381732257285,0.763803282378842,-0.24075312827188136,-0.26201730641354576,-0.4302726790208779,0.6769996009915767,-0.10018796496336331,-0.38705694503184956,0.13002514534737253,0.4448278275508826,-0.36364155716584556,0.3946860274570496,Stockton North,8,8
3.105485964499789,-0.6093710534828092,-0.5948691395778658,-0.16944837023039516,-0.12780809309865954,2.670105701819912,0.06599746874967143,-1.153945657159621,-0.9622814464392063,-0.8247158582242717,-0.19994861668171768,0.28296041910394293,-0.4323027542958556,-0.6310103478571283,0.4012700994728151,0.07133429428046718,-0.4709709054353819,Stockton West,6,1
-1.6204661714192123,4.846778124950873,0.9145451259705869,-0.4609241118308356,-0.620066167375066,-2.065234890134196,-0.6831181075248856,0.10095616645451545,-0.03469565714616378,-0.5488487181010355,0.15286218199333274,0.6398866982787911,0.6345700436270074,-0.03123047126756539,-0.7339802881672689,-0.005862837872579394,-0.05882457900673038,Stoke-on-Trent Central,4,10
1.0526341189289654,4.54063737645028,0.20109551018725413,-0.8234652031896134,-0.7327909670788385,-0.8327862689026688,-0.4181323797757708,0.0161357969708373,0.030609485515364594,-0.30748397782786363,0.6347841520087524,-0.42896286784261417,0.17036109958547146,-0.3219805617348807,-0.07557135813244731,-0.1958961400329486,-0.1590391910596197,Stoke-on-Trent North,4,9
2.769369932425112,2.5097143672216085,-0.7557072623143104,-0.9058515015251737,0.1693402876138067,-0.1867211530437362,-0.928191072059028,-0.30297906988146905,-0.09865131804436661,-0.2922407803227782,-0.013210743092179978,-0.10816866136506749,-0.3120941516372425,-0.45078719091114144,0.037838980027999077,0.2747395947124415,-0.49777576553682507,Stoke-on-Trent South,10,9
3.2808504699734904,-0.2818918276263243,-0.7900996942973283,0.4155857788705443,0.5931708521826966,2.1730940992899486,-0.44033345186582146,-0.03244873698221597,-1.2453860625933701,0.7381006439136628,-1.2124213375978654,-0.1528686385414833,0.6042561720903195,-0.05694192398655911,-1.811994539916892,1.2162796047893865,-0.8399543342389472,"Stone, Great Wyrley and Penkridge",6,1
1.8014338584420768,1.9943269366139689,-0.41018809983189053,-1.1130800258718245,0.3542531137712699,-0.3320971013676299,-0.4802924720277319,-0.2410408353392231,0.3915464771896129,-0.7332368423552168,0.14925186608750612,0.2973684232103241,-0.2887828524124574,-0.44555777441321953,-0.0582974864507967,0.3593746831089525,-0.1710435086720881,Stourbridge,4,9
-11.860902946981225,-0.7590052938583366,-0.17100825254943877,2.7706738800662847,1.3597377382705294,-0.45703929523523423,-3.1343386076891413,-0.04365272613588376,-0.4195775640935001,-0.5846309174692601,-2.885201242861161,-0.32034533093956674,0.48374040372680327,2.7871677900250584,1.573777794186726,-0.8626400862181045,1.214028118773655,Stratford and Bow,2,5
4.7199346227226435,-3.0419916005466363,-1.8945719223791164,2.2583247918328717,-0.9719203743751021,-1.0916588825527842,0.09950073923745063,0.23669037576705115,0.18939638741385284,1.705853438485753,-0.6233339078618018,-0.6641241208699666,0.4331044934601993,-0.9311593465644201,1.0453875022969863,0.6218975962843792,-0.31265599354878115,Stratford-on-Avon,11,7
-6.814544980985342,-3.0695937250777843,1.09643727912684,-0.8867133488395859,-0.039650507168560806,1.5141621915220627,-0.2350112492699955,-0.6326937362252721,2.138152107594288,1.9484235403671137,-0.4497829750278963,-0.08330084218094387,-0.8716126709829657,-0.15934591728810746,-0.6465487472554275,-0.545109152988329,0.4129923697489903,Streatham and Croydon North,9,4
-2.8943227485976406,0.6456787161874891,-0.1819253495717497,0.9128367068710259,0.20303544151809777,2.0132256829373247,-0.3523647405328954,-1.0177097899911627,0.61111076807285,0.024423689267149638,0.05838965633951833,-0.9600125740712592,-0.4291377541824346,-0.8485667510885858,0.11677793741792426,0.14449461646407905,-1.16450703849599,Stretford and Urmston,10,10
2.732937936034313,-1.358835484586267,1.3037751491672407,0.5543830870705269,1.6436403844564995,2.1921648645506937,0.3680271212999533,-0.5818035496987805,0.14938647349539905,0.049764041796348496,-0.30110577512298853,-0.14322582969499295,0.955392759429316,-0.5827278611541031,0.6347149351758153,-0.12412629316156584,0.14227526442775976,Stroud,6,1
4.240457729013456,-0.9271747587269087,0.5766990119723379,0.09066941484536672,1.1383760261645437,0.40987365234190326,-0.2517358921904561,0.5131154698763714,-0.6067222821480142,0.9520832617386605,-0.10979997870210728,-0.3744069283211738,-0.48890080426732335,0.33832323703871525,-0.04511920089310892,-0.08069687426146915,0.44627300627463784,Suffolk Coastal,6,1
0.26679466025200166,3.392396237613735,2.159078294523719,0.45594733858140923,-1.4826795323151405,-0.169310030249156,0.7758269239226978,0.002922235011505333,-0.5872869433010346,-0.019474706445681667,-0.1189884758248022,-0.1828134350201905,0.4262912337609577,-0.013639576955699504,1.2978485512320739,-0.7792953186137582,0.7546637875139591,Sunderland Central,8,8
2.6697933868632013,-3.7041914729357273,-2.3884195077247474,1.4931680553211197,-1.23280183826339,-1.6042409951644812,1.0872340797939595,-0.023695876567872615,0.8210497428268351,-0.016509430490620647,-0.23260850826542023,0.7525262625753119,1.013091279343119,-0.5372713697021329,0.20673681210422498,-0.5525791659126286,-0.3011396557121191,Surrey Heath,7,7
4.549635441384933,-1.5746578455911209,-0.8839707181549421,0.5658490241061865,1.0227547794081193,-0.12782834702910917,-0.8166786182056142,0.03916173671378904,0.18598674389121123,0.48537695784188567,0.21541782416210845,-0.3242792802970692,0.25060595421894455,-0.1685212154970642,-0.05998225487436244,-0.3856527069065119,-0.16204388872700534,Sussex Weald,6,1
1.4370304791195359,-1.7068703669292997,-1.821801409153495,-2.0133234475673185,0.7142879419054807,1.2994570073483058,0.17984171598303583,-0.6805332866798566,0.34226828709551205,-1.3186187586811162,-0.500006786030596,0.037284030640733504,-0.15301032883940954,-1.1231992022441402,0.15457006405415138,0.7067399443338328,0.04019056086535313,Sutton Coldfield,10,6
-0.8014045633856621,-3.921545441531376,-3.022784004130392,-0.3873488403520747,-1.321118064995506,-1.3706239990519564,0.8444995725257529,-0.3228326353239827,0.3767185672893768,-0.775994749532847,0.11450584182463357,0.5135892357942433,0.40365310963594747,-0.04831664579162075,-0.06083012469797051,-1.921109630210213,-0.5883422915023195,Sutton and Cheam,7,6
1.636250056595373,0.9004822501898885,-0.025047929986151785,-1.556481065417534,0.35278716729642,-0.3821193595291433,0.09545095529416549,-0.4445212949567618,0.4177733497246646,-0.9399920905963877,-0.0977188672643261,0.20301046651600244,0.4827078095132844,0.2518677190639497,-0.7382411205753253,-0.26880088464158663,-0.061000923619050705,Swindon North,4,9
-0.6057606384728303,0.4888917399185679,-0.5122259450670074,-1.9613105601477507,0.3448696526918761,-0.31700237853941576,0.9928794106553464,-0.4601345524445944,-0.38902640758831053,-0.5503576954127786,-0.4856430348081275,0.08417377661986764,-0.27624319143157555,0.9638168530820549,-0.35553353124638865,-0.9779358289886573,-0.2332308001962311,Swindon South,10,6
3.5193070140662264,2.1888787172458786,0.17476556231290977,-1.8357375686870046,0.2911551941887283,-0.9594686608870346,-0.3513996182892049,0.40710150021677893,0.5004130160672836,-0.8526828825871027,0.04403541631976161,-0.40987089630299367,-0.3740755671816952,-0.16472559232163303,0.23142059412349258,0.2692657411271281,-0.3173256734908157,Tamworth,4,9
3.052361462957393,-2.8665401535677475,-0.5842094101278653,-1.060617742867214,0.1501044271643226,2.3701245592021785,-0.6246607899716439,-0.6490067324060398,-0.3737188289084719,-0.7906892325758267,-0.2474830763003689,-0.817910317019439,-0.1604743886476185,-0.8910171977811718,0.09160660568301807,0.07756206680017483,-0.23293815999700393,Tatton,6,1
3.481702901616277,-1.6400055882986304,-0.5996529664724463,2.33497845964201,-2.107722835700653,-2.339625074661628,0.7955761462920369,0.06495540444712283,0.5749636008891797,0.029941562024254777,0.49972034462402515,1.1535557563132266,-0.24542598876528715,1.0200769311143556,-0.35799008953202305,0.01973670449198727,0.7631664651196237,Taunton and Wellington,11,7
1.3841580270521459,3.100276162901878,0.8450895615791524,-2.064148856742269,-0.06048477575855963,-1.9711157449088408,-0.03272721207894386,-0.4233532155547724,0.894119265187236,-0.9427584994141655,0.34435870169022326,-0.4480494700288547,-0.6534452221484256,0.615503886763889,-0.22583794112110378,0.36608063739621854,-0.03468071603095816,Telford,4,9
3.851866658307186,-2.271811599833947,-1.3779758110305935,2.5548482500731224,-0.5727232382328787,-1.3741797452496949,0.8335482278490883,-0.1843030694052774,0.7802815789831382,1.0364066683411708,0.26478201954303343,-0.2728467546371492,0.7028369886192577,-0.4432550525291553,0.5479209584502627,-0.06279513930841506,-0.4151800973033037,Tewkesbury,11,7
2.684988746182372,0.5491270993210016,-0.2873724425884496,-0.553059805380328,0.7569409171979241,-0.7938344355564815,-0.3381678229356625,-0.2072326502692615,-0.1710796119503041,0.016710861158174967,-0.3774368061049603,0.6475143068165334,-0.2900837692485361,-0.2603887318608406,-0.05444328668559364,0.6105179528515212,0.15575463250799246,The Wrekin,6,9
4.877391571440927,-0.16921325419636327,-0.22119635261972542,0.03408716746341104,0.9130105428444246,0.49834590717549143,-0.753819582415625,1.112319422932384,-1.236681450404573,1.5236136175009298,-0.7602036895368244,-0.1483876510907234,-0.42926975114876154,-0.18310629900408665,0.03639186635236109,0.3623204812365747,0.17210463767043674,Thirsk and Malton,6,1
4.546487441196784,-2.3774728998072763,-1.2508462826639823,1.7934122956705838,-0.722199375580976,-0.850014265644827,0.17841501477080268,-0.8848161531806832,0.19448392649614257,-0.018428292480395465,0.7008588563871813,-0.517487190862274,-0.6219826812372543,0.5357116481674051,-0.42610980160958845,0.10420553343278056,-0.32434566107471874,Thornbury and Yate,11,7
-0.6396662192861228,2.610246207137865,-0.8834965492018036,-3.021752540284011,-0.5316165183268744,-1.6617669289421457,-0.8050237021918029,0.35274884705183807,2.7411035688505034,-0.035513723015216166,-0.666353483775406,-0.022171457242279966,-0.2773644210593571,-0.07424596332951382,0.30532303193781296,-0.009756807991929576,-0.7011484419771133,Thurrock,10,9
-2.116585683988979,6.164257631954326,-1.6473043227404207,-1.815253446173203,-0.6579256153988893,-1.6867715530269531,1.2516825549133543,0.2550391163362482,0.9372000296018456,0.21822678848971436,-0.42549001437522177,-2.8466171059861938,0.12835766638024154,0.11927679590548586,-0.09787720922364807,1.7401344146690214,0.7519925862791065,Tipton and Wednesbury,1,10
5.170087609064709,-1.1137400278876788,-0.8903610797259823,2.4392798690849324,-0.036693868058955366,-1.9348852303908235,0.27933499670468565,0.7023454490708909,-0.3059371465850702,2.315498966677871,-0.19141410965933894,0.02086753728971775,0.5031125319049867,-0.10773572865088718,0.5168763912151275,0.3020821151794941,0.03941984822566091,Tiverton and Minehead,11,7
3.115578836303659,-2.0115318598691156,-0.20415213682406078,-0.09848098965421623,2.263165436481888,0.8830833590972542,-0.76586586736681,-0.1836809009946931,0.6963339418690294,0.4754110785103903,0.3611235127632919,-0.9829385281429477,0.07327461293514208,-0.12076667440099939,-0.548820814002773,-0.38452689305721427,0.3734357946053664,Tonbridge,6,1
-5.272196796538216,-4.7846965512713755,1.7250489141129886,-0.4899650728036006,-0.0439641441814405,1.6079337069376605,0.03158596244704551,-1.4613358591351728,0.3485763175402995,-1.4827128963043628,-1.053561784026557,3.15425104301514,0.43921594890622767,0.043260380356805045,-0.26145788604407816,0.09931992822747183,2.020357687307661,Tooting,9,2
3.699258218245136,-0.09038953683355493,-0.43014840019714157,2.011443861978745,-0.950795451776115,-3.400147213526794,0.7223491542483251,0.6593622807290175,-0.3288860271235197,0.8457635755410376,0.3686357944086309,2.0193507123380177,0.8845196938730087,0.37151926453984574,0.014606239243323705,-0.3933829756487641,0.5382995741991283,Torbay,11,7
5.2930029698890095,-0.6884187168064205,-0.464332478883391,1.0502688251270897,0.7158780262954709,-0.6894024556356035,-0.2576369162931543,0.418460300194854,-0.983680747511964,1.4176262440673062,-0.1860486745790429,0.2538735243314408,-0.025795554504606175,0.28529150741814285,0.12555408435172222,-0.03333456295862079,0.14058059537300507,Torridge and Tavistock,6,1
-10.542728389660288,-0.7382876955945632,2.229846123682205,-0.9951183756983425,-0.6232884346764355,0.28434663685103556,-1.0618025730706937,0.754826761509197,1.8509883504238283,4.1716414694620925,0.27967463838755086,0.5122666495357722,0.4561970103114476,1.434885756391478,-0.09708532780463379,0.9341463133892836,-0.8441192105084072,Tottenham,9,4
2.198301723749897,-1.4389298332713478,1.6177873241410536,1.061760445896488,0.9342114647647229,0.34862435856865165,0.20862726677768667,-0.6230388287763058,-1.0620271511982997,-0.3033113452717381,-0.39559383477026133,1.4813925045428724,-0.041850475782185564,0.5191372786764612,0.05146690894058528,0.580900852458482,0.28938275021775833,Truro and Falmouth,3,1
2.631130875604545,-3.316375322104381,-1.500166009646051,1.9801774110227175,-1.577464677688788,-1.1365632756443835,0.253978868785164,-0.38928971929578626,1.2384965475595249,0.4648120520231274,0.3373452060555907,-0.22205077201642334,-0.3966227716862157,0.38646421849652124,0.23251927098054012,0.06388996280217617,-0.1466190884093698,Tunbridge Wells,11,7
-0.7779374154224923,-7.049692317931305,-1.2504260704281946,1.3706394948161766,-2.922557488562134,-0.6363890771919419,0.5998213262205321,-1.4681278807417515,1.1134132794976128,-1.552597597742843,0.8757776161267654,-0.7554358546810424,-0.5051949789561678,0.5744353191788445,-1.0414647566493178,-0.6550663144797516,1.0172281079798913,Twickenham,7,7
1.650020075688344,-0.017798818622340874,1.7333578101140117,0.5067218616796095,0.13688255807936642,1.7742004549998234,0.1550890290080839,-1.2641017458666208,-0.29536197756329513,-0.9216742273611279,-0.24068195850853868,0.11268665088910901,0.0983923848776859,0.2652779461640097,0.526198202885953,-0.09192784931822905,0.1334190497364341,Tynemouth,3,1
-3.8231305384042313,-1.4032046792280342,-2.8520555846943405,-2.5490275844542687,1.2957963349874446,-0.22193947724445326,1.6398519417957493,0.0826014242579815,0.13772927674058835,-0.20036240523844365,-0.18765157373082245,0.23231197544544935,-0.9230257215342225,-0.4011442131444914,0.3570870845660651,-0.40502897296486695,-0.2049856769787308,Uxbridge and South Ruislip,10,6
-9.282886608045336,-3.698909236723819,5.227502971940026,-1.1461287325947622,-1.2257240501469524,-0.8310875537783199,-0.015071049903275013,-0.17450012742664506,1.624564932290757,1.82685281249674,-2.219455428024984,-0.03516391143298851,-0.8022900520711476,0.6658683370555061,-0.3959918312364297,0.9203237827708362,-0.2495331569572262,Vauxhall and Camberwell Green,9,4
0.04917259024506403,2.7044780467175635,0.8330571410020305,-0.24953898803232133,-0.8377540407391761,-0.3406758767030491,-0.3258291506321126,-0.815974657832031,0.2982751560156381,-0.6076052322662909,0.20767585220903464,1.4526012258087855,0.04212705734191286,0.4141163274638586,-0.5731134561494412,-0.11031529847661033,0.8161629129211891,Wakefield and Rothwell,4,9
0.49856739930085453,1.9768310085300367,2.430293741939602,0.8673472889733592,-0.22533155793813514,1.758882409132524,0.6756708064920213,-0.9581464250312549,-0.6649400575920574,0.3277119309924153,-0.02105080251330162,0.8514548051791893,-0.13308161461082854,0.26163140694299825,0.8623538994584552,-0.5174065555035015,0.09487267859546249,Wallasey,8,8
-4.42703218426238,5.61557587454843,-3.3093607548463924,0.6794256389195676,0.7170100980550449,-1.5039741038226317,-1.3619066197636638,-0.26179615525954425,0.8139766498401864,-0.8009289006129198,-0.3703516419573242,-0.44143989774187403,0.1890079640374098,0.32427652817824604,-0.940338186139105,1.422601316187155,0.6563068758616986,Walsall and Bloxwich,2,10
-8.76060785586497,-1.2854689821988712,1.00878142164425,0.8095466118556599,0.9777342389045485,1.7034738391217337,-0.7216796485507935,-1.2413362609569005,2.0960172466774014,1.4375669235522879,0.5804332126641677,0.9588279427039557,-1.00790617025294,0.1260304228598687,-0.41669722749292615,-0.7493282895436194,0.309158198201166,Walthamstow,9,4
1.7185191912794202,2.255803610315038,1.1841873513754735,-0.47144613581587114,-1.0281084996297367,0.6339269653593171,-0.04812927388540065,-0.26460599854679984,-0.02619962028275907,0.16599694248365818,-0.3916512423690694,-0.7443614542195658,0.14424111260240172,-0.6005546112798932,1.0313815582492019,-0.2745687966117877,-0.4769603941944734,Warrington North,8,8
1.5204642701273838,0.022879603743166894,0.30741172521543086,-0.3751316076187644,-0.7844457484100428,1.72580634989638,0.12084478475894597,-0.9966359293930874,-0.12820696197047318,-0.5843214478576467,-0.1631238589645502,-0.018638553500339015,-0.7519775221275379,-0.33599384463707066,0.9505694234934806,-0.2951327200689219,-0.6518336321310144,Warrington South,10,6
-1.381652474538113,-1.6063870356278347,0.478971575111909,-0.8254371481120917,0.7119034920833793,0.9038741650793599,1.9856297437996886,-1.0362756049365278,-0.09601905663937353,-1.6378994566040956,-0.3550369101563088,-0.6200507697426058,-0.35561131045310446,0.21985116929719448,0.1744536979954215,1.3769507121869335,0.8292432520089756,Warwick and Leamington,10,6
1.540680791531246,4.7210441716989315,2.455596804120086,-0.026717785597761595,-2.106437291498402,0.5604865397425386,0.8244157071183067,0.1597177420666116,-0.4118325384918048,-0.016893547962709123,0.09537593349460968,-1.85606429177175,0.7267579635012632,-0.2943421222010848,0.7123204834503633,-0.4173695324192358,0.18632660762653666,Washington and Gateshead South,8,8
-3.6516263618263816,-1.7897571895606417,-2.9545546551098902,-1.0826443499841978,-0.4897516684455038,0.03516486089214476,0.4056514528737586,-0.240859694181635,0.3473615471706354,0.023160768254500076,0.21740472618841716,0.3981096780699196,-0.14490135920227293,0.46854662545274295,-0.19110025880539894,-1.407961206958943,-0.9725050183108835,Watford,10,6
3.362514931674229,-0.9478688661178302,2.550557414010093,1.5988456705954557,6.194201800108997,1.0608111456105627,-0.7473713023309563,0.38960038608967273,0.5213580485951371,4.284348452364582,2.471341344253412,-2.0328918006392955,-3.399591263054246,1.9979039662824511,-0.9513605909289805,-1.8387812549155194,2.2399751714859373,Waveney Valley,5,1
4.965979446147627,-1.0980701668016026,-0.6770706080895232,-0.770872074455869,1.7333766056759634,0.4310824081817064,-1.300124335340309,0.06774117178401426,0.03615337363076175,1.14735922740026,-0.09196277257020709,-0.7734659323354153,-0.8225873438284262,-0.0342031629260824,-0.032426546111193014,0.11672362996102811,0.06456218805092448,Weald of Kent,6,1
1.6385550755555216,2.1789002525736927,0.16080321460098415,-2.2354022173985753,0.5167353326429378,-1.3740653440118342,-0.2757603013671902,0.1288868102543161,0.7021098540102948,-0.0714363504312867,0.0884498262929081,-0.8861369956094299,-0.027899653938614644,0.37416969812134665,-0.46486241504060716,-0.2971782818880687,-0.4008701064357475,Wellingborough and Rushden,4,9
5.0683195873705875,-2.9427783422493814,-1.6057476086244225,3.1777551593609776,-0.6279832584449966,-0.9763790956604631,-0.08540569858059932,-0.10090395868187865,-0.18892068591269195,1.4153750476802158,0.015893041912830523,-0.6248217490960138,-0.5330438285264836,0.37380431450290796,0.13705446754503894,0.40359639635266903,-0.2322615116136697,Wells and Mendip Hills,11,7
-0.9698230472679387,-1.5289266289195746,0.3161969963370865,-1.9756677975373163,-0.13747848679097466,-0.03244576150812878,0.11582194748930201,-0.535617186786239,0.434338279113579,-0.6913378850916416,-0.5985757489747523,0.18310091687469185,0.2851294252945779,0.27531973801644993,-0.3242785424518334,0.1887562283160997,-0.5671090494603809,Welwyn Hatfield,10,6
-3.78139634385101,4.673032595055009,-3.481430509523652,-2.068503631006535,0.6483528535897978,-1.0315301018706076,3.0370060096213622,-0.24229953352399197,0.8250085390343059,-0.44349195075779607,-1.041414637132504,-1.1659543913253847,-0.23167226548223543,0.2628491759968055,-0.14927392319312427,3.1423911393832564,2.375528878297719,West Bromwich,1,10
4.4384619740046825,-3.6931366491384408,-1.3018259376750665,4.122342998839102,-1.1877113704495097,-0.25383127809447303,0.8633370201377998,-0.140552526419689,-1.1769698976799863,2.2909924261738452,-0.7076929228501838,1.1720891890843315,1.0597607414189028,0.4962737920273143,-0.9833272900931936,0.648315992414746,0.531279678282555,West Dorset,11,7
-10.823080342693242,0.9276830288379023,-0.7570469182341977,0.9518537044484845,-0.8551018370930082,-0.3897305072701253,-2.4907019689802117,0.9197988453317384,0.5879034376915903,1.5036116279498728,-3.230865577413117,0.14967820990200817,0.4054048803081028,1.211187996141775,0.5074367629239427,-0.534629704727244,-0.6708982850977155,West Ham and Beckton,2,5
1.6078069214661097,1.229952871764248,1.7554416402754018,0.37142653341088194,-0.2180921083119328,1.834563261300171,0.4193902026753592,-0.7371197571497158,-0.8945042617554686,0.411831016471464,-0.4069973808893689,-0.1393224350713973,-0.7244422309593808,-0.6169533961056176,1.4062676065515334,0.2101171540007514,-0.5995164906751866,West Lancashire,8,8
2.2754327330039636,0.7147808118451826,-0.04097953089344266,-1.2284000347780637,0.6330599968310269,-1.5834154526277153,-1.0297629560684574,0.7377783645449083,0.21351975751096774,0.8556391428426571,0.0026714316448977855,-0.7270186332509244,0.29655998906373576,-0.1776310887292296,-0.49984213640741687,0.018893256999265036,-0.005477232456739268,West Suffolk,6,9
4.567392550583414,-2.3025440508901003,-0.5166559260770981,1.4502075542292667,0.8884960126529443,0.3801118362692409,-0.3208610886118324,-0.08658879651699693,-0.2826589054379711,1.6082191434493196,-0.3455926088152176,-0.5282442235873552,-0.35168479064031866,-0.11027535115796169,0.314318438463397,0.2257626913766719,0.05803967463351199,West Worcestershire,6,1
4.998871147217676,-3.1475542414263735,-1.3532626435765795,4.048403307037436,-1.9851069912091306,-1.6893018155780744,0.819840616200158,0.000726955523736928,-0.520025462402343,2.442860374975984,-0.20960331754086986,-0.3241184122388565,-0.3115152988536108,0.4908465707076153,0.2199335842021176,0.351073318856419,0.00040481926276351765,Westmorland and Lonsdale,11,7
2.539529940721531,0.9200838474003215,1.1319780246624502,-0.843479411278116,0.5138710930328819,-0.9784784931391184,-0.19657901461510044,-0.12401696334480555,-0.38500640620020754,-0.6242060670049063,0.2895312514106873,0.48751885571533293,0.2315734807030634,0.4439450612777456,-0.5735511422297473,-0.2591280274457917,0.19781405128482582,Weston-super-Mare,4,9
4.766449990789666,-2.153323813230317,-0.5900788782138531,-0.32016578925359185,1.535476666489914,2.065771721521001,-0.9562892695470919,-0.008508008627007194,-0.4422241104200568,0.8005722958782926,-0.5262694185494771,-0.2954024633703187,-0.8300967944381087,-0.17676734358743088,0.28310089383745607,0.7348148321197375,0.06847811052577371,Wetherby and Easingwold,6,1
3.0284929562696847,3.454191721046753,1.4468549748844926,-0.602953187315553,-1.0893508934741865,0.9276612090349774,0.03575778373134925,-0.6528155903399426,-0.8083773516012761,0.16306680941413934,-1.3985257684059196,2.5377633096195855,-0.16574934704356067,0.02154115748687072,0.5084232963560655,0.8454650473813354,1.0381470925632885,Whitehaven and Workington,8,9
0.5141204748151403,3.3316802950597046,2.0311938392164564,0.43377291842536003,-1.9116046145530403,2.6168318138032864,0.8693201090742153,-0.8096121750597717,-0.47014265661428184,0.8426836808012469,-0.6576468950381832,-0.11641939752881919,0.11764306411225041,-0.8190739605452935,1.5495819040369867,-0.34302614703220474,-0.5195092025819705,Widnes and Halewood,8,8
0.4138646703005101,4.107682258807721,1.4864090884295371,0.4136675394624923,-2.3165502888872553,1.6676150345323393,0.006699251531808069,-0.11711851045537694,-0.8711799801488043,0.13916482293297766,-0.9661062212278164,-0.12960670774494712,1.350995544590085,-0.6540771764224959,0.023257975383739807,-0.5592724315588844,-0.10121838951672106,Wigan,8,8
-2.67847168657645,-7.661379973434586,-2.090011254768956,-0.07998572753501107,-2.8127183580662867,-0.6918537917888657,0.15987408988318683,-0.15843444156912007,0.20185254586844592,-0.981079024130882,0.3927007317665996,-0.4125091074856004,-0.45520655565937,-0.9258784129681207,0.26852150423207083,-1.2832647553010876,0.6182231025515625,Wimbledon,7,2
2.888483270326562,-5.181191190514564,-0.7126433672865852,3.0784014272570825,-1.5601515521974063,-1.4514425564402624,0.681352601330432,-1.1314604581751324,0.10058821711147944,-0.42872727548151,-0.15962710779939313,0.9046701986816534,-0.03322302208263424,0.807506489051991,-0.5602859275645498,0.5570595282042532,0.4753214083271554,Winchester,7,7
-1.1589396952042594,-2.7219815317701843,-2.6756525175892985,-0.7182091435828745,-0.1352644618770169,-0.486669040684283,0.9405604532886972,0.5558649522418165,-0.13312366291476085,-0.8207918245605472,-0.23230971702334993,-1.3638225669015238,-0.014370724567125905,-1.057670366101093,-0.2451763776253044,0.9525568207426051,0.05150595182402091,Windsor,10,6
2.898849701620818,-1.0423503507167582,0.8233315345493205,0.5993683072630878,0.14115284303796524,3.270796044897199,0.3910869340219024,-1.617400162200017,-0.5205014593592686,-0.2168697185931898,-0.7966072362941651,2.8559127594224734,-0.17021404344515875,-0.15172119736737247,0.9611769897617104,-0.2109473577413877,0.7234576724183623,Wirral West,8,1
4.080670273858406,-0.12195061956604841,-0.424748956186454,-0.8051405123073647,1.5026966215835673,0.10652640622245245,-1.022308136075893,0.09178690004012016,0.2408636964870287,0.22189134648875775,-0.12445053610786018,-1.0160590407915242,0.3236654776509563,-0.2770372622850102,-0.38558907738753667,0.15861285105921066,-0.4015998389102279,Witham,6,1
3.586618397255433,-2.538510421185399,-1.1918504692741472,2.233239238446796,-1.3665010050297433,-1.3962648831490705,0.09901098348207915,-0.17009969126982574,0.26953569775544345,0.8794695027537627,0.10934915561420577,-0.45289633249786143,-0.3584450390494333,0.23426293284430214,0.038623155721320565,0.40763335119515837,-0.37701441564575333,Witney,11,7
0.08605249313500643,-3.9887370585698543,-2.922936368552086,2.3660193828164022,-1.9104669850991376,-1.6802281605266158,-0.12531135383253458,-0.06506192516423429,1.249960580650708,-0.2935558924193616,0.17496900552165584,-0.7373472212893882,0.5969131057018843,-0.5869200000522496,1.6832248353057209,-0.954381573950088,0.3920447498573169,Woking,7,7
2.5009011364945914,-5.186023123213923,-2.836402242784705,1.95718365264735,-1.3624069929564175,-0.4619902405851286,0.8719247978892297,-1.027793413749347,1.3198016628764329,-0.6845324266220718,0.35539956245306265,-0.7935949375444624,0.2248521766402651,-0.4433771009824949,0.6208166210520957,0.03529682692671978,-0.23718693149153056,Wokingham,7,7
-1.0830427793043933,4.903193086830595,-0.7678415190977146,-2.4955707386197634,-0.7566975433353276,-1.5719307533199038,1.7928236547684466,-0.5480725952808999,1.552911455787688,-0.1857176908031191,-0.9333141940807783,0.7397609848569789,0.38818978863682957,0.30833703102669735,-0.6974679710306504,2.3131895331891026,1.8033350660049758,Wolverhampton North East,1,10
-3.6402334035687116,6.037873530106923,-1.8301350472328632,-2.511510484958669,-0.532241212786131,-1.4501576284354833,2.9646035419011167,-0.22157195143851222,1.3110573956420124,-0.17040648164735636,-0.8165263915490927,-2.9575784384555184,0.06609502895237256,0.45518133252289494,-0.1536332812563616,2.6626842783524456,1.51977238833684,Wolverhampton South East,1,10
-3.878525386937382,2.1415238456637065,-4.039370630052254,-1.760475995747145,1.296452840465096,0.1214685434224944,3.0716983027147946,-0.8424889600463769,0.11701595645843134,-0.4889621967439308,-1.593547666754575,-1.3792536762454173,-0.8038265851969116,0.8074619131748108,0.1345904458045594,3.2038256516000745,2.110380728966932,Wolverhampton West,1,10
0.5614461991312019,0.3728161029068126,1.2935733508563605,0.20005600289902337,0.7009478459060539,-0.2022760666868993,-0.07328912348728082,-0.4758155102419654,0.2532570667381592,-0.5492858719763597,-0.096922851075191,0.9433044167090594,-0.15796936047940127,0.437160517669814,0.4761836243931552,-0.0809135426988508,0.4656519663825686,Worcester,4,3
-0.13457897193648796,1.8311854178150182,1.3746383331198484,-0.48103948785401707,-0.9108372289004181,0.8687018596227407,-0.13693440364613144,-0.3306991524472134,0.19256375862237612,0.039996711021062684,0.04491695248298208,-0.952445678744639,-0.08076503113128156,-0.6333015814618168,0.8604273135852012,-0.538721648833256,-0.6793331713622148,Worsley and Eccles,8,8
2.5623090529414654,-0.754962155205877,0.833705196511218,-0.9163012425006773,0.9034270246043107,0.5429664799758809,-0.2668090931096007,-0.17194777780536372,-0.5881813132756378,-0.5202356803707104,-0.3535419348550076,1.4461624850380483,0.5010458417641879,0.4005164760312634,-0.32586318855476754,-0.5267949183153662,0.3802255918507876,Worthing West,4,1
-3.258469867980028,-0.1472879242369628,-3.168157007324217,1.1750195570771014,0.6249483804898848,0.5289926759582878,-2.795973378380155,-0.023583914790170784,0.8324441431720889,-1.636901636084373,-1.2031285529535958,-1.1263547419781355,0.41482376680427535,0.6650324108256097,1.1983232750829644,-0.7847536705967925,0.013379526902667915,Wycombe,2,6
3.663227893592643,1.74449147203587,-0.03743646326802263,-0.7624039195965766,0.7475163023810406,-0.5219502158254472,-1.0296321460387612,0.34973170703289913,-0.4076862698678562,0.1377108281355286,-0.41222981644671386,-0.3110626116372997,0.224826218971415,-0.16697143403469042,-0.08787374729228406,0.1019051409826595,-0.20869183726888468,Wyre Forest,6,9
-2.945622724833985,2.0271049910943186,1.786014781120464,-0.41543799550327787,-1.3618547304739665,0.6130517090036725,0.1819411164354801,-0.47047627883992693,1.0954550466486292,0.2668479244276024,0.009871182102032465,-1.102367690229973,0.3041124732167215,-0.07692007347283018,-0.01592044912820075,-0.2800708980478457,-0.3139152670751579,Wythenshawe and Sale East,10,10
4.430329473438268,-0.8228128252211531,-0.9067257874942335,2.5737972663192656,-1.3476553481598235,-2.6926024385407494,0.5162379760832424,0.4857755190682909,0.23551787828118045,1.3970028451697072,0.18436635820871147,0.14687254634071767,0.3222928671250605,0.3835016743274182,-0.31515847019144155,0.2086568250055132,0.4727930179832562,Yeovil,11,7
-3.027484150089509,-0.774886573475135,5.3283834947917,1.1459573364685276,0.9026900766891369,-1.1432585969425828,1.427648393483395,-0.3932906575498974,-1.663137150598544,-2.408304141194482,-0.1439731121035681,1.1095724436191656,-0.05168132224096668,0.37247153411819245,0.5367727840341269,0.7344777583664565,-0.9496860365071952,York Central,3,3
3.469461314940324,-1.5929733097799434,0.5039529983767741,-0.1421590468641662,0.05935209173928441,2.0618670197588647,-0.29226932034040026,-1.0217867576289243,-1.099538223693573,-1.1038532179853893,-0.3811217711312323,-0.15596290482886843,-1.1179701854062603,0.5157891795994118,-0.14221532288958083,0.2233090943448505,-0.4023544716104014,York Outer,6,1
