Seat,County,Region,KMeans_label,GMM_label,Agglomerative_label,DBSCAN_outlier,Segment_1,Segment_2,Segment_3,Segment_4,Segment_5,Segment_6,Segment_7,Segment_8,Segment_9,Segment_10,Segment_11,Segment_12
Aldershot,Hampshire,South East,6,5,3,False,0.0007932113140367619,1.4741664712305904e-10,5.316470913259594e-29,5.291068103207851e-46,99.99920678853834,2.968097013088247e-78,5.019384683309072e-24,1.445016479446501e-37,1.212488539931485e-19,1.0289379737987967e-20,5.644511903516554e-98,0.0
Aldridge-Brownhills,West Midlands,West Midlands,9,10,3,False,4.589235972055877e-05,4.488433511362198e-05,7.136518449927614e-06,0.00034721949273910804,6.747396898775714e-06,0.00020188471385653854,6.962279881962515e-11,8.19388859899615e-12,1.839747464846035e-07,99.99934605110874,2.2071614849427072e-11,0.0
Altrincham and Sale West,Greater Manchester,North West,6,10,3,False,1.1139100311196934e-07,0.000361845661433021,0.12907583270701997,9.4787697940936e-11,0.009089818988148979,1.0601401118736688e-10,4.063722658602805e-05,6.603100504566135e-11,0.00012468773123925562,99.86130706602636,1.4338773167024808e-12,0.0
Amber Valley,Derbyshire,East Midlands,9,4,1,False,1.072688418132419e-09,1.0697330428095149e-07,4.5033983834869835e-06,99.92099123476721,1.9717634276990452e-08,0.017328665604213686,9.22487124782652e-15,1.9532742073648062e-07,3.3840302590828885e-10,0.0616752728007831,2.7947718304546436e-18,0.0
Arundel and South Downs,West Sussex,South East,1,6,1,False,1.1383062077791611e-09,2.167100425276848e-07,3.949735766269953e-05,1.587504343305148e-13,1.665416017323057e-05,99.99982366573036,3.5774936794885266e-13,3.6411115477019644e-11,3.5965413760871847e-09,4.4761319087095106e-05,7.519995089724164e-05,0.0
Ashfield,Nottinghamshire,East Midlands,9,5,1,False,2.0352694016898873e-15,6.933660516764285e-11,2.64359908778848e-11,1.7421458130467218e-31,99.99999999990408,3.969077400324533e-27,4.2928213991537436e-23,2.51999464005695e-20,2.8393404944264356e-22,5.08603463103663e-32,9.06229537973306e-56,0.0
Ashford,Kent,South East,9,4,1,False,4.843858997913813e-06,4.826626907777973e-06,1.6893799253799381e-06,99.94025802006605,4.034727821261361e-06,1.2082232013358013e-07,7.145370670111613e-11,4.377296878363603e-09,5.654133245580851e-07,0.05972589465574312,1.858226984297772e-18,0.0
Ashton-under-Lyne,Greater Manchester,North West,10,8,8,False,2.6221399090342718e-05,0.5522959788865747,0.059148826007926515,2.7052339466146753,0.00011326319976161651,1.900348886118549e-12,4.4284928232973517e-07,94.98789345775117,0.011326493651097766,1.6839613696383888,2.702892713585431e-21,0.0
Aylesbury,Buckinghamshire,South East,6,10,3,False,3.7753719251197835e-05,0.03655905642028191,0.10983598601389004,2.532717494946359,0.0003511649532279768,0.00040852224986504183,0.717624528900093,1.1010516255218923e-06,0.03757473818961923,96.56460257849874,0.0002870750569178913,0.0
Banbury,Oxfordshire,South East,1,6,3,False,7.32364892546289e-07,7.573600722097589e-05,0.00028405585590552307,3.652150847525342,3.185272504705043e-06,87.20156804700636,4.323068920307222e-09,1.114360876080355e-06,1.551874595354136e-05,9.14590074650508,1.2032773987806246e-08,0.0
Barking,London (Barking and Dagenham),London,5,9,8,False,0.014143436625875966,3.6190475959159274,1.9222072684716892e-10,7.784568535186694e-31,0.10852767156057952,1.0700035612371437e-57,2.3593767729787374e-19,1.6322049456393033e-24,96.2582707085747,1.0587130674757673e-05,3.919259702411651e-57,0.0
Barnsley North,South Yorkshire,Yorkshire and the Humber,8,8,9,False,1.4761576402692503e-08,1.953664208485107e-06,3.7726543623230536e-10,1.5711288178328485e-33,0.07302203916377309,1.676440695425561e-41,2.952031578884307e-17,99.92697599200756,2.5555328285547305e-11,8.222037814112716e-20,1.8746873178527269e-62,0.0
Barnsley South,South Yorkshire,Yorkshire and the Humber,8,8,9,False,5.1557067270460394e-08,7.04701710696695e-07,7.834036208038014e-13,6.472758189194758e-34,0.06378862970169186,9.92093576035994e-47,2.5117874520579143e-19,99.93621061399351,4.513604601652988e-11,4.562576733314115e-22,1.7110400386519498e-68,0.0
Barrow and Furness,Cumbria,North West,9,6,1,False,2.4296070710209973e-07,3.7505289949740894e-05,0.08422286333847048,1.1047801484958186,9.069494984834589e-07,94.96542885378332,7.348094412304642e-10,1.9620760765227483,9.320525872267473e-07,1.883452469769314,1.028632387975102e-10,0.0
Basildon and Billericay,Essex,Eastern,9,4,1,False,1.8682750021220093e-06,6.051947445240187e-07,3.997843370036903e-08,85.58802720531928,3.3984159204408e-06,1.8657910840515958e-06,5.552776188823695e-11,1.576918632106064e-13,9.52034646686175e-06,14.41195549662337,5.685021462460302e-14,0.0
Basingstoke,Hampshire,South East,6,4,3,False,0.00035056750020445997,0.00016681388257322065,0.0033326445075828343,51.90877225980024,0.00016365515200514864,1.6965398641446084e-06,1.1799285977923601e-06,6.394381374542629e-06,0.0007660724272749706,48.08643871588018,7.446489546976186e-15,0.0
Bassetlaw,Nottinghamshire,East Midlands,8,8,9,False,1.1256577285933312e-06,3.0055258908382776e-05,0.002763954495363957,0.15667500728971664,2.9505001788032587e-06,0.0026667812862228293,1.411527592568075e-08,99.76299107049795,4.172544082195977e-06,0.07486486835443679,5.014892436652028e-14,0.0
Bath,Somerset,South West,3,3,5,False,5.682295708805751e-13,1.7524704808574947e-06,99.7346723774004,6.306402471825839e-28,0.26339934315488206,4.50606059378477e-27,0.0019265254909454647,5.0588913993707385e-20,1.482387119491543e-09,1.0079063603473423e-13,5.0395460296331776e-29,0.0
Battersea,London (Wandsworth),London,2,9,2,False,0.00027629864833548503,1.6563453483406109e-06,4.032648681917107e-05,4.536879488575226e-16,0.010699281888039865,8.607792945830837e-34,4.302075376430892e-11,1.1839710151193542e-14,99.90406593342765,0.08491650316071297,2.333965827564519e-45,0.0
Beaconsfield,Buckinghamshire,South East,7,5,5,False,6.991440370843895e-24,9.881719494512315e-19,1.1250526802627954e-30,3.709702043800598e-95,100.0,8.898310016586987e-64,4.97257973182699e-34,1.698210859082774e-55,1.8004494584585982e-44,5.2367603627345535e-51,1.4452386141813798e-85,0.0
Beckenham and Penge,London (Bromley),London,6,10,3,False,1.2946333112992247e-05,3.1269454060817647e-07,0.0001584495805089705,2.8061577674300066e-06,5.4804883930107324e-05,8.045411086690552e-13,9.352330130823207e-09,1.6927599487446155e-11,0.8189504120344346,99.18082025894553,3.005099625052408e-20,0.0
Bedford,Bedfordshire,Eastern,10,10,3,False,0.005506271469427896,0.05923585737365771,0.03676760422101458,0.0074022587320903424,6.897550179521414e-05,2.120748871740843e-12,1.8846395748251627e-06,1.4971292103726899e-05,3.297586669176542,96.59341550759173,3.582501998305571e-14,0.0
Bermondsey and Old Southwark,London (Southwark),London,4,9,2,False,0.0001377595078798049,4.2105861395142334e-07,0.0036601670174638934,2.9137794009839756e-31,0.8868162935906371,2.836056868781301e-68,3.738686144552215e-15,1.2788734914037689e-17,99.10938535871135,1.1411521900558505e-10,1.0087956013153924e-82,0.0
Bethnal Green and Stepney,London (Tower Hamlets),London,5,5,2,True,9.503149408374978e-56,2.439191196719611e-09,1.911949193224822e-95,2.0394173205283624e-281,99.9999999975607,1.353839725369561e-252,1.0100647807112964e-136,7.929212737964924e-161,4.064688262589093e-74,5.6294368400476e-116,5.254060059215914e-275,0.0
Beverley and Holderness,East Riding of Yorkshire,Yorkshire and the Humber,1,6,1,False,6.017949643674253e-09,5.923549811179655e-07,5.810266816499592e-05,0.0015254910820800436,1.0827616415066164e-07,99.99822485420499,2.2799245653700887e-14,3.2124220926138706e-06,9.675925666950725e-10,0.00018763176954101688,2.3636847547976306e-10,0.0
Bexhill and Battle,East Sussex,South East,1,6,1,False,5.894891413130384e-09,9.324216469781975e-07,7.653000696827971e-08,8.156879170141863e-09,5.826353436880478e-07,99.99994381466573,1.27891867285127e-18,5.049774378283902e-12,2.7854820972997865e-11,5.457966187496442e-05,7.827253564456992e-13,0.0
Bexleyheath and Crayford,London (Bexley),London,6,10,3,False,2.4198264860350714e-05,1.3102919866602098e-06,8.676046008700957e-08,0.0008540908058427504,2.2622748028845394e-06,2.2001656708458987e-09,3.9190780909903013e-10,1.108027616921302e-14,6.37964675803419e-05,99.99905425254177,6.071149103232257e-13,0.0
Bicester and Woodstock,Oxfordshire,South East,7,11,5,False,1.6276025816766025e-11,8.512231677882641e-09,1.5085197920644989e-05,5.264579999946276e-11,9.701455844618534e-09,1.273913810106363e-06,0.028479002317898922,1.2761117080355393e-10,5.586911570816426e-09,0.0004398036190171453,99.9710648109542,0.0
Birkenhead,Merseyside,North West,3,5,9,False,3.1203130428066695e-08,0.04695818799150214,0.007592429741179443,5.900826765526555e-32,99.9454485538513,6.132261906099393e-35,2.2250698224812276e-15,3.783041140505623e-07,4.189086931158656e-07,3.6052439618641816e-14,1.1139674670288635e-62,0.0
Birmingham Edgbaston,West Midlands,West Midlands,10,10,3,False,0.22559646985802137,0.19121981573759195,0.6445162865881099,6.336556769840629e-13,0.0019274457331513088,2.502739011042542e-35,2.0000179543410988e-08,7.459625611848763e-12,0.7265837027937588,98.21015625928098,2.9549988054230993e-34,0.0
Birmingham Erdington,West Midlands,West Midlands,10,10,8,False,0.00820013874606737,0.016859966944806102,0.0002256227512427331,0.0005005745552337966,0.0006867608470527629,1.2266005845285486e-21,2.1721108856452153e-10,3.868219507667326e-09,6.316887797555873,93.65663913451434,8.361384205357169e-27,0.0
Birmingham Hall Green and Moseley,West Midlands,West Midlands,5,2,6,False,2.9659639064519677e-22,99.9422639120105,9.510694632527243e-26,5.971279553676238e-101,0.057736087989324794,9.823130320510763e-121,7.968930484619988e-38,3.0702391020215574e-69,1.4865311207605687e-19,1.193730783135898e-35,7.313863184979329e-118,0.0
Birmingham Hodge Hill and Solihull North,West Midlands,West Midlands,5,2,6,False,4.125202543928273e-13,99.99952509399434,1.8865829231155005e-20,5.011109665485466e-55,0.00047490600505044773,3.020751883675743e-69,1.5497995086646204e-31,5.861883656142242e-42,3.642882647869667e-14,1.1160774456096064e-18,7.610783537847985e-82,0.0
Birmingham Ladywood,West Midlands,West Midlands,5,2,6,True,2.9963170062601163e-10,99.19162513397805,3.2431659966315865e-18,3.504722715537413e-85,0.8083748657225255,1.3774382648735376e-137,5.170151241378932e-40,1.6484007430709126e-59,2.8576270676059436e-15,9.59467556904156e-21,4.6678340252880075e-129,0.0
Birmingham Northfield,West Midlands,West Midlands,10,10,8,False,0.00031856870179094185,0.00040269850722113396,0.00425759395297115,0.30949345138342715,7.18599522998511e-05,7.410054147524294e-13,1.794671887738373e-07,3.713782563868265e-05,0.37150027487973514,99.3139182353289,2.399850895252334e-19,0.0
Birmingham Perry Barr,West Midlands,West Midlands,5,2,6,False,8.480882760452649e-07,99.87431068344532,2.0855328964381008e-10,4.456887553405652e-59,0.12568846825541385,3.380735993609407e-94,1.3403587311353348e-21,2.8297869349331516e-43,2.7495286562511783e-12,2.3838775014220848e-14,7.893988459799832e-102,0.0
Birmingham Selly Oak,West Midlands,West Midlands,3,3,7,False,3.036890988593557e-06,0.012788804589662051,99.67282450462146,5.4797356681410004e-11,7.543582310576688e-05,3.642329571696001e-28,4.4848851950834224e-10,1.157204262668863e-07,0.00026004991182820646,0.3140480519392871,5.237268886083132e-35,0.0
Birmingham Yardley,West Midlands,West Midlands,5,2,6,False,9.988570202541754e-13,99.9999643136668,1.0913478883501075e-23,1.9470602894142366e-69,3.568633205750721e-05,1.9821057415042273e-81,2.40063139131743e-32,8.469300610711901e-54,1.8791343738214203e-15,8.92579179672633e-17,5.415387808489176e-96,0.0
Bishop Auckland,County Durham,North East,9,6,9,False,4.6102004353439873e-07,8.743059801053101e-05,0.027907524604689298,3.513079913226512e-05,4.782604690522475e-05,99.50240065936387,7.853221638516101e-13,0.46407422477343824,1.4129019068138756e-06,0.005445329891078392,1.4606297666588772e-13,0.0
Blackburn,Lancashire,North West,5,2,6,False,9.455004593349935e-12,99.99991290496402,3.1794856483541683e-13,3.134463601550102e-52,8.70950227214908e-05,2.065491147837127e-70,3.564991983370145e-20,2.209248164013828e-38,3.3269053721743944e-12,1.0724324400489589e-14,2.739340375785367e-74,0.0
Blackley and Middleton South,Greater Manchester,North West,10,9,8,False,0.0003921711325882691,0.006435441821105753,0.0005143151305541624,8.327304328201919e-13,0.0035985004398922465,5.35352855638559e-35,3.836513984774785e-11,0.0002607401052008536,99.98876076176937,3.8069562127466344e-05,2.1409735189516466e-39,0.0
Blackpool North and Fleetwood,Lancashire,North West,9,4,1,False,5.921093273748624e-07,7.291585837654382e-05,0.0014220552413607807,88.5836712374519,4.451399988268527e-06,10.605269328063754,2.9859132372343203e-12,0.7829136833201247,3.407604061688813e-07,0.026645395791688682,5.229883247166967e-14,0.0
Blackpool South,Lancashire,North West,9,4,9,False,2.071304771752446e-05,3.117767371850177e-05,0.00293938748158621,95.68273158746247,0.0001073595510542104,2.5004053980807546e-10,1.6689556294740968e-12,4.313992929090057,1.0487556403606314e-05,0.00016635788513671892,2.2662527431925107e-31,0.0
Blaydon and Consett,County Durham; Tyne and Wear,North East,8,8,9,False,4.529539750313659e-11,1.1923691967717748e-06,0.0008560700934821446,1.2211463545189815e-09,1.2312714696340695e-07,2.743551328008056e-08,4.4382425263659255e-11,99.99889990457646,6.295559656563159e-10,0.00024268045785689018,1.3292507929355934e-23,0.0
Blyth and Ashington,Northumberland,North East,8,8,9,False,4.594696097256253e-09,2.8527117487536387e-06,0.0003827962411107927,2.537297878439761e-06,7.831417886596713e-08,3.780286817217532e-12,1.0910014939194173e-11,99.99959467332668,5.4392956372992105e-08,1.700310599606839e-05,2.370342355315095e-31,0.0
Bognor Regis and Littlehampton,West Sussex,South East,9,4,1,False,9.308491577784166e-09,2.066466631486816e-07,6.606296004977773e-06,86.5454761817079,5.1856070473219044e-08,13.433386993659898,1.830487567393802e-11,2.9714287900187767e-06,1.2899468104828172e-09,0.02112697683331812,9.54582262871537e-10,0.0
Bolsover,Derbyshire,East Midlands,8,8,9,False,7.559892363248108e-07,9.501447109252531e-05,0.009554926080777895,4.7843275043177194e-05,1.207679736843499e-05,2.485252630443941e-05,2.4863507685080487e-11,99.98909968513068,3.443265006314853e-06,0.0011614024394550324,9.275562572814196e-21,0.0
Bolton North East,Greater Manchester,North West,10,10,8,False,1.3786384074726024e-05,0.9684688085277948,0.02862080154816563,0.0006601351786336971,0.00017837330878656352,6.276923047862554e-11,4.267580577662569e-07,0.0551235271045645,0.009373982534105218,98.93756015859319,2.1893060568420547e-16,0.0
Bolton South and Walkden,Greater Manchester,North West,10,2,8,False,0.0001422675252649482,90.28440975079255,0.0029171916987332878,1.330067173863581e-08,0.0004959675330113573,2.816165308187757e-26,6.5008558555098725e-09,1.1814271047622782e-07,0.07387361630427222,9.638161068201793,2.4146758119274412e-29,0.0
Bolton West,Greater Manchester,North West,9,10,1,False,1.736006063611701e-07,0.00593758688444855,0.005216394355178986,0.01042297060095645,7.828461626415167e-05,0.00140521101353847,2.5290543704305306e-08,7.879612382495804e-06,7.1012757042294376e-06,99.97692437268215,6.8129149489238e-11,0.0
Bootle,Merseyside,North West,8,8,9,False,3.9684454772800155e-09,1.2385609268390145e-05,0.014918667989365877,2.58235690766691e-26,0.00018462559939453021,1.1126466878224088e-23,5.337812284249715e-17,99.98484163661959,4.267847714610524e-05,1.7366550753559172e-09,1.9172731553701385e-45,0.0
Boston and Skegness,Lincolnshire,East Midlands,9,5,1,False,0.0018753229142927108,0.0007496530988685306,2.551196221454133e-06,9.687236746474635e-05,99.97219947085458,0.024855449737209555,2.2785974595444127e-17,2.2870889545955457e-09,1.3171410972259955e-07,0.00022054582984196096,7.165057396461037e-22,0.0
Bournemouth East,Dorset,South West,6,4,3,False,1.3075509054481822e-06,3.025835590869454e-06,0.001982134882393376,99.98722847618114,1.40721373617381e-06,4.955723581260795e-05,3.9767556826732093e-10,4.7939396764318065e-05,3.714281607814572e-05,0.010649008489970723,8.679563971308628e-17,0.0
Bournemouth West,Dorset,South West,3,3,7,False,0.00017069788979806792,2.5966982491371624e-05,94.71372779005826,4.709065704462184,0.0019552393406311033,1.7023119459930606e-06,7.779235139767727e-09,0.001180068335595328,1.3849821041437587e-05,0.5738589730189013,3.608293636443903e-21,0.0
Bracknell,Berkshire,South East,6,10,3,False,7.89242501165635e-06,9.789822308623965e-06,0.0002497415259632692,24.552231036447562,6.767265427010191e-06,7.188916164762412e-05,1.9661827406466618e-05,4.254372732181623e-08,0.0005284615340693203,75.44687470042344,1.702352366750896e-08,0.0
Bradford East,West Yorkshire,Yorkshire and the Humber,5,2,6,False,1.434213497046204e-17,99.99989675682492,4.7558297851145337e-26,1.0176934052349644e-80,0.00010324317512702824,1.3427557197133426e-89,4.305429188832981e-37,2.7458388014681595e-56,3.6046509397148067e-19,1.0090426932905101e-22,1.0540747143470442e-102,0.0
Bradford South,West Yorkshire,Yorkshire and the Humber,10,2,8,False,4.025530991246259e-07,99.99638127895707,2.203147217357867e-07,1.3715016462678772e-15,0.0010897759837782664,4.0566049511191725e-26,9.379457855056539e-14,1.9214175033220104e-11,4.1745211712221885e-05,0.002486576960406306,1.5105390811318292e-33,0.0
Bradford West,West Yorkshire,Yorkshire and the Humber,5,2,6,False,1.4403020123539492e-25,99.58774774616754,1.739753679347639e-38,5.55997074455983e-128,0.41225225383218445,1.0217247897049357e-145,5.720430705540591e-56,1.099321714470849e-76,5.274805739447407e-25,5.88071989488575e-49,1.7684347511654453e-153,0.0
Braintree,Essex,Eastern,9,4,1,False,3.922093118940835e-08,1.5548489773330295e-05,6.0950974031576455e-05,85.58277815786258,6.644425868953932e-06,13.975850611527468,4.572665420324015e-11,4.6407176959218955e-09,1.3425325780710623e-07,0.44128790753656344,1.0232138801920403e-09,0.0
Brent East,London (Brent),London,11,5,2,False,1.785015079454918e-08,1.954187738332417e-08,1.309550999147715e-12,3.0936032009569496e-72,99.99998754333895,2.2381452895029944e-88,3.820651946170064e-30,1.3797947030964925e-47,1.2419267450880445e-05,1.721745848123718e-25,2.4942775292436744e-75,0.0
Brent West,London (Brent),London,11,1,11,True,99.99835070432096,3.63548348315146e-18,1.4274210733136983e-46,1.5269802688135865e-135,0.0016492956792070928,1.092670383104735e-161,1.1242461208634631e-59,1.9047492061410497e-87,1.039619834269408e-26,2.7577908164622086e-38,2.848223553289918e-190,0.0
Brentford and Isleworth,London (Hounslow; Richmond upon Thames),London,11,1,2,False,99.99236796890365,0.00020850603463632797,9.851352499192128e-11,4.9544094951056346e-37,0.006964982898290156,4.8105708081988033e-60,5.239035161479971e-16,6.320007493683834e-28,0.00041891076196367595,3.9631302886987925e-05,6.993660566624639e-61,0.0
Brentwood and Ongar,Essex,Eastern,1,10,3,False,2.510015869609541e-07,1.9313457858211925e-05,2.9878337603180725e-07,0.0053279173366267574,1.9083893572939743e-05,0.7804491736947395,1.1472258622386026e-09,8.767769697139255e-14,3.034544478050381e-07,99.21418341932065,2.3790983425040522e-07,0.0
Bridgwater,Somerset,South West,9,4,1,False,4.627117550441008e-09,4.23040604985382e-07,5.8619622139625294e-05,99.39642614259955,3.6248776217901744e-08,0.5955772211729411,1.6050131415463266e-09,4.521518573612649e-05,3.344402084375172e-09,0.007892328623985475,3.929635661017049e-09,0.0
Bridlington and The Wolds,East Riding of Yorkshire,Yorkshire and the Humber,9,6,1,False,1.0780761045222674e-08,2.815486594011423e-07,2.811671534741255e-06,0.00035562149290838926,1.15645124846185e-06,99.99963320629773,1.5089890786199737e-16,1.0231840009689718e-07,1.0374500269276367e-11,6.809427493931075e-06,8.458196166237379e-13,0.0
Brigg and Immingham,Lincolnshire,Yorkshire and the Humber,9,6,1,False,2.4242165781945605e-08,2.417095277334742e-06,6.766018216054534e-06,0.4569313309534027,7.004063398922863e-07,99.38683369455484,7.742497728153881e-15,8.169492090705592e-08,1.7057524353055744e-10,0.15622498483733674,2.689518776546473e-11,0.0
Brighton Kemptown and Peacehaven,East Sussex,South East,3,3,7,False,1.4021636344974541e-07,0.002026663566070664,99.98869476152667,6.584246386877752e-24,0.009278271514289886,1.9247868802985451e-34,9.1832054537054e-15,9.891794613845929e-12,1.6315454218878907e-07,1.1977475389276211e-11,4.4420430935124135e-60,0.0
Brighton Pavilion,East Sussex,South East,4,5,12,True,3.1522433411232496e-110,1.0938394134436712e-67,1.4537940952685263e-103,2.692036235e-315,100.0,4.6135379402328047e-299,3.48489251535018e-191,9.941495736288698e-184,2.0938544946843901e-134,1.624800547410536e-278,0.0,0.0
Bristol Central,Somerset,South West,4,5,12,True,4.78668337578236e-23,3.638859553956919e-23,1.5871623436490532e-33,7.25046069252534e-156,100.0,1.227152506964832e-186,2.6239804905952065e-90,9.577872215968509e-77,1.9034632736891202e-45,1.906053756540404e-74,6.857893012703373e-279,0.0
Bristol East,Somerset,South West,4,5,7,False,9.481738085079678e-07,0.10862355871809182,0.13609002473604742,6.334154236908986e-37,99.75527613108711,3.7944479731709805e-46,1.7989879248080536e-20,3.3113151850232083e-15,9.337284356065567e-06,7.181023529322026e-13,8.014874034489482e-66,0.0
Bristol North East,Bristol; Gloucestershire,South West,3,3,7,False,0.00022883404273235563,0.2968057996571141,98.95100911511543,7.204383091261096e-05,0.018601322643695926,1.9818569377170574e-15,8.137116821309965e-10,0.0001695293684153595,0.05258597489454377,0.6805273796333918,1.946104900299533e-29,0.0
Bristol North West,Bristol,South West,3,3,7,False,5.323523455881811e-06,0.0012032738603443027,99.91008629451504,3.1895696343331715e-08,0.0007937123466502633,7.441693656186897e-17,1.2251556510973895e-08,1.8185149170896057e-05,0.008009023850806686,0.07988414260724995,8.344755628624199e-35,0.0
Bristol South,Bristol,South West,3,5,7,False,0.0006105913894494243,7.686807389350382,0.1628139108159007,7.178098175838928e-22,92.04440823805953,8.144455131264304e-35,3.299284018108788e-14,9.236966307623594e-09,0.10535978955248956,7.159527433353172e-08,3.6583505376440425e-62,0.0
Broadland and Fakenham,Norfolk,Eastern,1,6,1,False,3.2078109426764326e-10,7.219043137838685e-08,8.40652921107939e-06,1.542607096756199e-07,1.0510174311800425e-07,99.99996657803462,7.583484836483873e-16,4.220238199186322e-10,6.402183429992256e-11,2.468034966702055e-05,2.7267720843755988e-09,0.0
Bromley and Biggin Hill,London (Bromley),London,6,10,3,False,8.286789279460552e-07,1.3786911202834353e-07,1.3718151836045399e-07,0.000608980141383213,1.7670735626064712e-06,2.6394791620037446e-09,6.207297698277364e-08,4.600347033301697e-15,0.00037234203409331547,99.99901574230854,3.6976873910030053e-13,0.0
Bromsgrove,Worcestershire,West Midlands,1,10,1,False,1.7863757775204387e-08,4.041309976580278e-05,0.00031130261186596296,0.0057188251102702065,1.0783949102776232e-06,21.98799768197268,2.1036763809609825e-07,5.762917089219445e-10,3.056967269841652e-07,78.0039734094433,0.0019567548627832366,0.0
Broxbourne,Hertfordshire,Eastern,9,10,3,False,6.963992795167306e-05,1.9426025960847706e-05,3.431554958207468e-08,0.01321792127149732,4.721553411052561e-05,3.125617248291676e-06,1.4048403534409457e-10,6.421046430454347e-14,0.0007043373955503664,99.98593829976882,2.8077212525978088e-12,0.0
Broxtowe,Nottinghamshire,East Midlands,6,3,1,False,2.3212052136243298e-07,0.0149069771887412,99.55551210524754,1.210443160610253e-08,0.3807784573955702,1.2538280017743389e-05,5.026262260711217e-06,0.0023199620227581977,8.407700093954964e-08,0.04646460530117817,1.318050101123733e-15,0.0
Buckingham and Bletchley,Buckinghamshire,South East,6,10,3,False,9.955966389107475e-07,6.57303304306959e-06,6.1145931731665e-05,4.460277113684893,4.4829369282349385e-07,0.0008980788288328058,6.618890563454837e-07,4.178259423483768e-09,0.00050057577384869,95.53825432013969,8.265036219805402e-08,0.0
Burnley,Lancashire,North West,10,2,8,False,1.0443427795536985e-09,99.92892730828474,0.0011236921440845938,7.741002784365558e-18,0.04441514891418425,1.0555615690446694e-19,0.02523765003316054,7.636245150469978e-06,1.516677177060165e-07,0.0002884116650571102,1.5738303377743392e-12,0.0
Burton and Uttoxeter,Staffordshire,West Midlands,9,10,1,False,7.618722617364855e-07,0.0010461556942151272,1.5741687443494034e-05,38.301545665104655,9.84256261743682e-07,0.06015299676518003,6.777488196765746e-11,2.6869426736985772e-08,6.599178952847714e-06,61.637231068499354,4.560178118595473e-12,0.0
Bury North,Greater Manchester,North West,9,10,8,False,4.964569727244352e-06,1.9635680324815799,0.3018719292336763,0.06911249037477776,0.0004101258794038397,0.011890958043572469,2.522146017341421e-07,0.008844490239245674,0.007489445616964651,97.63680731103686,3.095682868749663e-10,0.0
Bury South,Greater Manchester,North West,6,5,4,True,8.35069621423737e-32,9.050976330181602e-08,2.4356589931700066e-42,1.3504317698564135e-112,99.99999990949036,1.5025477682493126e-97,4.428351339298e-62,2.4364678928471217e-52,2.5675441365010917e-27,4.4282643452183435e-62,2.2584755237704566e-116,0.0
Bury St Edmunds and Stowmarket,Suffolk,Eastern,1,6,1,False,8.635411998498991e-06,0.03550314783009646,0.1520185426227749,0.002177176323610072,1.5181375337911318,98.29157983118515,3.206753573376914e-13,0.0005723301579043362,2.3406475350864943e-07,2.5686121473505607e-06,2.5645199478571734e-13,0.0
Calder Valley,West Yorkshire,Yorkshire and the Humber,1,6,1,False,2.265169257150325e-08,0.0006948633083942084,3.5171399076763787,0.31761126281456026,5.9776468231350765e-05,94.03135974333271,4.813004716554433e-09,0.004483913112005322,4.933123722333071e-06,2.128645572670805,2.8385807598869772e-11,0.0
Camborne and Redruth,Cornwall,South West,1,6,1,False,8.482070676442001e-09,3.064419365289947e-06,0.007103595690087862,9.742213972484242,7.766025221366752e-08,90.19661342628058,2.0269430181929744e-11,0.0001832327453781002,1.0123745463983094e-08,0.05388261203671714,5.731629370702192e-11,0.0
Cambridge,Cambridgeshire,Eastern,4,3,2,False,4.9430655591661666e-05,1.867667685385505e-07,99.62809772784573,6.641932089016133e-30,0.1278350542878567,1.0541882413447491e-57,1.9566367569439738e-11,6.300388403986927e-19,0.24401759576458695,4.659866749842614e-09,2.465547014587692e-76,0.0
Cannock Chase,Staffordshire,West Midlands,9,4,1,False,1.1064567806784082e-06,0.00018197458486376105,0.00020811435567707202,97.37877573877692,0.0001889178067907445,1.3253342884750632,2.850898388220612e-13,3.681866204844051e-06,3.322881521660933e-08,1.2953061444485259,8.749126976644973e-15,0.0
Canterbury,Kent,South East,3,3,7,False,3.5040614356130396e-09,0.00013340505994203833,99.99940385061903,1.534438361625761e-07,0.0002880663533747002,7.440326799282777e-11,1.2079890831473454e-09,5.7035251130224524e-05,2.617867979291496e-06,0.0001148666181592408,1.8662357341615194e-25,0.0
Carlisle,Cumbria,North West,9,4,1,False,2.9722665484510112e-08,5.773242742078506e-06,0.0024337164434126203,66.41253485519337,1.1790644553132115e-07,33.39508657006658,1.0077798909185268e-10,0.025662788870535663,1.2988160351080273e-07,0.1642760185186427,5.329614962369424e-11,0.0
Carshalton and Wallington,London (Sutton),London,6,7,5,False,7.138015435981837e-07,1.0200610072479897e-06,2.2077594508533614e-07,1.9719403173279623e-16,4.4387200739739e-05,5.226257071888753e-27,99.99992405450094,1.1920992211500471e-15,1.3198465598582985e-05,1.6405194121331866e-05,1.1497642468332837e-15,0.0
Castle Point,Essex,Eastern,9,10,1,False,2.179178415095907e-05,0.03093366992198122,1.632096700247857e-05,3.0602735259852123,0.03712475163261683,0.006258588249466534,1.428645008939834e-12,8.521157964621516e-10,4.525570946328404e-07,96.86537089804884,2.7466099433305028e-15,0.0
Central Devon,Devon,South West,1,6,1,False,2.2218770682600593e-10,3.2456270846167005e-08,9.667857972297806e-06,7.997547825365262e-12,1.6131176297684646e-07,99.9999753698349,1.5436722851754556e-15,2.1615389815522136e-10,4.679219224665248e-11,1.3728963263772305e-05,1.0390826031139194e-06,0.0
Central Suffolk and North Ipswich,Suffolk,Eastern,1,6,1,False,1.9344090422768345e-08,7.998445987650421e-06,0.00030779959749964366,0.006187504679456257,1.2350381767431524e-06,99.93271659614388,4.40573316292912e-12,5.161020984833324e-07,1.4931793043435735e-08,0.06077811737209669,1.983405769119554e-07,0.0
Chatham and Aylesford,Kent,South East,9,4,1,False,1.1803042760973809e-07,9.72963339071518e-08,1.6948445600561794e-07,98.7302399197633,5.342400049089379e-08,4.028565877407024e-05,1.619861055034145e-12,2.04314414171591e-12,1.3486218344023212e-07,1.2697192214766453,2.921805578727745e-13,0.0
Cheadle,Greater Manchester,North West,7,7,5,False,3.8696009494966825e-12,1.7336480006922327e-05,1.2559190983991794e-05,1.231217960999163e-19,1.732070855600609e-05,7.01298516182326e-16,99.99990433831371,3.420202408854642e-16,4.7299453730998745e-08,4.3872949947874095e-05,4.5250533921525705e-06,0.0
Chelmsford,Essex,Eastern,7,7,5,False,1.8319749407484677e-09,5.992722068430774e-07,0.000533908281903148,9.668066642254471e-11,2.0725030996433423e-06,5.672873745225861e-12,98.9790706574642,4.394642387618149e-11,3.6650395121543276e-07,0.006321776515441327,1.0140706174807534,0.0
Chelsea and Fulham,London (Hammersmith and Fulham; Kensington and Chelsea),London,2,5,4,False,5.2803946422883916e-08,9.848675143126057e-17,2.2332715443452975e-32,3.1954540209675906e-74,99.99999994719602,4.436601917852454e-95,6.906286165778015e-38,5.093335618911349e-58,1.8978657141995584e-18,1.076541466088777e-36,1.157678317793749e-107,0.0
Cheltenham,Gloucestershire,South West,7,7,5,False,1.1537676768541049e-13,3.300122304362991e-07,0.0002440471329364955,1.364057599134503e-23,2.3417029987883365e-05,6.369046959301595e-19,99.9994482590535,7.698408404074644e-16,1.9374790778073195e-12,2.6878206735189045e-10,0.0002839465006392045,0.0
Chesham and Amersham,Buckinghamshire,South East,7,7,5,False,3.1520938912555127e-09,6.888504682309427e-05,1.3015906401642737e-06,4.731481364434899e-27,0.0032735657753746195,3.076667869982818e-20,99.99664460341133,6.404243022250231e-22,3.96812327759385e-09,1.1632873754223426e-05,4.181906635513514e-09,0.0
Chester North and Neston,Cheshire,North West,3,3,1,False,1.135957592615329e-07,0.00022526732524816667,76.03923500870722,1.0035082412460436e-05,4.732391058129082e-05,0.0004084851250927618,5.649861601972996e-09,23.617120436662365,2.6937811440671264e-05,0.34292638612991755,5.6132421580440834e-21,0.0
Chester South and Eddisbury,Cheshire,North West,1,6,1,False,4.03240681567132e-10,8.846315440129106e-08,1.4304040413470863e-05,1.5940343782544247e-09,2.2680018172776604e-07,99.99429003634238,1.1346476201618985e-13,7.888644611572394e-10,6.587411878427094e-09,0.0056953258459838205,9.134131706726338e-09,0.0
Chesterfield,Derbyshire,East Midlands,8,8,9,False,7.886819917518336e-09,7.545414943979963e-06,0.0038097636224712823,1.305043062095287e-07,2.6877835860476567e-07,3.100124640311508e-11,3.464902882630038e-09,99.99612682188591,3.095878253000856e-07,5.514882345941455e-05,1.0325917409031296e-25,0.0
Chichester,West Sussex,South East,7,11,5,False,1.264900504309387e-14,7.385881770909609e-08,1.529365643812765e-05,8.867599895344491e-28,0.0005709412792292846,7.495068791370611e-12,3.5330308621215114e-05,1.2772557807966009e-13,1.178034068936298e-14,2.841865583629267e-12,99.99937836088635,0.0
Chingford and Woodford Green,London (Redbridge; Waltham Forest),London,6,2,3,False,0.11281669239827795,97.07816640200221,5.82936519207927e-11,5.533944134824506e-33,2.80235948624814,1.2307316969718282e-32,2.5681574844120135e-20,3.1587279173169076e-29,0.006343698499383659,0.00031372079370829085,4.264985708400712e-49,0.0
Chippenham,Wiltshire,South West,7,11,5,False,1.098634894627987e-14,7.369957117192091e-10,1.2171272132144409e-06,4.518082102601289e-17,3.239242833616249e-09,1.6197814783389617e-10,0.002710208957892576,5.03357809854618e-13,7.105496466269552e-14,2.904573402298105e-08,99.99728854073034,0.0
Chipping Barnet,London (Barnet),London,2,5,4,False,1.0486673963413562e-08,6.551944422221132e-05,1.837287663426791e-12,6.508738242325232e-36,99.99992875504,1.1589439206100518e-42,6.198772802472927e-20,3.984548838554989e-28,5.715027494231946e-06,6.080888259644124e-16,1.1038811202635961e-43,0.0
Chorley,Lancashire,North West,12,12,10,True,4.504570306100435e-282,3.310148432045462e-236,1.5381035652533886e-259,0.0,8.310664927582393e-93,0.0,0.0,0.0,0.0,0.0,0.0,100.0
Christchurch,Dorset,South West,1,6,1,False,2.1520503679628974e-09,6.376499901390046e-06,1.658111114288606e-05,8.422321906792519e-07,1.4577901928712204e-06,99.99466282822902,6.584660725205673e-11,9.024246903548221e-10,1.772782747118609e-10,0.004432806553691745,0.0008791042864031459,0.0
Cities of London and Westminster,London (City; Westminster),London,2,5,4,True,1.839562422544973e-20,8.541855088522378e-39,1.9229927178810824e-62,2.5940399822860173e-145,100.0,1.4020848290907808e-174,2.6377549109932557e-75,1.910381046801593e-121,1.2959031022903921e-46,3.1639144378595454e-83,2.9684175836751745e-190,0.0
City of Durham,County Durham,North East,3,3,7,False,4.565485512760502e-07,3.386153054666741e-05,99.99877242984472,6.311870985443916e-14,0.00020944551182027353,2.4983943875883587e-15,4.1192427833147215e-09,0.0008990040889263289,1.394071463247301e-06,8.340428473258621e-05,4.4672865638378377e-35,0.0
Clacton,Essex,Eastern,9,5,1,False,1.656761773076774e-06,0.0012095044536688379,1.2900125965803267e-06,1.795650287149748e-05,99.99859024876955,4.804175693838558e-06,2.9989997117937042e-18,8.675361330324107e-10,3.672355508193643e-13,0.00017453845613121918,1.6355089556525747e-26,0.0
Clapham and Brixton Hill,London (Lambeth),London,4,9,2,False,1.5580973439827623e-05,9.685725479230633e-09,5.015974231675865e-07,4.745847303130283e-30,0.00011898948173331404,1.5310599846209784e-57,7.464888612369736e-19,2.2723447348859473e-19,99.99986491272523,5.536401537700784e-09,2.5305546726932126e-81,0.0
Colchester,Essex,Eastern,3,4,3,False,1.0610198289218954e-05,4.031627743790533e-05,0.753361026757472,96.75454372048767,6.70092858612923e-05,1.20054374061932e-07,0.00013565229744697942,8.995543941444135e-05,0.0033253709690648746,2.488426218232754,5.094061584250945e-14,0.0
Colne Valley,West Yorkshire,Yorkshire and the Humber,1,10,1,False,2.5626367708268004e-07,0.001078945213933817,4.836090058036746,6.1148783268589355,2.5987109206704217e-05,34.29647260766935,3.12141788531982e-07,0.019879908683089746,0.00011756056582966357,54.73145603217496,5.2824966407949986e-09,0.0
Congleton,Cheshire,North West,1,6,1,False,9.542979880880209e-10,7.577331817667858e-07,6.579968886417876e-06,0.00016314238460862684,7.889234152497151e-08,98.85487834585693,1.465273652755538e-13,1.1373543096591083e-09,1.952895519769826e-08,1.1449510731427996,4.00563770619802e-10,0.0
Corby and East Northamptonshire,Northamptonshire,East Midlands,9,4,1,False,2.3213740121249217e-07,2.4912619624786472e-05,0.0005325630864669083,92.08409571924723,4.740707597382402e-07,1.506770379626904,1.7038212624734144e-09,4.2083681825101665e-05,4.0526395665801654e-05,6.408493107184654,2.456553705796639e-10,0.0
Coventry East,West Midlands,West Midlands,10,10,8,False,3.3724796339455625,0.2593381600721102,0.0025735731304387505,1.4021393935196476e-10,0.0009299421516807253,2.7583709110723815e-27,4.217931913873694e-09,6.556623320865927e-08,1.2523254526531504,95.11235316812258,1.653299782778477e-29,0.0
Coventry North West,West Midlands,West Midlands,10,10,3,False,4.6780152395829764e-05,0.00011087002292639276,0.0013702460445296641,7.705052232900499e-05,8.276647635226093e-07,2.890166411398511e-11,4.285150472552967e-09,2.1577299584274018e-05,9.531186141574799e-05,99.99827733211806,5.274918073612798e-16,0.0
Coventry South,West Midlands,West Midlands,3,10,3,False,30.45430424673654,0.1620836176284526,8.948936963132509,8.671161043395274e-21,11.722103823996926,3.9245309959481214e-30,1.99347627845494e-10,5.446052046918894e-12,0.006287810927113022,48.70628353737372,2.1204795614320103e-33,0.0
Cramlington and Killingworth,Northumberland; Tyne and Wear,North East,8,8,9,False,3.2200580704745184e-09,1.8910601132871163e-05,0.04181968957472923,0.0007428249875636469,2.1722003331690242e-07,0.002121734383172056,1.5335198984281915e-09,99.92429498212022,3.014593618460475e-07,0.031001334900267304,1.8073533574528716e-17,0.0
Crawley,West Sussex,South East,6,10,3,False,5.589492447163743e-05,8.175363451546616e-05,1.0724066360373247e-05,2.928384109905942,6.27859460733644e-07,1.6255781308821137e-10,4.985140588825834e-09,1.7252610745188086e-10,0.0004780990436415048,97.07098878524543,9.2746038283309e-15,0.0
Crewe and Nantwich,Cheshire,North West,9,4,1,False,4.076621827357641e-08,6.187248338634041e-06,0.0002892676529563335,94.46244450848573,4.711827305389738e-08,0.027144295816759204,1.8013148748218354e-09,0.020438730504336144,3.826853197920235e-06,5.489673093752525,3.817330794779377e-13,0.0
Croydon East,London (Croydon),London,6,9,2,False,0.0018010237369700812,7.599138695287613e-06,1.827756053588443e-05,1.5443603958138949e-13,0.0007746185898333877,2.398267351115749e-21,9.36329633511911e-10,1.1997569384126063e-14,97.22975041207681,2.7676480679605797,5.849699314407852e-20,0.0
Croydon South,London (Croydon),London,6,10,3,False,0.00034988701482319536,8.19156720708022e-07,3.308711516120712e-07,2.754777011424238e-11,1.7251204711188242e-05,6.6808485033179375e-18,1.9148772275304877e-08,1.4418717316871516e-18,0.009057272121680556,99.99057442045441,3.338993097982244e-20,0.0
Croydon West,London (Croydon),London,4,9,2,False,0.0004133114062271751,1.0288469727667817e-07,3.574605262113124e-10,1.3336899290636234e-39,0.00015366805892696927,1.1877374590649022e-60,3.829999847422205e-21,1.1278227200604223e-23,99.99943291708317,2.0936617661878038e-10,8.148971888600817e-53,0.0
Dagenham and Rainham,London (Barking and Dagenham; Havering),London,10,10,8,False,0.04843162020598786,0.035993708164952405,1.3548640947269554e-05,2.808882547126924e-07,0.060707004836233584,2.0393664478777704e-22,2.910302700516274e-09,3.985099047403091e-12,30.280546016662253,69.57430781768717,8.371371132966118e-25,0.0
Darlington,County Durham,North East,9,8,9,False,2.4957732297839282e-06,0.0002491318916661014,0.2957859201335479,1.5989473178598976,2.280337187895359e-06,0.008851099665787811,3.5533046462606964e-08,97.96210421230069,4.215796203714945e-05,0.1340153485428547,3.076519374362179e-14,0.0
Dartford,Kent,South East,6,10,3,False,3.611921097269883e-05,4.325181787156503e-07,7.909539517839523e-08,0.07272611877353556,1.2047944822903777e-06,2.2060800712743263e-11,1.3860610089545384e-09,8.768488546597348e-16,0.0002833169567959638,99.9269527272425,1.996903952468384e-14,0.0
Daventry,Northamptonshire,East Midlands,1,6,1,False,7.516091928758226e-10,5.79179855780378e-08,6.01041169686952e-07,0.009537236987287485,7.775357677644271e-09,99.82875988446808,2.625217092321049e-12,4.014352709009077e-10,1.6221668863038888e-09,0.16170110135136348,1.107680898934618e-06,0.0
Derby North,Derbyshire,East Midlands,3,10,3,False,0.006639274155857387,0.027502208006298882,21.722251447174365,0.00519107939943955,0.001125388294687726,1.3601733906330104e-11,4.254751910179041e-06,0.02571384197218659,0.07756353875490946,78.13400896747667,7.606223681731159e-21,0.0
Derby South,Derbyshire,East Midlands,10,10,8,False,0.025282348351031908,38.4644570387742,0.021496436612445064,4.8212969386320626e-08,0.003685627908349093,1.4640847381773356e-26,6.56000500949384e-08,7.988328045613111e-11,0.18688116502403332,61.29819726943718,1.918725225929427e-29,0.0
Derbyshire Dales,Derbyshire,East Midlands,1,6,1,False,3.657374016189488e-10,4.349820140497557e-08,2.4316202688592484e-06,1.1980421342722376e-09,4.9027239077988844e-08,99.99973294040964,9.250832695630984e-17,1.8377128016379606e-09,3.115590981699759e-10,0.0002645316451105986,8.656912862444131e-11,0.0
Dewsbury and Batley,West Yorkshire,Yorkshire and the Humber,10,2,8,False,5.267864945050831e-17,99.98776837836104,6.914230854263354e-15,1.7363273532915216e-56,0.01223162163878002,1.4441884656048378e-63,2.7487007542992033e-21,7.8258345610951335e-31,4.242215518692571e-15,8.628738982548027e-20,5.4587591662761e-65,0.0
Didcot and Wantage,Oxfordshire,South East,7,11,5,False,3.4070158009463986e-11,3.1501814147557533e-07,0.0002125945776522105,2.994191641199329e-11,4.1554819128981093e-07,5.521542203809197e-09,18.362136893961083,4.0387320073050226e-11,4.1791057200486996e-08,0.00047074810146459345,81.63717898537651,0.0
Doncaster Central,South Yorkshire,Yorkshire and the Humber,8,8,9,False,9.298912403674733e-08,5.138421633780107e-06,1.6665298768118207e-05,5.125184246495875e-10,1.5678216512461706e-06,9.772741177368198e-18,3.3561584761081024e-10,99.99997611675441,2.8321138280333223e-07,1.346548697655779e-07,3.298082137560989e-27,0.0
Doncaster East and the Isle of Axholme,Lincolnshire; South Yorkshire,Yorkshire and the Humber,8,8,9,False,7.746921653240081e-07,4.426921839038378e-05,0.008103315031948938,0.023515145761113854,4.5274953089060675e-06,1.3413784980122463,2.6824665621944255e-09,98.54716317933688,4.2905071472345676e-07,0.07978985858361748,1.3511575176534628e-10,0.0
Doncaster North,South Yorkshire,Yorkshire and the Humber,8,5,9,False,6.55970420342941e-14,0.0008509017477009572,0.003036106995781979,3.365003099992934e-37,99.99602480075261,1.128308981584691e-30,2.9011040639835414e-16,8.819050395580518e-05,2.6085771443367873e-19,3.931431626867268e-24,1.0871910334656194e-40,0.0
Dorking and Horley,Surrey,South East,7,11,5,False,1.1437065243917538e-11,9.95381045945406e-08,3.0873681363437335e-06,3.611470386046078e-13,3.6822669141963e-07,4.8216956444078893e-08,0.8227881378558024,3.813478929201105e-13,2.4713942841537293e-09,0.001717634263337576,99.17549062204743,0.0
Dover and Deal,Kent,South East,9,4,1,False,1.0265647685904278e-08,5.020107493853312e-07,1.6064320806377615e-05,98.40667896330157,2.3377853271011257e-08,1.5801547141431327,1.278949550123498e-13,1.968375460426156e-05,1.2031891367472095e-08,0.013130026793670797,9.807337806452134e-15,0.0
Droitwich and Evesham,Worcestershire,West Midlands,1,6,1,False,3.669702656401333e-10,3.517476424522578e-08,4.2955779163035575e-07,0.0007208010120373722,4.9137364635770735e-09,99.99146156570372,5.422408535188708e-13,1.1530899881232682e-08,1.476234434396289e-09,0.007816821381714153,3.288816358834177e-07,0.0
Dudley,West Midlands,West Midlands,9,4,8,False,0.004030175472007452,0.0047423229373845695,7.968946122933367e-05,99.68959340614163,0.00047738869103251493,2.0226256099187896e-08,1.8476879459017436e-11,7.645303680702671e-08,0.008040409313969425,0.293036511284956,1.2125211997228334e-18,0.0
Dulwich and West Norwood,London (Lambeth; Southwark),London,4,5,2,False,2.8261694367930072e-08,1.1466331834850937e-08,4.209566056621522e-11,7.236738624276354e-50,99.76949749696024,1.129214741083682e-67,1.0549947769888894e-28,4.1954818179987035e-32,0.2305024632695486,1.496216504501444e-25,5.5148154956622055e-87,0.0
Dunstable and Leighton Buzzard,Bedfordshire,Eastern,9,10,3,False,8.275857579178846e-07,7.712897149083315e-06,6.767653780651332e-05,24.266474306355928,1.4937924085056793e-06,0.0007081613860694542,1.1390241092176563e-05,7.204795547780634e-09,8.29258863008208e-05,75.7326394554297,6.042682839284708e-06,0.0
Ealing Central and Acton,London (Ealing; Hammersmith and Fulham),London,2,5,2,False,0.00040707857038941274,8.355239396867619e-06,4.3632567366254786e-07,5.661505052542314e-34,99.93202648648588,2.1783559114585696e-62,1.359788983881727e-14,2.083997607676439e-28,0.0675576433754244,3.2316914068511674e-12,4.376861959002307e-58,0.0
Ealing North,London (Ealing),London,11,5,2,False,1.7049675480932742,0.0023040133132620987,4.151887738692283e-08,4.7618878251188104e-42,97.85212498898024,1.9129132517371765e-60,6.480111337624337e-18,1.922254026007348e-32,0.44060340466929193,3.4249365966318137e-09,1.1835219680432358e-56,0.0
Ealing Southall,London (Ealing),London,11,1,11,False,99.99993759923804,2.6537973478837905e-11,1.2294503367202128e-39,1.112146873391982e-124,6.240073531951011e-05,1.7317356166748079e-146,2.0447673484318347e-57,1.1252875851989448e-76,9.574567537138587e-25,2.036109627108216e-30,3.629437236422471e-178,0.0
Earley and Woodley,Berkshire,South East,6,10,3,False,0.0052606638277422554,0.006325667491410317,1.3221552025570353,6.255324435677108e-13,0.03531876248727002,4.153895520367732e-17,0.0024803848350517677,3.196534393621258e-12,0.004305205303834514,98.62415411349387,4.466079123028061e-17,0.0
Easington,County Durham,North East,8,8,9,False,1.461113040972705e-09,4.795366033617211e-08,5.021674093495678e-07,2.3493425638019354e-17,5.239854835668152e-07,2.912560527921347e-21,2.0454045529666156e-15,99.99999892424292,1.685063194569903e-10,2.07303877312697e-11,3.5049478276998814e-39,0.0
East Grinstead and Uckfield,East Sussex; West Sussex,South East,1,6,5,False,1.7341242459337557e-08,0.10626622471598401,3.7609112895961583,1.4163648357302294e-10,0.07932377181171818,95.93575924038174,8.583148706400925e-06,9.658703771561888e-10,1.019604157794122e-08,0.01349848851622714,0.10423237318462988,0.0
East Ham,London (Newham),London,5,2,6,True,7.188452944360188e-12,99.93659343236911,4.603589893977678e-19,2.5326202631621752e-79,0.06340656762349367,1.078450240647213e-122,3.6997473328165203e-37,1.3432041424503529e-58,8.332805029997927e-18,1.7160182350343387e-26,4.551815919917098e-127,0.0
East Hampshire,Hampshire,South East,7,11,5,False,2.3000396577346574e-13,4.7095165540308714e-08,3.6685968145824914e-06,5.215200993812512e-15,4.5173470542420796e-08,4.9286886336191184e-05,2.3505385679380098e-05,5.433766960912146e-13,3.0364404241310437e-12,1.4177165201714974e-05,99.99990926969348,0.0
East Surrey,Surrey,South East,1,10,3,False,1.1657841276590473e-07,3.5596902612408895e-06,2.125292556158282e-05,0.2201086451549857,1.4786317707020867e-06,0.7065532448839008,7.5024467933188174e-06,6.585849973439301e-12,1.6356906538857386e-05,99.07191303595462,0.001374806820710049,0.0
East Thanet,Kent,South East,9,4,1,False,3.354651944731902e-07,8.972146265381073e-06,0.00025758679687805917,99.99466886554599,4.085810787036171e-07,5.11817021229792e-06,3.9569894403228166e-13,0.00015977884043369357,1.1657224096005713e-06,0.004897768731223686,1.8150362016366523e-22,0.0
East Wiltshire,Wiltshire,South West,1,6,1,False,3.376540675458955e-08,2.437452530064382e-06,7.099737498700546e-05,0.0053232368603933706,9.451871400980297e-07,99.99415845033863,9.931482228670613e-10,3.864713408382186e-07,6.898706846118344e-08,0.00035513099157858866,8.831157791910853e-05,0.0
East Worthing and Shoreham,West Sussex,South East,1,4,1,False,5.6353703578078305e-08,1.56742931258019e-05,0.010812547869507467,87.54895161286184,4.454556185474802e-07,1.990439134625393,1.846499639250252e-09,0.00042167576358120954,1.2316692925773298e-06,10.449357619236462,2.4966316055869457e-11,0.0
Eastbourne,East Sussex,South East,7,7,5,False,5.872381568545446e-10,4.6650702788410914e-06,0.0027669640262412195,2.4927051856260406e-17,0.0038241881902827597,1.7654509534733585e-15,99.87385612082095,6.488354772548861e-08,7.74625300064044e-10,1.3549086009212019e-09,0.11954799429185713,0.0
Eastleigh,Hampshire,South East,7,11,5,False,3.5301330295499845e-09,2.5814847908806116e-05,0.036581794269205714,1.271318808249477e-05,3.19692095946144e-06,0.00013588082416157677,26.338752698828884,3.567212996091268e-08,3.022736847719338e-07,0.28360253892535425,73.34088502071954,0.0
Edmonton and Winchmore Hill,London (Enfield),London,10,9,2,False,1.5520199736378997e-05,1.1248656180414729e-07,6.322228831851064e-10,5.853125079944093e-35,0.0002343592675956578,8.409722929680974e-44,1.9429380220977843e-20,1.0148088689401978e-24,99.99975000382996,3.5838746354942913e-09,2.333888587256272e-39,0.0
Ellesmere Port and Bromborough,Cheshire; Merseyside,North West,8,8,9,False,6.344408951693473e-10,5.425820850518256e-06,0.008148533624890862,7.155948831935971e-08,1.0712057340689104e-07,9.295779460080746e-10,3.084169334817804e-10,99.98305283644851,2.2305692363082244e-07,0.008792800496396455,8.737279141710626e-25,0.0
Eltham and Chislehurst,London (Bromley; Greenwich),London,6,10,3,False,0.00023492114424499678,1.5125885752271857e-05,1.0544715404522787e-05,0.0002665439409386746,3.537643444037903e-05,3.724984900903525e-15,1.026149581423898e-08,7.678661748990647e-10,0.9183635627559972,99.08107391409374,5.840145754550195e-20,0.0
Ely and East Cambridgeshire,Cambridgeshire,Eastern,7,11,5,False,4.4116620460473845e-10,7.102344776066185e-07,0.00031423896081346253,1.0109692924648366e-06,3.47769424618921e-07,0.008182779813804017,0.009071336640899458,2.6182840056931965e-09,8.954009116714658e-08,0.002380972979369873,99.98004851003238,0.0
Enfield North,London (Enfield),London,10,9,2,False,0.00036419101739296384,5.21855666477809e-06,2.0397671248552626e-09,4.1957224266831236e-21,0.0004759807573047775,2.170564375882712e-34,3.4600115730104144e-15,2.113914724389694e-20,99.99828960493265,0.0008650026961937081,1.1444212621490424e-32,0.0
Epping Forest,Essex,Eastern,6,5,3,False,0.19489098234791327,11.512522568386672,4.009747592318185,4.6891023543995366e-07,83.23365580433449,1.7204580344654614e-06,8.434103622522448e-05,9.214120212961984e-11,0.18090165081780174,0.8681948710200234,2.7820518211548484e-10,0.0
Epsom and Ewell,Surrey,South East,7,7,5,False,3.926623482492185e-09,1.0771158597973427e-06,2.604839510661456e-05,4.974654763537297e-13,7.767700401774061e-06,1.225940739795995e-13,99.98319291800115,5.390256247930132e-15,2.4772567118552633e-06,0.016204765140355498,0.0005649424630857855,0.0
Erewash,Derbyshire,East Midlands,9,4,1,False,3.841494533731668e-09,1.0034725960134804e-06,0.0022213585459111237,99.61819339886196,2.6826299757208624e-08,0.03648001490360734,5.407769429147463e-11,0.0001313292338496703,1.2601946480281009e-08,0.34297285165827823,1.504015704033715e-14,0.0
Erith and Thamesmead,London (Bexley; Greenwich),London,10,9,2,False,0.03627756241232368,9.237133985670467e-07,1.988170827610164e-13,2.0428549274669257e-38,0.11623280958570038,5.574893316801649e-56,5.147048574579447e-23,2.773806807103787e-22,99.84748870423556,5.2962220353992446e-11,1.7803426289942252e-56,0.0
Esher and Walton,Surrey,South East,7,7,5,False,4.3818714876156585e-12,1.2505054634886566e-10,3.2538156735763686e-10,5.938760211731715e-23,1.4266560141902205e-06,1.4937712087405218e-24,99.99999853025763,1.0753202039358332e-20,1.518975920878006e-08,2.7232835292299162e-08,2.0891252383615624e-10,0.0
Exeter,Devon,South West,3,3,7,False,3.2595441868948926e-08,0.00046542972072298987,99.8978371939701,3.211330008190613e-28,0.10169734336193152,2.744470277386164e-33,5.35787996244183e-16,1.9930424010501135e-10,6.994226208180348e-11,8.250672785833336e-11,4.742259061597289e-62,0.0
Exmouth and Exeter East,Devon,South West,7,5,5,False,7.692912946049048e-23,8.895715328957937e-17,2.0067339709777752e-20,2.533265631985018e-66,100.0,7.885464809328799e-44,1.501063172686382e-29,2.9431270512787535e-33,5.687349256880805e-36,8.463622672523438e-49,4.443866952207402e-67,0.0
Fareham and Waterlooville,Hampshire,South East,1,6,1,False,4.037009348918217e-10,1.218049108154327e-06,0.0010999193116789934,0.7280030179899221,6.49075309022224e-08,99.25872189260558,1.2984544358811493e-07,3.4183410610006494e-06,3.622811295903172e-10,0.008448671786137039,0.0037216663974925716,0.0
Farnham and Bordon,Hampshire; Surrey,South East,7,11,5,False,5.071600228234682e-09,1.705636765935019e-05,0.0025309271580751832,0.00011103912662504228,1.0763186836166637e-05,0.017944941097996152,6.911387549391429,2.1855633969914948e-09,4.177816484416775e-06,2.4514316767805227,90.61656186181708,0.0
Faversham and Mid Kent,Kent,South East,1,4,1,False,2.7444310460182072e-08,1.096699245912317e-06,2.125765894174809e-06,96.25241916383203,9.882202505561342e-08,0.6500063087953044,1.006910378561678e-10,1.3445765214177675e-08,1.7279212282392594e-07,3.097570991574506,7.281597171773457e-10,0.0
Feltham and Heston,London (Hounslow),London,11,1,11,False,99.99955358196067,4.2535625420351526e-05,8.447754883462371e-20,2.6147993561278367e-65,0.0004038822502168947,1.2531488123289618e-80,6.144753538890533e-32,2.7308074596379485e-43,1.6373226614434999e-10,5.800386810380492e-14,9.038686042034343e-96,0.0
Filton and Bradley Stoke,Gloucestershire,South West,6,10,3,False,1.5903253305696117e-06,2.5047590732074313e-05,6.984093613933609,0.0059928247532724035,2.8092007328724946e-05,2.8485580723815334e-06,8.282570173301177e-07,8.535349844191943e-07,0.0008389301726191591,93.00901537086705,7.781032092772057e-15,0.0
Finchley and Golders Green,London (Barnet),London,2,5,4,True,2.7129051633888973e-47,1.9280399586771126e-25,1.0425059602961435e-94,1.2246132849485174e-229,100.0,9.515811675203483e-200,6.688274230339156e-123,1.4821512769086594e-130,4.305943590325019e-46,8.5470483652001e-116,5.7747745871154564e-220,0.0
Folkestone and Hythe,Kent,South East,9,4,1,False,0.00022642654499570552,2.757829877776693e-05,1.3533868771046179e-05,99.978320065607,0.00022745206368342917,3.3978880556762535e-05,3.290556256876169e-13,2.3872012407107864e-05,2.973970404144909e-07,0.021126795326602704,3.129486989688117e-22,0.0
Forest of Dean,Gloucestershire,South West,1,6,1,False,9.477993360739245e-09,1.58796210015457e-05,0.002039695477412923,2.1450116020896546e-09,8.387826961130774e-05,99.99781370393278,1.8152825977040512e-16,7.731772808778606e-06,8.304901762377282e-11,3.909911491242812e-05,1.0541067510540477e-10,0.0
Frome and East Somerset,Somerset,South West,7,11,5,False,4.1238097633206134e-10,0.00019037273607668277,0.006975484214412512,2.3151174874812124e-12,6.8896602140781e-05,0.0001980947921911343,0.0012333692428445483,1.2648776356053925e-07,8.832869636408724e-09,0.001155990413417651,99.99017765626348,0.0
Fylde,Lancashire,North West,1,6,1,False,1.0277914981115895e-07,3.654294155773341e-05,3.0776799071106e-07,5.1224909664521985e-09,1.84046438695635e-05,99.99859974808797,1.3502320135812989e-17,4.843606798392854e-10,5.019881479991624e-09,0.0013448831525182247,1.0930965187518577e-13,0.0
Gainsborough,Lincolnshire,East Midlands,1,6,1,False,5.668255169955107e-10,2.1154479434638534e-07,1.680147438471454e-05,5.600163415644315e-05,1.9009555149506505e-07,99.99988038291767,9.590331180281029e-14,1.0542403931697898e-08,2.2308272345716587e-10,4.637134007409738e-05,2.9660930451922962e-08,0.0
Gateshead Central and Whickham,Tyne and Wear,North East,8,8,9,False,5.1870300049103615e-08,0.001448169988978154,1.1861577631858058,0.0009620900751233581,5.225142725114317e-05,5.494277604303757e-11,6.677071892330561e-07,98.80837763799218,6.929966378275226e-05,0.002932068034475233,1.7441777928146264e-23,0.0
Gedling,Nottinghamshire,East Midlands,9,10,1,False,1.078416194308495e-07,0.00010705291680514934,0.3044624593979953,9.788742779235227,9.95242214757217e-07,0.14748953963000883,2.745512768675032e-07,0.050778355584388646,2.3930363783185538e-05,89.7083945052126,2.402902441226187e-11,0.0
Gillingham and Rainham,Kent,South East,9,4,1,False,2.2022585731460944e-08,5.517495186297317e-08,2.3323178784700113e-06,99.97594853926391,5.458196825874522e-09,1.558904674309213e-05,9.882548287074166e-12,1.7647626651196668e-09,1.5372975904099776e-07,0.024033301211029826,3.6206882854904035e-13,0.0
Glastonbury and Somerton,Somerset,South West,7,11,5,False,1.6454188297664765e-14,4.367642366216709e-10,3.0285961928360367e-07,1.689468089316583e-23,4.768449048541891e-08,3.118679734156708e-07,5.9786524902116296e-09,1.6286204190901467e-16,1.3727649961900487e-13,2.7777032070720137e-10,99.99999933089452,0.0
Gloucester,Gloucestershire,South West,9,4,3,False,1.395278409578595e-07,1.4963837397747802e-05,0.003957253257050976,99.82522046136982,6.471170735317579e-08,0.00047477329920591287,2.857707309136404e-08,0.00012560681791096064,1.4344799936014515e-05,0.17019236345797786,3.4400749537074973e-10,0.0
Godalming and Ash,Surrey,South East,7,11,5,False,1.9341922257514633e-11,1.2512217490623883e-07,1.1200765673573251e-05,7.56171571368683e-15,5.808550342082532e-07,2.741897764636757e-09,18.95934002072483,2.4300785810052846e-13,1.1931240725737356e-08,0.0005772753637273972,81.04007078247584,0.0
Goole and Pocklington,East Riding of Yorkshire,Yorkshire and the Humber,1,6,1,False,2.99029462440064e-10,3.251453097846091e-08,1.2550693615256464e-06,0.004317111382090298,4.0963255042470136e-09,99.99170517613905,3.679384501219726e-14,1.8787721498775807e-08,5.947701558575642e-11,0.0039763951196029185,6.53275012154819e-09,0.0
Gorton and Denton,Greater Manchester,North West,10,2,8,False,8.561277633682302e-08,99.988432611142,7.567521667363297e-06,3.6194146607146326e-23,0.002677036389417517,2.5410393914062025e-41,1.0442117852851077e-14,5.540725638915493e-13,0.008111363685281958,0.0007713356482130782,8.631765213213288e-44,0.0
Gosport,Hampshire,South East,1,6,1,False,8.641866325272652e-09,5.786178522668534e-06,0.015406547598182805,6.345693336163408,1.8693549921433938e-06,93.63873322819924,8.83213958543374e-11,1.0072068425005963e-05,1.344159919204617e-10,0.00014914898020450422,2.5925168853405194e-09,0.0
Grantham and Bourne,Lincolnshire,East Midlands,1,6,1,False,2.793990274214619e-09,4.935124979339104e-07,6.818325434920955e-08,0.0013014315443764554,2.1934065824599214e-08,99.99834715267862,1.0352812904966926e-16,6.743243212864069e-10,7.75019155745572e-11,0.00035082859932175593,2.0110717606998725e-12,0.0
Gravesham,Kent,South East,9,10,3,False,4.445209924943534,0.0003166284085736402,1.5327068739309364e-07,2.8997065643751614e-10,0.0028945565094634505,1.86704522687162e-15,1.423587820933614e-12,2.4475624139598674e-16,0.0002047171905586195,95.5513740193859,2.5437096133516233e-23,0.0
Great Grimsby and Cleethorpes,Lincolnshire,Yorkshire and the Humber,9,4,9,False,7.038812428235152e-06,4.1936716848089846e-05,0.0069758958579155175,99.72320282597592,0.00019766986396804588,1.8957228922612574e-08,5.917763723710542e-11,0.2585017863849834,1.3708841987857788e-06,0.011071456487247779,3.406766745949928e-26,0.0
Great Yarmouth,Norfolk,Eastern,9,4,1,False,3.0302831632992525e-06,3.180025680554392e-06,1.3069137551526514e-05,99.98199306939975,0.0002683206519929883,0.015037153785747112,1.729593063026176e-16,1.4977565255235657e-06,4.3026961725171074e-09,0.002680674656784643,1.682291889015272e-21,0.0
Greenwich and Woolwich,London (Greenwich),London,4,9,2,False,0.00043571780799475955,1.584844565073558e-07,2.989326194731931e-08,4.49181188248137e-27,0.0005333072043879747,2.8777144188879895e-59,1.1735302210987707e-17,1.3697435443850345e-18,99.99903064650171,1.401082331569416e-07,7.461174594879037e-71,0.0
Guildford,Surrey,South East,7,7,5,False,1.767042399757658e-10,4.553075892037342e-09,0.005808302307407977,1.1139418262886016e-19,0.00022050255254362083,3.621515083878803e-18,99.99396914122248,6.307195797130006e-12,3.668395935684769e-08,5.707456181885384e-07,1.4417520494802439e-06,0.0
Hackney North and Stoke Newington,London (Hackney),London,4,5,2,False,4.85142362157388e-20,1.7540090186265776e-11,5.2148890552875765e-27,4.2895522242691405e-98,99.99999999998153,2.5914012013230684e-123,1.0336648720714251e-50,6.1584788756998736e-61,1.0385424087032738e-12,7.192400413938153e-50,1.1830197912608039e-131,0.0
Hackney South and Shoreditch,London (Hackney),London,4,9,2,False,9.428125915367031e-06,5.735044903095021e-10,3.4206753071515005e-07,7.326615854130245e-46,0.0010652118233277184,9.054205908784093e-85,3.897905984799339e-28,1.4054169893837376e-30,99.99892501740979,2.2859437703140872e-14,1.3356059446137285e-109,0.0
Halesowen,West Midlands,West Midlands,9,10,1,False,8.198572034043345e-06,0.0024648655246520632,0.000902062370921016,0.6563117501605101,9.436409661695582e-05,5.680975621695643e-05,1.2644578046425592e-08,1.9044328531677608e-08,7.987084727721575e-05,99.34008204692104,6.171486357057428e-11,0.0
Halifax,West Yorkshire,Yorkshire and the Humber,10,2,8,False,1.7985378241303295e-07,99.81178938042677,0.0010098572695756063,6.784310085548866e-10,0.001029621183540515,1.9260957000960788e-15,4.990249778848493e-09,1.8387675445093715e-05,7.84679529800162e-05,0.18607409996904584,3.1896755436628812e-21,0.0
Hamble Valley,Hampshire,South East,7,11,5,False,4.95054168826733e-10,6.473412468094912e-06,0.005288103016093303,0.00020603016778494694,7.754888574819719e-07,0.0841059526222006,0.05518756751642826,7.142806559651256e-09,3.302274895065958e-08,4.3402493629278265,95.51495569418758,0.0
Hammersmith and Chiswick,London (Hammersmith and Fulham; Hounslow),London,2,9,2,False,0.014815575413061846,1.2199208843594136e-05,8.052074533580271e-06,3.4512405743367145e-21,1.4680602646240504,3.154260853868523e-45,1.3319502138854976e-12,3.8582128063193545e-17,98.51694486501395,0.00015904366407667566,1.4313447650725706e-52,0.0
Hampstead and Highgate,London (Camden; Haringey),London,2,5,4,False,1.1365673605671888e-07,4.617897187817522e-11,3.8283321583498633e-22,3.013538372012332e-60,99.99999988532338,1.0132991430950844e-90,8.238514426441484e-31,2.4082023432197962e-39,9.737134454048645e-10,3.4910746847484846e-26,4.651029588884872e-104,0.0
"Harborough, Oadby and Wigston",Leicestershire,East Midlands,6,10,3,False,1.7294533517288502,0.04575407646531518,0.02354016510197505,5.4872972027466615e-14,0.04844825446164296,3.236133932180214e-10,8.469275711085391e-09,2.0451213573864786e-12,2.9949793880641822e-05,98.1527741936534,3.338956950990459e-16,0.0
Harlow,Essex,Eastern,9,4,1,False,4.704135135037776e-06,3.823076148968908e-06,6.87602521508733e-07,77.33487900387084,2.570698072440229e-06,3.1321357589589437e-06,8.598453755984145e-11,8.014577548934321e-12,0.00031004741931233944,22.66479603096807,1.0862365985373481e-14,0.0
Harpenden and Berkhamsted,Hertfordshire,Eastern,7,7,5,False,1.175506314362527e-12,2.6196815824078427e-08,3.2548108790097685e-08,2.2995881087419626e-31,0.009374915492779457,1.1948140831358481e-23,99.99060979772528,3.890535642011812e-23,6.979136566653468e-12,1.1574468813587175e-08,1.5216454358345826e-05,0.0
Harrogate and Knaresborough,North Yorkshire,Yorkshire and the Humber,7,11,5,False,1.6237641990856145e-13,1.0971260581396334e-08,3.012054762697635e-06,4.342433268101305e-16,2.9248693390506234e-08,2.7790807036458705e-11,1.1700157499331227,2.6295945159364723e-12,3.374401823112615e-11,8.752777347750879e-07,98.82998032245007,0.0
Harrow East,London (Brent; Harrow),London,11,1,11,True,97.29073985385935,1.290997867763249e-15,8.035824238462797e-39,4.563466038846771e-116,2.7092601461407884,1.445232791191455e-137,9.217318807459022e-48,2.2753652385324292e-92,2.286794254707069e-22,3.492449893239488e-36,8.893092252983455e-176,0.0
Harrow West,London (Harrow),London,11,1,11,False,99.99835495214013,5.137638717705365e-12,1.4411154744802965e-30,1.182401746814087e-83,0.0016450478549037291,8.498824792471206e-121,6.082503800070906e-35,1.5049018295400688e-62,2.257978723052986e-16,1.086555969522697e-20,1.530012118099528e-141,0.0
Hartlepool,County Durham,North East,8,8,9,False,8.99907614734768e-09,2.0538176967247308e-07,8.984901072510127e-08,2.3402747288981402e-29,0.002236896276807995,7.899835182163509e-34,3.112489795188595e-15,99.99776279947173,2.1447136617286856e-11,1.4768409807151744e-16,2.2246730583664947e-48,0.0
Harwich and North Essex,Essex,Eastern,1,6,1,False,4.535814135343124e-10,4.4115031607129e-08,1.3161303663818906e-05,0.01175843139164776,9.935943475586532e-09,99.98257169287704,2.484935027632569e-14,5.156334785765457e-08,1.0057373251430557e-10,0.005656607607078982,6.519800796921833e-10,0.0
Hastings and Rye,East Sussex,South East,3,3,1,False,0.0023935626294858143,1.2993815459370357,95.58857198019989,2.3818763605111273,0.5499657715475839,1.568806831871093e-06,5.756544207098798e-08,0.002293808544639656,0.10665021624937793,0.06886512800871467,4.920338615250396e-22,0.0
Havant,Hampshire,South East,9,4,1,False,3.6112976154603266e-10,3.124882997831407e-08,1.916157984312835e-06,99.95318288464989,3.374881056373628e-09,0.041907230326435375,6.078913584150307e-13,3.4272827225107343e-08,1.8315808635092906e-10,0.004907899424218892,2.1753083444743562e-14,0.0
Hayes and Harlington,London (Hillingdon),London,11,1,11,False,99.99998199678208,1.8063747446896726e-09,7.143578569723274e-34,7.922720707712499e-101,1.800141139874799e-05,2.455381332353656e-112,1.6570438281295188e-47,4.4172130895196955e-63,2.50194697695046e-18,1.2848422042465715e-20,1.3295687253378997e-138,0.0
Hazel Grove,Greater Manchester,North West,7,7,5,False,4.45792191811367e-09,0.00026755577314211597,0.03070466542444966,1.7499718442372034e-05,4.105032988800241e-05,9.196670921117134e-05,76.91161979593323,5.5252332263259684e-05,3.839013161893151e-06,0.7017388497063716,22.355459520602082,0.0
Hemel Hempstead,Hertfordshire,Eastern,6,9,3,False,0.24095207419823905,0.054464743733069955,0.007778977910739413,3.0406243950008927,0.5751928433306474,2.5406136413339617e-11,1.085247524898633e-06,4.124928074427911e-05,96.08090189865622,4.273261650199774e-05,1.3203032708798405e-16,0.0
Hendon,London (Barnet),London,2,5,4,True,2.1999982500150816e-20,8.416016200898435e-13,7.550371457836594e-36,3.3629798748295243e-99,99.99999999999929,3.2260663207488433e-108,6.280020156599934e-52,9.73776427163703e-65,4.039956437113972e-21,1.3297584276672372e-51,3.6824907419530454e-110,0.0
Henley and Thame,Oxfordshire,South East,7,11,5,False,1.1220675691153732e-12,2.4359768783693157e-08,3.090398233187911e-07,1.8304951731965983e-20,2.983830342847951e-07,2.0103556260612844e-08,0.0012346154907937454,1.4167617039777107e-16,8.593466453056908e-11,1.7788653850843922e-06,99.99876295367062,0.0
Hereford and South Herefordshire,Herefordshire,West Midlands,1,6,1,False,1.3848181200102723e-08,6.456665735813946e-07,2.698564920842572e-05,0.734456668465947,6.507271055598718e-08,99.26344938477666,6.2908216942545386e-12,2.962012032130899e-05,1.5324940732381377e-08,0.0020365968093994024,4.259853281793819e-09,0.0
Herne Bay and Sandwich,Kent,South East,1,6,1,False,5.744727846662569e-08,3.4396330142557694e-06,4.331101998317188e-05,8.304870145529897,7.296502058299881e-07,91.17564010123121,6.638846377699366e-13,6.308918011398222e-06,3.896023525438814e-09,0.5194359025517681,1.2186082625776163e-10,0.0
Hertford and Stortford,Hertfordshire,Eastern,6,10,3,False,8.741978883388645e-08,4.84930504808659e-07,5.985038110480941e-05,1.222091978926201,1.5370314830496338e-06,0.008112058444436174,2.16164143534661e-08,2.917293990673116e-10,0.00010889320138481912,98.76962508769182,6.51418706250028e-11,0.0
Hertsmere,Hertfordshire,Eastern,6,5,4,True,1.6855980664855384e-33,2.642660434936889e-13,2.889587802462655e-47,3.0051323897575286e-121,100.0,9.920600231884129e-101,6.020129152370659e-64,1.1589916032563022e-74,2.6266027094166584e-33,3.9458915076195314e-69,4.6023372903877725e-115,0.0
Hexham,Northumberland; Tyne and Wear,North East,1,6,1,False,1.5173522190971628e-06,2.740277697541261e-05,0.20932986691179842,7.0742215001436876e-15,0.01615922422326805,99.77431570040848,4.4191610291257376e-16,2.6496208424420614e-06,1.2134060661215958e-07,0.00016351736125432616,4.4337220789590296e-12,0.0
Heywood and Middleton North,Greater Manchester,North West,8,2,8,False,0.00012167101208545772,99.57100638766063,0.0019813829853226523,4.0564792592211945e-06,0.12163854775562766,1.0838506976725289e-10,6.677091611266964e-07,0.00035844052922029396,0.021198818031679407,0.28369002772858287,5.295759338317338e-16,0.0
High Peak,Derbyshire,East Midlands,1,6,1,False,1.4437533441563933e-08,3.692078785152923e-05,1.7389708344958323,0.006987653515026611,3.1808966799910347e-06,93.2812692522227,1.2225841666900404e-09,1.5355876349717095,9.403620724243955e-07,3.4371435670835506,4.303319577636603e-12,0.0
Hinckley and Bosworth,Leicestershire,East Midlands,1,11,5,False,3.2800982323427326e-08,2.2798699459721074e-05,0.00563446535036293,0.3283890711515716,1.2573591158453074e-06,41.94851249090627,0.00023295922829966712,4.1002692897422484e-06,5.865341516403667e-08,7.9965224837684925,49.720680281812726,0.0
Hitchin,Bedfordshire; Hertfordshire,Eastern,6,10,1,False,1.561229234639993e-05,0.000510935551080945,1.714428826212763,0.006098791117213875,0.007398223383155,0.25536907166635137,2.759449588609748e-05,7.0865510471780394e-09,0.019453222037375352,97.99669770597215,1.0185165920372118e-08,0.0
Holborn and St Pancras,London (Camden),London,4,5,2,False,3.893418591919192e-06,0.0007401767297055097,1.6162984828031396e-14,3.396727394443776e-64,99.99925580131848,7.344613472692037e-97,1.060079975411397e-39,3.954004524463622e-36,1.2853341715653262e-07,3.9352402865165237e-22,9.121146180070878e-120,0.0
Honiton and Sidmouth,Devon,South West,7,5,5,False,2.0087562432922817e-16,1.6527469731970447e-06,9.369268271158909e-08,2.394081116653607e-50,99.99999825306675,1.4495811256319575e-20,2.89007960767189e-10,1.964812304391948e-22,9.346099144144672e-22,1.8398766511490962e-20,2.044908528748141e-10,0.0
Hornchurch and Upminster,London (Havering),London,9,10,3,False,3.5621797269545967e-06,1.4473938971466581e-05,1.7754644582682208e-08,0.055999135380795574,2.6017800210781547e-05,4.9533410954258324e-06,6.49099051599628e-11,1.2967650305668154e-15,2.787787452801995e-06,99.94394905174981,2.337666682569901e-12,0.0
Hornsey and Friern Barnet,London (Barnet; Haringey),London,2,9,2,False,4.3957484531910816e-05,1.1542330752161324e-06,0.0017737850604852507,2.1091407740791918e-17,0.01472600248173281,2.3379789836058948e-42,6.522681171928995e-11,2.5436256379339325e-15,99.98283093298335,0.0006241676915382589,9.213705030214633e-52,0.0
Horsham,West Sussex,South East,7,11,5,False,5.836701153030401e-13,1.4131087330833866e-08,2.2232466280194905e-06,3.630435309033195e-14,1.2425754115016916e-08,1.2156836159241329e-08,0.040182619934973955,7.189893840902191e-14,1.1884794720740716e-10,7.945321487395096e-05,99.9597356647703,0.0
Houghton and Sunderland South,Tyne and Wear,North East,8,8,9,False,7.582957053429692e-11,3.827832850111736e-08,3.056062440439979e-08,1.228946333454785e-15,8.264434297530337e-08,1.6131524686800373e-20,8.596807782604097e-14,99.99999984787226,1.186219638965968e-10,4.4981837118072115e-10,2.6002867923645266e-36,0.0
Hove and Portslade,East Sussex,South East,3,3,7,False,1.2238021936869085e-05,0.0003969043854076482,99.94032664366523,1.1649308860155658e-08,0.0014580521158647204,7.788428492335913e-21,1.492609255395203e-10,1.072418947759751e-05,0.011986048338578316,0.04580937748499623,7.695645495455708e-42,0.0
Huddersfield,West Yorkshire,Yorkshire and the Humber,10,5,7,False,7.150709378841781e-11,10.421884668831211,2.3595236198096464e-07,7.768382984888467e-38,89.57810815315204,1.9068476851345972e-45,1.8756819863540928e-23,2.1332580906406852e-14,6.941993187637085e-06,1.8624574275296012e-17,7.534280027441193e-55,0.0
Huntingdon,Cambridgeshire,Eastern,1,6,1,False,4.1172284634103175e-08,3.570271269449699e-06,0.0002578267760629074,2.0502395328097998,2.419322173090245e-07,97.82977591653177,3.9071750613322076e-10,1.0194192115272002e-07,3.9561498363008277e-07,0.11972231332619986,5.9232696175522605e-08,0.0
Hyndburn,Lancashire,North West,8,2,8,False,5.730929489726584e-07,99.6954271114572,0.004400742871111708,9.237854476223727e-10,0.08872326101297795,5.5081812842255825e-12,5.713852759673974e-10,0.12056300742763373,0.0005082786704175879,0.09037702396686123,1.4022403205379848e-21,0.0
Ilford North,London (Redbridge),London,5,2,6,True,0.06377097780211193,89.57389259895471,4.722013735246028e-13,4.406985421052886e-62,10.362336418807196,6.760783366332663e-90,1.966724125665812e-28,2.5024377377546103e-60,4.435552818657514e-09,1.071132286983392e-18,1.891825021926988e-121,0.0
Ilford South,London (Barking and Dagenham; Redbridge),London,5,2,6,True,0.0001646222365582197,99.9816826977096,3.117637265969241e-13,5.244770826375793e-68,0.01815267956465975,1.744118602162909e-109,1.459420604712899e-29,5.7094841567784886e-58,4.887831635687276e-10,4.148239861516247e-18,2.76131540775392e-126,0.0
Ipswich,Suffolk,Eastern,3,4,3,False,2.346365164531244e-06,1.5908297212934996e-05,0.0027255884428869542,99.64351986986459,4.2214867933235834e-07,1.0025583494107974e-09,3.164047105729525e-08,0.0003777742656711156,0.0008288687261042517,0.35252918924663346,2.091614163911501e-19,0.0
Isle of Wight East,Isle of Wight,South East,1,5,1,False,9.63660119973503e-09,6.419342670853838e-05,0.00013690309714852305,1.921406878003939e-24,99.99979888005345,3.573707303802912e-10,4.3462278760693185e-21,1.3428925557853558e-08,5.047733024157865e-15,3.842259779841146e-16,4.5381311944106926e-26,0.0
Isle of Wight West,Isle of Wight,South East,1,5,1,False,2.7643454319586983e-13,0.0007553851536137539,2.7004001874554157e-06,1.0969556831247533e-22,99.99924191402278,4.660222825370096e-11,1.4169424408454797e-22,3.768575859524555e-10,3.5480888610831114e-15,2.0866784259850034e-26,3.5300072188570255e-28,0.0
Islington North,London (Islington),London,4,9,2,False,3.883115740723071e-05,0.0010948703763795794,0.0013899559915789503,8.347401824234186e-27,1.974018245419028,6.302505591471637e-55,5.364811830255406e-14,1.966923389970582e-14,98.02345807275866,2.4296726786696634e-08,4.457601169363712e-67,0.0
Islington South and Finsbury,London (Hackney; Islington),London,4,9,2,False,0.00043709101645579996,5.438559937957455e-07,0.00028238911058372097,2.665924764491562e-26,0.0048060588538588545,6.647239995432709e-65,1.0956865141355958e-18,1.9958217425451928e-18,99.99447381295725,1.042057146667545e-07,2.752913247520794e-92,0.0
Jarrow and Gateshead East,Tyne and Wear,North East,8,8,9,False,5.210624982189784e-09,4.029893374333374e-06,4.446201002577435e-05,1.9373896773463163e-14,1.5200635601283399e-05,3.080990197584537e-20,2.7596914586955637e-12,99.99993619530488,1.5818935066140333e-08,9.112393931533355e-08,7.7668217313627e-41,0.0
Keighley and Ilkley,West Yorkshire,Yorkshire and the Humber,6,2,8,False,4.907098429157969e-06,67.57424713718889,6.367802188462394,1.406060616143679e-06,0.0300365962937977,0.0033381062691249987,2.7621051262144215e-07,4.8935634080469816e-05,0.0008729647563199259,26.0236474814915,5.342482039731279e-10,0.0
Kenilworth and Southam,Warwickshire,West Midlands,1,6,5,False,2.2934883861384378e-08,1.1365774967806353e-05,0.007489044888573718,3.061474325228598e-07,1.1513913518147342e-05,92.12940563765001,6.200150792614595e-07,4.9095846608687485e-09,2.2616451393322392e-07,7.793388650781044,0.06969260682049098,0.0
Kensington and Bayswater,London (Kensington and Chelsea; Westminster),London,2,5,4,True,6.054394536929854e-17,1.7613435403837065e-27,1.5475079605813683e-53,1.2696686079184447e-124,100.0,2.8772909559915963e-148,4.0525204629808703e-63,1.5219874358667712e-99,8.294782809238301e-36,5.146629002447699e-67,1.5731027062934646e-160,0.0
Kettering,Northamptonshire,East Midlands,9,4,1,False,1.2211234549838287e-05,0.0010063454026085063,0.02377945014180619,99.78031584722385,0.00014684907799344664,0.0014642967915065401,1.7839679842431607e-10,8.242911588463626e-07,3.157479993729564e-05,0.19324260085815764,2.9063460531767696e-15,0.0
Kingston and Surbiton,London (Kingston upon Thames),London,2,7,5,False,2.862498125195876e-09,2.5381238147961385e-09,4.967121920489689e-06,1.2898688668438284e-18,7.446749125882965e-06,9.477082228848093e-30,99.99998380450765,1.8285434271851058e-15,8.551076364635173e-07,2.9211132040562213e-06,9.740961547052847e-17,0.0
Kingston upon Hull East,East Riding of Yorkshire,Yorkshire and the Humber,8,8,9,False,1.5876586422576437e-07,1.565105864142735e-05,7.24708778728977e-08,4.350463171021572e-20,0.0027646599377717305,4.581720937497716e-33,6.677319884393515e-14,99.99721939104525,6.672135233227811e-08,5.808050525092812e-14,5.769008513631679e-52,0.0
Kingston upon Hull North and Cottingham,East Riding of Yorkshire,Yorkshire and the Humber,8,8,9,False,3.3744163751482545e-07,0.000954240320760759,0.6879767773444052,4.746974441019779e-08,6.915308005359023e-05,1.6596230353703785e-20,7.029993896107286e-08,99.3109450297521,5.366974996611967e-05,6.745415015452994e-07,4.763384135047168e-36,0.0
Kingston upon Hull West and Haltemprice,East Riding of Yorkshire,Yorkshire and the Humber,8,8,9,False,2.0426015194234638e-07,3.915662345792712e-06,3.929017391161258e-05,3.849834505927987e-06,1.9257107257764403e-06,8.707872538977778e-16,2.762506894204018e-09,99.99994372737666,7.809069683815104e-07,6.303312148198236e-06,3.2256065917318015e-29,0.0
Kingswinford and South Staffordshire,Staffordshire; West Midlands,West Midlands,1,6,1,False,2.512582932716239e-08,7.40789985116038e-06,1.4619240175621069e-06,0.000966448242685587,5.301480460609016e-07,98.18535336115897,2.822202857013299e-14,6.304209098711074e-11,2.449752509537312e-09,1.8136707528376146,1.0150158523304728e-08,0.0
Knowsley,Merseyside,North West,8,8,9,False,2.3265984076127673e-11,5.6948580758440115e-06,0.0018924221899246085,3.1209112938830967e-27,0.00013088475762703964,7.089781480023231e-23,3.758453866141821e-16,99.99797092453963,6.955028227475642e-08,4.081052188428196e-09,3.5655719030204325e-40,0.0
Lancaster and Wyre,Lancashire,North West,3,3,7,False,9.623210501087514e-07,0.00014878016799553593,99.96598524655143,2.5358352326973647e-05,0.00010396012355728879,2.4620463480114022e-06,1.2461944022224191e-12,0.010063448957625728,5.033889000443693e-07,0.023669278089649408,1.051803953312463e-27,0.0
Leeds Central and Headingley,West Yorkshire,Yorkshire and the Humber,4,5,2,False,8.531767353822742e-11,1.0907954183590525e-10,0.000622439551267899,5.393590086222123e-77,99.99937756025426,7.232145812876233e-114,2.7035204157343444e-38,3.528365771053355e-44,1.908326478393667e-16,2.139863815573439e-31,3.063865189663329e-167,0.0
Leeds East,West Yorkshire,Yorkshire and the Humber,10,10,8,False,1.9100488002663832e-05,0.010715310398332543,0.006911420706412753,0.4182776671139526,6.1485191598188515e-06,5.50799698671806e-12,6.77823022981368e-08,0.008399066082141131,0.08108396429829413,99.47458725460605,2.8190705922689124e-18,0.0
Leeds North East,West Yorkshire,Yorkshire and the Humber,6,3,3,False,0.00033089882050836783,0.10977486645430115,96.48028446113715,3.144226902225126e-14,0.13511626661040196,1.1467351752259685e-25,9.193063590202208e-09,3.737430571030457e-08,0.2497623262849856,3.024731134125233,7.767162697017064e-28,0.0
Leeds North West,West Yorkshire,Yorkshire and the Humber,6,10,1,False,1.1321522977826117e-08,2.5310621740622575e-05,5.755949981770677,5.663746159784961e-05,2.7334512741345638e-05,2.1167010271877778,5.485909657437804e-06,0.0008364762767823315,3.1790319632558965e-05,92.12636568586197,2.5875586473202144e-07,0.0
Leeds South,West Yorkshire,Yorkshire and the Humber,10,3,7,False,7.822061327394624e-07,5.938630272116799,93.96526980429599,3.2781168601555966e-22,0.09434151554421946,8.044436376287585e-42,1.2684965682495883e-11,4.378023113703552e-08,0.0017572991104247216,2.82933623326687e-07,8.866069757347937e-51,0.0
Leeds South West and Morley,West Yorkshire,Yorkshire and the Humber,9,4,1,False,6.461127608709683e-07,5.037570094680693e-05,0.009498782984537293,64.71237460927482,2.5143156686779117e-06,0.0010480877140496417,4.4107812227886765e-09,0.0009132543191759945,3.88269289097428e-06,35.276107842474325,2.6842384551005448e-14,0.0
Leeds West and Pudsey,West Yorkshire,Yorkshire and the Humber,3,10,8,False,7.910701387760224e-06,0.00395072029246492,3.4220178111648014,4.097791118807982,1.3344156942673714e-05,1.9990236839251505e-08,6.412557775512411e-07,0.12862436225836998,0.01010245427980371,92.33749161709231,1.484567390445817e-18,0.0
Leicester East,Leicestershire,East Midlands,11,1,11,True,99.94990925593237,1.035336547128899e-16,2.762137736256113e-86,2.5348402537865165e-278,0.050090744067397795,2.2474949125121685e-264,3.1910531978639978e-115,2.2050569376761425e-177,1.379745338310135e-52,2.7989509346456602e-74,0.0,0.0
Leicester South,Leicestershire,East Midlands,11,5,6,False,0.08241967157969148,45.16253741931075,1.569519673349314e-05,3.9146484197471316e-57,54.755027211161114,3.192313170130736e-76,1.6677396321695978e-21,1.805561859301696e-26,1.3730856485596817e-12,2.7505776974700213e-09,1.1250430304926013e-73,0.0
Leicester West,Leicestershire,East Midlands,10,1,8,False,86.19956205830584,0.4217849176722811,0.08016525494221143,1.1126518298839251e-15,0.10894845019353896,1.4576075966874758e-33,4.459970292237616e-10,1.101516968298344e-06,0.38124303500436274,12.808295181918778,3.6350025143230035e-36,0.0
Leigh and Atherton,Greater Manchester,North West,8,8,9,False,1.298530821315644e-06,0.0020025410728617323,0.005882233267453269,1.0977638116413935,0.0001849000290882769,1.8736100013739076e-06,5.75005905358229e-08,86.63022626303153,8.008297638685647e-05,12.263856938339897,1.9388967938819128e-19,0.0
Lewes,East Sussex,South East,7,11,5,False,2.0269131434499265e-13,5.9504630025383814e-08,1.3490851360036256e-05,3.761602684530309e-17,5.927046852969306e-07,7.080712885834892e-11,0.4250137634566021,1.9646310567590585e-12,1.8299184519906952e-12,1.2759559868563064e-08,99.57497208064831,0.0
Lewisham East,London (Lewisham),London,4,9,2,False,1.0169321505578708e-05,8.660673878014359e-10,3.366498785097405e-09,6.533435249020968e-29,4.0820767293848865e-05,6.080672913633452e-48,6.797717983420517e-20,1.1719876479350563e-21,99.9999489973297,8.34910126580985e-09,9.35470835382857e-53,0.0
Lewisham North,London (Lewisham),London,4,9,2,False,1.1313823521425555e-05,1.3919178302143216e-09,2.2778397061915816e-07,2.9763552711996846e-41,0.0004275822528121805,2.6608197327632334e-79,1.3075344424303196e-24,4.8760841282511724e-29,99.99956087474682,9.905099433310562e-13,4.340422891767357e-104,0.0
Lewisham West and East Dulwich,London (Lewisham; Southwark),London,4,9,2,False,0.00012883485236913088,8.061805595389514e-09,0.000561618216068551,8.729368599033693e-22,0.0017857646668501684,2.5085541566578987e-45,1.2321146073248236e-14,9.652063795697087e-20,99.9974690026307,5.477157233048968e-05,1.2644065384699325e-61,0.0
Leyton and Wanstead,London (Redbridge; Waltham Forest),London,4,9,2,False,0.0023057511084988475,0.8076519575232527,0.004783369131712602,4.4642598355987604e-17,0.012508096874573027,3.187836412595414e-41,1.6441326802217092e-12,2.0821459403121995e-14,97.80782482011846,1.3649260052418928,3.763247126688911e-41,0.0
Lichfield,Staffordshire,West Midlands,1,6,1,False,1.0170829240832606e-09,3.2353194604145115e-07,4.113454139979411e-06,0.054255453438011435,2.0147916068473653e-08,98.14154286272387,2.3595471075118973e-12,9.764873247159622e-09,6.145817875880688e-09,1.8041971949221685,1.4851785145776325e-08,0.0
Lincoln,Lincolnshire,East Midlands,3,3,7,False,8.74436841883779e-06,3.862227896606869e-05,99.9937328599381,0.00038051674256023136,6.22942947902542e-05,7.273164448564731e-11,6.43362675142612e-11,0.00530667433222857,1.387155157596777e-05,0.0004564163563409673,2.9882388181032464e-32,0.0
Liverpool Garston,Merseyside,North West,8,8,8,False,4.948997152962026e-09,0.00036923257395889706,1.0705635817514243,1.1785225648114e-18,0.0008520566603052472,9.81639201620455e-15,8.803818104424129e-12,98.92809000739629,2.989228328047672e-05,9.522437675372661e-05,2.3230145794218456e-24,0.0
Liverpool Riverside,Merseyside,North West,4,5,2,False,4.326133581135241e-07,5.403770500661259e-05,6.895432728932849,1.2813992336589148e-51,93.10451257703565,3.9747266046431857e-84,2.826503789945809e-25,2.949989390689106e-23,2.2371325319542774e-07,6.367167911754274e-20,1.3398782086360863e-119,0.0
Liverpool Walton,Merseyside,North West,8,8,9,False,6.958643873717707e-10,1.72602123521702e-05,0.00021594105957621184,1.2133050247251557e-23,4.0419099051507895e-05,8.01030862670796e-25,4.352923533043205e-18,99.99972109383847,5.284941335759029e-06,1.5327984710908988e-10,1.2220816454841822e-44,0.0
Liverpool Wavertree,Merseyside,North West,4,3,7,False,1.0042170117886615e-07,0.0009098726605954694,99.99784380669261,6.979270144286018e-26,0.0011966561702655306,2.713878942040651e-41,8.091101977557443e-15,6.702969466581032e-09,4.9063927229511685e-05,4.934247284881316e-07,8.64559890340038e-62,0.0
Liverpool West Derby,Merseyside,North West,8,8,9,False,1.4889711251881799e-09,1.4699099714213027e-06,1.3227988398975513e-05,1.171818022430716e-25,1.1919021750601554e-05,5.550234441193218e-28,4.651840648004501e-20,99.99996797834798,5.40324267516387e-06,1.2537716663169922e-13,3.342845753207371e-45,0.0
Loughborough,Leicestershire,East Midlands,3,3,7,False,1.480221765672979e-06,8.613104893892417e-05,99.73048395617424,5.451769750149023e-07,0.0004981760054987366,4.2919332005507695e-08,8.901367301949307e-10,2.9783904448591656e-06,8.323256137401769e-08,0.26892660594021167,9.4450517421503e-18,0.0
Louth and Horncastle,Lincolnshire,East Midlands,1,6,1,False,1.6029240692361675e-07,2.3129127855103263e-05,1.2521020175680063e-05,3.5322363309667976e-08,0.0016441933144277802,99.9983194633723,1.3198117864409811e-18,2.8258000107687355e-11,1.5865500453673455e-10,4.973635713345774e-07,4.782169231629653e-14,0.0
Lowestoft,Suffolk,Eastern,9,4,1,False,1.7183105833125582e-08,5.671608613241278e-07,7.46541324729674e-05,99.95719309977943,1.663363435553592e-07,0.04036517189979126,9.610266167748058e-15,0.00028876488543251306,3.3331622444102947e-10,0.002077558289167282,5.308813709308675e-19,0.0
Luton North,Bedfordshire,Eastern,5,2,8,False,2.7824930558212886e-06,99.99989538196738,1.5871624109406642e-12,1.5200737022178882e-33,7.049636377058914e-05,5.583531166809287e-49,1.0098302148100751e-19,2.448990830149068e-31,3.067417967145004e-05,6.64994580141396e-07,1.9308024696801864e-61,0.0
Luton South and South Bedfordshire,Bedfordshire,Eastern,5,2,8,False,2.4769227576480135e-05,99.90903303642833,2.635842679349562e-10,7.135403719420059e-29,0.0909416682577658,5.3664229020312816e-43,1.6470280352916855e-17,9.231381564001793e-25,3.9368186562237366e-07,1.3214090531661635e-07,2.5381913895113436e-52,0.0
Macclesfield,Cheshire,North West,1,6,1,False,5.46680046643934e-09,1.0767034350978036e-06,0.0009185624467966836,0.0010819144447805668,6.72018485672489e-07,98.91873480789761,6.194974640854934e-12,1.0829708051112119e-05,9.519859901176315e-07,1.0792511792692785,5.2620365420973306e-11,0.0
Maidenhead,Berkshire,South East,7,7,5,False,5.332858509512009e-08,9.227231017720868e-05,1.1062172196806891e-05,4.070927184012252e-24,0.0003261124615802242,4.437780482688801e-19,99.99952800650304,1.986200020741912e-19,6.80044881807414e-07,4.172953557503338e-05,8.364403925714699e-08,0.0
Maidstone and Malling,Kent,South East,6,4,1,False,3.436535346108422e-07,6.563225006238588e-07,1.6806768900630719e-06,99.80666793399327,3.5959296151613873e-07,5.770982570817509e-07,1.387507928506361e-07,3.4344300185201038e-09,1.8740518728049154e-06,0.19332643242502418,4.0107818264463565e-13,0.0
Makerfield,Greater Manchester,North West,8,8,9,False,7.616563206539305e-11,5.513110197657007e-05,9.163210826673487e-06,4.061338728724741e-12,1.1565770822506815e-05,8.326690158667097e-15,3.8942316645453344e-10,99.9999145397225,3.2023781419709115e-10,9.59940389459647e-06,1.504593098368051e-26,0.0
Maldon,Essex,Eastern,1,6,1,False,9.80329870708578e-09,6.858135132559082e-06,4.0980792434704285e-06,0.09502567917761165,1.161461193070876e-06,96.00478666631491,6.471763596463261e-12,1.4925680195427923e-10,1.014539337069598e-09,3.9001748034581625,7.224001547103647e-07,0.0
Manchester Central,Greater Manchester,North West,4,3,2,False,2.2616567415008535e-05,0.0059933993290752705,95.9373159538157,1.2446252368400162e-30,4.056453932780793,1.009607982281412e-67,3.9593976800670245e-17,3.589383369737818e-16,0.00021409683963279186,6.671670643850373e-10,4.1426728527379694e-86,0.0
Manchester Rusholme,Greater Manchester,North West,4,5,2,True,1.8726737198403466e-09,0.079381913326607,0.15243342435728105,2.1816970276504705e-59,99.76818465983361,1.6464049854347972e-122,1.8218664203758036e-32,5.026270534640399e-35,6.096743553775524e-10,4.353910066168202e-21,8.35676766809044e-131,0.0
Manchester Withington,Greater Manchester,North West,4,3,7,False,1.2852234677337776e-09,0.005860146456263096,99.97547444595679,1.400168251241803e-30,0.01858772322083871,6.310792295990456e-51,1.7035358464281762e-13,1.705893082679193e-13,7.765555440321632e-05,2.752623391245719e-08,6.380515597575919e-66,0.0
Mansfield,Nottinghamshire,East Midlands,9,4,1,False,3.512526465659618e-09,4.626878980270097e-08,9.789821984708477e-07,99.99490483562418,5.4041100762160025e-09,0.000655248350592445,8.912046974005953e-14,7.86521423264555e-08,3.2306784082973674e-09,0.004438799974742022,6.429150580578376e-17,0.0
Melksham and Devizes,Wiltshire,South West,7,11,5,False,1.7093685513314078e-14,1.093321456933728e-09,4.336170828979968e-07,1.937763695874191e-17,1.1615454887848727e-09,6.448208307903848e-07,3.903367756239428e-06,1.1132028962719726e-13,1.7112667235075903e-13,1.2383224324028287e-07,99.999994892107,0.0
Melton and Syston,Leicestershire,East Midlands,1,6,1,False,7.119604390590723e-05,0.00012667660907070323,0.0028664939859569774,0.271513913515307,2.0255509311631072e-05,96.0141033726869,2.223326386641151e-11,4.145066280291656e-06,3.229107686137523e-08,3.7112916042170254,2.3100529118942335e-06,0.0
Meriden and Solihull East,West Midlands,West Midlands,9,10,3,False,4.793782078760892e-07,5.2039641728682695e-06,1.2570783937680924e-05,2.2598968896315097,2.74943699110639e-07,0.07315180429211526,7.760713332666117e-09,4.6152811101209815e-10,5.89993818323605e-06,97.66692654944801,3.1939785957530476e-07,0.0
Mid Bedfordshire,Bedfordshire,Eastern,1,10,3,False,5.073047162004591e-07,6.707921499425422e-06,3.524111480539049e-05,0.03451050746387029,2.1216310569532074e-06,43.680497098663906,1.1197801308685818e-10,1.5394555067419217e-11,2.869182470438155e-06,56.28494450653101,4.4005923101413746e-07,0.0
Mid Buckinghamshire,Buckinghamshire,South East,7,11,5,False,8.525432464475129e-08,2.6987541153391596e-05,0.0006000859804672668,4.5839949794749995e-07,1.5291603046202882e-05,8.803809138599725,0.0030570429373520647,1.1249707189409974e-10,1.4934903492476565e-05,12.523281918758073,78.66919405591044,0.0
Mid Cheshire,Cheshire,North West,9,10,1,False,4.538268055318835e-08,0.0001413072011352434,0.03671510871739395,46.87464557213113,5.544927438066188e-07,1.8771908401669084,4.299837444609392e-08,0.3876299379754282,2.4747828721878033e-05,50.82365184309763,7.868800831540885e-12,0.0
Mid Derbyshire,Derbyshire,East Midlands,1,6,1,False,5.775804470204598e-10,4.498494952320689e-07,0.00035167447854470577,0.04050465756859583,5.737884064374112e-08,98.63153567264246,1.6994837151000503e-12,1.9539717284851205e-07,3.050607232241683e-09,1.327607288717672,3.3730295121832793e-10,0.0
Mid Dorset and North Poole,Dorset,South West,7,11,5,False,4.5658442673128385e-14,4.462481796585407e-07,1.1462347393089257e-05,6.964379484088017e-25,9.279305199150997e-07,7.490781254421818e-11,0.0005417236259870065,4.1653244300941787e-16,2.0602380065675077e-14,2.698461661688384e-09,99.99944543707437,0.0
Mid Leicestershire,Leicestershire,East Midlands,6,10,3,False,0.0070089827393831775,0.0009039612728829207,0.002823260398301313,7.801108142383778e-07,0.00030687636167071625,0.0006538228829428518,1.3278184111933448e-10,4.497006426685149e-10,6.146323120430962e-07,99.98830170090493,1.1423355836794642e-10,0.0
Mid Norfolk,Norfolk,Eastern,1,6,1,False,6.154877536000757e-09,2.106470662667392e-06,7.822553845442116e-05,0.00608020496000872,1.7238775439846916e-06,99.99361946396454,8.651585475081785e-14,4.346593639677391e-08,2.8222461426540843e-09,0.0002182221615634138,5.842136487248405e-10,0.0
Mid Sussex,West Sussex,South East,7,11,5,False,1.8032036734599392e-11,6.900208749484796e-07,9.029611456178202e-05,1.189005600765648e-12,1.6797198417432592e-06,6.0731672745205785e-09,10.613132141163794,5.077732253547367e-12,1.269195457828229e-08,0.0011189965143527222,89.38565617767705,0.0
Middlesbrough South and East Cleveland,North Yorkshire,North East,1,3,1,False,6.0076698945061224e-05,0.17463199681012317,97.2901117960706,8.033841213733303e-07,0.027780101368513308,2.000210140187876,3.4384704041449165e-08,0.42263900821137224,4.628059041865476e-06,0.08456141408001779,7.446770534673659e-10,0.0
Middlesbrough and Thornaby East,North Yorkshire,North East,10,8,8,False,0.0002899705503013704,0.6543628545555619,1.2190267882790107,1.4718647918901858e-10,0.1313258978600199,1.5619339879373575e-24,5.7148504493425364e-08,97.99390936429734,0.0010689757513946843,1.6091410625405632e-05,2.2930100075850796e-33,0.0
Milton Keynes Central,Buckinghamshire,South East,6,10,3,False,0.0002002334508939329,1.761104273086885e-06,2.2462870139263485e-05,4.875685839079556e-05,1.4515694454025732e-06,6.049367930123483e-19,1.6188811616912105e-06,7.730995556342453e-12,0.04134990386269365,99.95837381139519,1.598076985165691e-17,0.0
Milton Keynes North,Buckinghamshire,South East,6,10,3,False,1.965027299607852e-07,3.1547986958839597e-06,0.00018305143073149614,1.0494613005216231,9.367257032965697e-08,0.00011276416326668566,1.7341290260652933e-07,1.1262704826715131e-07,6.229246765421446e-05,98.95017685336212,7.04073387035744e-09,0.0
Mitcham and Morden,London (Merton),London,10,9,2,False,0.015142808784160048,0.00014441586795267775,1.1717924112682596e-05,1.7178660351941164e-16,0.0008067270735578376,1.3812323754725165e-34,8.663408022225426e-11,3.969552257649433e-12,98.48999750451702,1.4938968257424672,5.250669415636227e-34,0.0
Morecambe and Lunesdale,Cumbria; Lancashire,North West,1,6,1,False,1.6554093950288268e-10,2.8662319297847335e-08,3.492658411713992e-05,0.0002459225201080043,1.0728369838652245e-08,99.99865132789115,2.786290762306463e-13,1.100770197825094e-06,6.800852843321749e-10,0.0010666790948028603,2.9031164735585554e-09,0.0
New Forest East,Hampshire,South East,1,6,1,False,1.3259325941529759e-10,1.9326735141922594e-07,3.0321927148745046e-05,0.007041319688135664,8.86894027784874e-09,99.98898777748386,2.1531574062709985e-10,8.515638649318153e-08,4.83418844236743e-11,0.003593358587119142,0.0003469346247632121,0.0
New Forest West,Hampshire,South East,1,6,1,False,7.311736735484331e-10,9.251108138810532e-07,1.1132268081065369e-05,2.1308754317456004e-08,2.70483652456007e-06,99.99994452586176,3.97437571460118e-13,5.3527493885133725e-09,5.2049433170169734e-11,2.2725104897600643e-05,1.7959372777080938e-05,0.0
Newark,Nottinghamshire,East Midlands,1,6,1,False,2.620158736076382e-10,2.8348441353974296e-08,1.1188022494376014e-06,0.0003119160223817874,1.5701874890188473e-09,99.99608224039487,8.693142836387946e-15,3.19888679076127e-09,2.710294381576922e-10,0.003604690516055141,6.138702733009715e-10,0.0
Newbury,Berkshire,South East,7,11,5,False,1.2895107581700873e-11,2.8266302484123335e-08,5.0992369616924875e-06,5.379131624243623e-11,2.9921336736430225e-08,1.5018004928355455e-07,0.15709632320818742,1.1987511410645237e-10,6.039287637591647e-10,4.138708771082303e-05,99.84285698130897,0.0
Newcastle upon Tyne Central and West,Tyne and Wear,North East,10,3,8,False,5.6989722712919044e-05,2.5271893225192175,97.4441058419213,3.1472997545124698e-12,0.019221831710168707,3.429314960364155e-28,4.678844640908202e-10,0.0012453324879024192,0.0006953169776410887,0.007485364190180307,3.3161936672870864e-36,0.0
Newcastle upon Tyne East and Wallsend,Tyne and Wear,North East,3,3,7,False,6.110345722624377e-07,0.0012868881485457292,99.79800448584581,2.918523805281898e-11,2.5531437539746662e-05,1.0060440606521784e-22,1.7748941753496522e-10,0.19801050738539006,7.368140373025657e-05,0.0025982945378460742,2.2848988219964466e-48,0.0
Newcastle upon Tyne North,Tyne and Wear,North East,3,3,7,False,2.2617629165360414e-08,1.9348924842949092e-05,99.99985141153357,6.041508030455457e-17,5.6505135588009016e-05,2.90362812684408e-19,1.3280526922218031e-08,1.5874945942142004e-05,2.0964262283432397e-05,3.585929959188976e-05,6.894360000884881e-35,0.0
Newcastle-under-Lyme,Staffordshire,West Midlands,9,10,1,False,1.1925969791644351e-06,0.0002786706353893572,0.8408913769997837,33.54993492770111,7.877830983648152e-06,0.6993856582283764,4.7514218091642924e-08,2.235603464224817,4.526303047899676e-06,62.67389225796451,8.0259737932472e-13,0.0
Newton Abbot,Devon,South West,7,11,5,False,4.8408207070689494e-11,4.109560908463365e-06,0.001449301767586495,3.403174696288564e-07,4.436287259755613e-07,0.1635203303729823,4.319445228205128e-05,2.5004668318952153e-07,6.926144872344233e-11,0.0002959432361816698,99.8346860864995,0.0
Newton Aycliffe and Spennymoor,County Durham,North East,8,8,9,False,3.2766234024337245e-07,2.4192398155494758e-05,0.008120934854832134,0.01631121395263227,1.0715256129203218e-06,0.003133546207458132,5.845657796346762e-11,99.95252869155044,1.8069125528516118e-06,0.019878214877368943,3.5188826818382524e-19,0.0
Normanton and Hemsworth,West Yorkshire,Yorkshire and the Humber,8,8,9,False,1.2268702957560973e-08,4.0214392170547136e-07,2.2295358117592587e-07,8.97193122058276e-16,7.965906267976245e-06,6.480783457035281e-20,2.2400969339881384e-14,99.99999139472068,1.5294748823219629e-09,4.77440286440864e-10,3.9950857140973127e-39,0.0
North Bedfordshire,Bedfordshire,Eastern,1,6,3,False,5.671844153023227e-08,8.300287111503944e-07,0.00022089053865744984,1.1302179251226108,3.0737840400221184e-07,72.35482947993646,3.2586916164804996e-08,1.3429948240971154e-09,1.621771400622948e-06,26.514162726389777,0.000566128185671028,0.0
North Cornwall,Cornwall,South West,7,11,5,False,3.4704644480302482e-15,1.4207627852539956e-10,1.6347335150077072e-07,1.2874277700235488e-27,1.9738302824841757e-07,1.917554514535383e-11,2.118775687692657e-08,2.7822449465156105e-18,6.371713675203512e-15,1.491148799159205e-12,99.99999961779302,0.0
North Cotswolds,Gloucestershire,South West,7,11,5,False,9.37642515398404e-11,8.813451619031542e-07,6.296710054922472e-05,8.877164840569735e-12,7.353062053374984e-07,1.389640185953199,3.9260335123665633e-07,3.85853737566216e-10,2.710081126319759e-09,0.000782111648369783,98.60951272284463,0.0
North Devon,Devon,South West,7,11,5,False,1.0653140883839963e-13,8.726976694746665e-09,3.513091048175239e-06,1.8456123306813506e-18,8.840778473783773e-08,1.4549103499043023e-07,7.107105234004035e-07,1.4059198675105858e-13,5.161433559826522e-14,1.077856538098486e-09,99.99999553249445,0.0
North Dorset,Dorset,South West,7,11,5,False,1.7857108311508495e-12,2.5960866281409955e-08,3.288153439900115e-06,4.8853952170236104e-17,1.334987832071698e-07,0.0027324317305742647,7.822914890994006e-09,3.7195336593634855e-13,2.2522670554828665e-12,3.022775178982929e-07,99.9972638105514,0.0
North Durham,County Durham,North East,8,8,9,False,5.58144227441965e-11,4.859320396877236e-06,0.0005688487519230252,1.263756584573301e-10,1.3631146216791292e-07,5.0450855666505765e-09,1.1740544507768389e-09,99.99941104915304,5.004623030169025e-10,1.5099561448972506e-05,1.1684161040338942e-19,0.0
North East Cambridgeshire,Cambridgeshire,Eastern,9,6,1,False,8.327632788284713e-07,9.460957412413365e-06,1.1659083443085445e-05,5.0458483036187625,1.2109419364547354e-05,94.94462250468273,1.6034558622599776e-13,2.1824250777291612e-07,5.5391726872627045e-09,0.009494905584477456,1.0862433014381008e-10,0.0
North East Derbyshire,Derbyshire,East Midlands,1,6,1,False,1.031093481817162e-09,4.805738426547213e-07,0.00014059761920364212,0.16551804617737537,5.006550637315865e-09,99.72381377072455,1.5279546273129563e-12,0.00016350796180666723,8.719654427282243e-09,0.11036358193588676,2.4852383977461446e-10,0.0
North East Hampshire,Hampshire,South East,7,11,5,False,3.296084200925348e-11,5.152902463797234e-07,4.854746255318074e-05,2.3482033245672836e-14,2.2230560733268e-06,1.0370637503625658e-07,0.6693809597459511,2.298658088173587e-15,1.020055044331298e-09,0.014943606816322577,99.31562404286933,0.0
North East Hertfordshire,Hertfordshire,Eastern,1,10,3,False,2.740937033023137e-07,1.55110051006559e-06,0.00027398492202203176,9.016917797661009,3.940357361801288e-07,44.93525354136933,6.989693836907218e-09,1.1103048003597734e-07,1.1886077634543452e-05,46.04753962375773,8.289621960706782e-07,0.0
North East Somerset and Hanham,Somerset; Gloucestershire,South West,1,6,1,False,6.388530332307036e-10,4.949210640652505e-07,0.0034919832731874884,0.04109721343493899,1.2252804263996284e-07,99.5908999368825,4.017779351710674e-11,1.8034538104985882e-07,1.8533541273486363e-08,0.36451004844538853,9.568981358209093e-10,0.0
North Herefordshire,Herefordshire,West Midlands,1,5,1,True,7.343244021262551e-27,3.7470904341016744e-19,8.310242616000472e-29,9.898754305687966e-102,100.0,2.6129616602525912e-70,5.04112083385785e-65,7.617430692380544e-51,7.472380517815719e-32,3.341514791452587e-64,9.726691583674447e-96,0.0
North Norfolk,Norfolk,Eastern,7,11,5,False,1.1561825403289921e-12,1.559681516488797e-09,3.231263275454069e-06,7.980205846731878e-33,8.443915496784527e-05,1.1320560907299458e-09,2.3152136461590633e-10,3.0929613731380473e-18,4.0873775434529507e-13,3.7427840459736576e-14,99.999912326657,0.0
North Northumberland,Northumberland,North East,1,6,1,False,1.966576712172532e-06,0.0004648412892866519,4.9998192544915875e-05,2.930420669032309e-11,0.0007351223841163114,99.99873018907478,9.764598751021481e-17,1.3254982618704736e-07,8.646708413306842e-08,1.766343636137755e-05,1.0568419784399254e-13,0.0
North Shropshire,Shropshire,West Midlands,7,5,5,False,8.725349036728591e-17,4.6883744813008466e-06,3.136594801047137e-06,2.2072771231201735e-53,99.9883751975588,2.393027090182303e-21,6.7778337986987385e-09,1.8269337604358153e-23,8.474338707729641e-19,3.998681383580112e-17,0.011616970693772943,0.0
North Somerset,Somerset,South West,1,6,1,False,1.9582264148940947e-10,1.89245602674505e-07,0.0031249101132131583,5.768060250412692e-05,1.255800839268487e-07,99.79464561480698,2.727505951117629e-09,3.8313263400716764e-07,7.287891342609231e-09,0.20216388204730168,7.204260441691676e-06,0.0
North Warwickshire and Bedworth,Warwickshire,West Midlands,9,10,1,False,1.0356002488400098e-05,5.680540869056979e-05,5.556785551945258e-05,20.936169470967545,1.717208468422422e-05,32.50165824874335,7.083377100183492e-13,3.1157935687009626e-07,1.665787860824427e-07,46.56203190040077,3.7819086950909024e-10,0.0
North West Cambridgeshire,Cambridgeshire,Eastern,9,4,3,False,1.8579346464587026e-07,6.33847153388448e-07,8.360399210351042e-07,97.45219247345297,7.881834667983818e-08,0.01407642463421769,2.2426974771384416e-10,1.1738962722073726e-09,1.3998132417860004e-06,2.5337279654364866,7.66098777397184e-10,0.0
North West Essex,Essex,Eastern,1,6,3,False,5.443242765719161e-09,2.6124001407998963e-06,3.2017165697913092e-06,0.0020800430823350075,4.369293823170885e-07,99.82423608488615,2.5034609594555515e-11,1.575168659060109e-11,3.946872939912092e-08,0.17367755246518873,2.3567491075909193e-08,0.0
North West Hampshire,Hampshire,South East,1,4,1,False,9.509351936002014e-08,7.711097779237863e-05,0.008613961565605921,54.367456149451634,5.7284966746144655e-06,45.30362893698846,9.18042527003157e-06,6.557566383155338e-06,4.996289857206629e-06,0.32008864100204104,0.00010864214283848726,0.0
North West Leicestershire,Leicestershire,East Midlands,1,6,1,False,3.503650982168646e-08,2.8725516027539756e-06,2.8270615267699323e-05,5.400133210660439,1.0381879228672166e-07,93.82055566308757,8.890452275821541e-14,3.2127654031886484e-07,9.154542128774852e-09,0.7792795137831874,1.5523188183941904e-11,0.0
North West Norfolk,Norfolk,Eastern,9,6,1,False,4.402297107465623e-08,5.293874267170053e-07,0.00012249290916873255,6.740253122794827e-06,1.3000181612072854e-06,99.9997981199931,1.9921898990970574e-12,6.409792877778153e-06,1.4244263905479664e-08,5.4359828938085104e-05,9.989548016622696e-06,0.0
Northampton North,Northamptonshire,East Midlands,10,10,3,False,0.0012792110088431469,0.001992741820493305,0.0003754204151825269,11.810027746742309,4.8878968379496195e-05,2.7178858975324454e-08,1.5278572322907895e-10,1.8587117138208693e-06,0.20351963372155785,87.98275448128004,5.4196030994976126e-17,0.0
Northampton South,Northamptonshire,East Midlands,6,10,1,False,9.266158769265933e-07,1.6746971411342356e-06,8.689376606371166e-06,45.39467181968915,1.3884058203987946e-07,3.0255455419922678e-05,9.427432688230642e-09,7.386695975479786e-10,6.651334616409678e-05,54.605219971527305,2.856329182481884e-10,0.0
Norwich North,Norfolk,Eastern,9,4,1,False,7.9635721490094e-08,8.371417021063316e-06,0.009025250990099506,99.68036973677673,2.557845312288229e-07,0.0003729209943942398,5.5985553779267045e-11,0.00017396624765793375,3.1269728961558823e-06,0.31004629112504684,5.783782548813666e-20,0.0
Norwich South,Norfolk,Eastern,3,3,7,False,3.004841995759468e-06,5.677141129406585e-05,99.99971609798818,1.1664299845888856e-18,0.00019452567821825415,1.4697573236243108e-35,9.362570036197811e-14,1.6528482533093296e-09,2.903887573329875e-05,5.595514840536344e-07,7.510866220361263e-68,0.0
Nottingham East,Nottinghamshire,East Midlands,4,3,7,False,4.15098117859914e-06,0.002543990916243403,99.9970263369427,3.7686368501339983e-19,0.0002112128910386328,2.3641422910555935e-49,5.881128014411079e-14,1.3678447897015651e-11,0.0001404682417316792,7.3840013244323e-05,2.0715191222735727e-58,0.0
Nottingham North and Kimberley,Nottinghamshire,East Midlands,10,10,8,False,0.00950061242418381,0.0075054514630134885,0.0660724622917511,0.015395826028409897,0.00104319224887201,1.0104720436326862e-17,4.583553634995887e-07,0.0007282816175644651,2.820165161832772,97.07958855373806,5.331585587867519e-25,0.0
Nottingham South,Nottinghamshire,East Midlands,3,3,7,False,0.00010844845729326856,6.850520107117202e-05,99.99762745004733,1.1247907516306365e-21,0.0021845387268406274,5.117548973982945e-43,4.070519199849742e-14,5.187337987071349e-12,5.921794138043794e-06,5.135767958251897e-06,4.885396178489585e-57,0.0
Nuneaton,Warwickshire,West Midlands,9,4,1,False,1.0609610769121524e-07,3.723676341757763e-07,4.469006326462585e-06,99.7626163316301,7.0021003096090546e-09,0.000270360230902541,3.983309687740185e-12,2.9920832093975705e-07,4.951492777613914e-08,0.23710800493920453,3.2572644311999825e-13,0.0
Old Bexley and Sidcup,London (Bexley),London,6,10,3,False,6.496157473504758e-06,3.3561149160695057e-06,1.0455340953269259e-07,0.016399978021135193,5.793353510126372e-06,1.5012248640678653e-07,3.002592747628488e-10,7.85919503909857e-14,2.2512712621931935e-06,99.98358187010527,3.3750190099414345e-14,0.0
Oldham East and Saddleworth,Greater Manchester,North West,10,2,8,False,1.3884236844115176e-07,99.79424315339357,6.729361445869557e-07,1.9486215224913472e-15,0.00043297812047432744,4.154293074956879e-18,1.0562483512205789e-09,1.9274784340168093e-13,4.8876207728612846e-05,0.20527417944315515,1.6131265710407544e-22,0.0
"Oldham West, Chadderton and Royton",Greater Manchester,North West,5,2,6,False,1.3443673743353539e-12,99.99816296559992,5.951680524228707e-27,2.2359671665827244e-67,0.0018370343988292131,9.313236375468035e-62,1.6777931556320634e-37,3.718593569390817e-44,1.8129826971154946e-15,3.897772612268141e-19,5.637570413285521e-81,0.0
Orpington,London (Bromley),London,6,10,3,False,3.0934970576889088e-06,1.160639886567258e-06,3.243294976592877e-07,0.014527679340834232,1.7128354468276088e-06,7.732871445626247e-08,5.184206112801026e-07,1.0375225221068916e-13,0.00012122923152175358,99.98534420428624,9.011281531432365e-11,0.0
Ossett and Denby Dale,West Yorkshire,Yorkshire and the Humber,1,6,1,False,4.0722231738263684e-09,1.6254087428315442e-05,0.00942640862123489,2.4402822598619274,3.354340670391829e-07,92.12627530964966,5.137746877949329e-09,0.04445164834111393,1.722081368268541e-07,5.379547588121522,1.4464857273942275e-08,0.0
Oxford East,Oxfordshire,South East,4,3,7,False,1.365741787368173e-07,0.3402096931320629,99.65484085026847,1.1468278027421944e-18,0.00483373071390063,9.954753903900501e-40,4.434820450913106e-11,4.438139825174693e-10,0.000114270845140006,1.3179782461121577e-06,1.6768202140770816e-46,0.0
Oxford West and Abingdon,Oxfordshire,South East,2,7,5,False,8.687982989029167e-09,3.2790995878744703e-08,12.084933801573557,9.954799632347767e-22,0.1607661271206566,2.2264871795987217e-24,87.75426080706683,2.285534163005681e-12,3.888226947429916e-05,3.4048810047404457e-07,6.057774956380744e-16,0.0
Peckham,London (Southwark),London,4,9,2,False,1.0584700460905926e-07,5.626372362979338e-10,1.2369067764991845e-12,1.7166660549431228e-62,0.002118195975845726,6.809722208472937e-95,4.934041273194997e-36,2.361013629337965e-34,99.99788169761341,3.474208772430501e-23,9.702308641415958e-121,0.0
Pendle and Clitheroe,Lancashire,North West,9,10,8,False,1.0114001368339863e-05,41.2036564570958,0.00010814644000455886,1.416236821605717e-06,0.0013875932983440083,2.8111224562638286e-05,3.306564174104076e-10,9.815541489973808e-12,6.942361620467081e-05,58.794738737746584,1.0435415287758797e-15,0.0
Penistone and Stocksbridge,South Yorkshire,Yorkshire and the Humber,1,8,1,False,4.206730640909934e-08,8.854662313419836e-05,0.09476373145484526,0.04544723124433893,9.74128086492444e-06,1.97971432696172,1.1409600615334485e-07,94.42252441699979,2.05379807817376e-06,3.457449795438768,3.5299920608523776e-11,0.0
Penrith and Solway,Cumbria,North West,1,6,1,False,2.0365979071560614e-09,3.397545049959348e-07,3.773016540173024e-05,1.0241414752144206e-11,7.776316486274318e-07,99.99989138680087,1.258767472944052e-15,7.761492298040137e-06,4.035573031098404e-09,6.199445929741788e-05,3.6136500621155604e-09,0.0
Peterborough,Cambridgeshire,Eastern,10,2,8,False,8.531492584239636e-05,99.25158538206715,0.003515734490216254,4.92276327601448e-08,0.0025406276074768073,6.184656889966461e-17,2.0900762485443858e-07,8.70439446167142e-09,0.0042967327959909,0.7379759411736904,9.61156754938799e-21,0.0
Plymouth Moor View,Devon,South West,9,4,1,False,3.5583581610080534e-06,0.0002029169364211547,0.060421968115039595,99.92047922688312,5.53762007890386e-05,0.0003371187550534274,1.277893863949654e-11,0.018387308488336994,3.958021496536298e-06,0.00010856822874015677,4.2491915282463e-21,0.0
Plymouth Sutton and Devonport,Devon,South West,3,3,7,False,2.7376935787421388e-06,4.147187323200345e-06,99.99988699115887,2.9001426617160595e-09,4.24430538792337e-05,3.5740936848737826e-19,6.2427578253060495e-12,4.1051469657336056e-05,1.2601840080157883e-06,2.1366346399192687e-05,2.9138914919412615e-45,0.0
"Pontefract, Castleford and Knottingley",West Yorkshire,Yorkshire and the Humber,8,8,9,False,8.954156012066503e-08,1.0310699952284817e-06,7.184365842395802e-08,1.487571731214522e-12,3.884707309497385e-06,1.0969557374577376e-23,1.9993167734340895e-12,99.99999476257861,1.0574999065962441e-07,5.450554578275271e-08,1.0747015985340592e-40,0.0
Poole,Dorset,South West,1,4,1,False,2.605221623179655e-09,1.5552683839491626e-07,5.622445585483184e-05,97.0659829728202,1.390117955945766e-08,2.887854474652752,4.86502101686536e-09,1.8916159968880798e-06,1.5130351848761275e-08,0.04610421296268008,3.1463878878100465e-08,0.0
Poplar and Limehouse,London (Tower Hamlets),London,4,5,2,True,4.48185124737807e-29,1.2603763015733024e-05,1.7119874106725358e-40,1.8973904693881952e-128,99.99998739623672,8.453037758692079e-145,7.982234866475638e-64,2.2739449075987227e-72,2.650525139273542e-37,1.894113169274316e-52,1.3545082476026461e-159,0.0
Portsmouth North,Hampshire,South East,9,4,1,False,8.828166462074733e-10,3.202961687062818e-08,2.7462230273421732e-05,99.99719782808043,3.742813007290489e-09,0.0010940536982875042,5.05337670921771e-11,4.3674756970317315e-07,6.632154389229474e-09,0.0016801759048994266,5.404831976646801e-13,0.0
Portsmouth South,Hampshire,South East,3,3,7,False,1.2780828460195494e-06,4.868614217970375e-06,99.99969226141582,1.3586341176478646e-07,3.681103711131118e-05,2.2037380839125433e-22,2.1033062737155638e-09,4.173869542909122e-06,0.00013202755532129156,0.00012844145829661008,6.505346049831548e-38,0.0
Preston,Lancashire,North West,10,2,8,False,7.253108112900565e-05,99.70840903888408,0.27232605073424904,2.377356357784737e-17,0.019156562165898856,3.0018475459468043e-28,9.714964601447556e-11,2.1261763575770138e-11,1.4949365987022008e-05,2.0867650311561036e-05,1.1866347523817099e-27,0.0
Putney,London (Wandsworth),London,2,9,2,False,0.00036335969150072783,9.54681613464603e-06,0.0003268603472477566,8.296129972339713e-11,0.0036053678479442152,3.413370125233591e-27,3.6148446723000056e-07,6.110025204359811e-13,90.86631683076027,9.129377672968864,5.277592427511032e-32,0.0
Queen's Park and Maida Vale,London (Brent; Westminster),London,4,5,2,False,4.10097865503059e-09,8.880365185523297e-09,1.2861027553790164e-11,1.9073168063156683e-64,99.99969377127577,4.180172550588612e-86,9.124278546427802e-30,9.897378933780403e-40,0.0003062157302335099,7.382240239954882e-24,5.341890299633663e-82,0.0
Rawmarsh and Conisbrough,South Yorkshire,Yorkshire and the Humber,8,8,9,False,1.987966206090034e-09,1.890103067108826e-07,1.1406064519377973e-07,3.4290626034068546e-12,1.2460405126578594e-07,1.4505192215022495e-20,7.727487217699743e-13,99.9999994786819,5.335044922817543e-09,8.631595720132007e-08,3.020595652161361e-37,0.0
Rayleigh and Wickford,Essex,Eastern,1,10,1,False,5.5780806764589635e-08,0.00014397004628411897,1.9368050770137316e-05,2.0700889711337975,2.2712568922296215e-05,0.2368268571001765,1.4865900039031463e-10,7.619335261125496e-11,7.66057476246307e-09,97.69289805282455,4.60929663045762e-09,0.0
Reading Central,Berkshire,South East,4,10,3,False,2.928695656816805,0.002531900161403528,0.07737870206948104,2.4896773428738908e-11,0.04515842449769941,7.340976060022013e-36,3.3689641117755506e-07,1.0525471557709953e-07,1.1703042976240756,95.77593057665467,3.6129312372919863e-41,0.0
Reading West and Mid Berkshire,Berkshire,South East,6,10,3,False,6.907939547435937e-07,5.526947438335102e-05,0.0012693329620606065,28.396936947440494,2.7819037057037613e-06,20.11596320753949,3.6482480793638404e-07,3.554124588774168e-08,7.880066068884088e-05,51.48568957340538,2.995453917202882e-06,0.0
Redcar,North Yorkshire,North East,8,8,9,False,1.0821707077648127e-07,1.0961499335922508e-05,0.015849928232881626,0.0007813452563981912,5.246857781840011e-07,0.0001804960700873094,2.428042105458088e-09,99.97933054105242,1.739895457213084e-07,0.0038459185685068807,3.0613616142775973e-16,0.0
Redditch,Worcestershire,West Midlands,9,4,1,False,2.2124391289981662e-08,2.6860040105918767e-06,2.8339995760625373e-06,88.07901354328342,2.1287159635864283e-08,2.382840513946074,2.090838186197601e-11,2.664829595926577e-08,2.7572928307276456e-07,9.538140076355377,6.015663662853267e-10,0.0
Reigate,Surrey,South East,6,10,3,False,2.8799166779858307e-06,8.372482288259851e-06,0.00028564521054307815,0.15570726065612875,2.356162897786621e-05,0.0002735559943042341,2.1545053561863167e-05,6.026577507803178e-10,0.0008984218988391298,99.84277872082615,3.5729731746202086e-08,0.0
Ribble Valley,Lancashire,North West,1,6,1,False,1.4741051258764486e-07,0.0004736515392615821,0.0009756722855074454,5.0821759447247724e-06,2.0786489987540407e-05,99.04307807166262,1.2264641726737975e-10,1.1455685694905935e-06,1.9957687053059016e-06,0.9554359500392913,7.4969368748295035e-06,0.0
Richmond Park,London (Kingston upon Thames; Richmond upon Thames),London,2,7,5,False,1.892141334731311e-08,2.8114510715677756e-10,2.927853875774479e-09,1.1214971377551216e-28,0.06748706564005105,5.04225700945976e-38,99.93250915346458,1.0947193116992494e-19,3.758717758788936e-06,4.713598648855109e-11,6.17834404471227e-25,0.0
Richmond and Northallerton,North Yorkshire,Yorkshire and the Humber,1,6,1,False,2.859877050032426e-07,7.802708916878673e-07,9.151375560322178e-06,8.636847772759974e-10,2.1014050594551917e-05,99.99996435946126,2.274423894717813e-15,2.4010676500567995e-09,6.875913204787992e-08,4.335149466544092e-06,1.6804826326374583e-09,0.0
Rochdale,Greater Manchester,North West,5,2,6,False,6.22535562480688e-13,99.99972885737935,1.0580593259222579e-18,4.332676648084274e-50,0.0002711426197419663,9.286228088729644e-48,1.5416950271373047e-25,3.859465727349832e-35,4.892306578864119e-14,8.335174804003318e-14,2.207833372388231e-59,0.0
Rochester and Strood,Kent,South East,9,4,1,False,3.391969080916303e-08,2.4548747668902126e-08,9.185762132940118e-07,99.7889075187825,9.655807902085442e-09,0.00022029945180284863,5.6202818981492515e-12,9.582830411651336e-11,1.0722885892027726e-07,0.2108710877336877,1.1934534094370894e-12,0.0
Romford,London (Havering),London,6,10,3,False,0.006597113843166045,0.0025582724013506106,1.6311536263180514e-06,3.8502409974161154,0.00037094153071429457,4.225019376049566e-07,6.516109709393351e-10,4.716418165078826e-13,0.05526395375053953,96.08496666675018,1.1343114059366976e-13,0.0
Romsey and Southampton North,Hampshire,South East,7,11,5,False,9.07815078204218e-10,2.972971146163603e-07,0.015335799124872864,5.2500212797584484e-11,1.7338317628934839e-06,0.00011518166800733591,0.04644293125673534,1.6375386015950235e-10,2.829162272961397e-09,0.0027684232044797906,99.93533562966388,0.0
Rossendale and Darwen,Lancashire,North West,9,4,1,False,4.921648474352883e-09,5.800966518235445e-05,0.0006837056401062461,54.39433816820579,2.2197258792357723e-07,15.727464045556172,1.1933854667340205e-10,0.0001729192693467756,1.6742826835379452e-07,29.87728275720175,1.9717778944804288e-11,0.0
Rother Valley,South Yorkshire,Yorkshire and the Humber,8,8,9,False,7.593968264267169e-09,5.570539989856817e-06,0.003129150069028329,7.960745230211932e-07,5.717244304748039e-07,0.00019157187262205315,4.973430144916255e-09,99.98728882661702,3.0875266220606934e-08,0.009383469657676417,2.1340398004147095e-12,0.0
Rotherham,South Yorkshire,Yorkshire and the Humber,8,8,8,False,6.198424175204034e-07,0.02562463827705929,8.129616074706887e-05,2.7658410931265603e-08,0.00015367665588545407,1.5153333702440261e-22,4.6723964615576705e-08,99.9739445657181,0.00011408769924521031,8.104126402733107e-05,3.256928568573581e-32,0.0
Rugby,Warwickshire,West Midlands,6,10,3,False,8.355575401156725e-07,1.7197029939204052e-06,4.355582932445224e-05,1.7493231901135404,7.531624686291672e-08,0.01555628809159884,7.000887183963401e-09,6.244491173796445e-08,6.0239215725030435e-06,98.23506816358832,7.843301773596453e-08,0.0
"Ruislip, Northwood and Pinner",London (Harrow; Hillingdon),London,6,1,3,False,99.70348063825294,1.4623850840576542e-06,1.7911595286918548e-16,5.8759339813522465e-46,0.2965176568388912,7.682625719324101e-55,1.4806020123266212e-17,1.4806848182265008e-38,6.860981194250951e-09,2.356620727976774e-07,1.3676749902675645e-68,0.0
Runcorn and Helsby,Cheshire,North West,8,8,9,False,1.1041353776027602e-08,2.449984702747585e-05,0.037061897894154074,0.00016687235738817833,4.2403543677582754e-07,0.004670686831069304,1.806157294543215e-10,99.73830556129407,3.57971232856455e-06,0.21976646680652184,3.4047118951178916e-18,0.0
Runnymede and Weybridge,Surrey,South East,6,10,3,False,3.091654124607605e-05,0.00012607767512364361,0.0024114032856450396,0.007859658092518644,0.000748385646861298,2.837741621062297e-05,7.2283966889870435,6.346453544440215e-08,0.006712013223909204,92.74755884192236,0.00612757374467628,0.0
Rushcliffe,Nottinghamshire,East Midlands,6,3,1,False,1.1408727001357301e-07,8.86779398141338e-05,96.03854769351263,8.881387165896262e-07,0.011336129206795477,3.79103542661057,1.8065554687787452e-08,1.6274009681079457e-07,0.00011777615710616761,0.1588731132906616,2.509677000203575e-10,0.0
Rutland and Stamford,Leicestershire and Rutland; Lincolnshire,East Midlands,1,6,1,False,1.8693365046543644e-09,2.9105059898957497e-08,1.4567855801391172e-05,2.1388221753495542e-06,2.9038023100446308e-08,99.99631288434074,1.1140044916996762e-11,4.2586550278547634e-10,4.3214680625889883e-10,0.0035250762385970087,0.0001452718610410967,0.0
Salford,Greater Manchester,North West,4,3,7,False,7.200064895985756e-05,0.0010931047250251871,99.9063685021148,5.63314361092286e-18,0.0033927784364695605,2.2395864239783563e-44,3.8505388448864866e-12,4.078201080656289e-05,0.08903201634190752,8.157181964128418e-07,2.059332720539838e-70,0.0
Salisbury,Wiltshire,South West,1,6,1,False,2.1599935326462267e-06,0.003550112790907193,0.13226575337742516,2.2738094036627042e-07,0.0024101512352850537,99.71493061643787,3.6823404864839713e-06,0.0011178242870816463,3.179012820119574e-05,0.0010844285803474564,0.14460325344787744,0.0
Scarborough and Whitby,North Yorkshire,Yorkshire and the Humber,9,6,1,False,2.3726859735164758e-07,2.7427331025045862e-05,0.004390508539088256,20.265738985697304,6.289418718165956e-06,79.71172432575594,6.014734324935442e-12,0.010584694393728411,3.1392712959441365e-07,0.0075272176621525655,3.759393214597376e-13,0.0
Scunthorpe,Lincolnshire,Yorkshire and the Humber,9,4,9,False,7.091999281960562e-07,3.410516136729156e-05,0.0005058742225828509,99.7559160142223,2.376819399302877e-07,0.07216810425273865,1.1156805394033648e-10,0.08227886445165962,1.2250113993860601e-06,0.08909486568416636,2.805294748669027e-13,0.0
Sefton Central,Merseyside,North West,1,8,1,False,7.786703297809977e-11,7.0116303722631735e-06,0.6953031377663349,2.151961192130811e-15,0.001558246027762756,0.030620174170658893,4.696593789439531e-14,99.27240717226181,1.897408247778264e-08,0.00010423909102441007,5.932448872692328e-16,0.0
Selby,North Yorkshire; West Yorkshire,Yorkshire and the Humber,1,6,1,False,1.4289997722408004e-09,4.6634771500288225e-07,4.021523589113298e-05,0.16771313074677843,5.535462046314915e-08,99.31139783260986,7.007020594489587e-14,2.083189440429768e-06,4.795946743821831e-09,0.5208462102881513,2.4701561947306166e-12,0.0
Sevenoaks,Kent,South East,7,10,3,False,1.1544687799709273e-07,4.6976297576500685e-05,0.0001911432613542764,0.003762930484414432,2.5336605915370482e-05,0.5007187578478226,0.0259066293704268,2.479813845385461e-10,9.896715422152338e-06,55.70701088996272,43.76232732375932,0.0
Sheffield Brightside and Hillsborough,South Yorkshire,Yorkshire and the Humber,10,2,7,False,9.829367076063855e-16,99.26501399717334,0.2067480843966563,3.858304787197472e-36,0.5282379182160564,3.816012349638087e-46,1.0160923964687118e-13,2.1401385971480474e-10,1.547273839497781e-14,6.166927231826595e-16,5.938219252162801e-49,0.0
Sheffield Central,South Yorkshire,Yorkshire and the Humber,4,5,2,False,1.847939401425685e-08,3.622737188457888e-08,0.002252676281584584,9.652797001221611e-73,99.9977472690114,9.476351650362265e-113,2.3857354520059746e-35,4.198832561618493e-43,7.434123452961999e-16,5.827686067004479e-27,2.299041388861085e-151,0.0
Sheffield Hallam,South Yorkshire,Yorkshire and the Humber,6,3,7,False,4.688420344224505e-11,4.696735160401144e-06,99.99032151488029,8.17060909770848e-25,0.00786539815059547,7.381302935833227e-15,0.001778371267054476,1.648738946337573e-09,4.783829623947656e-07,2.9538888395066866e-05,9.408286464784083e-17,0.0
Sheffield Heeley,South Yorkshire,Yorkshire and the Humber,3,3,8,False,7.306897014571757e-08,0.42897427889341994,99.54622908324306,3.639705192475316e-20,0.016103522755364003,3.2575803511471875e-27,3.472050117566931e-08,0.008585938987492952,0.0001053429621717793,1.7253691300551055e-06,6.642344981106709e-40,0.0
Sheffield South East,South Yorkshire,Yorkshire and the Humber,8,2,8,False,1.2164545123256307e-06,54.99118282859059,40.67620037383245,9.71062078589075e-16,0.4138925503657668,1.681153038795627e-16,1.3470235290443762e-06,3.9185957506012454,3.24133051971652e-05,9.351982639673003e-05,4.8719728174191905e-18,0.0
Sherwood Forest,Nottinghamshire,East Midlands,9,4,1,False,2.030441211141952e-09,3.7070762257602705e-07,1.6960966647939394e-05,85.61391596447187,6.113212501903486e-09,14.097123884262574,1.4591065787597506e-13,4.2456592927886786e-07,2.7165485463276598e-09,0.2889423841638554,1.1707893430609603e-12,0.0
Shipley,West Yorkshire,Yorkshire and the Humber,1,6,1,False,7.622003353222233e-09,5.5877306902028084e-05,0.02850866120712518,0.16058963724290876,1.0736531309660144e-06,89.92620261823849,8.737814801797324e-11,4.5376341316256177e-05,9.843527318001406e-07,9.884595762981322,9.667368255128984e-10,0.0
Shrewsbury,Shropshire,West Midlands,1,6,1,False,1.0596036178805332e-06,0.0008215595594021036,0.6960648246692158,1.9154198843195975,1.865706130433216e-05,93.63427819651358,2.1910158003116812e-07,3.2010434289337177,0.0001332988868484603,0.5522188539557533,1.7395318694780545e-08,0.0
Sittingbourne and Sheppey,Kent,South East,9,4,1,False,1.828051872067137e-06,0.00018105785594666664,4.83095883799583e-06,99.75712387341106,5.474664921263219e-05,0.10652364625257568,1.7621918281536543e-13,4.5805289326484717e-10,3.998795373131991e-08,0.13610997637441868,3.561326973458155e-16,0.0
Skipton and Ripon,North Yorkshire,Yorkshire and the Humber,1,6,1,False,1.057126481494718e-10,3.477512149902014e-09,1.1678203759802077e-07,7.768278797776112e-08,8.773470208974995e-09,99.99990286251484,1.5263251802131128e-17,2.1427292093554653e-10,1.5688076886449358e-11,9.693041229318994e-05,2.14057206814896e-11,0.0
Sleaford and North Hykeham,Lincolnshire,East Midlands,1,6,1,False,7.365255272506712e-10,4.385751438210317e-07,9.54961098308109e-07,3.777043560722783e-05,1.2615940894998653e-07,99.9999382788579,3.208799255653487e-17,1.0661844703169909e-10,4.44948728640489e-12,2.2430161983743503e-05,1.2344645982613243e-12,0.0
Slough,Berkshire,South East,5,2,6,False,0.0001622411758015173,99.99512570059686,6.522004143749943e-12,8.706299533267301e-61,0.004712058203018582,1.3488460206723104e-95,1.4628372189179028e-23,1.8202376525175297e-55,1.7772712138383958e-11,4.855089621494571e-15,2.1807233918130034e-118,0.0
Smethwick,West Midlands,West Midlands,10,1,8,False,99.99909836547091,0.000523600124771635,1.3917740883931885e-14,1.920764770286923e-41,0.0003778041750087716,7.100817628274047e-70,5.796244391726438e-23,2.4631012556020485e-30,2.101597247880517e-07,2.0069643072377925e-08,2.0974181258913846e-80,0.0
Solihull West and Shirley,West Midlands,West Midlands,6,10,3,False,2.3185709053153037e-06,0.00013089359626273107,0.0003273447454370891,4.949400970490005e-09,5.692554323114607e-06,1.4326393521411967e-07,1.2694429339889059e-05,5.680044343358205e-15,2.013343733855227e-06,99.99951889299885,1.5477747151687169e-09,0.0
South Basildon and East Thurrock,Essex,Eastern,9,4,1,False,1.656433917553673e-06,1.4714033060122946e-06,1.8203266231215291e-07,99.98594226890246,1.8535882864581807e-05,3.723183900638439e-06,5.323012629809797e-13,2.624117414304439e-13,1.8951910890117473e-06,0.014030266968942648,1.1798179026144852e-16,0.0
South Cambridgeshire,Cambridgeshire,Eastern,7,7,5,False,1.9433629142851855e-10,3.9963883430034926e-07,0.0005721920248876325,2.92438521508493e-17,2.2668061866906428e-05,1.160124669211723e-13,99.9658321442834,2.4772260835016065e-13,1.6673376278792548e-07,1.036390072399218e-06,0.033571392672486614,0.0
South Cotswolds,Gloucestershire; Wiltshire,South West,7,11,5,False,2.278425450017749e-13,8.75383996723201e-09,1.5773806882698687e-07,2.4507498286092297e-25,3.1120670418597016e-07,5.360694262576714e-09,1.8679002431259376e-06,4.946542051884461e-17,1.6944167182167057e-12,1.3343998003312674e-08,99.99999763569448,0.0
South Derbyshire,Derbyshire,East Midlands,9,6,1,False,3.7720450737235945e-07,1.3086738286778419e-05,0.0003470973426171987,11.669161472595176,4.168663715244515e-07,49.93013948534973,5.366375454076873e-11,5.890243186187212e-08,2.0840230777050616e-07,38.4003377782455,1.8299391799527924e-08,0.0
South Devon,Devon,South West,7,11,5,False,2.901603837947769e-16,4.2188403907564416e-11,2.2116315224033123e-08,2.5922925917364247e-30,1.8662690021265507e-08,2.859642534198811e-12,3.7482698117747925e-08,9.052646601419767e-19,2.1669977007523863e-15,8.546532805096521e-13,99.99999992169234,0.0
South Dorset,Dorset,South West,1,6,1,False,1.9442221767346416e-09,3.3447387062785667e-07,0.0004650781088107617,2.333740528841816e-05,1.9748676149851198e-07,99.9994679186887,3.835174405883065e-12,2.2652591671289876e-05,2.388124991650011e-10,1.962888402503067e-05,8.501739295738204e-07,0.0
South East Cornwall,Cornwall,South West,1,6,1,False,8.386788714972191e-10,6.576429682367985e-08,4.8305484626784896e-05,5.455690338656799e-07,1.7578374429162066e-07,99.99992464454778,8.878278655408862e-14,7.2345261481338196e-09,3.2040786457871994e-11,2.5731366408136913e-05,5.233787881648614e-07,0.0
South Holland and The Deepings,Lincolnshire,East Midlands,9,6,1,False,0.0002333710815492806,0.013800693989233503,5.167317147879942e-08,1.640826381452416e-08,0.026868325284700498,99.95741165155964,9.791805915510265e-19,1.3051208527368705e-12,8.098955295646756e-09,0.001685881903306925,3.5476738061060914e-17,0.0
South Leicestershire,Leicestershire,East Midlands,1,6,1,False,5.506972939211138e-09,6.584478874482212e-06,0.0006451226708282533,0.029134791856148128,4.089821097389613e-07,91.12290421305454,1.2213492129840009e-08,8.483373996869915e-09,3.4099677316068992e-09,8.840206144596495,0.007102704747155445,0.0
South Norfolk,Norfolk,Eastern,1,6,1,False,7.778137706964932e-06,0.012674766679113457,0.6087443503352655,1.5431644662632276,0.0015210624886618845,97.70589040529065,3.833216411222653e-08,2.4974720657577333e-05,4.340049612997842e-05,0.1279287549787094,2.277836811622796e-09,0.0
South Northamptonshire,Northamptonshire,East Midlands,1,6,1,False,3.8397062740421375e-10,1.30145028911988e-07,1.1026581601574527e-06,0.00010043205068749817,1.0204453580447153e-08,99.92134839081258,1.3948802194816016e-13,3.056224917856879e-11,7.056199546531577e-10,0.0785498550296317,7.797909512827177e-08,0.0
South Ribble,Lancashire,North West,1,6,1,False,4.978171464291887e-09,0.00011460095429378812,0.001484541580562901,0.0006874851544746446,4.957495420090524e-06,94.09286136779306,9.14277056520033e-11,0.00046071897264322956,2.4661319729486976e-07,5.904386069402016,6.964906626685096e-09,0.0
South Shields,Tyne and Wear,North East,8,8,9,False,4.889528226687279e-05,0.420936252348504,0.2906889663715986,1.3888386262254307e-17,0.2804273806883549,7.358792299214568e-23,2.2608809219561102e-09,99.00782257196008,7.153604869546932e-05,4.395039464018745e-06,4.592040702544802e-42,0.0
South Shropshire,Shropshire,West Midlands,7,11,5,False,5.300586813044174e-11,1.1481334216373463e-05,0.0007208799364941502,1.507411580430215e-22,0.0018259287434888082,0.2497323558905649,5.275381988012103e-10,1.8821200925177403e-12,8.785709498090197e-11,1.950951294668721e-06,99.7477074024736,0.0
South Suffolk,Suffolk,Eastern,1,6,1,False,2.2801718090891134e-10,4.483948991460435e-08,1.9472264722470834e-06,2.427763274900394e-06,2.2998530236355047e-08,99.99964199372802,6.1989276056463015e-15,7.209713859319089e-09,4.071814858695413e-11,0.00035350536604590414,5.059972156733292e-08,0.0
South West Devon,Devon,South West,1,6,1,False,5.3810744466066576e-11,9.07914386363183e-08,5.1558113136489716e-05,0.0026887398972016262,6.147183958063479e-09,99.98985136436079,1.1285746574714317e-12,2.0617045816438885e-08,1.0488898452852773e-11,0.007408048206498055,1.718013023950147e-07,0.0
South West Hertfordshire,Hertfordshire,Eastern,6,5,5,False,4.534480659473689e-07,2.2585783550828084e-05,1.003321144257508e-08,1.0395969551726826e-31,99.99997246386508,2.1302585834128917e-25,4.486645890731658e-06,3.188939373926149e-20,1.8067911184903316e-12,2.221897878123606e-10,7.176820313889387e-28,0.0
South West Norfolk,Norfolk,Eastern,9,6,1,False,0.00017729066541521314,0.3353463782416478,7.541696157336211e-07,1.8041194976934312e-08,0.31054575330233275,99.35379145136143,7.716951053918059e-19,1.157658120479098e-11,1.7031510541594642e-09,0.00013835250362711693,2.415422094736093e-19,0.0
South West Wiltshire,Wiltshire,South West,1,6,1,False,2.1378930346380323e-09,1.0646454689193942e-06,0.00036737885725513425,7.442273146695482,3.2231265409307914e-08,92.54383640031948,2.2472693561699817e-08,3.600207220539194e-05,4.303312774918037e-09,0.013450542267568822,3.540399734750084e-05,0.0
Southampton Itchen,Hampshire,South East,3,4,7,False,3.982600148234995e-05,4.662167372598303e-05,22.18369548704689,47.4038829899288,5.643284081030662e-05,1.355939752172819e-08,4.8782036785763704e-08,0.005556476117022988,0.0004736084923817903,30.406248495557612,6.407819107965938e-22,0.0
Southampton Test,Hampshire,South East,3,3,7,False,0.0005303802722728821,0.0014629564833354416,99.32462324585678,6.631614564727626e-05,7.573348352003521e-05,2.829443702868597e-20,3.652460062383844e-07,0.06936507949741505,0.015369826339851822,0.5885060966751384,6.872253019605625e-29,0.0
Southend East and Rochford,Essex,Eastern,9,4,1,False,1.486096069615545e-07,1.5975080690261927e-06,8.86085346432622e-05,99.97960966400345,4.820319451275455e-07,1.989923967349156e-07,2.728235449169531e-10,1.1162944598891576e-08,4.428306949863733e-06,0.020294860577229814,8.957362028153357e-17,0.0
Southend West and Leigh,Essex,Eastern,9,4,1,False,6.272617726899029e-07,0.00015746285005058903,0.0006630159743853004,99.85197112000388,8.102765163672951e-06,4.361449788020163e-05,1.6181174986324958e-08,2.6306785005171632e-08,6.923283850421397e-05,0.14708678131846284,1.9104180709668995e-12,0.0
Southgate and Wood Green,London (Enfield; Haringey),London,2,9,2,False,0.00036001877594395274,6.248029686111932e-07,9.603885595189708e-07,6.041776560203997e-23,0.003082154382075047,2.1425526599769072e-38,3.067555135397502e-14,2.2616789739654594e-16,99.99649793590169,5.83057486356807e-05,2.9790928658503027e-36,0.0
Southport,Lancashire; Merseyside,North West,1,6,1,False,1.1485303471242122e-08,1.4827207257062268e-05,0.004100171470630711,0.009503396772317069,7.975809779916907e-07,99.92056042326715,2.1709486293810143e-09,0.010049867368717148,9.274562381827337e-07,0.055769181180609445,3.940399100944527e-07,0.0
Spelthorne,Surrey,South East,6,10,3,False,7.312392169694518e-05,1.7649094784781227e-05,9.496877182447023e-06,0.00029533801098720303,8.658036629620072e-06,1.6553639733471313e-07,9.870454044638282e-05,1.3710773341696434e-11,5.313824049473529e-05,99.99944358149168,1.4423590328696948e-07,0.0
Spen Valley,West Yorkshire,Yorkshire and the Humber,9,10,1,False,2.1417197193138645e-06,0.2574754160030369,0.9953737299393463,4.810868269161402,0.01365865623707889,0.04441079172738529,1.076848122399893e-05,0.21058821396215197,0.0002198019326059688,93.6673922106517,1.8448063207630836e-10,0.0
St Albans,Hertfordshire,Eastern,7,7,5,False,2.4270979196064185e-12,1.0441524592898075e-09,8.804287451778275e-09,7.46268631558868e-23,2.8551293364756493e-06,1.7363051153700948e-25,99.99999704246645,1.4170110827812313e-20,7.860931166399563e-08,1.274143311639398e-08,1.2025088879442341e-09,0.0
St Austell and Newquay,Cornwall,South West,1,6,1,False,5.000701650763044e-09,7.993246608486905e-07,0.0011049034394350647,1.9652327854524132,1.0628751294707154e-07,98.03160301461455,1.1374191446590201e-11,2.7803816201598348e-05,5.728691590047062e-10,0.0020305793047965376,2.175553903823455e-09,0.0
St Helens North,Merseyside,North West,8,8,9,False,4.742383788535268e-11,3.410073038539818e-07,1.2942931201257821e-05,1.1483891938619264e-15,1.7913171731312007e-07,1.2511228765283994e-15,9.902588334808308e-14,99.99998581041461,3.179365607817038e-09,7.232881111209125e-07,1.523479432520218e-32,0.0
St Helens South and Whiston,Merseyside,North West,8,8,9,False,1.4689421148230666e-10,5.3285393480638774e-05,0.0001620634245994337,3.779464411194413e-18,9.261081911549185e-06,1.0290725411637864e-16,1.3836309645959052e-14,99.99977528403956,1.05797524927054e-07,1.1590974443992997e-10,1.4596327647066057e-30,0.0
St Ives,Cornwall,South West,7,11,5,False,8.047744979681689e-16,6.982541667019822e-11,5.621619965507447e-08,4.536812846699127e-29,6.351218427003048e-08,1.2198181201065048e-12,1.1027496983364112e-07,4.969810366348092e-19,7.164034284311785e-16,1.7160600818345514e-13,99.99999976992538,0.0
St Neots and Mid Cambridgeshire,Cambridgeshire,Eastern,7,11,5,False,4.3460312136267637e-10,4.5399535398443486e-06,0.0006344176163387775,1.5157061334386101e-09,1.6455955803773748e-06,3.519590931292544e-08,8.618733675719572,3.6045466735835814e-12,2.15672564062914e-07,0.008675447000138206,91.37195002129236,0.0
Stafford,Staffordshire,West Midlands,1,6,1,False,1.548735062094032e-07,6.894311971786379e-06,0.00025139767963642694,0.978409460349582,2.890327577930245e-07,98.85317653431449,5.00225282885614e-13,0.00018038235128384694,1.2276030255470098e-06,0.16797365947437226,8.908069611103932e-12,0.0
Staffordshire Moorlands,Staffordshire,West Midlands,1,6,1,False,8.21544387354013e-10,2.314737481683265e-06,3.6930962856473723e-06,0.0018075160641558648,1.8158961365779308e-07,99.87628741322209,4.786030496616047e-15,2.2673866299085403e-07,2.120600203282847e-10,0.12189865347152508,4.658892419314528e-11,0.0
Stalybridge and Hyde,Greater Manchester,North West,8,8,8,False,4.2524864348739565e-07,0.009844677822984387,0.00706488136744771,0.14967264885478984,1.0234811840685778e-05,5.403672092637135e-08,9.829489557137233e-09,99.65622759792289,0.00011654955746582824,0.1770629205476751,3.7327265095603465e-20,0.0
Stevenage,Hertfordshire,Eastern,9,4,1,False,1.1852917271208341e-07,7.725617433418458e-07,6.837720325895556e-05,97.97444283974231,4.2715952540990747e-08,3.245122526675261e-05,1.570586542435665e-08,2.0124582724128682e-07,0.00010944488682931772,2.0253457361811793,2.525571481709276e-12,0.0
Stockport,Greater Manchester,North West,3,10,8,False,3.182795321209043e-06,0.06088281882700731,10.5518479420575,0.0012681842366086397,0.0001177884932585695,3.911769827668483e-13,4.54769212729385e-05,25.507890128556543,0.08777582455512306,63.79016865355695,2.3939372317045386e-23,0.0
Stockton North,County Durham,North East,8,8,9,False,5.001199109205475e-09,1.6701263813254677e-05,0.0013068507646647328,5.741774786112842e-06,1.5101483624867643e-07,6.12914019486119e-13,7.9353154090173e-09,99.99656951629427,7.869222457258278e-07,0.002100239028185195,2.3107174159998803e-25,0.0
Stockton West,North Yorkshire; County Durham,North East,1,6,1,False,6.299641961305966e-09,1.6614595882483802e-05,0.18492070248343437,1.1748760872172457e-05,7.7659519102466e-06,94.07108844473552,2.2442637596197178e-08,0.0003200981735540078,2.0413455668788292e-07,5.743623581385548,1.0811036467357881e-05,0.0
Stoke-on-Trent Central,Staffordshire,West Midlands,10,4,8,False,1.2914725591165788e-05,0.002306441157633054,0.021029807518770656,99.7300857495246,1.6724304672091868e-05,1.0129802902682447e-11,1.6617981680461312e-10,0.03370128783759601,0.00041087967596816025,0.21243619507891168,1.6343320056921187e-24,0.0
Stoke-on-Trent North,Staffordshire,West Midlands,9,4,9,False,2.282218731928056e-07,0.00013217917287564786,6.816061285174495e-05,98.27236431356546,2.6479933712988066e-07,8.251729150234214e-06,7.464553426714241e-10,0.017128625151685263,5.171160051944366e-06,1.7102928048402264,6.260129897427148e-16,0.0
Stoke-on-Trent South,Staffordshire,West Midlands,9,10,1,False,1.384790264733625e-07,0.00018339577334630506,3.419749210561469e-05,24.923536216777027,2.444400312344798e-07,23.33608894601281,4.4915976074559187e-11,4.5637160104571626e-07,6.434451180201351e-07,51.74015575973284,1.431136292636642e-09,0.0
"Stone, Great Wyrley and Penkridge",Staffordshire,West Midlands,1,6,1,False,1.7652432719714807e-06,0.011498120536618825,0.10750676710726535,2.1733214220403786e-11,0.01139828840833273,99.8678972255789,9.049741765006866e-13,1.6132605864596307e-07,2.609881553240172e-08,0.001697636299629812,9.378383158000837e-09,0.0
Stourbridge,West Midlands,West Midlands,9,4,1,False,2.3328729783909702e-08,5.940388123191992e-06,2.7764655790624987e-05,89.3622219183809,1.7547480872838013e-08,0.12443893428038559,9.53495415753351e-11,8.54032475350349e-08,4.715224090677389e-07,10.513304844170364,2.2728404029550298e-10,0.0
Stratford and Bow,London (Newham; Tower Hamlets),London,5,2,2,True,6.585268788550289e-11,90.91216926985086,2.021205520524152e-21,5.956963028449593e-77,9.087830730071019,1.3035900731364414e-106,4.58481484897137e-43,2.2015780466171156e-47,1.241408191444549e-11,6.296221703357903e-26,3.648774305177808e-109,0.0
Stratford-on-Avon,Warwickshire,West Midlands,7,11,5,False,4.4465355938753636e-13,1.237468677090717e-07,7.443689973218073e-07,1.6561526932193547e-24,8.927874924889744e-06,1.1526364113266753e-08,2.0388168431572158e-05,2.3034227425465507e-16,4.831067246667041e-12,9.778856987855558e-08,99.9999697065206,0.0
Streatham and Croydon North,London (Croydon; Lambeth),London,4,9,2,False,1.3238921924045088e-05,7.887305589201115e-08,1.548451659229261e-05,7.911627366609035e-22,0.00011317641849282548,4.492879708539633e-41,2.4028083357980018e-14,4.460584784883368e-17,99.99965941149809,0.00019860977178961118,4.224150488342152e-43,0.0
Stretford and Urmston,Greater Manchester,North West,10,10,8,False,5.4364963015944354e-06,0.17934049728411267,2.0166255673694655,1.2627994793339164e-08,0.0002880512266143048,2.1510192196088693e-14,5.279953576458996e-08,4.317473699165178e-05,0.03418736996699561,97.76950983749194,3.937121163136709e-18,0.0
Stroud,Gloucestershire,South West,1,6,1,False,1.4049494669807556e-07,0.0008997703149170225,11.295983428661922,2.36830594435147e-05,0.0009328008251450481,86.28389176493573,2.814252808677508e-10,1.441115013411756,1.2376784874019987e-06,0.977152160326138,1.0177497921446915e-11,0.0
Suffolk Coastal,Suffolk,Eastern,1,6,1,False,1.1421340968074467e-09,6.90973612576553e-08,0.00010695085019774897,4.296646583698993e-05,9.258781561969351e-08,99.99949736467752,7.466232560624653e-13,1.837961374041396e-06,5.467347517481289e-10,0.00035069827960557484,1.8390676649952972e-08,0.0
Sunderland Central,Tyne and Wear,North East,8,8,9,False,3.0936879903615723e-10,6.633136317785964e-06,0.00012829129772155368,8.062890637546978e-10,2.069604427088802e-07,4.695224598570285e-16,1.237428419596903e-09,99.99986013355777,2.347133990767058e-09,4.7303474850576495e-06,1.5325892438260175e-29,0.0
Surrey Heath,Surrey,South East,7,7,5,False,1.4850361021731196e-08,3.235024346070231e-06,5.8202388256752956e-05,1.3508812872047815e-14,6.228174825216144e-05,2.20165870651444e-11,99.64510826312227,3.243833758060056e-13,1.351993654025389e-07,0.0011573080440976308,0.3536105596005855,0.0
Sussex Weald,East Sussex,South East,1,6,1,False,3.1829701224026134e-09,1.5708536352049918e-05,5.6835353615165883e-05,0.0008981017279665994,1.0856490572902329e-06,99.44973719910026,1.8956146028943005e-08,3.3476396954208395e-09,7.511596859178741e-09,0.5380927387437774,0.011198297890694616,0.0
Sutton Coldfield,West Midlands,West Midlands,6,10,3,False,4.14303255423376e-06,6.941410344543986e-06,2.5240177253527278e-05,1.106803549316896e-06,7.143469170687583e-06,8.400246068401734e-05,1.0158233444171971e-09,7.226654683103432e-15,1.9312176395748486e-05,99.9998521090194,4.347720800614895e-10,0.0
Sutton and Cheam,London (Sutton),London,6,7,5,False,0.0006661045519243896,7.752201472463746e-06,4.812055448309208e-07,9.781959621059107e-13,0.0003284735539876374,1.0657197684426784e-25,98.83628237988276,7.693268409835358e-16,0.0008211261715114866,1.1618936824319104,3.999943207002708e-21,0.0
Swindon North,Wiltshire,South West,9,4,1,False,3.6534808975516636e-08,5.659114166103993e-07,2.1382537280419387e-05,99.23003485789339,1.3784620531730162e-08,0.0025231257800285042,1.0226024358391215e-09,1.0049153388591565e-07,3.2617542714434316e-07,0.7674195897765795,9.231970494580825e-11,0.0
Swindon South,Wiltshire,South West,6,10,3,False,0.009923072071808058,0.0003303766641731546,0.0009392330571925286,0.046121577570235286,4.075219513110183e-05,2.1713679246847149e-10,6.998269950768172e-08,6.194706777736784e-07,0.0016257248529194285,99.9410185739179,1.2376475745921504e-15,0.0
Tamworth,Staffordshire,West Midlands,9,4,1,False,1.0850060018357421e-08,2.0888932297723106e-07,2.167353933601314e-06,98.4787758462525,4.411210284240431e-08,0.15796660612465288,1.5302363502262515e-12,1.151808960827812e-08,7.089768369977905e-09,1.363255097805319,2.67378221506255e-12,0.0
Tatton,Cheshire,North West,1,6,1,False,3.897250334598503e-08,8.739640668394995e-07,0.00032256791989301707,0.0001429233896779896,5.537449009818356e-06,65.99103832197719,2.4824313143802687e-09,1.4325542458889928e-08,3.020301846777124e-06,34.00848560625559,1.0929622592231686e-06,0.0
Taunton and Wellington,Somerset,South West,7,11,5,False,2.2206755202969382e-10,2.965307589787052e-06,0.0009963139129064587,1.9688179997847024e-14,0.0001812857391481263,6.314220219894421e-12,22.24095286220531,1.878545523073066e-09,1.5917767053115476e-09,3.2044644222780723e-07,77.75786624868975,0.0
Telford,Shropshire,West Midlands,9,4,1,False,2.860018549733435e-07,3.26884307930004e-07,4.656297313873164e-05,99.14425365555462,3.545981674154887e-07,5.434125618527173e-07,2.0255433797080473e-11,1.3762808962585316e-08,2.246556348012943e-06,0.855696010235763,3.5158666209802786e-18,0.0
Tewkesbury,Gloucestershire,South West,7,11,5,False,3.6588658864194825e-14,1.434485148896054e-08,5.30214254329158e-07,1.7346030019590637e-20,3.844483181044524e-08,1.62950365182151e-10,0.0005792447692554556,1.6163215340328572e-14,4.806921697793218e-13,3.759872680990256e-07,99.99941979607607,0.0
The Wrekin,Shropshire,West Midlands,9,6,1,False,2.994247978328003e-08,1.5764872942150904e-06,0.0001782428445633665,4.742000382595348,3.03040707904596e-08,94.67336728067501,5.997625865469545e-11,5.708874788747055e-07,5.806540786096857e-08,0.5844513783620753,4.497763164291238e-07,0.0
Thirsk and Malton,North Yorkshire,Yorkshire and the Humber,1,6,1,False,4.055958403382464e-10,1.790373647343496e-08,4.4186510889083716e-07,1.6276051460671743e-11,2.3326339400231903e-07,99.99999889391056,1.7656737084619018e-17,4.091085342274055e-10,1.3214812322354194e-11,4.1057902377292314e-07,1.6339521979653497e-09,0.0
Thornbury and Yate,Gloucestershire,South West,7,11,5,False,1.662293882006132e-12,5.769302512183204e-07,0.00012724914359455995,2.9699311750723806e-11,1.3078644236776416e-07,4.151139104363451e-06,0.04056872230535201,4.315774010587287e-12,1.0418220316825716e-10,0.00038406453534075115,99.95891510502013,0.0
Thurrock,Essex,Eastern,9,10,3,False,0.03354001147074147,2.5751405709323238e-05,1.0330520677169555e-08,0.008517931251278369,0.006067557191111598,4.9073452104506926e-14,4.466954701186355e-12,6.4567578037810995e-18,0.17429626633355721,99.77755247201256,1.3560511982972671e-19,0.0
Tipton and Wednesbury,West Midlands,West Midlands,10,1,8,False,99.9817980386145,0.0007241744587134941,2.128800017138012e-08,1.1080460484354525e-12,0.004293158496640069,3.329443335280356e-27,5.6241717041914954e-15,5.5565689605861255e-11,0.00535022708029219,0.00783438000513772,1.9888875999207866e-35,0.0
Tiverton and Minehead,Devon; Somerset,South West,7,11,5,False,3.782403060075122e-14,1.6636851853207095e-09,1.9711942933512974e-06,3.750929669197883e-24,4.981667693894923e-07,3.618020163866212e-06,5.084059284304765e-10,3.3332721946090726e-14,3.6486012517400504e-14,2.084269996895077e-10,99.99999391023808,0.0
Tonbridge,Kent,South East,1,6,1,False,2.98140959786185e-06,0.00018332040760390676,0.0008096816990123708,0.008939061351679942,0.00021058387604890077,97.80364574544049,1.4833812683466407e-11,8.402261896014955e-08,1.233904588560689e-06,2.186207264323664,4.355002872533737e-08,0.0
Tooting,London (Wandsworth),London,2,9,2,False,0.001901794656219827,6.096901522644133e-05,0.005503039567393426,2.5749392221962725e-18,0.04735432218256975,8.300049872887031e-37,2.7076836887271695e-13,1.600294528133121e-10,99.94517974655253,1.2786574404363042e-07,1.2074192247648216e-48,0.0
Torbay,Devon,South West,7,11,5,False,3.434067765829252e-07,0.00036861927003295557,2.085207920428637,1.923007395786791e-09,0.2056270209421722,7.98930780871033e-05,0.07963186900037898,0.007728819270153124,3.9028320621130484e-08,3.99899756247243e-06,97.62135147465504,0.0
Torridge and Tavistock,Devon,South West,1,6,1,False,8.477251290109372e-10,1.0293149400893465e-06,0.0007379784739098569,1.1923104201265393e-08,1.6626671543323866e-06,99.4613155397106,5.30191601012768e-10,3.86017040669529e-08,1.39183103542339e-10,0.00017062703628416273,0.537773110755276,0.0
Tottenham,London (Hackney; Haringey),London,4,9,2,False,3.2316057662453795e-07,9.321195107469236e-10,7.154637031910996e-08,1.0605720308254912e-54,0.06722763875175986,1.9345249735240592e-79,1.4581687396142598e-28,2.8304619196560375e-34,99.93277196560902,1.8380515319254075e-17,1.217385528387016e-78,0.0
Truro and Falmouth,Cornwall,South West,1,3,1,False,1.6910006460225444e-06,0.0007382641054385031,96.42762523613175,0.003249722541876943,0.00014749477794661638,3.4347747636319736,7.834672546566072e-08,0.044891458319676295,1.1512771254792256e-05,0.08855977836752112,5.233834037132522e-12,0.0
Tunbridge Wells,Kent,South East,7,11,5,False,2.2817157556332273e-12,9.890368706230092e-09,1.5525075967692122e-06,8.497464675838073e-15,7.97825914331892e-08,6.014863881322797e-11,1.0966023689994386,1.4119776208553237e-14,2.9208929547301893e-09,2.504194457000226e-05,98.90337094389213,0.0
Twickenham,London (Richmond upon Thames),London,7,7,5,False,5.802233607282925e-12,7.567978245950509e-11,1.67797702302254e-08,4.193243215377468e-26,1.920794147037333e-05,3.0493503264777335e-31,99.99998072088381,7.56589201788451e-20,5.4203895718158773e-08,1.0970814433528906e-10,9.341766482521404e-17,0.0
Tynemouth,Tyne and Wear,North East,1,3,1,False,6.489455803076234e-08,0.001588689859643363,48.79766901105389,0.00942445747920395,4.6293209399600224e-05,0.4610939563644837,5.099470118994004e-07,38.98126417386024,5.953986588945105e-05,11.74885330346552,3.910241959021012e-15,0.0
Uxbridge and South Ruislip,London (Hillingdon),London,6,10,3,False,1.0511178761166295,0.001603099760523696,1.5258430137115013e-05,2.836398770860318e-15,0.002990889316256299,7.356711160892399e-27,1.34812823842734e-10,6.396123538827381e-18,0.004153069600187733,98.9401198066416,3.1883514082647713e-29,0.0
Vauxhall and Camberwell Green,London (Lambeth; Southwark),London,4,9,2,False,1.6065437619876692e-06,5.761182536930143e-10,4.953584466596899e-09,4.2791925145708907e-48,0.0006645192077813284,9.335246641754937e-82,4.663474157549212e-28,6.267877080979024e-28,99.99933386871867,1.0825377507419466e-15,1.6969131426649937e-112,0.0
Wakefield and Rothwell,West Yorkshire,Yorkshire and the Humber,9,4,3,False,1.4284616629098574e-06,0.0021854725704118227,0.015626388519719717,99.48226542289012,3.0766436668581165e-06,2.3260184756996906e-07,3.9665609464490666e-07,0.20970013755641953,0.0017583756435079344,0.2884590684566419,6.805751993810536e-17,0.0
Wallasey,Merseyside,North West,8,8,9,False,9.596699604513743e-10,4.07479635528349e-05,0.22390424761261984,1.6846908873466283e-09,6.380238372987868e-07,2.976704268517499e-10,3.633609574141419e-11,99.77532817644021,3.0688773957893486e-07,0.0007258800937866782,4.628446942508742e-28,0.0
Walsall and Bloxwich,West Midlands,West Midlands,10,2,8,False,0.17619978335407477,99.45962912381331,8.193334500658823e-06,1.0252229513668867e-14,0.008104073811221645,9.913693675612361e-32,1.2758991132739144e-14,1.2235135712335869e-20,0.004126001554988121,0.351932824131809,8.568010741551213e-43,0.0
Walthamstow,London (Waltham Forest),London,4,9,2,False,3.73339816729477e-05,0.018570873033887283,0.025602769111382376,3.0371860494646534e-24,0.06866542878618488,5.527687615316456e-54,3.596761011870841e-15,2.5843790876456774e-16,99.8868449240553,0.0002786710315923619,3.1911644751313023e-55,0.0
Warrington North,Cheshire,North West,8,8,9,False,6.789902745578534e-08,0.0005298910989415713,0.00985786653177226,0.05143548571776731,6.975485447112885e-06,0.0030090911950557955,4.5020136454265886e-08,95.7270652402331,1.3566911736531898e-05,4.208081769906831,1.7830330303864837e-14,0.0
Warrington South,Cheshire,North West,6,10,1,False,3.1835756598149504e-08,0.0006196159382725112,0.7079857932271987,0.009745437835517822,3.545311115216031e-05,0.12456881901790899,2.1557040799932264e-05,1.6359566473541483,4.7424073370780336e-05,97.52101920863433,1.1931504914073133e-08,0.0
Warwick and Leamington,Warwickshire,West Midlands,6,10,3,False,0.0405622108511217,0.0009184815005212566,0.76432338745733,7.037295602705347e-14,0.005552575974882601,8.552438371887506e-15,3.487170103023938e-08,3.5473080978191175e-07,0.0032936616415347093,99.18534929297219,1.467017213878117e-22,0.0
Washington and Gateshead South,Tyne and Wear,North East,8,8,9,False,1.8533590225004318e-10,9.02061130539421e-08,3.9360492613929436e-07,1.1058823692943958e-11,2.8217123566568222e-08,2.550359655647607e-17,1.6038816930819145e-13,99.99999947385128,8.632175909638352e-10,1.3060765580657288e-08,1.904080292726127e-34,0.0
Watford,Hertfordshire,Eastern,6,10,3,False,0.047695584617574026,0.0037545649849414975,4.294181789600085e-05,6.205162963996996e-10,0.00028524035992070514,1.5126641468677602e-28,0.0025675040137073824,3.8744737376841286e-15,0.6303752553342483,99.31527890825134,1.73835847907266e-26,0.0
Waveney Valley,Norfolk; Suffolk,Eastern,1,5,1,True,1.3475724486197292e-24,2.0511080064817184e-17,2.6902895503367355e-26,3.61436905419411e-96,100.0,9.213273904285863e-65,9.40436063266201e-63,9.983692168617084e-46,1.057860036933814e-29,1.5690639996827813e-59,1.0393350278228484e-89,0.0
Weald of Kent,Kent,South East,1,6,1,False,4.130654541649019e-09,3.607872526678603e-07,1.0187894886575262e-07,9.588308370275936e-08,9.755618646465527e-07,99.99565178413576,6.206575652605071e-17,9.003444503131255e-13,9.462820546919785e-10,0.004346676296901462,3.782876480217295e-10,0.0
Wellingborough and Rushden,Northamptonshire,East Midlands,9,4,1,False,3.7183172419936135e-07,1.0027217988477611e-07,1.7205182898573075e-07,99.6447817811561,3.701558436765373e-08,3.5188371033506297e-05,2.8895480180915087e-13,1.5603592493748191e-09,1.5625815986104302e-07,0.35518219148278973,2.487920713380839e-15,0.0
Wells and Mendip Hills,Somerset; Somerset,South West,7,11,5,False,1.1674458984812874e-15,2.3684861938468714e-09,3.217765832769644e-08,3.371771389361715e-25,2.042092080478911e-08,1.9887954943206418e-10,9.889514204060004e-07,4.385098427487034e-19,1.1036868029666699e-14,1.8565136188115425e-09,99.99999895402603,0.0
Welwyn Hatfield,Hertfordshire,Eastern,6,10,3,False,3.8655225786857433e-05,4.546141147082574e-06,0.0015715916079033186,1.5422138896184774,2.2859623742302713e-06,5.814187975226962e-08,1.0802351672553146e-07,7.726971091838593e-08,0.013872744743877684,98.44229604326517,1.0248833947160779e-13,0.0
West Bromwich,West Midlands,West Midlands,10,1,8,False,99.99993675384476,1.3618636065741603e-07,6.667817410570037e-22,8.98505305262506e-53,6.310995098528075e-05,8.232231334881165e-69,2.1918376883310414e-29,4.1864109634612296e-38,2.833300256346812e-12,1.4883367530559742e-11,1.0688873802090374e-85,0.0
West Dorset,Dorset,South West,7,11,5,False,2.90297440328859e-13,9.776173456474028e-07,1.4179320166739385e-06,3.679347212376094e-40,0.006517729446722629,2.8263658855903422e-15,1.360710158993255e-06,7.022373738234956e-20,2.441931190656281e-13,5.407501462000219e-15,99.99347851429313,0.0
West Ham and Beckton,London (Newham),London,5,2,2,False,4.31650046423063e-05,87.56684555325954,1.6460396528217996e-16,2.339968963109362e-58,10.868349717749588,8.346872311664954e-82,2.073897476175221e-35,2.4731928462417746e-28,1.5647615639864225,3.426993451998167e-16,1.807970324747316e-86,0.0
West Lancashire,Lancashire,North West,8,8,9,False,2.065772815434903e-09,0.0005896412187772365,8.587355427537648,1.897347556565314e-08,5.82032245955365e-05,0.00464362514169827,5.042184823349564e-10,91.30092429954722,1.6390442800294868e-07,0.10642861788209626,5.105183550179673e-18,0.0
West Suffolk,Suffolk,Eastern,9,6,1,False,3.91045725023572e-06,9.90080646078686e-06,1.615126674814772e-05,7.763388154012313,1.166171789278087e-05,91.88343117852142,9.715706739954457e-12,2.5465710851366436e-07,1.7857078526808495e-06,0.35313699987291564,2.9703175114989526e-09,0.0
West Worcestershire,Worcestershire,West Midlands,1,6,1,False,2.3890373604910646e-10,1.3282517042905569e-06,0.0005759089229212507,1.1313815119480601e-12,2.6503253850182285e-06,93.75910806145046,1.382935082093787e-09,1.9946089148946476e-09,3.359488661638193e-09,0.001453590384124648,6.238858453688191,0.0
Westmorland and Lonsdale,Cumbria,North West,7,11,5,False,2.351115886693703e-17,2.3739526530641276e-11,5.813650414935293e-10,7.694160836711651e-43,1.0890002765126949e-06,1.4120390709179984e-19,2.669158105915524e-07,2.26815992389711e-22,8.428446668476239e-17,6.6307538200120055e-16,99.9999986434787,0.0
Weston-super-Mare,Somerset,South West,9,4,1,False,1.026255209435367e-09,6.675947085741776e-08,8.238088247465235e-05,99.9842040468195,3.2729400621428626e-09,0.011029703375410713,3.112440771943665e-11,1.050802033936391e-05,3.197270849749984e-09,0.004673286615120936,7.71053947118004e-15,0.0
Wetherby and Easingwold,North Yorkshire; West Yorkshire,Yorkshire and the Humber,1,6,1,False,2.5335676985657177e-10,1.9236029498483843e-08,1.311461091569896e-06,1.249787481141851e-10,3.2324388021637575e-07,99.99930238957374,1.4410706199389284e-17,5.489037184612324e-12,1.1783329166938752e-10,0.0006959557942096534,1.8933905280634172e-10,0.0
Whitehaven and Workington,Cumbria,North West,9,8,1,False,2.695717438394544e-05,0.0028771383936699677,0.0010385871593507142,1.005466787720394e-06,0.0005291595456656461,2.2807091862772625e-05,4.245410293283706e-15,99.99500544022062,0.000419343784857551,7.95611629172193e-05,1.5812710175061465e-24,0.0
Widnes and Halewood,Cheshire; Merseyside,North West,8,8,9,False,5.84136667613322e-12,2.1980084431135246e-06,0.00043568036544402175,2.892051982803855e-19,2.209668880893079e-06,1.8690381488817558e-15,6.461425245262253e-14,99.99955949667229,1.3595550078307988e-09,4.139194708004553e-07,2.7485115308121683e-30,0.0
Wigan,Greater Manchester,North West,8,8,9,False,6.262204315695529e-10,8.935043908461983e-06,4.024126369971406e-06,1.9535259630633287e-12,1.1775920511854458e-06,3.959028276403701e-14,1.2501064539925843e-13,99.99998568143407,1.7208697460412725e-07,9.088300473282594e-09,6.453859662878631e-27,0.0
Wimbledon,London (Kingston upon Thames; Merton),London,2,7,5,False,5.799160680472187e-07,1.9324361112640232e-09,2.279056300270425e-08,1.4824605241371065e-20,0.0005417797607468962,1.9714174524769342e-34,99.9984930516676,3.0432051886793233e-18,0.0009361814927983392,2.838243982660439e-05,1.9489431193029145e-23,0.0
Winchester,Hampshire,South East,7,7,5,False,8.077434376778323e-12,2.3152067219445063e-07,0.0007190957630864989,2.4470671904721725e-20,4.7118413592067175e-05,5.423384013002346e-13,84.16081096910321,5.066635855336028e-15,4.39022419429759e-10,3.100865986992351e-07,15.838422274665115,0.0
Windsor,Berkshire; Surrey,South East,6,10,3,False,0.07272320104154104,0.0016050323324568441,0.007985190115606602,4.379597002005568e-09,0.0022360893190903164,7.265374489096929e-13,0.020734303861347843,1.9087029541876286e-13,0.009214621197685133,99.88550155772222,2.954701937191794e-11,0.0
Wirral West,Merseyside,North West,1,8,1,False,3.7324077431892755e-08,0.0003317576415599994,1.6606105002058076,4.4557886551727237e-10,0.005139655016562776,0.07060050483046833,8.55831479977073e-12,98.26313435021599,5.397254802406975e-06,0.00017779705648537,1.5202999056728545e-15,0.0
Witham,Essex,Eastern,1,6,1,False,1.0990704250383827e-08,1.027837887287912e-06,5.131450759190109e-07,0.02341557930484587,9.35909702874148e-08,99.89753323384367,8.880284686521098e-15,2.7011975047410407e-10,1.4167126677887347e-09,0.079049538378225,1.2217696928394626e-09,0.0
Witney,Oxfordshire,South East,7,11,5,False,2.9646642759050423e-14,6.699034361420355e-10,2.6403676956793814e-07,4.731091701853035e-17,2.495503338435539e-09,4.134196500048595e-09,0.00031491832596317065,4.10292769820218e-14,2.8005040815577635e-12,1.993853181448898e-07,99.99968461094946,0.0
Woking,Surrey,South East,7,7,5,False,8.536523275966346e-13,2.479932550609188e-06,1.253486271016476e-08,2.1521234057020348e-23,9.250780776004077e-05,2.9362559464217886e-24,99.99990484119061,2.5419179232437127e-19,4.353519626916499e-11,1.5840959150056918e-07,8.009964097024068e-11,0.0
Wokingham,Berkshire,South East,7,7,5,False,9.723047578258436e-12,2.901440004366456e-08,3.749964724478282e-07,2.1975255892760047e-21,9.731550004454376e-07,6.760231271525742e-17,99.99979522826163,2.2773203500801714e-20,1.5932863621053263e-09,0.0001262203812153263,7.717258841834359e-05,0.0
Wolverhampton North East,West Midlands,West Midlands,10,1,8,False,99.93529312528608,0.0002663873488736528,8.858310588882977e-10,4.941024919938161e-19,0.06126423473077888,9.624253426016589e-32,1.862686767807381e-15,1.1470087229149483e-16,0.0003202311196251232,0.00285602062884066,1.0726679439629124e-41,0.0
Wolverhampton South East,West Midlands,West Midlands,10,1,8,False,99.99988334885313,3.76572082912484e-08,6.177559541260194e-20,4.3837406963478345e-42,0.00011660953798440897,8.96424308993518e-59,2.8976343321910192e-27,2.1999913145694292e-27,3.804351957978561e-09,1.4736568219700005e-10,7.11836413414385e-71,0.0
Wolverhampton West,West Midlands,West Midlands,10,1,8,False,99.99917808953404,2.071438885412518e-06,1.8075142752606913e-21,5.78011237491917e-59,0.0008198390202303805,2.6426247023304833e-69,1.3207914806124498e-30,2.557920000103205e-40,6.322017525633004e-12,4.654049482630607e-13,3.947377668998493e-88,0.0
Worcester,Worcestershire,West Midlands,3,4,1,False,5.030276634522278e-07,0.0006991116363596852,1.0442975544194835,91.43453567652658,3.6317503813670444e-06,0.00890888803159549,1.2547553005731331e-07,0.09778508305255651,0.00013684344349617142,7.413632582636211,6.627421993019814e-14,0.0
Worsley and Eccles,Greater Manchester,North West,8,8,8,False,8.625106382257614e-07,0.0023939994924497172,0.04259930713895724,0.08196072857825615,2.3505096131163674e-05,8.862057864343471e-08,3.093974231876044e-07,60.39232641546638,0.001248097653805628,39.47944668604528,4.436990231863215e-19,0.0
Worthing West,West Sussex,South East,1,4,1,False,3.953215834178448e-07,4.608788455348448e-06,0.0011162618153892179,96.43629630649778,8.587496163439917e-07,3.5080196273789985,2.8924668289817318e-11,0.00030872844544841104,1.5549259009792064e-06,0.05425165804749908,3.823314353141122e-13,0.0
Wycombe,Buckinghamshire,South East,6,2,3,False,1.8067823488082444e-05,99.93821706632701,5.35686345359764e-12,1.3847501769670698e-27,0.05939549005224565,1.1320474736073304e-27,4.1518119824686604e-17,5.828640882716908e-25,0.00010332310233514555,0.0022660526895135606,5.921065252797327e-40,0.0
Wyre Forest,Worcestershire,West Midlands,9,6,1,False,4.338730598502224e-09,7.859362835609251e-07,4.664969129398523e-07,0.4562413688772104,1.2993493683374387e-08,99.52197777269456,4.6695346749560186e-15,1.1218679112153661e-07,8.589749223417332e-10,0.021779475606017677,1.1062104227189381e-11,0.0
Wythenshawe and Sale East,Greater Manchester,North West,10,10,8,False,0.0008084338341692717,0.01802862059782115,0.5724392273095864,0.00411373770498991,0.00037757506258462694,4.188571440005297e-18,4.466606568639214e-06,22.88986895256787,24.652650805267577,51.861708181048996,4.5668571015280764e-27,0.0
Yeovil,Somerset,South West,7,11,5,False,5.587096286343989e-14,9.455047424812018e-10,6.822553343055257e-07,3.381158850363204e-20,1.2428212293416002e-07,3.28925105880204e-10,1.5512961918221498e-05,5.819418381860533e-13,5.951163526407165e-14,3.470987227709131e-10,99.9999836788784,0.0
York Central,North Yorkshire,Yorkshire and the Humber,3,3,7,False,9.190570555718583e-08,6.966225888419895e-07,99.999683432466,6.202579655880316e-29,0.00031543312099772594,1.7062012448116217e-39,7.519262082176062e-17,1.2845964396815994e-14,3.4531025867270255e-07,5.746110604651247e-10,7.129900636375959e-77,0.0
York Outer,North Yorkshire,Yorkshire and the Humber,1,6,1,False,1.4264105334352165e-09,1.1719082249893177e-06,0.12135393850030236,6.358497887514477e-05,3.3758361447719305e-06,99.82610553833558,1.09476870653502e-09,6.1156824043934306e-06,1.6301599199912666e-07,0.0524661038080839,5.413220812463165e-09,0.0
