Seat,Nation,Region,KMeans_label,GMM_label,Agglomerative_label,DBSCAN_outlier,DominantHandTribe,Segment_1,Segment_2,Segment_3,Segment_4,Segment_5,Segment_6
Aldershot,england,South East,5,3,5,True,Average,7.196138494473122e-82,1.2314053934901864e-16,100.0,2.60318948039479e-54,3.694150534956362e-152,7.001850604149829e-103
Aldridge-Brownhills,england,West Midlands,6,2,4,False,Average,0.03694559300833027,99.91074156614292,0.0036340056380430377,0.04834097735207516,0.00033785782906892826,2.962922948133695e-11
Altrincham and Sale West,england,North West,5,2,6,False,Liberal,2.5724910466673337e-21,99.98555155876794,0.014386732031681275,6.112723077782213e-05,5.819695425252453e-07,1.1280505015378969e-33
Amber Valley,england,East Midlands,6,1,2,False,Reforms,99.42322501097983,0.01179908605749677,1.4441157099645066e-08,0.5634916867664935,0.00024269898546362285,0.0012415027694848049
Arundel and South Downs,england,South East,1,5,2,False,Liberal,3.2044543661163394e-06,0.06270701312680983,7.583957122478281e-07,0.0068414827657422685,98.77733059623833,1.1531169450189482
Ashfield,england,East Midlands,6,1,2,False,Reforms,99.40007381814489,0.03377544203004601,1.5965479092031113e-07,0.5661505562213416,2.8849782982495037e-10,2.3660477204778445e-08
Ashford,england,South East,5,4,4,False,Average,7.060771962947622e-05,3.0177382131488604,0.0009308384182583364,96.98126033632198,7.894410805904332e-11,4.312423088859039e-09
Ashton-under-Lyne,england,North West,6,4,4,False,Average,4.6617515244152144e-05,16.70111284478894,0.0004815882642982186,83.29835890401459,4.5416861761226115e-08,3.045892170144517e-17
Aylesbury,england,South East,5,2,4,False,Average,3.341448349063307e-11,51.22096264151559,0.0018934087431665561,48.77707727238476,6.667732302079295e-05,6.953177764095183e-22
Banbury,england,South East,5,4,4,False,Liberal,0.0018326751827950675,0.17581551545435295,1.0500775937443379e-06,71.55056138282599,28.271788025753413,1.3507059425438134e-06
Barking,england,London,4,3,1,False,Progressives,6.423939798910828e-93,0.2921688154067666,99.70783118296515,1.6281650537739192e-09,4.539840126949909e-61,2.2687284216896465e-126
Barnsley North,england,Yorkshire and the Humber,6,1,2,False,Average,99.69195086160528,0.02935007707813572,1.1114540636763428e-07,0.27869887099409474,1.1992622873154618e-09,7.797776382568618e-08
Barnsley South,england,Yorkshire and the Humber,6,1,2,False,Reforms,91.22588501640641,0.21184099125105424,4.6784037208002995e-06,8.562269306040445,4.863203015154806e-12,7.893529941444373e-09
Barrow and Furness,england,North West,1,1,2,False,Reforms,71.47542785281841,0.10111021785024227,1.3541780155699494e-07,0.45423184802518213,0.7959544050434728,27.173275540844806
Basildon and Billericay,england,Eastern,6,4,2,False,Average,7.307592704152432e-05,0.5765098465184183,1.094732952219378e-05,99.42195263322635,0.0014534969987065008,1.0825761092619906e-16
Basingstoke,england,South East,5,4,4,False,Average,1.7065243670079483e-07,2.34444604190349,0.000318397257630414,97.6552352552644,1.3492206044596375e-07,3.997074964499305e-14
Bassetlaw,england,East Midlands,6,1,2,False,Reforms,99.34027148642825,0.02380418082106644,8.923859229235534e-08,0.6216810002871984,0.00028175666652705255,0.013961486558330656
Bath,england,South West,3,2,5,False,Left,1.0688133044427936e-17,99.99444901334081,0.00548282951315894,6.81571458988046e-05,3.902939200628968e-18,8.071366293901684e-34
Battersea,england,London,2,2,5,False,Progressives,3.7625262688040125e-67,92.52072910947861,7.4792708114169795,7.910424497091352e-08,2.9699799312422255e-36,3.223467327719579e-93
Beaconsfield,england,South East,5,2,6,False,Liberal,4.498534831372207e-16,99.97739609261222,0.02241513683104385,0.00018876925348166476,1.303277725038578e-09,2.430136570953699e-27
Beckenham and Penge,england,London,5,2,5,False,Liberal,2.1967216458752983e-35,87.48359330922534,0.14313701572007898,12.373269675044117,1.0544025005133685e-11,2.8026543285951414e-46
Bedford,england,Eastern,5,4,4,False,Average,1.6826668615867062e-18,6.550372387478198,0.0009732528088297392,93.44865435837383,1.3392207071941017e-09,3.4373599194307118e-31
Bermondsey and Old Southwark,england,London,2,3,1,False,Progressives,1.680468664731708e-101,22.653753840419313,77.34624615955431,2.6334866364056898e-11,9.200403665913152e-60,1.46622455700021e-132
Bethnal Green and Stepney,england,London,2,3,1,True,Muslim,1.650760090768592e-299,2.1371714334753263e-44,100.0,2.677142950519931e-142,0.0,0.0
Beverley and Holderness,england,Yorkshire and the Humber,1,6,2,False,Average,0.020269021014661288,0.008875381096333596,3.4375317353568526e-08,0.0019559195005708642,0.0003765420546752419,99.96852310195847
Bexhill and Battle,england,South East,1,6,2,False,Average,8.342780790739445e-09,4.161947837160308e-05,7.191735287210462e-09,1.0662410802770855e-05,2.486713861958122e-07,99.99994745390501
Bexleyheath and Crayford,england,London,5,4,4,False,Average,2.044856708348232e-15,6.544444476073025,0.000601758654258509,93.45495068060563,3.084667152005014e-06,8.374635043779651e-23
Bicester and Woodstock,england,South East,5,5,6,False,Liberal,3.619161874121333e-06,0.16251116314349642,5.764234692132196e-07,9.996980671464756,89.84050396339617,6.4102923524325005e-09
Birkenhead,england,North West,6,1,2,False,Average,92.10093487748377,1.9755894203210778,1.3970788537411616e-05,5.92342989707487,3.159302575615655e-05,2.4130599852175686e-07
Birmingham Edgbaston,england,West Midlands,4,2,5,False,Progressives,3.2681313921820153e-50,99.69921304132758,0.3006751979618205,0.00011176071076404782,2.6693319270039095e-28,1.5787114175972745e-73
Birmingham Erdington,england,West Midlands,4,4,4,False,Progressives,8.120830886987337e-28,31.89748496886126,0.08562539267572469,68.016889638463,1.143069027220388e-21,5.204411209968274e-48
Birmingham Hall Green and Moseley,england,West Midlands,4,3,3,False,Muslim,9.261577614187528e-183,3.729727897113727e-11,99.9999999999627,9.109599688837854e-39,2.567406896245954e-141,5.81081899180043e-230
Birmingham Hodge Hill and Solihull North,england,West Midlands,4,3,3,False,Muslim,4.955819399229566e-91,0.09560266722085772,99.9043973327791,1.2772565242080306e-15,1.6221926747867338e-77,5.507770698720208e-134
Birmingham Ladywood,england,West Midlands,4,3,1,True,Muslim,5.486348495794418e-175,0.0012110550172955733,99.99878894498283,4.859121787003251e-22,4.392213674942297e-107,2.973459089672223e-214
Birmingham Northfield,england,West Midlands,6,4,4,False,Average,8.241639326126237e-13,2.681662489968624,0.0010105199303499937,97.31732699009858,1.7149077005527126e-12,2.2002727548505405e-31
Birmingham Perry Barr,england,West Midlands,4,3,3,True,Muslim,1.9668918911060523e-114,0.03815858038440349,99.96184141961571,5.037919969737315e-20,1.6242116525137144e-80,2.497914772773081e-159
Birmingham Selly Oak,england,West Midlands,3,2,5,False,Left,3.2000124037217935e-29,99.96827847535758,0.03125895416211669,0.0004625704801425227,2.150749451646257e-20,2.3601952166859314e-48
Birmingham Yardley,england,West Midlands,4,3,3,False,Muslim,7.481692412717475e-108,0.014923885239358049,99.98507611475713,3.401160771446011e-12,1.8846398286845108e-72,1.9176416852720852e-135
Bishop Auckland,england,North East,6,1,2,False,Reforms,93.29258235551653,0.10808358429572232,1.5906999976386232e-06,0.01746747193461828,1.5895935786127986e-05,6.581849101617271
Blackburn,england,North West,4,3,3,False,Muslim,2.934756925571423e-68,4.103309228755808,95.89669077095276,2.915123231710871e-10,3.3987903440744795e-57,6.489879041969817e-101
Blackley and Middleton South,england,North West,4,2,4,False,Progressives,1.1699152567411537e-33,94.88225804844299,5.117737565560265,4.385996855436451e-06,1.664927422038859e-38,3.4971805121192544e-64
Blackpool North and Fleetwood,england,North West,1,6,2,False,Average,0.000686843728404856,0.0024341516858885845,1.207680686089596e-07,0.0019706952912825326,4.634334871352459e-10,99.99490818806298
Blackpool South,england,North West,6,4,4,False,Average,0.0009284301244489678,4.522108196465434,0.0019318314132585014,95.475026094951,1.357749201503578e-16,5.44704573885007e-06
Blaydon and Consett,england,North East,1,1,2,False,Reforms,99.31994649251874,0.027961424813169045,4.5558187049033057e-08,0.020403819567174387,0.6010259481125569,0.03066226943008329
Blyth and Ashington,england,North East,6,1,2,False,Average,99.88409006400401,0.019609120532978155,4.413313157441018e-08,0.09629838864869826,1.156368966019699e-08,2.3711174579575883e-06
Bognor Regis and Littlehampton,england,South East,1,6,2,False,Average,2.2733754414497135e-05,7.094054059561463e-05,3.7246060249476502e-09,0.0031109180685789353,7.734196490411784e-08,99.99679532656984
Bolsover,england,East Midlands,6,1,2,False,Reforms,98.25293425562568,0.03434851462717284,3.463550669658763e-07,1.7123794922786952,3.634748363575945e-07,0.0003370276384910361
Bolton North East,england,North West,6,4,4,False,Average,6.474674555100614e-09,8.430869809755718,0.00028322912681696277,91.56868753518125,0.00015941946154354562,1.2603924325846006e-17
Bolton South and Walkden,england,North West,4,2,4,False,Muslim,3.585857616237107e-26,74.43342040851306,0.057800339726684996,25.508779251760355,8.682271515908872e-20,2.7688020777404313e-46
Bolton West,england,North West,5,5,4,False,Liberal,1.1513199412162611e-05,2.4694209784744507,2.3841906478217247e-05,0.3624103038744908,97.16813335409866,8.446448945962895e-09
Bootle,england,North West,6,1,2,False,Average,99.41106232433654,0.5888362439544745,9.853413690663677e-05,2.8975718145196535e-06,1.0843950729977805e-16,1.5957112318783485e-13
Boston and Skegness,england,East Midlands,6,4,2,False,Reforms,0.9655625129863973,11.976307752163109,0.020321932620638722,87.03776433388796,3.720311413084814e-17,4.3468341792502346e-05
Bournemouth East,england,South West,5,4,4,False,Average,3.702111404708892e-09,10.006807540319794,0.0008547592536130357,89.9923376789608,1.4568418959507393e-08,3.1952003402925715e-09
Bournemouth West,england,South West,3,2,5,False,Average,6.511573163815987e-15,99.05183582489533,0.13897493628427482,0.8091892388203391,3.157779349371661e-18,2.6821892850076067e-16
Bracknell,england,South East,5,4,4,False,Average,2.702970612095691e-09,0.48181882763402584,9.211503829842822e-06,99.51363856059335,0.004533397565758894,3.893312932553114e-16
Bradford East,england,Yorkshire and the Humber,4,3,3,False,Muslim,1.1199135678922191e-128,5.958595939018548e-05,99.99994041404071,5.323321706609818e-20,8.152737996418592e-100,8.858222741835979e-169
Bradford South,england,Yorkshire and the Humber,4,2,4,False,Reforms,1.5250263598979636e-23,88.68931744225111,1.3080480518989008,10.002634505850033,5.117216752956658e-20,1.3084077255076038e-39
Bradford West,england,Yorkshire and the Humber,4,3,3,True,Muslim,7.525119966748889e-231,1.3942430884482873e-15,100.0,5.553578239756103e-51,1.8291496144512847e-195,1.6191560024174156e-294
Braintree,england,Eastern,1,5,2,False,Average,0.82603832451256,0.04295375865751481,8.564043359358044e-08,5.8032371536733365,92.95716952658321,0.37060115093289864
Brent East,england,London,2,3,1,True,Progressives,7.52458543111235e-139,7.740240516820825e-11,99.99999999992255,2.0458796135770826e-37,2.3896089137645714e-124,8.360737650222297e-171
Brent West,england,London,4,3,3,True,Blues,6.288190466729448e-272,6.170068695584676e-14,100.0,3.1930927175879956e-45,7.71143983537079e-226,2.4099371594982034e-306
Brentford and Isleworth,england,London,4,3,3,False,Progressives,2.7155817487839645e-104,6.900293034112334,93.0997069658872,6.317773844610583e-13,2.1943414610130058e-70,7.000534392166484e-128
Brentwood and Ongar,england,Eastern,5,5,6,False,Liberal,9.725542642127245e-09,0.05638688527060724,3.062540311266272e-07,0.01603317497100277,99.92757962172347,2.05539005174489e-09
Bridgwater,england,South West,6,4,2,False,Reforms,32.218488200785764,0.07056109541700886,4.3425074211106275e-07,46.09726560103953,0.00019594592559472177,21.6134887225814
Bridlington and The Wolds,england,Yorkshire and the Humber,1,6,2,False,Reforms,4.016595867053988e-07,0.00010891165422638757,1.5883084507265564e-08,0.00032652544376274593,3.048709409234302e-10,99.99956414505448
Brigg and Immingham,england,Yorkshire and the Humber,1,6,2,False,Reforms,0.023687730252950248,0.003938021453944853,3.795608058134984e-08,0.030917086467862093,0.003992674714898684,99.93746444915432
Brighton Kemptown and Peacehaven,england,South East,3,2,5,False,Average,1.430720424601572e-17,99.9273500787153,0.04782234570308375,0.024827575581571504,1.7524113123244797e-23,5.3170920603170626e-30
Brighton Pavilion,england,South East,3,2,5,False,Left,2.974036224761686e-47,85.8509002839852,14.149099716009655,4.9840062046226424e-12,1.885891889568447e-53,1.0916091460209926e-71
Bristol Central,england,South West,3,3,5,False,Left,2.6267588134154356e-84,4.83214130360955,95.16785869639044,3.405293538377804e-24,8.284414098356197e-91,1.959532232629245e-127
Bristol East,england,South West,3,2,4,False,Progressives,1.8659351113109354e-19,93.94458958413975,0.07009305098026,5.985317364879823,3.016124063146571e-13,1.231924171341694e-33
Bristol North East,england,South West,5,4,4,False,Average,4.4224249840900677e-11,7.396198292735044,0.0002641248580518107,92.60353671240783,8.69954916135538e-07,5.8229492842594484e-21
Bristol North West,england,South West,5,2,4,False,Average,3.6683553200069346e-11,99.24338227889344,0.002500331043465727,0.7541173669517812,2.3074715119685082e-08,1.2079394060035103e-29
Bristol South,england,South West,6,2,4,False,Average,5.691758818089249e-05,95.29895967075652,0.03306337184620484,4.667920039681988,1.2693211598432141e-10,6.422366093705575e-23
Broadland and Fakenham,england,Eastern,1,6,2,False,Reforms,1.172512515539166e-05,8.25337976614818e-05,4.861352961872034e-10,0.0005706808250309479,0.001479927918232056,99.9978551318478
Bromley and Biggin Hill,england,London,5,2,6,False,Liberal,1.4938155425571658e-19,60.60998246471261,0.0016101555817767703,39.37425992342061,0.014147456285043457,3.546936112202421e-26
Bromsgrove,england,West Midlands,1,5,6,False,Liberal,1.6101242260664074e-07,0.005409125523032255,7.725118260612888e-09,0.00039636072045965185,99.9941943449812,3.7731495525184544e-11
Broxbourne,england,Eastern,5,4,4,False,Average,1.2217887911484893e-08,7.769499020939882,0.0006268195023845202,92.22987059965008,3.547689621680729e-06,1.4405122899512186e-13
Broxtowe,england,East Midlands,1,4,2,False,Average,0.18543408053549795,4.987842279456256,1.5953675197936537e-05,88.22419867952566,6.602481299438115,2.770736934452888e-05
Buckingham and Bletchley,england,South East,5,4,4,False,Liberal,2.844598882618991e-11,0.6637260845388914,1.104472628601791e-05,98.65837356824969,0.6778893024566114,1.646332000065766e-18
Burnley,england,North West,6,4,4,False,Reforms,1.0881588037739399e-22,10.661678797907737,0.05401780603712756,89.28430339605515,1.2464810808891106e-15,1.1353229228597937e-30
Burton and Uttoxeter,england,West Midlands,6,4,4,False,Reforms,2.3473285020204077e-05,0.16904191513503342,4.340137254701325e-06,99.8302953405968,0.0006349307630525552,8.289931891969985e-11
Bury North,england,North West,6,2,4,False,Average,1.9044008068907036e-10,95.73628777292316,0.0026471771278136955,4.260963471588043,0.00010157817044942321,9.77038568696824e-18
Bury South,england,North West,5,3,1,True,Liberal,1.2953123780217626e-68,2.0125712666898756e-22,100.0,1.8573921064932678e-91,3.0631032215258565e-135,5.051599192119318e-129
Bury St Edmunds and Stowmarket,england,Eastern,1,5,2,False,Average,8.865831257825604,0.08553938848539591,1.2984009769548211e-07,21.517867124262654,40.756583657541405,28.77417844204484
Calder Valley,england,Yorkshire and the Humber,1,5,2,False,Liberal,0.010919219959872899,0.09210454550650626,2.1499229787936424e-07,1.5509297573368523,98.3456333323203,0.00041292988421041715
Camborne and Redruth,england,South West,1,6,2,False,Reforms,2.200529895959517,0.06759038493424548,3.528430998736514e-07,4.051481673572901,0.0019405078834482713,93.6784571848068
Cambridge,england,Eastern,3,2,5,False,Left,3.031948598416846e-66,69.22048620588829,30.77951379395377,1.5797926710994616e-10,6.451101252824433e-49,5.075275817519104e-96
Cannock Chase,england,West Midlands,6,1,2,False,Reforms,97.86298468285246,0.033051441172080254,9.64711145596208e-08,2.061935081229904,0.0069686901088947106,0.035060008165629
Canterbury,england,South East,3,2,5,False,Average,7.136077410221261e-10,96.99238722219093,0.0024397861519202917,3.005172583458728,4.0748480031251354e-07,2.6213010398685285e-14
Carlisle,england,North West,6,1,2,False,Average,87.92449346654402,0.04972385936319757,1.3432567591793987e-07,3.3506767747934902,0.0029311431611443034,8.672174621812461
Carshalton and Wallington,england,London,5,4,5,False,Average,1.0049141053225326e-23,46.875881384017816,0.024439073428745677,53.099679542548294,5.122670501463578e-12,1.0237114383764463e-35
Castle Point,england,Eastern,1,6,2,False,Average,2.9758719619227548e-05,0.0018794908674494243,1.3613326382340082e-08,0.036441754512816796,0.00011720474422685478,99.96153177754253
Central Devon,england,South West,1,6,2,False,Liberal,5.8098689074444696e-06,0.0012143693225554748,1.3678279240007748e-08,0.0025957130274857055,0.00794824774847884,99.98823584635433
Central Suffolk and North Ipswich,england,Eastern,1,5,2,False,Liberal,0.03133844918564033,0.0064488629240942955,7.977340047708345e-09,0.6470630247474483,97.18051289101507,2.1346367641503674
Chatham and Aylesford,england,South East,6,4,2,False,Average,0.0008400511858524918,0.12917815314450776,1.3427726510200292e-06,99.8648169944924,0.005163458366299671,3.83517805072298e-11
Cheadle,england,North West,5,2,6,False,Liberal,4.604776248482889e-17,99.98966421196808,0.0017453714890070813,0.007185511577872583,0.0014049049651076438,8.459123779577729e-24
Chelmsford,england,Eastern,5,4,6,False,Average,1.3725305047931002e-07,3.6454800545472925,1.7871189814027745e-05,92.95816173359844,3.396340203411309,1.0687040299500706e-14
Chelsea and Fulham,england,London,2,3,1,True,Progressives,7.252100525606819e-149,6.034211749919711e-15,100.0,2.0456642915873e-76,3.689819253184558e-195,3.2232593777533087e-211
Cheltenham,england,South West,5,4,2,False,Average,2.3505698538543564e-05,6.436254672000159,1.6686438859898362e-05,48.089620440499225,45.47408469416098,1.2022072005790918e-09
Chesham and Amersham,england,South East,5,2,6,False,Liberal,1.7973131936206403e-15,99.98284005024331,0.001277889357822988,0.015299012444225147,0.0005830479547220336,1.1745876621238856e-25
Chester North and Neston,england,North West,1,5,2,False,Average,11.428884737607735,8.684348360167046,2.3459645294516603e-05,0.6070155611792117,79.27780864968024,0.001919231720447888
Chester South and Eddisbury,england,North West,1,5,6,False,Liberal,2.862053187789168e-06,1.5173422692908554,3.084119955913243e-06,0.00012082545174480711,98.4825309557316,3.3527059351974313e-09
Chesterfield,england,East Midlands,6,1,2,False,Average,99.93795800115757,0.010448517350527469,1.6576019980696105e-08,0.051549691865678676,2.8511749783387448e-05,1.526130041580544e-05
Chichester,england,South East,1,6,2,False,Average,0.024206412717514843,0.003530829066520704,2.1077112752845792e-08,0.02612313623574833,0.1808115725476463,99.76532802835548
Chingford and Woodford Green,england,London,5,2,5,False,Liberal,2.463268304041051e-36,99.10518195464405,0.2755355545383903,0.6192824908174609,4.971330073084381e-16,1.708279467809093e-44
Chippenham,england,South West,1,5,2,False,Average,0.3859058184831521,0.05080253727237896,7.004277756061471e-08,5.211512570062339,90.39273326131915,3.959045742820267
Chipping Barnet,england,London,2,3,1,True,Liberal,2.9070182435386972e-65,5.2897978489383064e-05,99.99994710202151,2.9189998130403204e-31,1.147297003971948e-65,1.12556898678429e-90
Chorley,england,North West,1,5,2,False,Average,0.25898854592849063,0.5983251421424899,1.5545276333778363e-06,0.002681835054042248,99.13999761236938,5.3099779213516015e-06
Christchurch,england,South West,1,6,2,False,Average,1.3906764460834234e-09,0.00010616903307430665,2.2030306852053938e-08,1.8426180864019128e-06,2.127520648959484e-07,99.99989175217576
Cities of London and Westminster,england,London,2,3,1,True,Blues,0.0,7.66382000895575e-43,100.0,2.787254375439683e-138,0.0,0.0
City of Durham,england,North East,3,2,5,False,Left,0.00017844026407406283,99.97827554789095,0.021546011772652272,7.21933493325371e-11,3.91671855748118e-17,9.371569086115897e-21
Clacton,england,Eastern,1,6,2,False,Average,4.832478581792451e-07,0.018322059355650996,8.674558387975137e-06,0.3577659419737742,9.495580982775195e-13,99.62390284086345
Clapham and Brixton Hill,england,London,2,3,1,False,Progressives,1.562400147790032e-79,13.168275411318502,86.83172342774942,1.1609321384491687e-06,1.847337164760912e-47,2.714988526303317e-110
Colchester,england,Eastern,5,4,4,False,Average,1.3237497355280653e-10,4.121330161795892,0.00045345707605700194,95.87821638088288,1.1273075810306596e-10,1.827901474895286e-19
Colne Valley,england,Yorkshire and the Humber,1,5,2,False,Average,0.0044992058161099245,4.397596934363366,4.97415243379515e-06,3.7157390536688166,91.88215982506995,6.929283375552095e-09
Congleton,england,North West,1,5,6,False,Liberal,2.3640238171367932e-07,0.0011210190256423671,8.051131386478076e-10,9.321519738086345e-05,99.99878550135116,2.72183417447199e-08
Corby and East Northamptonshire,england,East Midlands,6,4,2,False,Reforms,3.4304496508690123,0.16618952055697306,3.9640511802828635e-06,96.40334284393933,1.3998468814722825e-05,2.21147535253848e-08
Coventry East,england,West Midlands,4,2,4,False,Progressives,5.0326574278111754e-30,99.01754946511672,0.17977410814794614,0.8026764267352746,2.4310110768484633e-25,3.943652471002619e-54
Coventry North West,england,West Midlands,5,4,4,False,Average,2.909728678051448e-12,14.56158217845098,0.0009553138004806954,85.43746231762263,1.9012305275943753e-07,8.616086183605362e-22
Coventry South,england,West Midlands,3,2,5,False,Progressives,3.404898752292245e-50,89.02569823979384,10.97430176018153,2.4671771510071395e-11,1.8955519181465427e-39,2.424888475467099e-75
Cramlington and Killingworth,england,North East,1,1,2,False,Average,94.53463021756852,0.04102386663102659,2.576704648458611e-08,0.19084464720359937,5.225316357679861,0.008184885150033927
Crawley,england,South East,5,4,4,False,Average,1.331637406006551e-14,1.7678779090529266,0.00024150294970321136,98.23188058663041,1.366893260021391e-09,1.6825236804450892e-25
Crewe and Nantwich,england,North West,6,4,2,False,Average,16.144771587044378,0.34971698791644085,2.274993723714445e-06,83.4305053545233,0.07445273859147965,0.0005510569307239922
Croydon East,england,London,5,2,5,False,Progressives,3.5003396910295236e-40,90.99881262505656,7.5439033858895845,1.4572839890538587,7.039945442012367e-24,8.493181646567099e-56
Croydon South,england,London,5,2,5,False,Liberal,2.9000927102106385e-37,99.48000545831789,0.07464525402032862,0.4453492876612113,5.883643145408757e-13,1.4588741176240133e-45
Croydon West,england,London,2,3,1,False,Progressives,6.794584009976917e-97,0.029752543735433876,99.97024745626467,2.1644654385805793e-14,4.3335472743114635e-77,1.3085777464973649e-123
Dagenham and Rainham,england,London,4,2,4,False,Progressives,2.2210970293018283e-35,95.26571460487767,3.1404892969512934,1.5937960981711847,5.940013880255994e-22,3.591481717038207e-53
Darlington,england,North East,6,1,2,False,Average,98.9495071803759,0.06906355301031183,3.579470175303912e-07,0.9801446175952472,8.175859118506527e-06,0.001276115212342679
Dartford,england,South East,5,4,4,False,Liberal,1.9327218410457555e-20,0.9631626521076434,0.00025240505696566036,99.03658493770851,5.126861982315252e-09,3.2596303139471638e-31
Daventry,england,East Midlands,1,5,2,False,Liberal,3.68383592320819e-05,0.0006410981297350055,7.572208186701146e-10,0.03052419799882896,99.968777907327,1.9957427998551228e-05
Derby North,england,East Midlands,6,2,4,False,Average,1.2053154170490562e-07,96.71990325565439,0.0018891100686559826,3.278207513106786,6.386450675981884e-10,5.829637381505761e-25
Derby South,england,East Midlands,4,2,4,False,Progressives,4.18863099302055e-28,93.57238283327237,0.49136429194826464,5.936252874779224,6.758727724038768e-22,2.6896336511620576e-51
Derbyshire Dales,england,East Midlands,1,5,2,False,Liberal,0.0072991991156310596,0.019783131951459636,3.763615519739244e-08,0.0011209215742952429,99.73839911936976,0.23339759035273916
Dewsbury and Batley,england,Yorkshire and the Humber,4,3,3,False,Muslim,4.504183044360156e-61,3.2046124897505477,96.79538750213484,8.114753187925202e-09,1.2248384733032467e-51,2.2401829971913307e-89
Didcot and Wantage,england,South East,5,5,6,False,Liberal,7.665895299501469e-06,18.94441324731385,5.778646085228853e-05,34.22861986446049,46.826901435869516,3.906039390330851e-15
Doncaster Central,england,Yorkshire and the Humber,6,4,2,False,Average,0.03840082095730581,0.25316050153613107,1.0621322205506044e-05,99.70842805363193,6.865173143671781e-10,1.8659080947912028e-09
Doncaster East and the Isle of Axholme,england,Yorkshire and the Humber,6,6,2,False,Reforms,38.311984403825804,0.0743076513363385,1.3031018367182435e-07,3.3658243688099088,0.40652685516455345,57.841356590553225
Doncaster North,england,Yorkshire and the Humber,6,1,2,False,Reforms,87.50606384722433,0.053772103413969215,4.221187942543338e-07,12.440132250470088,3.770168978076481e-08,3.13390711667363e-05
Dorking and Horley,england,South East,5,5,6,False,Liberal,4.681966633181448e-10,0.007103275717683533,1.844809588469548e-08,0.0091908420204749,99.98370586329465,5.088860278317531e-11
Dover and Deal,england,South East,1,6,2,False,Average,0.449170400847894,0.009664892742819915,5.505964051352832e-08,3.9101621949526897,8.342347928067914e-05,95.63091903291767
Droitwich and Evesham,england,West Midlands,1,5,2,False,Average,5.077945233387915,0.07977223763381655,2.2239600294264013e-07,0.1056198549091837,93.00106061109761,1.735601840575394
Dudley,england,West Midlands,6,2,4,False,Average,0.0004709986735663686,99.95633848176298,0.0378987477919899,0.0052917717713262735,5.591166836311342e-19,1.1477197514214634e-27
Dulwich and West Norwood,england,London,2,3,1,False,Progressives,2.4408799518342406e-84,0.1765989641755118,99.82340101062881,2.5195525324515763e-08,1.9312489439022635e-56,1.0474275142347203e-120
Dunstable and Leighton Buzzard,england,Eastern,5,4,4,False,Average,2.6966657031014673e-07,0.2310589070397045,2.4634814035585083e-06,99.57201310541238,0.19692525439974443,2.2837363582498687e-13
Ealing Central and Acton,england,London,2,3,1,True,Progressives,8.887391322711799e-114,0.00011753235538310134,99.99988246764474,2.974762373861707e-26,3.803159776490684e-83,2.993983609747625e-141
Ealing North,england,London,2,3,1,True,Progressives,2.3092631480665998e-107,0.0004497522232109843,99.99955024777691,2.2899769066135247e-22,1.0322679141332843e-84,4.665973538910164e-127
Ealing Southall,england,London,4,3,3,True,Progressives,2.3398659441599934e-198,1.5157729805769518e-08,99.99999998484235,1.1885945299144105e-42,2.7302882455227433e-170,1.723362273027315e-254
Earley and Woodley,england,South East,5,2,5,False,Liberal,1.2090708966027866e-26,94.4155809186136,0.019843747794642874,5.564575333587412,4.1647552542583785e-12,5.269676036706696e-39
Easington,england,North East,6,1,2,False,Reforms,99.85187194555829,0.1374940726934681,2.0105130016797796e-06,0.010631906006228651,1.0601856248900276e-11,6.521846767625931e-08
East Grinstead and Uckfield,england,South East,1,5,6,False,Liberal,8.836134455126327e-09,0.0029963920920824233,3.6629933667431706e-09,0.010604821742035787,99.98639875363244,2.00343425613335e-08
East Ham,england,London,4,3,3,True,Muslim,1.4842455058178245e-152,1.200117181944256e-09,99.9999999987999,4.368401209752414e-35,2.924807936718456e-127,1.2360928603929947e-199
East Hampshire,england,South East,1,5,6,False,Liberal,1.437614600540302e-07,0.0008366193201167912,9.760678584358237e-10,0.0005709547744598419,99.99857983705395,1.2444113908202311e-05
East Surrey,england,South East,5,5,6,False,Liberal,1.4545170358912242e-12,0.2843715742017096,1.3312404301423324e-06,1.1384586935947645,98.5771684009616,8.498574288587265e-16
East Thanet,england,South East,6,4,2,False,Average,0.3643373455744533,0.39365168922231003,9.030506589042508e-06,99.1936858788284,1.9646258746618254e-07,0.04831585940565181
East Wiltshire,england,South West,1,4,2,False,Liberal,1.0540303905248933,3.4535837908468423,0.000103788357827177,87.34007457578747,0.0007548140797721362,8.151452640403248
East Worthing and Shoreham,england,South East,1,4,2,False,Average,0.43164083283728516,4.058276964148689,2.571847918036782e-05,63.33892776357132,10.513256449102053,21.6578722718615
Eastbourne,england,South East,1,4,2,False,Average,0.04788617048328933,1.3688610430278594,6.453337684923796e-05,97.89487087177886,3.3570456729545827e-06,0.6883140242874007
Eastleigh,england,South East,1,5,2,False,Average,0.0008376295918839143,0.03320301700332089,3.079391734315255e-08,0.6110045584702343,99.35495467711391,8.7026745391138e-08
Edmonton and Winchmore Hill,england,London,2,3,1,False,Progressives,3.1500286162544314e-67,1.7891684468575193,98.21083155295082,1.9169427877180324e-10,2.206999517224424e-62,8.976117465413454e-93
Ellesmere Port and Bromborough,england,North West,6,1,2,False,Average,98.23934917314155,0.06487590158355691,2.2189449339641084e-07,1.6333841387505468,0.06090521804633094,0.0014853465834682776
Eltham and Chislehurst,england,London,5,4,5,False,Liberal,3.1436538444121702e-27,17.364881340321087,0.010102659351403448,82.62501600031965,7.934997534489071e-12,2.172786672713425e-40
Ely and East Cambridgeshire,england,Eastern,1,5,6,False,Liberal,0.00014406502677832543,0.00786760518502257,1.4126208042623631e-08,0.7249031132232906,99.26708498892602,2.1351272532258341e-07
Enfield North,england,London,2,2,1,False,Progressives,1.334368943671078e-54,74.95338164054992,25.045990499780636,0.000627859669371273,7.240741475772423e-44,1.0422332589678875e-80
Epping Forest,england,Eastern,5,2,4,False,Liberal,6.506801813017496e-10,99.91540191829213,0.03076181909349208,0.05369633512952905,0.00013992683406251314,1.9303606185519748e-15
Epsom and Ewell,england,South East,5,2,6,False,Liberal,3.1508476842905974e-15,89.70081497648039,0.0008118392422109259,9.750863157877083,0.5475100264003389,2.6534377237605603e-22
Erewash,england,East Midlands,6,1,2,False,Reforms,91.06302799276,0.11268638858285945,4.1704175282111944e-07,8.822760303203703,0.00022924961344975456,0.0012956487982381177
Erith and Thamesmead,england,London,2,3,1,False,Progressives,4.462171589080787e-90,0.00010091952844495132,99.9998990804714,2.220857877579658e-15,4.922707983463841e-87,4.744761419377685e-120
Esher and Walton,england,South East,5,2,6,False,Liberal,2.753455525753809e-24,99.9779031240841,0.02120204481978755,0.0008948310866917671,9.46363670909414e-12,2.4649526359583213e-39
Exeter,england,South West,3,2,5,False,Left,1.3497235987035377e-19,99.96169970378249,0.03829851315916927,1.7830582460945438e-06,2.3076679800204037e-28,2.99057605049978e-35
Exmouth and Exeter East,england,South West,1,5,2,False,Average,0.30439826765491235,0.09827429108860303,8.400751726817429e-08,1.3440507262841863,94.2677048122727,3.9855718186920215
Fareham and Waterlooville,england,South East,1,6,2,False,Average,0.0027694119650004774,0.0013890342230266585,2.1046118517875113e-09,0.022784963888517543,0.046033511360483094,99.92702307645833
Farnham and Bordon,england,South East,5,5,6,False,Liberal,5.050071426329343e-10,0.04965472778942732,9.063278776957816e-08,0.03698759952791914,99.91335758154483,7.200954421739133e-14
Faversham and Mid Kent,england,South East,1,5,2,False,Average,0.020158898709243978,0.02576441687547529,3.6683597108105875e-08,9.99495562016152,89.95905594977049,6.507779966621899e-05
Feltham and Heston,england,London,4,3,3,True,Progressives,6.444835625059206e-148,0.0042292294774796775,99.99577077052263,1.6174634210744704e-17,1.1928073606673747e-111,3.123235656217821e-180
Filton and Bradley Stoke,england,South West,5,2,2,False,Average,8.48297476520728e-09,55.488209332924434,0.0004168881463454158,44.51053499311936,0.0008387773269014654,1.3060171097023542e-18
Finchley and Golders Green,england,London,2,3,1,True,Blues,3.006609756465457e-241,2.1359988908808069e-47,100.0,8.044123158188635e-123,4.414589236497009e-275,1.3511707e-317
Folkestone and Hythe,england,South East,1,4,2,False,Average,0.0003563084419192448,16.767683275046473,0.016895300319136972,51.96680655243122,3.145195675416073e-13,31.24825856376086
Forest of Dean,england,South West,1,6,2,False,Reforms,0.0015346548590975343,0.00018272522617993796,4.1183027766901203e-10,0.0036484411349702543,0.124309691108025,99.8703244872599
Frome and East Somerset,england,South West,1,5,2,False,Reforms,0.29973319702323165,0.0422232507580282,5.60200655052859e-08,4.5834383649181945,94.91885894052227,0.15574619075824733
Fylde,england,North West,1,6,2,False,Average,8.37526483116125e-06,0.030096407821129694,2.5989717843553762e-06,8.045401750636997e-06,0.009986068235266357,99.95989850430524
Gainsborough,england,East Midlands,1,6,2,False,Reforms,0.0005513534309524984,0.00011386437513880601,4.1211153614175606e-10,0.0007051322374169467,0.0032657166756174436,99.99536393286877
Gateshead Central and Whickham,england,North East,6,2,2,False,Average,17.74123238768314,82.13576561901237,0.004705874056610555,0.11829568040175194,4.383636160214521e-07,4.824635155434962e-10
Gedling,england,East Midlands,1,5,2,False,Average,0.13841552833897391,0.8708359132397173,1.9752180481278736e-06,34.03856696531909,64.95216569851283,1.3919371236272456e-05
Gillingham and Rainham,england,South East,6,4,2,False,Average,0.021543573769456342,1.1835071841440008,6.388898278116696e-06,98.79311263426227,0.0018301406675234806,7.825838178385456e-08
Glastonbury and Somerton,england,South West,1,6,2,False,Reforms,9.392558844198337e-06,3.153690777519721e-05,2.3119189490611572e-10,0.0003056410134893142,0.0014248673774865958,99.99822856191119
Gloucester,england,South West,6,4,2,False,Average,0.0007844358027748002,0.3577963276307147,2.721491034724198e-06,99.64139603808177,2.0476904761603015e-05,8.899009086983031e-11
Godalming and Ash,england,South East,5,5,6,False,Liberal,1.4738863940289328e-10,0.4646144581085587,8.445276273635894e-07,0.15695036746108842,99.37843432975528,3.6280701361759516e-15
Goole and Pocklington,england,Yorkshire and the Humber,1,5,2,False,Reforms,0.025652732203976243,0.006345430396894831,7.491693884450173e-09,0.02949869713970014,90.61278816289703,9.32571496987071
Gorton and Denton,england,North West,4,2,4,False,Muslim,2.623494156887304e-60,71.82356300581212,28.153728254842125,0.022708739345867635,1.7479460869939236e-36,4.8112852545917355e-79
Gosport,england,South East,1,6,2,False,Average,0.0004743984581029297,0.0029961695852281076,5.706876273624546e-08,0.052405949437988,2.979197607713953e-09,99.9441234224707
Grantham and Bourne,england,East Midlands,1,6,2,False,Average,0.024579628791607234,0.0010156990366137696,5.461196672330817e-09,0.038606270546226236,0.007015585224920377,99.92878281093944
Gravesham,england,South East,6,2,4,False,Progressives,1.5536437104196387e-16,99.00403693955153,0.14697129376586365,0.8489917666827287,5.178751359335719e-15,1.4436503418066538e-33
Great Grimsby and Cleethorpes,england,Yorkshire and the Humber,6,4,2,False,Reforms,0.6513335159318279,1.2172724287904697,0.00028397916411570156,98.1311100759658,5.970005276910791e-17,1.478303379295142e-10
Great Yarmouth,england,Eastern,6,4,2,False,Reforms,5.137037623453882,0.35750038423068076,9.78657787354702e-06,94.49739799386447,3.885050003032628e-11,0.008054211834188765
Greenwich and Woolwich,england,London,2,3,1,False,Progressives,5.379733675489422e-94,1.0996213651047946,98.90037709673278,1.5381625091659407e-06,1.8141231656656765e-59,8.890915536149843e-123
Guildford,england,South East,5,2,5,False,Liberal,6.108827778682619e-16,99.9829044660911,0.004309577810997717,0.012785920148378808,3.5949676353504314e-08,9.285251450328468e-28
Hackney North and Stoke Newington,england,London,2,3,1,True,Progressives,2.5913675288327846e-102,8.128704057583812e-14,100.0,5.716536630904545e-65,6.888422642724066e-134,5.627221216330725e-171
Hackney South and Shoreditch,england,London,2,3,1,False,Progressives,1.5768218729068329e-106,0.05137051925860379,99.94862948074102,2.30022193375576e-13,6.621251379077577e-73,7.327598546671628e-143
Halesowen,england,West Midlands,6,4,4,False,Average,0.16951594880350382,13.536758126610746,0.001422137837932717,86.28620273840782,0.006101045740716184,2.599110769116905e-09
Halifax,england,Yorkshire and the Humber,6,4,4,False,Average,4.3310435093570614e-15,43.67766054434399,0.015455117159624554,56.30688433845039,4.601989818750065e-11,2.40342030106281e-25
Hamble Valley,england,South East,1,5,6,False,Liberal,5.035001717241697e-07,0.007678865118612288,6.6908839090955866e-09,0.04335168216511066,99.94896886542534,7.709983471318799e-08
Hammersmith and Chiswick,england,London,2,3,5,False,Progressives,7.925359383737848e-80,14.289300900734785,85.71069909926229,3.0780973283015634e-12,1.7598539730077726e-51,3.720864984554999e-106
Hampstead and Highgate,england,London,2,3,1,True,Progressives,4.3995598213128056e-148,2.3060400561227755e-11,99.99999999997691,8.513353728314471e-45,4.3379964056573746e-139,9.419838352467672e-193
"Harborough, Oadby and Wigston",england,East Midlands,5,2,6,False,Liberal,6.073524948819406e-18,99.98527169608228,0.012035559110095342,0.0026927448076014718,1.171985181343396e-16,1.227375215138541e-29
Harlow,england,Eastern,6,4,2,False,Average,4.495228749361364e-06,0.5373138690174873,1.9210992801728405e-05,99.46266100445459,1.4203063068503258e-06,1.0333304937707226e-18
Harpenden and Berkhamsted,england,Eastern,5,2,6,False,Liberal,1.3797194792083369e-21,99.99101158947666,0.004097821585663722,0.0048900379866076765,5.509509148279983e-07,6.06283421072645e-35
Harrogate and Knaresborough,england,Yorkshire and the Humber,1,5,6,False,Average,7.947495794245118e-06,0.005254693539766361,5.167882800864073e-09,0.00319790626868489,99.99153858388648,8.636413956569906e-07
Harrow East,england,London,4,3,3,True,Blues,6.25687004036368e-218,1.557694389725233e-12,99.99999999999858,1.1431713343213208e-38,2.332195269911948e-182,4.360414655382487e-240
Harrow West,england,London,4,3,3,True,Blues,4.625434573751443e-170,8.891802846623e-05,99.9999110819716,8.008602328817296e-25,2.5366673745599584e-126,1.2339590454336512e-189
Hartlepool,england,North East,6,1,2,False,Average,99.92485802725808,0.06571442257424369,2.954842283474353e-07,0.009427252582412914,1.0871482466830365e-09,1.0138562992514285e-09
Harwich and North Essex,england,Eastern,1,6,2,False,Liberal,0.004449546668215245,0.012115201235333588,6.801750395951999e-08,0.20166452581691746,0.1852453524501985,99.59652530581177
Hastings and Rye,england,South East,6,4,2,False,Average,1.400165047140507,22.86057845388301,0.0025468471483476893,75.58223412895806,9.942096258395204e-08,0.15447542344922063
Havant,england,South East,1,1,2,False,Average,86.58214905700987,0.021426122705276402,3.371482866165142e-08,2.5805641319229133,0.1061026465439148,10.709758008103263
Hayes and Harlington,england,London,4,3,3,True,Progressives,6.669993423120774e-171,7.389742200632862e-06,99.99999261025778,2.0451693339226004e-27,5.0924687247905766e-135,4.113164696269597e-214
Hazel Grove,england,North West,1,5,2,False,Average,5.484760311984485e-06,0.0004004481607464262,3.901507612239896e-10,0.0026590099013083786,99.9969318080555,3.2487319662892648e-06
Hemel Hempstead,england,Eastern,6,3,4,False,Average,2.0277574489712286e-07,46.09842515176773,53.9015746381301,7.326313125430066e-09,1.7518466966227363e-30,1.333609990099777e-36
Hendon,england,London,2,3,1,True,Progressives,2.3554715590610384e-167,6.66371985063008e-20,100.0,1.3438821849509313e-65,2.3053169907117766e-166,2.9660083956104223e-207
Henley and Thame,england,South East,1,5,6,False,Liberal,3.2804472209675434e-10,0.01697499766527126,3.087928670056689e-08,0.004033154898405483,99.97899181621662,1.2390330557904918e-11
Hereford and South Herefordshire,england,West Midlands,1,6,2,False,Average,2.3580943062531325,0.0053993845255919295,3.128591174913167e-08,0.2898566842801204,0.0011815586714855688,97.34546803498377
Herne Bay and Sandwich,england,South East,1,6,2,False,Average,1.2938656153804608e-06,2.0865800938421855e-05,3.9415822310733214e-10,0.00034908953630506017,4.903961340653283e-06,99.99962384644168
Hertford and Stortford,england,Eastern,5,5,6,False,Liberal,1.904033526627677e-10,2.8631504978906035,1.3085325101623828e-05,27.10810840026546,70.02872801632844,6.778384774522266e-18
Hertsmere,england,Eastern,5,3,1,True,Liberal,2.0525468740452965e-82,2.1918875579360772e-24,100.0,4.7479408995841455e-99,6.85870582482751e-153,4.931325522497498e-144
Hexham,england,North East,1,5,2,False,Liberal,0.0197258400901961,0.03288170263088618,1.055153843729554e-07,0.000482367747350498,98.10646256293491,1.8404474210812052
Heywood and Middleton North,england,North West,6,4,4,False,Average,2.4311703720359332e-09,1.9249405391042342,7.670412366051762e-05,98.07496185309941,2.0901241455254437e-05,1.248235076555854e-18
High Peak,england,East Midlands,1,5,2,False,Average,0.023270694067191264,0.0018833214052411033,9.69556095987206e-10,0.05665357124930574,99.91195917570032,0.006233236608359604
Hinckley and Bosworth,england,East Midlands,1,5,2,False,Average,0.22367713219550453,0.006363578841625735,7.0780523938993344e-09,0.288217482292616,99.18092171825873,0.3008200813334407
Hitchin,england,Eastern,5,2,6,False,Liberal,1.4298682795579767e-09,70.27058414845536,0.0009645485902162818,27.71042473941805,2.018026562106446,1.8088321779005884e-21
Holborn and St Pancras,england,London,2,3,1,False,Progressives,6.421839103535912e-116,0.14243961318817047,99.85756038681181,1.1538521216264104e-23,1.2331373078466107e-76,6.030916068981924e-152
Honiton and Sidmouth,england,South West,1,6,2,False,Liberal,1.4995501617326265e-08,2.5037960217130483e-05,1.6545987363530325e-09,1.4032841200961126e-05,6.048638605345337e-07,99.99996030768459
Hornchurch and Upminster,england,London,5,4,4,False,Average,7.224198028055509e-07,16.012382040550236,0.0002279571456444212,78.1436784623648,5.843710817516696,2.880327675152644e-12
Hornsey and Friern Barnet,england,London,2,2,5,False,Progressives,5.952875180783713e-58,92.30577795248782,7.694206234248598,1.581326352868276e-05,6.791091746461152e-33,4.556002260873096e-78
Horsham,england,South East,5,5,6,False,Liberal,6.1589603321536566e-09,0.013068382562166754,1.9327667660535667e-08,0.13578561802903372,99.85114597391802,4.112949657239671e-12
Houghton and Sunderland South,england,North East,6,1,2,False,Average,99.98129773617555,0.017559589656662645,1.2650130557741992e-07,0.0011425353300030824,6.043555051872748e-09,6.293011866368883e-09
Hove and Portslade,england,South East,3,2,5,False,Average,1.3050248917373666e-22,99.77119682160355,0.2248676309417482,0.003935547454756922,5.257839255040771e-18,3.035138582795633e-30
Huddersfield,england,Yorkshire and the Humber,4,2,4,False,Muslim,2.8151509052614153e-33,99.2877563942932,0.2990627217437284,0.4131808839630687,1.394530540669128e-20,3.399790490792857e-50
Huntingdon,england,Eastern,1,5,2,False,Average,0.06655160004685091,0.5296188795892959,8.750979868896776e-07,22.728346777481157,76.67540112724555,8.074053913066538e-05
Hyndburn,england,North West,6,4,4,False,Reforms,2.831804758347174e-13,7.310031748265172,0.004421106682280469,92.68554710665879,3.839333951021422e-08,2.0927323669607712e-17
Ilford North,england,London,4,3,3,True,Muslim,2.7938477095092864e-101,0.10984884769229179,99.89015115230781,6.179045602759966e-20,1.5915829256591946e-71,1.456609576410806e-124
Ilford South,england,London,4,3,3,True,Muslim,3.762908131780812e-128,0.021971443603556344,99.97802855639642,3.466319511123264e-22,5.1299513600684166e-92,2.7670857938261705e-169
Ipswich,england,Eastern,6,4,4,False,Average,6.262889499894686e-07,0.48041542155907635,2.9845764345308275e-05,99.51955410620494,1.8262746244551913e-10,1.3998182072680555e-19
Isle of Wight East,england,South East,1,6,2,False,Average,7.473254048180015e-09,0.0001152870310533854,1.3681952103827494e-07,0.00012528360719759438,2.0660848698029195e-12,99.99975928506686
Isle of Wight West,england,South East,1,6,2,False,Average,0.0410785136081583,0.0018226334606221424,2.987126308778994e-08,0.018022820469428418,1.7090468379724665e-07,99.93907583168578
Islington North,england,London,2,2,1,False,Progressives,1.354558418020503e-81,61.9757959393653,38.02420396956251,9.107205350328279e-08,1.0772455346967062e-49,2.0662612353031504e-114
Islington South and Finsbury,england,London,2,3,1,False,Progressives,1.0827611429284987e-88,24.977588098011154,75.022411901862,1.267171488263709e-10,5.517749157788395e-55,1.0877055217110454e-121
Jarrow and Gateshead East,england,North East,6,1,2,False,Average,99.83934913542292,0.15945461253005122,3.0233569790384075e-06,0.001193228686761227,2.8907698180622558e-12,3.9945882085047413e-13
Keighley and Ilkley,england,Yorkshire and the Humber,6,2,4,False,Average,1.7209375636488667e-17,61.090416418147,0.00696164112302429,38.90262187508717,6.564282650903523e-08,3.4220200757284734e-23
Kenilworth and Southam,england,West Midlands,5,5,6,False,Liberal,1.161623474233346e-08,0.13715076947392094,4.5134561974250656e-07,0.0002049097553406181,99.86264385780852,3.8113751901541583e-13
Kensington and Bayswater,england,London,2,3,1,True,Progressives,2.466501668950047e-261,1.825771408023206e-32,100.0,8.579169099971346e-125,2.90190699166e-313,0.0
Kettering,england,East Midlands,6,4,2,False,Average,2.0962018182510067,0.22397256213184424,5.661057836379572e-07,97.62131238396073,0.058510768422156405,1.9011285474678665e-06
Kingston and Surbiton,england,London,5,2,5,False,Liberal,2.8203563223541087e-36,98.68591121765,0.024055755276042347,1.290033027073995,1.5734140574406653e-14,3.8201484388117764e-45
Kingston upon Hull East,england,Yorkshire and the Humber,6,1,2,False,Reforms,55.49505437848281,42.42578255132316,0.03044263361382888,2.04872043658015,7.896701468414807e-22,4.269522720643058e-20
Kingston upon Hull North and Cottingham,england,Yorkshire and the Humber,6,4,4,False,Average,0.0011135008992198827,42.045584063899945,0.0016089100688378396,57.95169352513213,1.895356812982885e-14,8.71831790495245e-19
Kingston upon Hull West and Haltemprice,england,Yorkshire and the Humber,6,4,2,False,Average,10.540551726389683,0.28851684967430186,6.848558000126431e-06,89.1708953597151,8.20540805143911e-07,2.839512214937043e-05
Kingswinford and South Staffordshire,england,West Midlands,1,5,2,False,Average,0.6929614643451646,0.9961865267993107,6.158763516262389e-06,0.0004453204493152885,97.46392468957258,0.8464758400701713
Knowsley,england,North West,6,1,2,False,Average,99.10937440763506,0.8903097590621023,0.0003154993388201924,3.339640865534195e-07,1.9500860951856722e-17,4.107033043707722e-17
Lancaster and Wyre,england,North West,1,2,5,False,Average,0.0033867210948090145,99.98959640560433,0.0070111882196304326,5.6664925050706325e-06,1.8410776205618198e-08,1.779653705950942e-10
Leeds Central and Headingley,england,Yorkshire and the Humber,3,3,5,False,Left,5.327550626012894e-106,0.0007793648381679842,99.99922063516193,1.1456725955454247e-38,1.7775854346017453e-120,3.861119626732133e-156
Leeds East,england,Yorkshire and the Humber,6,4,4,False,Reforms,3.6769177060839244e-14,1.2013224823962914,8.553103468992463e-05,98.7985919724326,1.4136360931697109e-08,8.2488499004401e-28
Leeds North East,england,Yorkshire and the Humber,5,2,5,False,Liberal,1.0329990322124973e-31,99.26465017921487,0.7353497885560154,3.2229068708101656e-08,3.7135185746685784e-17,2.5468686428513e-52
Leeds North West,england,Yorkshire and the Humber,5,5,6,False,Liberal,3.795310167982913e-08,0.11053024908405365,2.677444158860552e-07,0.005367140001850651,99.88410230521647,8.961124480112783e-14
Leeds South,england,Yorkshire and the Humber,3,2,4,False,Progressives,1.6860435904232777e-30,64.09004075252373,0.08016542220335807,35.829793825272986,1.4804213488301735e-26,1.0247895475005097e-54
Leeds South West and Morley,england,Yorkshire and the Humber,6,4,2,False,Average,2.6295221324722116,1.0204365857189572,6.2387061776532716e-06,93.53465960939921,2.815362184808885,1.3248894468995925e-05
Leeds West and Pudsey,england,Yorkshire and the Humber,6,4,4,False,Average,0.0001219216558557579,1.5419455988021975,2.4274422207202307e-05,98.4575749012656,0.0003333038541154194,1.3229875467893904e-16
Leicester East,england,East Midlands,4,3,3,True,Blues,0.0,9.075574934960714e-25,100.0,6.604703592517238e-85,0.0,0.0
Leicester South,england,East Midlands,4,3,3,True,Muslim,1.3849785469667072e-105,5.2727970142012515,94.72720298579861,6.314353426617535e-16,2.649891282874179e-85,2.1565041196882013e-143
Leicester West,england,East Midlands,4,2,4,False,Progressives,3.3685998559700746e-47,94.80808713702861,2.3240529579798666,2.8678599049913873,2.9909612684142424e-41,1.14515139921573e-71
Leigh and Atherton,england,North West,6,1,2,False,Average,98.9224199303549,0.5329145980105883,4.641907773942104e-06,0.5334796517110283,0.010972582836105,0.00020859517966314556
Lewes,england,South East,1,6,2,False,Average,0.2779801973981627,0.7328727337004863,5.878886478503969e-06,1.1759184618746852,0.2555922563148882,97.55763047182529
Lewisham East,england,London,2,3,1,False,Progressives,4.525396034007614e-75,0.1470620637982062,99.85293780200763,1.3419417240920575e-07,2.2174589197133045e-57,1.9858298351937412e-103
Lewisham North,england,London,2,3,1,False,Progressives,3.7716740798240117e-112,0.025448598651539013,99.97455140134623,2.229797816218589e-12,1.8900112501065227e-76,2.2087793872147604e-143
Lewisham West and East Dulwich,england,London,2,3,1,False,Progressives,2.30443641742061e-72,4.250272985000921,95.7449415783956,0.004785436603463994,2.64924936978856e-37,3.1893964585818153e-98
Leyton and Wanstead,england,London,2,2,1,False,Progressives,9.681246837050964e-70,96.1070653444109,3.8912543640840007,0.0016802915050857293,3.697895047867368e-34,2.890441759127741e-85
Lichfield,england,West Midlands,1,5,6,False,Liberal,0.0004894612500250575,0.0011308286791524747,9.61355651481681e-10,0.00028951068043618877,99.99807901908163,1.1179347360835765e-05
Lincoln,england,East Midlands,6,2,4,False,Average,9.464948108890288e-06,94.88729872803198,0.0023935074259955513,5.110298299593837,3.9804556870304814e-15,3.2108417741101815e-15
Liverpool Garston,england,North West,6,2,2,False,Average,23.842706836505204,76.15263771752363,0.004032785028465786,6.180391191527802e-05,0.0005608570240074763,6.769396546080316e-12
Liverpool Riverside,england,North West,3,3,5,False,Left,7.906080207163548e-75,0.06573417036597942,99.93426582963399,1.2922491604838684e-21,2.6223915243010095e-74,4.974719211325229e-105
Liverpool Walton,england,North West,6,2,2,False,Average,32.26703519495493,67.56200881522666,0.17095592929961057,6.051886953238619e-08,1.0461495272741492e-23,4.941904297480769e-21
Liverpool Wavertree,england,North West,3,2,5,False,Left,1.1723987078681743e-29,96.08059627910008,3.919402785117845,9.357818927374057e-07,1.256455347299428e-25,1.7940121086896522e-41
Liverpool West Derby,england,North West,6,2,2,False,Average,3.867085877383234,94.47918436410211,1.653729758458538,5.624520380160825e-11,4.224399587353804e-27,2.6035132551738273e-22
Loughborough,england,East Midlands,3,2,5,False,Left,8.216769472205264e-10,99.98671550128638,0.012141522618354076,0.0011429752726096955,1.129511463979763e-12,7.072685991567307e-21
Louth and Horncastle,england,East Midlands,1,6,2,False,Reforms,1.5630058309568397e-08,0.0001484125508522723,5.551323599606927e-08,0.00012989134806099502,1.8161640452356525e-11,99.99972162493962
Lowestoft,england,Eastern,6,4,2,False,Average,6.982332940126977,0.3034689377722939,3.45617409926052e-06,55.33452116568396,6.692559664402206e-07,37.37967283098676
Luton North,england,Eastern,4,3,3,False,Muslim,2.2560116669567354e-75,33.223339528549324,66.77665438247482,6.088976021464614e-06,1.3806740368129112e-47,7.31568679601139e-98
Luton South and South Bedfordshire,england,Eastern,4,3,1,False,Muslim,6.1232327253423415e-74,1.8190509848293064,98.18094413704976,4.878120750650367e-06,5.58225159337484e-45,2.38101506388758e-89
Macclesfield,england,North West,1,5,6,False,Average,4.812142303683971e-06,0.0037194311313597543,3.3034170092381715e-09,0.0007182587240965374,99.9955573653587,1.2934009197258192e-07
Maidenhead,england,South East,5,2,6,False,Liberal,4.3477448794853496e-16,99.48649216414479,0.002330143663600755,0.5054163506900813,0.005761341501550673,7.663696316520595e-25
Maidstone and Malling,england,South East,5,4,4,False,Average,2.6797654207572495e-05,0.7811718589895864,3.097401603639377e-05,99.21876454672478,5.821409183941663e-06,1.2062804793315303e-09
Makerfield,england,North West,6,1,2,False,Average,99.74919407388735,0.2507328186610133,3.738210056966993e-06,1.2429490817755632e-05,8.931333491706335e-06,4.80084172440922e-05
Maldon,england,Eastern,1,5,2,False,Liberal,0.0006067206644726168,0.007604883281779952,1.4961008585138853e-08,0.04855647858589764,96.62131610837906,3.3219157941277686
Manchester Central,england,North West,3,3,5,False,Progressives,3.5813667945612496e-75,19.899891397082367,80.10010860291419,3.546929689282565e-12,2.970893875516531e-56,6.361913449983708e-97
Manchester Rusholme,england,North West,2,3,1,True,Left,4.776974472200079e-155,0.002715471771188457,99.9972845282289,4.2031585855169385e-27,1.570174708938618e-111,5.8242889285952976e-195
Manchester Withington,england,North West,3,2,5,False,Progressives,2.0088675348693755e-50,99.34448968061429,0.6555099826750318,3.3671059226127724e-07,2.9647626858812938e-34,7.623393567216715e-73
Mansfield,england,East Midlands,6,1,2,False,Reforms,64.9750875870685,0.0740806217284424,8.473570114995689e-07,34.950817423821924,2.0696408985678605e-08,1.349932767096868e-05
Melksham and Devizes,england,South West,1,5,2,False,Liberal,0.009787139928496169,0.003328910217835343,3.208337212130923e-09,0.0689481689037694,93.02374466971858,6.894191108022947
Melton and Syston,england,East Midlands,1,4,2,False,Reforms,0.012953807606397107,9.378008049988527,3.919769798366536e-05,90.47974445018667,0.08590850097441677,0.04334599354596546
Meriden and Solihull East,england,West Midlands,5,5,4,False,Liberal,6.401166521315441e-05,7.007423596068772,7.073505115312417e-05,3.2627522738294177,89.72968938338532,1.4377114151100579e-13
Mid Bedfordshire,england,Eastern,5,5,6,False,Liberal,1.633662245768293e-10,0.5362008326027541,2.737589239860657e-06,2.015998529455848,97.44779790018872,5.054021718908151e-17
Mid Buckinghamshire,england,South East,5,5,6,False,Liberal,7.569244750057908e-11,8.825597283326767,2.3810356141290772e-05,1.143331182081192,90.03104772416025,2.1508777557554155e-15
Mid Cheshire,england,North West,6,5,2,False,Average,42.05728929242394,0.39241415569269456,3.433184568969617e-07,1.9732617802560897,55.57695966144627,7.47668624966276e-05
Mid Derbyshire,england,East Midlands,1,5,2,False,Liberal,3.106112774278124e-05,0.0008128490280543858,4.826243339736169e-10,0.0011096046171330037,99.99803595762332,1.0527121118499396e-05
Mid Dorset and North Poole,england,South West,1,5,2,False,Average,0.00022929537754219187,0.006431001008018161,6.4107822813739105e-09,0.04186548131851874,75.42480892717195,24.526665288713158
Mid Leicestershire,england,East Midlands,5,2,6,False,Liberal,3.3683165002418446e-10,99.73363775273359,0.001991601812475489,0.2643706448771918,2.400114393700287e-10,5.970264131452765e-19
Mid Norfolk,england,Eastern,1,6,2,False,Reforms,2.7346694390726006e-05,2.5523741031439644e-05,3.0894411168590025e-10,0.0013472016131617851,1.8837267495301594e-06,99.99859804391569
Mid Sussex,england,South East,5,5,6,False,Liberal,5.235044750401556e-10,0.3212439441373742,6.515700337831963e-07,0.7812062228221842,98.89754918094683,1.9952891819651762e-15
Middlesbrough and Thornaby East,england,North East,6,4,4,False,Average,6.11190110844157e-12,41.31775840757428,0.008346211000198769,58.673895381419264,9.579085301479781e-17,5.756586330745534e-28
Middlesbrough South and East Cleveland,england,North East,6,1,2,False,Reforms,99.96073365483386,0.017569256062465004,2.537865906060126e-08,0.01916894670446723,0.0018036612427381766,0.0007244557777990809
Milton Keynes Central,england,South East,5,4,5,False,Progressives,1.6133214983134304e-33,5.260937907011167,0.005655152667157095,94.73340694032174,4.1121828242473736e-16,2.2048209233080314e-48
Milton Keynes North,england,South East,5,4,4,False,Liberal,8.403005723991698e-10,2.522965029849914,5.209198022822142e-05,97.08415390250539,0.3928289748241652,3.199811865973757e-18
Mitcham and Morden,england,London,2,2,5,False,Progressives,2.8969539324463965e-51,87.73181702953597,12.267878213028554,0.0003047574353163311,6.412198872185319e-35,4.771165570931731e-62
Morecambe and Lunesdale,england,North West,1,6,2,False,Reforms,3.9824310348763226e-05,0.00046263479390808973,4.781121232238048e-09,0.00015310279038563762,0.002923751413736901,99.99642068191048
New Forest East,england,South East,1,6,2,False,Average,0.00950536404365006,0.0016859111972931452,1.8379591813062706e-09,0.04250454585699203,13.723912641341485,86.22239153572264
New Forest West,england,South East,1,6,2,False,Average,1.670754038901804e-08,9.973660727301559e-05,1.4324979106660717e-08,4.058032453228002e-06,8.024641360420212e-06,99.99988814968648
Newark,england,East Midlands,1,5,2,False,Average,0.03851360413606814,0.002087391407780014,1.9170979489966817e-09,0.03846995794110198,99.26504576486472,0.6558832797332566
Newbury,england,South East,5,5,6,False,Liberal,0.004557981422109864,0.10936922811077443,2.952218069000431e-07,2.7823857155776412,97.10368663642882,1.432388441377725e-07
Newcastle upon Tyne Central and West,england,North East,3,2,4,False,Left,6.727340245130126e-26,99.73960355583998,0.25990604971972353,0.000490394440140076,2.780691372585843e-22,1.3718702981561437e-43
Newcastle upon Tyne East and Wallsend,england,North East,3,2,4,False,Average,8.081935052182988e-07,98.41306231608284,0.0025397935931209268,1.5843970821300897,5.946061575624317e-13,2.2790891953397176e-21
Newcastle upon Tyne North,england,North East,3,2,5,False,Average,1.6704709165958618e-10,99.99263489264659,0.007365090723640803,1.6462816111607325e-08,1.2063984619433035e-17,7.071861197514949e-31
Newcastle-under-Lyme,england,West Midlands,6,1,2,False,Reforms,91.81585707098075,3.3759732132031823,2.1613115107593248e-05,4.495478022659503,0.3070950320361763,0.005575048005250459
Newton Abbot,england,South West,1,6,2,False,Average,4.907687010307152e-05,7.956142404637713e-05,4.328281653134356e-10,0.001024676382508685,3.772047667909481e-05,99.99880896441383
Newton Aycliffe and Spennymoor,england,North East,6,1,2,False,Reforms,99.97894220995339,0.011455045305829678,3.657860380678882e-08,0.009581938807865974,2.2220242523748125e-06,1.854733010576857e-05
Normanton and Hemsworth,england,Yorkshire and the Humber,6,1,2,False,Reforms,99.63048424013692,0.035560112842106584,4.124544098826075e-07,0.33395523112068126,2.3491410409477805e-10,3.2109367754244345e-09
North Bedfordshire,england,Eastern,5,5,6,False,Liberal,6.2702580917287585e-09,0.02492259795339311,6.631081903985422e-08,0.47304339805258006,99.5020339314127,2.4495212129660334e-13
North Cornwall,england,South West,1,6,2,False,Reforms,9.164958289262122e-06,2.0896125415942576e-05,6.834401682936035e-10,0.00040164808646757106,2.3945019703510596e-08,99.99956826620135
North Cotswolds,england,South West,1,5,6,False,Liberal,2.1410207388282752e-07,0.0006932383473367295,1.1899869239415089e-09,0.00145402084877489,99.99774975904081,0.00010276647103955663
North Devon,england,South West,1,6,2,False,Average,0.00010891969656883657,7.91392020430543e-05,9.336718732075682e-10,0.0022797298151261847,3.1268356179526205e-07,99.99753189766906
North Dorset,england,South West,1,6,2,False,Average,5.477783401004375e-07,3.136295582352697e-05,3.114365180910031e-10,0.0001422081100275441,0.00011177056644831052,99.99971411027789
North Durham,england,North East,6,1,2,False,Reforms,99.94388094404003,0.010980006379746755,2.205706471441432e-08,0.021421038562874518,0.0017541465015307863,0.02196384245866798
North East Cambridgeshire,england,Eastern,6,4,2,False,Average,2.6610693819176805,0.22062770892853933,9.303174470432654e-06,91.47058451630322,1.4853870476987182e-08,5.64770907482222
North East Derbyshire,england,East Midlands,1,1,2,False,Average,96.94294148941563,0.04746877289498435,4.102966689041292e-08,0.12741073228679486,2.7959166176627903,0.0862623467101804
North East Hampshire,england,South East,5,5,6,False,Liberal,3.842350920714183e-12,0.5015707662969224,1.2177178967218914e-06,0.10444711469099403,99.39398090129039,1.1822914921233117e-15
North East Hertfordshire,england,Eastern,5,5,6,False,Liberal,5.829255327570744e-06,0.25443296508330854,1.5129926801058883e-06,1.66645078004567,98.07910891262229,7.337079856889624e-13
North East Somerset and Hanham,england,South West,1,5,2,False,Liberal,0.000794939677690677,0.0035464499017399597,2.422714243754475e-09,0.024469644398323796,99.97111326727546,7.56963240668937e-05
North Herefordshire,england,West Midlands,1,6,2,False,Liberal,2.2148102417482608e-08,4.055653181353469e-05,5.533543169483306e-09,2.7634866097655546e-06,1.2390938534998707e-06,99.999955413206
North Norfolk,england,Eastern,1,6,2,False,Reforms,7.983992951980519e-10,6.307829341984697e-05,2.4002608612528793e-07,6.434207970353209e-06,3.7983450284550506e-14,99.99993024667403
North Northumberland,england,North East,1,6,2,False,Reforms,0.037628163659836275,0.0008847855815341484,2.4932998662293382e-08,2.9360420459469145e-05,5.753088123645699e-06,99.96145191231697
North Shropshire,england,West Midlands,1,6,2,False,Reforms,0.00531814911381136,0.0003769709845034332,2.088644537318352e-09,0.0007174366194204894,0.031186488119810913,99.96240095307378
North Somerset,england,South West,1,5,6,False,Liberal,5.598293088849204e-08,0.003726024783489137,2.1702967633741933e-09,0.0033000764353595877,99.9929737508778,8.975012870303594e-08
North Warwickshire and Bedworth,england,West Midlands,6,1,2,False,Reforms,84.72389804169383,2.306028530362367,4.246474891622163e-05,12.96410578227372,0.003324505722360255,0.002600675198862032
North West Cambridgeshire,england,Eastern,5,4,4,False,Average,3.0142766386654048e-06,0.09764520482441727,1.7609709441111672e-06,99.90060508332176,0.0017449366051106973,1.0788729645287597e-12
North West Essex,england,Eastern,5,5,6,False,Liberal,1.6531101965968097e-07,0.06933227145569502,9.471984079944454e-08,0.3394256954245209,99.59124177308637,2.4982091910855384e-12
North West Hampshire,england,South East,1,4,2,False,Average,0.16331093265918245,2.9375104973361523,9.53850152980536e-06,94.33569749292771,2.5634715132565256,2.5318886874452942e-08
North West Leicestershire,england,East Midlands,1,5,2,False,Reforms,16.422137978875764,0.16110654707514754,3.015367419886295e-07,8.842773423918668,74.56932410254593,0.0046576460477085625
North West Norfolk,england,Eastern,6,6,2,False,Reforms,2.2077024895970236,0.04642965164078401,1.3935118382706917e-06,3.6341514531651153,7.048619845977644e-08,94.11171494159899
Northampton North,england,East Midlands,6,4,4,False,Average,1.0075373702823413e-13,3.988911989950922,0.0031399477955895315,96.00794806225339,1.2144792643655065e-14,6.162055228985077e-25
Northampton South,england,East Midlands,5,4,4,False,Average,3.3359546091216505e-10,0.37549895135998157,6.480977981860494e-06,99.6240792636629,0.00041530366553674426,2.1829761274031672e-16
Norwich North,england,Eastern,6,1,2,False,Average,80.56935473737134,0.31219682048193265,2.910845474563568e-06,19.115312845912484,0.0007417508724925225,0.002390934516287193
Norwich South,england,Eastern,3,2,5,False,Average,1.8884301056398377e-22,99.90309939334811,0.012020711019167104,0.08487989563278686,3.4935481452059424e-24,3.2126444760660856e-39
Nottingham East,england,East Midlands,3,2,5,False,Left,2.9309340827643173e-61,96.97655462940733,3.023444509965672,8.60626869755707e-07,1.2605272112676665e-45,2.3497502235862346e-81
Nottingham North and Kimberley,england,East Midlands,6,4,4,False,Average,7.12795762006156e-15,3.9171566446678803,0.002806706476192576,96.08003664885588,1.59290867147781e-16,1.814327477152977e-35
Nottingham South,england,East Midlands,3,2,5,False,Left,3.372594296629498e-42,99.61792321443892,0.38207678387494765,1.686014864520731e-09,1.0192332175254945e-42,5.924050919883442e-70
Nuneaton,england,West Midlands,6,4,2,False,Average,0.04105184884455008,0.21340672132887187,1.8634021246574016e-06,99.74553757045678,1.9915726214660725e-06,4.394972806098859e-09
Old Bexley and Sidcup,england,London,5,4,6,False,Average,9.948887055767353e-09,10.249424701594064,7.909144182918921e-05,88.42198616977639,1.3285100270381311,2.0067533714455412e-10
Oldham East and Saddleworth,england,North West,6,2,4,False,Average,4.452462835262378e-33,78.18140575575742,0.10862289098670028,21.709971353255995,1.3414437457950582e-17,1.8408897243403732e-45
"Oldham West, Chadderton and Royton",england,North West,4,3,1,False,Muslim,1.5328075602367752e-83,0.0028945206065578238,99.99710547939338,3.406957053169048e-16,1.1254215794803595e-70,2.2143500775795906e-115
Orpington,england,London,5,2,6,False,Liberal,1.5007560745541546e-11,72.38342987477442,0.001180942335537284,27.516825508869562,0.09856367400555821,3.598609283821485e-20
Ossett and Denby Dale,england,Yorkshire and the Humber,1,5,2,False,Liberal,0.0038755481103807357,0.0008455931822364906,7.924126856880421e-10,0.006857110583838308,99.9879865315059,0.00043521582521917286
Oxford East,england,South East,3,2,5,False,Progressives,8.623202426405681e-42,99.94689137623688,0.03428792484028764,0.018820698922797453,9.559118011109878e-25,5.451579795007806e-62
Oxford West and Abingdon,england,South East,3,2,5,False,Liberal,8.470501226393426e-27,99.78556588610837,0.21442040276157392,1.3711130111133017e-05,1.2864174076164825e-19,1.39618170837376e-44
Peckham,england,London,2,3,1,False,Progressives,1.899186094697496e-120,2.5318882326525922e-06,99.99999746811173,3.3032386405064295e-23,1.1924790742680227e-104,6.329021448544892e-172
Pendle and Clitheroe,england,North West,6,4,4,False,Reforms,3.485663786998441e-18,26.89235758991517,0.02054892253456215,73.08709348721882,3.314905305009489e-10,4.391632902585162e-23
Penistone and Stocksbridge,england,Yorkshire and the Humber,1,5,2,False,Average,0.1883780291043257,0.004332162287352401,5.368030942618195e-09,0.008771091465322121,99.30624649139547,0.4922722203794692
Penrith and Solway,england,North West,1,6,2,False,Reforms,0.12808167611172694,0.0024947186103782162,2.2678336591410362e-08,0.0002062805535216004,0.015572837030849912,99.85364446501521
Peterborough,england,Eastern,4,4,4,False,Average,4.3336266927850535e-22,17.55837293895082,0.08121382636997124,82.36041323467931,1.8899857013575426e-19,3.5866507467482746e-37
Plymouth Moor View,england,South West,6,1,2,False,Average,99.86355202659459,0.08081669972771173,1.735723684229632e-06,0.055629527112338185,1.8808958935803365e-15,1.084174387466147e-08
Plymouth Sutton and Devonport,england,South West,3,2,5,False,Average,7.398202238982096e-17,99.65126067511386,0.30563622911236227,0.04310309577391774,4.097397515050419e-27,4.0047412870093104e-24
"Pontefract, Castleford and Knottingley",england,Yorkshire and the Humber,6,1,2,False,Reforms,98.64733965613196,0.07578191037446905,9.308699899306653e-07,1.276877502213895,3.030511882381489e-10,1.0660575044349773e-10
Poole,england,South West,1,6,2,False,Average,0.06748858831894934,0.042869413805643054,1.7029923549002366e-07,7.329734531151415,3.6189985326292793,88.9409087637955
Poplar and Limehouse,england,London,2,3,1,True,Muslim,2.736457467999074e-214,8.839736188412574e-23,100.0,1.980405616982312e-84,1.0737034702587368e-215,2.032453172846509e-299
Portsmouth North,england,South East,6,4,2,False,Average,20.432220865033543,0.2681454036248257,1.7057952720799439e-06,79.29795173699814,0.0005402708115179617,0.00114001773678641
Portsmouth South,england,South East,3,2,5,False,Average,1.2296365816042132e-22,99.47706991111542,0.09119508136024211,0.4317350075242891,3.4019805646653724e-22,7.82460529794071e-33
Preston,england,North West,4,2,4,False,Average,2.7991221011043866e-20,96.08565758992813,0.01792968021927067,3.8964127298526727,8.05765194709842e-17,2.4308269191677433e-34
Putney,england,London,2,2,5,False,Progressives,1.754189176792207e-58,99.25014600674102,0.7497841156943743,6.987756448743296e-05,4.7289153453872985e-28,2.294644340679655e-78
Queen's Park and Maida Vale,england,London,2,3,1,True,Progressives,7.135092567040187e-141,3.6246841195978044e-12,99.99999999999645,1.270290385508348e-38,1.1572248843802578e-124,1.2144628071503236e-180
Rawmarsh and Conisbrough,england,Yorkshire and the Humber,6,1,2,False,Reforms,99.67518319394011,0.018105193569629693,6.695407973864873e-08,0.30671100844352966,1.4372994011610474e-07,3.933627941880156e-07
Rayleigh and Wickford,england,Eastern,1,5,2,False,Average,0.00021729983791851935,0.061311246759713,7.517173588026479e-08,0.34261410921510843,99.14656911105052,0.44928815796498
Reading Central,england,South East,3,3,5,False,Progressives,1.9410653359547193e-55,32.743405432174164,67.25657921072808,1.5357097693646073e-05,3.905096656491857e-44,2.926106796621905e-67
Reading West and Mid Berkshire,england,South East,5,4,6,False,Liberal,8.505296671079315e-08,2.395008167878057,1.0865947931238831e-05,85.79905041465067,11.805930466470116,3.147095566794159e-13
Redcar,england,North East,6,1,2,False,Reforms,99.8303995063771,0.026772243987444277,8.658962359666178e-08,0.14228998402061033,7.115561731128321e-07,0.0005374674690832554
Redditch,england,West Midlands,6,4,2,False,Average,1.9733411867285076,0.3177379004596931,8.386013315890456e-07,68.7655128633755,28.943404782904107,2.4279308338499726e-06
Reigate,england,South East,5,2,6,False,Average,1.6543949189940247e-11,96.23036868277589,0.0008784053376183053,3.3255343206580488,0.4432185912118292,5.2486117158835323e-20
Ribble Valley,england,North West,1,2,6,False,Average,0.0013514444329706062,99.99197994753125,0.002356255647330695,6.713815158967526e-07,0.004311672003015039,9.003850675048128e-09
Richmond and Northallerton,england,Yorkshire and the Humber,1,6,2,False,Reforms,0.0012350388871660966,2.6208548082709693,0.0003259517176666479,0.019079483783359254,2.0139043907982858e-07,97.35850451595053
Richmond Park,england,London,5,3,5,False,Liberal,1.6224210239023592e-46,42.92232769659326,57.07767230340679,1.211915522884287e-14,1.285041811308762e-43,1.9542015105570027e-71
Rochdale,england,North West,4,2,4,False,Muslim,1.0022177255972983e-58,74.90881976439623,25.054097635709756,0.037082599893896194,2.4724928251604793e-37,8.705083984683612e-78
Rochester and Strood,england,South East,6,4,2,False,Average,5.7683451109112016e-05,0.1371719343033766,9.824840497622284e-07,99.85588030275679,0.006889096989975116,1.466122307505134e-11
Romford,england,London,5,2,4,False,Average,1.050985871358501e-12,97.159702968204,0.01834370852262186,2.821953303310774,1.9961471332664802e-08,2.0136883541620342e-22
Romsey and Southampton North,england,South East,5,5,2,False,Liberal,0.008282898558121359,5.985152593291611,4.545209696453385e-05,0.07837841072118941,93.92799510979746,0.00014553553471650994
Rossendale and Darwen,england,North West,1,5,2,False,Average,0.03666697469402516,0.011441965594056731,1.2946999629485922e-08,0.31812467256054294,99.6334427979367,0.0003235762676865512
Rother Valley,england,Yorkshire and the Humber,1,5,2,False,Average,19.16201647472599,0.06585409484196475,5.083081612763875e-08,2.8424506655438604,76.76742202164644,1.1622566924109876
Rotherham,england,Yorkshire and the Humber,6,4,4,False,Average,0.0029350300648136583,14.06283560215591,0.00044077348310749557,85.9337885934586,8.37504145398839e-10,1.0139489654681546e-17
Rugby,england,West Midlands,5,4,4,False,Average,7.126393428598925e-06,0.6466892387328017,8.645619210677434e-06,99.31768691505201,0.035608074196678545,5.865554665765138e-12
"Ruislip, Northwood and Pinner",england,London,5,3,3,True,Liberal,4.364570639321862e-77,8.159587950626387,91.84041204937358,3.8664862816414187e-14,2.16527752965735e-64,1.313811562138087e-94
Runcorn and Helsby,england,North West,6,1,2,False,Average,98.85994907569618,0.05546688829647109,1.2311984674439138e-07,0.21904331644052588,0.8648381219666115,0.0007024744803778953
Runnymede and Weybridge,england,South East,5,2,6,False,Liberal,4.127140727073328e-11,99.88065638364617,0.004155772427283138,0.11515866676014175,2.9177125017566627e-05,1.4979875272281612e-20
Rushcliffe,england,East Midlands,5,2,6,False,Liberal,2.340903453090121e-08,97.33060702309962,0.00032075021190485555,0.21159424183946773,2.457477961439941,1.3609198379111219e-18
Rutland and Stamford,england,East Midlands,1,5,6,False,Liberal,0.000359646029123445,0.007250011818386703,1.702495328075607e-08,0.002865705543146512,99.2535488109861,0.7359758085982725
Salford,england,North West,3,2,5,False,Progressives,1.683025625322474e-37,99.71086912754234,0.28913064844926,2.240084200081394e-07,2.1617139811489175e-33,3.0571227477033924e-57
Salisbury,england,South West,1,1,2,False,Average,41.498186933956326,14.066606429539075,0.00012190876620232348,4.183461405648781,0.42542015334879996,39.8262031687407
Scarborough and Whitby,england,Yorkshire and the Humber,1,6,2,False,Average,0.006236398809119365,0.0004572819707851519,1.0938971534259257e-08,0.01973632720227674,1.5301414283747784e-07,99.97356982806468
Scunthorpe,england,Yorkshire and the Humber,6,1,2,False,Reforms,90.04578350825814,0.20957925309024306,5.8124557380716226e-06,9.74463073841142,9.136981269649218e-09,6.786475058945082e-07
Sefton Central,england,North West,1,2,6,False,Average,0.0009849013963778963,99.9839852536462,0.015028754456876332,1.3288606954468343e-10,1.0488851906418071e-06,4.1482503593853494e-08
Selby,england,Yorkshire and the Humber,1,5,2,False,Reforms,0.05657353592359809,0.004703201530392494,3.614152343895457e-09,0.06612050693934715,99.87074799368474,0.0018547583077270582
Sevenoaks,england,South East,5,5,6,False,Liberal,4.855588205867481e-09,0.05831038936959465,1.6681131871559012e-07,0.25536469169759424,99.68632474726581,1.7437659366451008e-13
Sheffield Brightside and Hillsborough,england,Yorkshire and the Humber,4,2,4,False,Reforms,3.1026658508146216e-26,72.91271938478712,27.08728044513072,1.700819896339528e-07,1.2362883893307736e-38,1.5522648599917094e-57
Sheffield Central,england,Yorkshire and the Humber,3,3,5,False,Left,9.52497801953195e-108,0.017605568130781554,99.98239443186931,8.778283859852264e-29,9.27383652987552e-106,1.6754935556780476e-149
Sheffield Hallam,england,Yorkshire and the Humber,5,2,6,False,Liberal,1.3597620041935838e-13,99.99843940510522,0.0015175678237135872,4.297172593336888e-05,5.53450247740744e-08,5.356612488961518e-29
Sheffield Heeley,england,Yorkshire and the Humber,6,4,4,False,Average,4.908643862082667e-08,30.365331731907315,0.0017385660673998576,69.63292965229013,6.486753993057748e-10,1.9471777018249096e-26
Sheffield South East,england,Yorkshire and the Humber,6,4,4,False,Reforms,4.535482294453948e-05,3.3119627664297697,0.0007351986536864272,96.68723751935514,1.9160737937899734e-05,5.910276809903438e-13
Sherwood Forest,england,East Midlands,6,1,2,False,Reforms,81.72907717416122,0.0524279861655351,3.814576904634534e-08,14.138729223042363,4.007283639061207,0.07248193942398873
Shipley,england,Yorkshire and the Humber,1,5,2,False,Liberal,1.4775468776818958e-06,0.022902568827912462,3.679151549477511e-08,0.10122751444853346,99.87586839938452,3.0006035690665686e-09
Shrewsbury,england,West Midlands,1,1,2,False,Average,98.58429443509121,0.5135089451557827,8.482660275749962e-07,0.5211069841774433,0.2703638996654044,0.11072488764409863
Sittingbourne and Sheppey,england,South East,6,4,2,False,Average,5.323337297898516,0.08172389929934153,3.939271440845638e-07,94.59292826727854,0.0006950263545346702,0.0013151152418737224
Skipton and Ripon,england,Yorkshire and the Humber,1,6,2,False,Liberal,1.3886035184705586e-05,0.005838036392076692,8.162262681080162e-08,0.0005229886459538877,3.518934090443689,96.47469091686054
Sleaford and North Hykeham,england,East Midlands,1,6,2,False,Reforms,2.22596160302013e-05,0.00024459532090005925,7.910214928409827e-10,0.0009941167377856858,0.0021676005017861634,99.99657142703244
Slough,england,South East,4,3,3,True,Muslim,1.01480971096935e-93,23.540526347703118,76.45947365229605,8.216002951378611e-13,8.552398282671771e-64,8.77199178700891e-131
Smethwick,england,West Midlands,4,3,4,False,Progressives,1.3845663115352375e-64,0.3954436291297663,99.60455637086805,2.1605762230270885e-12,4.474882730586499e-58,1.1609671822855344e-103
Solihull West and Shirley,england,West Midlands,5,2,6,False,Liberal,6.392685564379064e-13,99.98838487918889,0.0022023266708502956,0.003092044667811129,0.006320749471784132,6.07648288847911e-22
South Basildon and East Thurrock,england,Eastern,6,4,2,False,Average,1.4192848692118678,1.6633096687279865,1.2529608139930688e-05,96.91724852489985,0.00014440749400890425,5.809898312885858e-11
South Cambridgeshire,england,Eastern,5,2,6,False,Liberal,7.544485176413374e-11,99.99347724540483,0.0037774194432621377,0.0027452127183717496,1.2235814253819208e-07,1.526968063938988e-25
South Cotswolds,england,South West,1,5,6,False,Liberal,2.233752762103254e-06,0.001167023957141637,3.082672821195668e-09,0.0010707490029575944,99.99528621273532,0.0024737774691424488
South Derbyshire,england,East Midlands,1,5,2,False,Reforms,5.086802460900356,1.7751162249747796,2.712182434425754e-06,13.596622836398339,79.5414546801566,1.085387482640201e-06
South Devon,england,South West,1,6,2,False,Average,4.309150146002751e-07,9.674079431185952e-05,6.337120708005664e-09,8.018136728569908e-05,1.444987433549458e-07,99.9998224960876
South Dorset,england,South West,1,6,2,False,Average,3.3805593667568977e-06,3.5578299236787086e-05,1.3040950069237819e-09,0.0004357959364577239,1.364394093909767e-09,99.99952524253649
South East Cornwall,england,South West,1,6,2,False,Reforms,4.9613584542835406e-09,4.476599773576555e-05,6.502593094738904e-09,2.0193525235633413e-05,1.7848122191392514e-10,99.99993502883463
South Holland and The Deepings,england,East Midlands,6,6,2,False,Reforms,1.8698449637330348,0.32925272361690544,3.498452526020646e-05,2.3810996637517685,1.0399096081581886e-06,95.41976662446325
South Leicestershire,england,East Midlands,1,5,2,False,Liberal,0.00011227556956463331,0.003358703400933713,3.2067875740438064e-09,0.028548283820254112,99.96796943133434,1.1302668109232588e-05
South Norfolk,england,Eastern,1,2,2,False,Average,21.62984967181935,78.070418356233,0.0009824980814944818,0.2984535730704866,0.0002958231978048934,7.75979694722758e-08
South Northamptonshire,england,East Midlands,1,5,2,False,Liberal,7.120519948822212e-08,0.000582700123876165,4.4432700095312665e-10,0.003498263236447543,99.99591895380259,1.1187573204162802e-08
South Ribble,england,North West,1,5,2,False,Average,0.07406444480132432,1.0229389156777595,3.2131040144461362e-06,0.0001545928029663895,98.90110513052963,0.0017337030842664513
South Shields,england,North East,6,1,2,False,Average,99.78114501216042,0.21875711191542946,5.086626865648217e-06,9.278922176415273e-05,2.3503621347872486e-11,5.209056793319412e-11
South Shropshire,england,West Midlands,1,6,2,False,Liberal,2.3642853204035832e-07,0.00010552029349524824,4.58032693736949e-08,2.0585497320385518e-07,7.851218303568061e-07,99.99989320649796
South Suffolk,england,Eastern,1,6,2,False,Liberal,0.00367355942428488,0.0011545097050212772,4.668589409122009e-09,0.016477249956043015,3.8040095520891724,96.17468512415687
South West Devon,england,South West,1,6,2,False,Average,1.8674269250550472e-06,0.009326634965477611,2.3600667461877498e-08,0.012064179254644116,0.046072892244452913,99.93253440250778
South West Hertfordshire,england,Eastern,5,2,6,False,Liberal,2.336254340806331e-16,99.82625248449963,0.0025846339924496865,0.17115791717675452,4.964331245650052e-06,2.207795942898938e-24
South West Norfolk,england,Eastern,6,6,2,False,Reforms,0.19854882851994804,0.03980708067323604,2.6496510218097706e-06,4.048422187939647,1.0247518731270621e-07,95.713219150741
South West Wiltshire,england,South West,1,6,2,False,Average,0.25704124329826095,0.0025733395562848147,9.359762925770577e-09,0.8217278240544464,0.02044479705929705,98.89821278667196
Southampton Itchen,england,South East,3,4,4,False,Average,5.657410042709354e-10,6.944770473105207,0.00027286337444247364,93.05495666287668,7.789933315255454e-11,4.66207261844513e-20
Southampton Test,england,South East,3,2,5,False,Average,1.0248658865220754e-21,86.31230087882882,0.008416132087714736,13.679282989083513,3.996847258328178e-18,3.2109900865641642e-37
Southend East and Rochford,england,Eastern,6,4,2,False,Average,0.00025331659794562364,0.7292185881091406,1.934683810895225e-05,99.27050629095152,2.3139659768515087e-06,1.4353727776397988e-07
Southend West and Leigh,england,Eastern,1,4,2,False,Average,0.16355910295194903,32.139675408594,0.0005443345672136078,67.68784342277931,0.007245861269752386,0.0011318698377417238
Southgate and Wood Green,england,London,2,3,1,False,Progressives,6.160924951492599e-63,35.89913534807557,64.10078560327183,7.90486525227667e-05,1.4402809154993848e-46,6.410410140632053e-79
Southport,england,North West,1,6,2,False,Average,0.0037920562835664397,0.008341564092935058,2.679198853505817e-07,0.000316483335816931,0.0010261062713836965,99.98652352209643
Spelthorne,england,South East,5,4,4,False,Liberal,1.1681215479646645e-11,18.903025079250998,0.00041246440113746935,81.09123153180524,0.005330924530908123,8.630110100311243e-16
Spen Valley,england,Yorkshire and the Humber,6,5,2,False,Average,0.004591444786213531,0.41993746582535285,1.7069346395361207e-06,45.38663584937041,54.1888280939254,5.439158076576299e-06
St Albans,england,Eastern,5,2,6,False,Liberal,1.9995896116247656e-28,99.93877433249071,0.012655669967852798,0.04856995485093806,4.2690626386721675e-08,1.2738324116478274e-42
St Austell and Newquay,england,South West,1,6,2,False,Reforms,0.006027601556650493,0.005571590221056087,9.321753683392642e-08,0.22149415540680117,4.983676035694938e-07,99.76690606123042
St Helens North,england,North West,6,1,2,False,Average,99.96606577646831,0.0338999457044881,6.737572935116816e-07,2.7705191302219996e-05,5.351587123526216e-06,5.472914219883193e-07
St Helens South and Whiston,england,North West,6,1,2,False,Average,99.84507378286628,0.15491608060208048,1.005661012492872e-05,7.991298853864078e-08,2.6953973013190034e-14,8.583462290955072e-12
St Ives,england,South West,1,6,2,False,Average,5.481494653279733e-07,0.00012318492999856392,2.8909735793946815e-08,6.869905654109113e-05,1.1859514461285165e-10,99.9998075388356
St Neots and Mid Cambridgeshire,england,Eastern,5,4,6,False,Liberal,4.535989402008057e-09,18.398036694624103,0.00017173864369029454,76.8110544965209,4.790737065675291,2.6451562672111235e-19
Stafford,england,West Midlands,1,1,2,False,Average,78.71004408495304,1.9386565893837957,3.3318636099729468e-06,5.302217448722773,13.859575516783847,0.1895030282929469
Staffordshire Moorlands,england,West Midlands,1,6,2,False,Average,0.007946079432890184,0.006893903823390502,3.9313849097811214e-08,0.0005292825550836901,0.2977842517774473,99.68684644309732
Stalybridge and Hyde,england,North West,6,4,2,False,Average,1.2253886634608442,5.964197418673645,5.020237748459229e-05,90.06405219327259,2.746311486809961,3.5405562754362466e-08
Stevenage,england,Eastern,6,4,4,False,Average,2.757455357371613e-05,5.357506443679352,0.00011864102887376005,94.641239293721,0.0011080470172156534,5.479006203830729e-18
Stockport,england,North West,5,4,4,False,Average,3.660154500112068e-08,1.6913835904793788,1.3846258072091713e-05,98.2403535156837,0.06824901097729646,1.1014089256300554e-18
Stockton North,england,North East,6,1,2,False,Average,67.42006645079964,0.36275410586751516,1.4678149171930314e-06,32.217158450794784,1.9509244853246693e-05,1.5478345783301903e-08
Stockton West,england,North East,1,5,6,False,Average,1.1816737714941887e-05,0.09182577006980189,9.064071591693849e-08,0.0012563970613513776,99.90690584445036,8.104010084652053e-08
Stoke-on-Trent Central,england,West Midlands,6,4,4,False,Reforms,8.680657249009942e-09,2.4371574922350234,0.00023244854501740914,97.56261005053923,3.4314550999677665e-16,8.27421468190113e-24
Stoke-on-Trent North,england,West Midlands,6,4,2,False,Reforms,0.20525760032527487,0.22185361989868935,5.194914139391522e-06,99.57288323872869,3.4535781516780557e-07,7.753081488642016e-10
Stoke-on-Trent South,england,West Midlands,6,4,2,False,Reforms,28.1685545427674,0.9973034076620136,3.397189358288095e-06,56.52335294083326,14.307636709486774,0.0031490020612441427
"Stone, Great Wyrley and Penkridge",england,West Midlands,1,5,2,False,Average,0.510958103762807,0.04652239410554044,8.813235743660575e-08,0.0018183586795277563,99.07840622973428,0.36229482558553905
Stourbridge,england,West Midlands,6,4,2,False,Average,2.061859235470995,1.0715526266316446,3.212264408681403e-06,55.87589807924238,40.9906829895769,3.856813713161069e-06
Stratford and Bow,england,London,2,3,1,True,Progressives,1.3616115486288415e-135,1.1724204359785382e-07,99.99999988275796,1.7437125586990302e-32,5.178992294157653e-111,3.1341363643139854e-183
Stratford-on-Avon,england,West Midlands,1,5,6,False,Liberal,2.3239640504026216e-05,0.005325209510962204,3.8639698534992796e-08,0.0002690480893304445,99.9934765680016,0.0009058961178628503
Streatham and Croydon North,england,London,2,2,1,False,Progressives,9.773991495650327e-66,59.18546282645718,40.81442027736653,0.00011689617615918517,3.8376404049883916e-37,8.477694267849719e-85
Stretford and Urmston,england,North West,5,4,4,False,Liberal,4.337251592301993e-17,27.013056714002122,0.004080346556373672,72.98256050633569,0.0003024331058209419,6.343249588261483e-28
Stroud,england,South West,1,5,2,False,Average,0.0011785622011712808,0.0019762849383362278,1.5923247075176186e-09,0.04408760378147906,99.95212738251847,0.0006301649682257551
Suffolk Coastal,england,Eastern,1,6,2,False,Average,7.841735092951838e-06,1.4539696808139476e-05,5.625963982983164e-10,5.160332528168026e-05,1.770560022890861e-05,99.99990830908001
Sunderland Central,england,North East,6,1,2,False,Average,98.95089836300727,1.0428960019760478,3.044967843424191e-05,0.00617209252224931,2.669231408525917e-06,4.235846557108727e-07
Surrey Heath,england,South East,5,4,6,False,Liberal,9.049771236673941e-08,35.77118801661858,0.0002825787194047059,61.190565469529155,3.0379638367301562,7.905031956274568e-09
Sussex Weald,england,South East,1,5,2,False,Average,1.6580186072910142e-05,0.021846521475965677,6.185555798744878e-08,0.055251514256254526,99.10430760561107,0.8185777166150379
Sutton and Cheam,england,London,5,2,5,False,Liberal,3.849581904013803e-26,93.18294067771767,0.03317250472816325,6.783886817551488,2.603747236012743e-12,4.1185559332494844e-32
Sutton Coldfield,england,West Midlands,5,2,6,False,Liberal,2.8956728323645343e-11,99.8707104139519,0.0023191841986363658,0.002788286166540053,0.12418211565407652,1.7693994382458927e-20
Swindon North,england,South West,6,4,2,False,Average,0.028515365136250338,0.12958214482207384,1.1876603498703386e-06,99.8407444254514,0.00115687263229167,4.297585707219904e-09
Swindon South,england,South West,5,4,4,False,Average,7.123625516056227e-15,2.5732829862397257,0.0033572756949914544,97.42335973806536,1.9994819537103765e-16,8.301944577442769e-21
Tamworth,england,West Midlands,6,1,2,False,Average,92.05358534624487,0.07929097291853426,1.4969717540681128e-07,7.478797410190722,0.3874655050485525,0.0008606159001758388
Tatton,england,North West,5,5,6,False,Liberal,2.8279380438008997e-10,0.41958712016789596,2.0034688167334673e-06,0.0014287198443434196,99.57898215623591,3.0575131328656777e-13
Taunton and Wellington,england,South West,1,1,2,False,Average,93.27751098973141,0.27303886259346405,4.6728875769645705e-07,5.653860660266619,0.7236294355856089,0.07195958453410499
Telford,england,West Midlands,6,4,2,False,Average,0.028027772839185887,0.22087999348825887,7.869488234986122e-06,99.75108436105884,3.125476446729472e-09,2.985340447925691e-14
Tewkesbury,england,South West,1,5,2,False,Average,7.810014664825497e-05,0.0011149358891150989,1.2285591893063382e-09,0.04840170103467093,99.946738036054,0.0036672256470250686
The Wrekin,england,West Midlands,6,5,2,False,Average,6.98718852936903,0.8023933627440142,1.829968125267775e-06,14.210756079968698,77.81497912774113,0.18468107020896254
Thirsk and Malton,england,Yorkshire and the Humber,1,6,2,False,Reforms,2.524066382723383e-06,2.6015400061546978e-05,2.3784839631959084e-09,1.6566555756293093e-06,2.175387351074178e-06,99.99996762611217
Thornbury and Yate,england,South West,1,5,2,False,Liberal,2.039431316881189e-05,0.002000742191978,1.1203769035185305e-09,0.0216396262642885,99.97628307355411,5.616255603875304e-05
Thurrock,england,Eastern,5,4,4,False,Progressives,7.09034538085638e-23,4.731216682949842,0.013393174219835435,95.25539014283031,1.933703175484784e-17,5.466602233635545e-40
Tipton and Wednesbury,england,West Midlands,4,3,4,False,Reforms,1.2262073809450969e-27,12.40057486634223,87.5994251295897,4.068100003987768e-09,4.248495623449829e-45,1.6121255135042595e-63
Tiverton and Minehead,england,South West,1,6,2,False,Reforms,1.2496510723040584e-06,5.687593319103784e-06,2.0569303239172798e-10,3.5501055265426334e-05,1.9686589040452667e-07,99.9999573646288
Tonbridge,england,South East,1,5,6,False,Liberal,3.058056501660578e-07,0.0012908369128837734,1.559006306997742e-09,0.016531877856060244,99.98217697728037,5.860316995555623e-10
Tooting,england,London,2,2,5,False,Progressives,1.0523208678032825e-53,73.31383385701722,26.686166141750455,1.2324139567249975e-09,1.1262750905899027e-40,2.6950751187422404e-83
Torbay,england,South West,1,6,2,False,Average,0.0003215776937174832,0.12750681485313328,3.727851919132548e-05,1.7817521141402966,5.62266071487664e-13,98.09038221479305
Torridge and Tavistock,england,South West,1,6,2,False,Average,1.9114706000457307e-09,2.4194246292856663e-05,4.037187149429254e-09,1.8074582830466035e-05,6.888749736535e-11,99.99995772515332
Tottenham,england,London,2,3,1,False,Progressives,1.4596630824456404e-101,0.028140200888701103,99.97185979911139,1.0122785809132097e-19,9.4830794418735e-96,1.0046968744860259e-139
Truro and Falmouth,england,South West,1,2,2,False,Average,24.373184939044975,37.837543785057306,0.0001354347641676737,31.2874242971019,0.07080813258886817,6.43090341144283
Tunbridge Wells,england,South East,5,5,6,False,Liberal,1.556474559086742e-09,0.21521488889679719,6.02143897218197e-07,2.8307588536180828,96.9540256537848,5.6705751984551185e-15
Twickenham,england,London,5,2,5,False,Liberal,6.26622362324323e-32,99.96201705391363,0.027326397398662328,0.01065654868694291,8.830445405293612e-13,6.898175179187294e-49
Tynemouth,england,North East,1,5,2,False,Average,0.15694435641567628,0.03587951604928942,2.3000109274070516e-08,0.09493284948211358,99.71223776533736,5.489715427929377e-06
Uxbridge and South Ruislip,england,London,4,2,5,False,Progressives,1.2128386732346464e-51,99.77212133921643,0.21283818621968112,0.015040474563958689,7.656937788590702e-28,3.788885817819802e-64
Vauxhall and Camberwell Green,england,London,2,3,1,False,Progressives,2.6205302506783876e-108,0.015317173179602368,99.98468282682039,6.834233449014636e-16,5.229371057227097e-79,3.813095050187932e-147
Wakefield and Rothwell,england,Yorkshire and the Humber,6,2,4,False,Average,3.4709427569666653,66.43500859232321,0.0011588102142779206,30.092889645778275,1.9471768609799526e-07,2.8152287867801118e-14
Wallasey,england,North West,6,1,2,False,Average,85.47788504873708,0.1324485343351431,2.5357036721194905e-07,6.207932305826416,0.1089953846316727,8.072738472899358
Walsall and Bloxwich,england,West Midlands,4,2,4,False,Muslim,2.732570605918459e-34,99.47083187578409,0.5247825800360904,0.0043855441798234425,1.2996682559528561e-28,4.415183563351553e-64
Walthamstow,england,London,2,2,1,False,Progressives,1.5031491516953154e-79,73.09821635562574,26.901781504448174,2.139926228000681e-06,1.1421331739758722e-43,8.115992861825041e-102
Warrington North,england,North West,6,1,2,False,Average,96.24644149497738,0.32207253583187384,1.2414021036138888e-06,0.6541406883454601,2.7769977517804887,0.00034628766277223794
Warrington South,england,North West,1,5,6,False,Average,0.0006856820492535526,0.06013382769967117,1.4977970242757669e-07,0.016813495595345868,99.92236682304035,2.183575610627845e-08
Warwick and Leamington,england,West Midlands,5,2,5,False,Liberal,3.9548952816162364e-20,99.95280243959661,0.04715609728132783,4.1463122095839345e-05,3.6441631893638445e-18,7.806585325551583e-41
Washington and Gateshead South,england,North East,6,1,2,False,Average,99.96834066491755,0.02904515416990276,3.5739448726860894e-07,0.002613822896214368,1.4417645982434888e-10,4.77659933229981e-10
Watford,england,Eastern,5,2,5,False,Liberal,3.0200303779106325e-41,98.68918842754967,0.23372293156616233,1.077088640884012,2.205169845874617e-22,1.3520887777827655e-48
Waveney Valley,england,Eastern,1,6,2,False,Reforms,2.917263514039861e-06,1.669751133369126e-05,1.345979789872979e-09,2.928274551608662e-05,2.8880885535753296e-06,99.9999482130451
Weald of Kent,england,South East,1,5,2,False,Liberal,1.1051702597497047e-06,0.0021719474579217635,4.414236808854791e-09,0.007531425438963555,99.98646497406163,0.003830543457019135
Wellingborough and Rushden,england,East Midlands,6,4,2,False,Average,0.0060076992539103554,0.23591432176808946,1.2762531227026331e-05,99.75806518650676,2.9313664158219232e-08,6.264264885652723e-10
Wells and Mendip Hills,england,South West,1,5,2,False,Liberal,2.7739809443622664e-05,0.004919465761920649,1.0449107560364706e-08,0.013818662968845843,95.0230900708192,4.958144050191488
Welwyn Hatfield,england,Eastern,5,4,5,False,Average,1.2240499845636363e-15,16.590836144940628,0.0005561730900783033,83.40860621718733,1.464782015978914e-06,2.544079482955448e-27
West Bromwich,england,West Midlands,4,3,4,False,Progressives,6.79928322537056e-67,0.14667217442687416,99.85332782557309,4.231177625070613e-18,2.926840935869746e-70,1.7492715012283254e-106
West Dorset,england,South West,1,6,2,False,Average,0.0002829419667426191,0.0019573420869834885,1.9769646229276988e-07,0.0001448605945814147,1.9528611085226273e-07,99.99761446236911
West Ham and Beckton,england,London,2,3,1,True,Progressives,3.2821943783764063e-105,0.0038987456101885684,99.99610125438977,4.1555615340013464e-17,2.2740332463283214e-75,4.1326968368124913e-138
West Lancashire,england,North West,1,1,2,False,Average,99.52853515491147,0.369470954873242,6.104408466224086e-06,1.3332831144712574e-05,0.10023696914399452,0.001737483831734914
West Suffolk,england,Eastern,6,4,2,False,Reforms,0.2504409936397576,0.35990194576674617,1.6980979053368068e-05,99.38950197158174,2.224425101496241e-05,0.00011586378165075797
West Worcestershire,england,West Midlands,1,5,2,False,Liberal,0.00020243230560531552,0.007445540814724619,3.681425558868681e-08,0.0006382801166604226,98.44932677171857,1.5423869382302269
Westmorland and Lonsdale,england,North West,1,6,2,False,Reforms,3.049164441769535e-06,3.669497455620092e-05,1.532438964794515e-09,4.407421122585878e-06,9.480139363192406e-05,99.99986104551377
Weston-super-Mare,england,South West,1,4,2,False,Average,4.582415969746764,0.17277745006238293,9.888942781159368e-07,66.70404356555025,0.0022601828857037576,28.538501842860658
Wetherby and Easingwold,england,Yorkshire and the Humber,1,5,6,False,Liberal,7.010499443371127e-08,0.048591049792701145,1.481758907800743e-07,1.697089303461801e-05,99.95139029785439,1.4631790463463256e-06
Whitehaven and Workington,england,North West,6,1,2,False,Reforms,97.9449444929186,2.0541306242057433,0.0009248828722891755,3.5191565794996006e-12,2.203858673844695e-23,2.6667047584384302e-17
Widnes and Halewood,england,North West,6,1,2,False,Average,99.91698975264434,0.08300395023782393,2.7206334195183935e-06,3.5175560574039214e-06,5.3919825859788935e-08,5.00850980244264e-09
Wigan,england,North West,6,1,2,False,Average,99.68194748177045,0.3180383126300586,1.0314229151828602e-05,3.891292767974872e-06,6.41672323614023e-11,1.3439571935409685e-11
Wimbledon,england,London,2,2,5,False,Liberal,3.5645117761391853e-53,94.89660884000425,5.103391034770229,1.252256718140865e-07,1.727427292819811e-30,1.816825368655018e-71
Winchester,england,South East,5,2,6,False,Liberal,4.643858422212044e-05,99.16655104308629,0.0003899103951173158,0.48528812492235585,0.34772448301202147,1.4450780719056298e-13
Windsor,england,South East,5,2,5,False,Liberal,2.4133391237973776e-24,99.94016795663711,0.055427177648888645,0.004404865713372028,7.075665260630691e-13,1.1390757863365036e-37
Wirral West,england,North West,1,2,6,False,Average,0.0040914184973996955,99.98098129422164,0.014927286109937989,1.1382975260322146e-09,2.9228497951186616e-11,3.399808252370209e-12
Witham,england,Eastern,1,5,2,False,Liberal,0.0022513908268631524,0.006498251572348084,1.0664696745592846e-08,0.49264179133012703,99.49637887114503,0.002229684460931012
Witney,england,South East,1,5,2,False,Liberal,1.2545577972635666e-05,0.001572249072176748,2.470792275876913e-09,0.07417680966347898,99.92423099059046,7.402625145071628e-06
Woking,england,South East,5,2,6,False,Liberal,2.986002019427981e-30,99.67568628601083,0.2492641117155771,0.07504960225525911,1.8202031565756318e-11,6.877086348096904e-40
Wokingham,england,South East,5,2,6,False,Liberal,8.621332711629001e-19,99.89517819143657,0.002327979855193465,0.10102571748959516,0.001468111218767565,1.955522499174589e-30
Wolverhampton North East,england,West Midlands,6,2,4,False,Average,5.681575977773969e-27,71.17610850423131,28.823891433380123,6.238871509133154e-08,4.867739287554734e-41,1.2489375374543007e-61
Wolverhampton South East,england,West Midlands,4,3,4,False,Progressives,6.500518116107164e-66,0.0025068931949821034,99.99749310680498,1.0946554417269379e-17,2.3732169761380008e-77,7.43102972950901e-111
Wolverhampton West,england,West Midlands,4,3,4,True,Progressives,1.3885493610245744e-74,0.032503810785853945,99.96749618921407,4.732493888399104e-20,6.67773899198179e-71,5.1694680650596086e-111
Worcester,england,West Midlands,6,4,2,False,Average,0.7843661472398594,21.08381161411401,0.00010201861109988028,71.48774453883982,6.643975271139464,4.100558130802813e-07
Worsley and Eccles,england,North West,6,5,2,False,Average,0.11807544568806937,12.834081986985796,0.00012881059156769775,37.33784903928062,49.70986470525879,1.2195247531667384e-08
Worthing West,england,South East,1,6,2,False,Average,0.06284043645581325,0.09105982633147162,1.9410107903076526e-06,0.5928953428303521,0.00031538533113097914,99.25288706804037
Wycombe,england,South East,4,3,1,False,Liberal,2.283230611179849e-68,2.2451263996217534,97.75487358570531,1.467285514303583e-08,8.738220729678592e-44,4.440845953174725e-88
Wyre Forest,england,West Midlands,1,6,2,False,Average,10.401903871795131,0.009707996000459846,3.9145980324850786e-08,0.14700257556253393,0.5047659824085865,88.93661953508726
Wythenshawe and Sale East,england,North West,6,2,4,False,Average,1.1999951160301152e-13,63.20420942351021,0.007022771981828357,36.78876780433486,1.7317000966462748e-10,3.436247435715593e-33
Yeovil,england,South West,1,6,2,False,Average,0.40540259905070236,0.0009313832372402428,3.5165018182377958e-09,0.17103172073836748,0.004589975827973265,99.41804431762925
York Central,england,Yorkshire and the Humber,3,2,5,False,Left,4.9335107412603044e-23,99.95980170405059,0.04019829314468006,2.804613290198131e-09,1.92866635875739e-34,1.4608039788404253e-46
York Outer,england,Yorkshire and the Humber,1,5,6,False,Liberal,4.0893006402754815e-05,0.005259244207807303,5.409991439240748e-09,0.00032115599996755337,99.99337356025923,0.00100514111659175
Aberdeen North,scotland,Scotland,6,2,4,False,Average,0.02812837305237209,99.7340574561817,0.23778810122055583,2.6069545229182218e-05,2.0729382675997238e-19,4.497978767649644e-25
Aberdeen South,scotland,Scotland,3,2,5,False,Average,6.491339683023861e-13,99.91060118602442,0.023506155888751257,0.06589265808559028,5.583646995362838e-13,7.122707376862719e-28
Aberdeenshire North and Moray East,scotland,Scotland,6,1,2,False,Average,99.98975257117539,0.010232280835758216,1.3961708895247994e-06,1.375061099980065e-05,4.066035021594075e-15,1.206938713727205e-09
Airdrie and Shotts,scotland,Scotland,6,1,2,False,Average,99.95189058038929,0.04737715878356318,3.516178023229708e-07,0.0007318680729789508,4.073178495696857e-08,4.0461804158945335e-10
Alloa and Grangemouth,scotland,Scotland,6,1,2,False,Average,99.98501544294398,0.014979480352993988,5.066650498958077e-06,1.0052449030075934e-08,2.995930018864525e-19,1.915625429148805e-17
Angus and Perthshire Glens,scotland,Scotland,1,1,2,False,Average,99.421135686794,0.06221651924507975,2.3102389258433344e-06,0.005609552134175199,5.2375826951064924e-06,0.5110306940051088
Arbroath and Broughty Ferry,scotland,Scotland,1,1,2,False,Average,99.98754144785228,0.012395610301690129,2.8930155036767296e-07,6.209071622814904e-05,3.777929117363358e-08,5.240489866415439e-07
"Argyll, Bute and South Lochaber",scotland,Scotland,1,1,2,False,Average,88.40312421681405,0.15291764238273878,3.2353556493403815e-05,0.004299488161273932,3.101593758178142e-08,11.439626268069334
"Ayr, Carrick and Cumnock",scotland,Scotland,6,1,2,False,Average,99.99508061940172,0.004914507729046361,4.203301284372753e-07,4.433569560388749e-06,1.1536203741373204e-14,1.8969496032944677e-08
Bathgate and Linlithgow,scotland,Scotland,6,1,2,False,Average,99.32976409536613,0.6443032136784272,1.3544069301570822e-05,0.025893991368999694,2.5155497345062915e-05,1.9838855970120942e-11
"Berwickshire, Roxburgh and Selkirk",scotland,Scotland,1,1,2,False,Average,99.98982323143684,0.009876110408213736,5.313814585500918e-06,2.978707947870162e-05,2.0753505451572077e-13,0.00026555726060198783
"Caithness, Sutherland and Easter Ross",scotland,Scotland,1,1,2,False,Average,99.99241047922729,0.007524904673013451,1.0501143682589707e-06,1.460320537673268e-05,7.232281183611599e-11,4.896270762665321e-05
Central Ayrshire,scotland,Scotland,1,1,2,False,Average,99.99303275863394,0.006389225614403767,6.022075845752722e-08,0.0005246036228390178,6.503866569463831e-07,5.2701521398347236e-05
Coatbridge and Bellshill,scotland,Scotland,6,1,2,False,Average,99.93860917112292,0.061292558588014016,1.2900946045793213e-06,9.697542777133359e-05,4.725970073857369e-09,4.069996699289196e-11
Cowdenbeath and Kirkcaldy,scotland,Scotland,6,1,2,False,Average,99.99202375944,0.007971716807907668,4.518948491130307e-06,4.803535072793953e-09,1.0879810630192575e-17,6.973792009178685e-16
Cumbernauld and Kirkintilloch,scotland,Scotland,1,1,2,False,Average,99.61997586126459,0.09447288925326269,2.2738845279356796e-07,0.039898975344625706,0.2456327123626975,1.9334386357511696e-05
Dumfries and Galloway,scotland,Scotland,1,1,2,False,Average,99.93191506882948,0.034401473846940395,1.0747083901199023e-05,0.0010974420466436112,1.115684115629576e-12,0.032575268191784884
"Dumfriesshire, Clydesdale and Tweeddale",scotland,Scotland,1,1,2,False,Average,99.7018338405856,0.02426094143085075,1.189653877426514e-06,0.0031579886894202804,9.864021637158977e-08,0.2707459409999569
Dundee Central,scotland,Scotland,3,2,4,False,Average,3.262216939095573e-14,99.96503233421956,0.018784937863158498,0.016182727917171888,7.461779542323683e-25,6.208226914196742e-32
Dunfermline and Dollar,scotland,Scotland,1,1,2,False,Average,99.37204815999489,0.6278739283699226,5.1019901750366944e-05,2.6885072338485738e-05,6.652993010236272e-09,8.097779153908219e-12
East Kilbride and Strathaven,scotland,Scotland,1,1,2,False,Average,97.5456111241553,2.351603747086423,9.085922862523871e-06,0.026609051920227663,0.07616656978999818,4.2112523040943394e-07
East Renfrewshire,scotland,Scotland,5,2,6,False,Liberal,2.426576912072845e-13,99.99271447046672,0.007285323306586282,1.5674422520622535e-07,4.948211955362559e-08,8.854124158661799e-29
Edinburgh East and Musselburgh,scotland,Scotland,3,2,5,False,Average,7.658691421523971e-34,99.8286807107218,0.1713192824627261,6.815619066998869e-09,4.496615003665016e-40,3.506570800947933e-61
Edinburgh North and Leith,scotland,Scotland,3,2,5,False,Liberal,1.3401234473624958e-30,99.49222960446448,0.5077683381120423,2.057423490053325e-06,2.7160580087898598e-28,1.1550745323716658e-53
Edinburgh South,scotland,Scotland,3,2,5,False,Average,3.040939832107097e-25,99.96851766011892,0.031482334772465384,5.108498445152382e-09,1.1548807899145312e-27,1.0388343178320109e-52
Edinburgh South West,scotland,Scotland,3,2,5,False,Liberal,1.6549073821490048e-21,99.95469431963883,0.044336937137744274,0.000968743223337504,2.7357568217723477e-21,7.77100163349789e-39
Edinburgh West,scotland,Scotland,5,2,6,False,Average,6.216526242511628e-07,99.85706411037559,0.14293524217092585,2.580073553775384e-08,3.765376352245328e-17,2.688446713374235e-28
Falkirk,scotland,Scotland,6,1,2,False,Average,99.9779935827865,0.021998412156480136,1.1423775606936878e-06,6.8626768968631e-06,2.372827259243811e-12,1.7430514103916895e-13
Glasgow East,scotland,Scotland,3,2,4,False,Average,4.2434628850494743e-13,98.56845406272204,0.1753125073736615,1.256233429903879,3.356381907544899e-15,1.6746173894536353e-29
Glasgow North,scotland,Scotland,3,2,5,False,Left,1.6193612538070354e-65,78.4327023928428,21.56729760715726,6.854405140156308e-16,3.12735052381718e-63,3.7686818610633235e-101
Glasgow North East,scotland,Scotland,3,2,4,False,Average,2.899329526509387e-19,98.6453652875016,1.3546347103612393,2.1372638941213268e-09,3.1166980506194256e-41,7.717397913632059e-51
Glasgow South,scotland,Scotland,5,2,4,False,Average,3.9080048360210425e-07,99.2786271594154,0.01006958374284,0.7112987138893261,4.152152093154292e-06,1.5134477548104598e-21
Glasgow South West,scotland,Scotland,6,2,4,False,Average,1.1104712578273109e-13,99.72855873749167,0.2706245394864343,0.0008167230218879281,1.505369742194068e-19,2.76912032610649e-35
Glasgow West,scotland,Scotland,3,2,5,False,Average,1.472151463072221e-19,99.9461602514349,0.05383878627102043,9.622939473135359e-07,1.8915630796403065e-24,2.6735687358522687e-43
Glenrothes and Mid Fife,scotland,Scotland,6,1,2,False,Average,99.53271845412918,0.4653388914774131,0.0019426530894393022,1.3038359609702664e-09,1.9516484604385785e-27,3.2710684429979436e-22
Gordon and Buchan,scotland,Scotland,1,1,2,False,Average,94.09982446690395,5.899683981730694,0.0004755203313238737,1.55227261749553e-05,5.082148696651389e-07,9.289072671622343e-11
Hamilton and Clyde Valley,scotland,Scotland,6,1,2,False,Average,99.98251326592211,0.0159858390211133,5.034848413288833e-08,0.0014629001008425867,3.753385433347547e-05,4.107531579050622e-07
Inverclyde and Renfrewshire West,scotland,Scotland,6,1,2,False,Average,99.91962035352286,0.08037799370663748,1.5655465379895617e-06,7.932229721513895e-08,1.7800167718119624e-09,6.121712297842232e-09
"Inverness, Skye and West Ross-shire",scotland,Scotland,1,1,2,False,Average,99.98819467850544,0.011639407538117158,5.247641425405246e-07,0.0001645313946905344,3.26147671830654e-09,8.545361257903348e-07
Kilmarnock and Loudoun,scotland,Scotland,6,1,2,False,Average,99.99648593173632,0.0035131367288153462,8.93028706595322e-07,3.8506062519160344e-08,1.3726057600378362e-17,4.4386467092116865e-14
Livingston,scotland,Scotland,6,1,2,False,Average,99.74752197219236,0.24769255570679477,7.254007834006613e-06,0.004777265688277348,9.524007672266742e-07,3.9688724836424174e-12
Lothian East,scotland,Scotland,1,1,2,False,Average,93.3953353672583,6.6034015429992055,0.0011300919110955022,0.00013288914194052484,1.0868934553533785e-07,2.3636213630801475e-13
Mid Dunbartonshire,scotland,Scotland,1,2,6,False,Liberal,5.063092792490799e-09,99.99842970066445,0.0009572583900249119,1.987285282286859e-05,0.0005931630297565212,2.782750509999628e-20
Midlothian,scotland,Scotland,1,1,2,False,Average,99.78340280060752,0.21646073191135062,0.00013594291285169273,5.245587276145504e-07,9.686702298088919e-12,2.381483238727921e-15
"Moray West, Nairn and Strathspey",scotland,Scotland,1,1,2,False,Average,99.14776636802465,0.8358883891229619,7.786096080202592e-05,0.0023726129533561137,9.934865585294764e-11,0.013894768838901384
"Motherwell, Wishaw and Carluke",scotland,Scotland,6,1,2,False,Average,94.18597901170807,5.812733820098438,0.0012866574288318328,5.107648181145881e-07,3.3728101235801114e-18,8.091274976588434e-19
Na h-Eileanan an Iar,scotland,Scotland,1,1,2,False,Average,96.69834073198511,3.3008396126362474,0.0008092343985635211,1.3301034713331336e-07,3.93555004143917e-13,1.0287969415906705e-05
North Ayrshire and Arran,scotland,Scotland,6,1,2,False,Average,99.9945780495303,0.004822480259514387,6.358781931650723e-08,0.0005339362296193094,2.7662241128191284e-08,6.544273059468263e-05
North East Fife,scotland,Scotland,1,2,2,False,Average,0.6107993003261054,98.08137654372376,0.001266132771449338,1.3065566549932162,6.099739123249081e-07,7.582114817159233e-07
Orkney and Shetland,scotland,Scotland,1,1,2,False,Average,99.99749540943438,0.0024964376890878486,8.152695750660639e-06,1.807485197676006e-10,3.3549424373624713e-20,6.177910787174761e-15
Paisley and Renfrewshire North,scotland,Scotland,6,1,2,False,Average,97.67879056964252,0.7302661154838485,5.8268065070020115e-06,0.8943889184628117,0.696547736660516,8.329437527606189e-07
Paisley and Renfrewshire South,scotland,Scotland,6,1,2,False,Average,99.93767136576682,0.062035226491209024,8.551364316960613e-07,0.00029254799964068673,4.348459342450613e-09,2.5743959017490633e-10
Perth and Kinross-shire,scotland,Scotland,1,1,2,False,Average,99.32143541285163,0.5468571436043123,5.773232848893111e-06,0.11913992411205819,0.006027309652702681,0.006534436546457814
Rutherglen,scotland,Scotland,6,1,2,False,Average,98.67439766079026,1.0299644886443307,4.143407278572522e-06,0.0692918604103945,0.22634167237049974,1.743773144877627e-07
Stirling and Strathallan,scotland,Scotland,1,2,2,False,Average,28.139313349987432,68.9394580791304,0.00025470222339779987,2.487965355757784,0.43300849101199246,2.188900734663735e-08
West Aberdeenshire and Kincardine,scotland,Scotland,1,2,2,False,Liberal,0.09424225820369628,99.8979938612007,0.005056960786034325,0.0017930488076903924,0.0009138710009066153,9.83462829755159e-13
West Dunbartonshire,scotland,Scotland,6,1,2,False,Average,99.88841006143817,0.111571848933085,1.6834566144928134e-05,1.2550625849825418e-06,9.068517219173954e-19,1.3918885295472795e-15
Aberafan Maesteg,wales,Wales,6,1,2,False,Reforms,99.69843503622408,0.11023073230481895,8.001314425365678e-07,0.19133343128858307,1.2484669034737073e-12,4.973326152772166e-11
Alyn and Deeside,wales,Wales,6,1,2,False,Average,89.01505768418981,0.05409093718231426,9.886944104706148e-08,9.291422419496124,1.0071636026840274,0.6322652575782589
Bangor Aberconwy,wales,Wales,1,1,2,False,Average,92.0307541156205,6.064293859716782,3.069956463446707e-05,0.5895269421210281,0.00146967542694921,1.3139247075501652
Blaenau Gwent and Rhymney,wales,Wales,6,1,2,False,Reforms,94.66068196751249,5.29560352277895,0.0004123092272404886,0.04330220048117981,5.152546106182415e-19,3.9960937564962357e-16
"Brecon, Radnor and Cwm Tawe",wales,Wales,1,6,2,False,Average,0.0035050642111693307,0.00024623991363462784,6.182694074231234e-09,0.0012774133886109696,5.596661532378724e-08,99.99497122033725
Bridgend,wales,Wales,1,1,2,False,Average,99.5246190980391,0.1002755482043424,6.991463130551364e-08,0.31820696062678044,0.056590507624826175,0.0003078155903498976
Caerfyrddin,wales,Wales,1,1,2,False,Average,93.84077702633472,0.29481738064178525,9.20286235921801e-06,0.015359520505941625,9.764943657194782e-08,5.849036772005752
Caerphilly,wales,Wales,6,1,2,False,Average,99.98047407307745,0.012215244979886939,4.005885772885511e-08,0.007310268782079174,3.6844808422541175e-07,4.653600499422966e-09
Cardiff East,wales,Wales,3,2,5,False,Average,1.2148173895481952e-19,88.65515499386677,0.013910275131287592,11.3309347309948,7.071266798737721e-12,1.2333681947852336e-30
Cardiff North,wales,Wales,5,2,6,False,Average,7.761083489137621e-07,99.99645073893852,0.003537165340787393,1.1318990250163031e-05,6.220064420349526e-10,3.8386421854325234e-22
Cardiff South and Penarth,wales,Wales,3,2,5,False,Left,3.523088580909865e-38,98.8481184494703,1.1518808070495805,7.434800814699626e-07,6.161967777673857e-34,2.793557373958171e-54
Cardiff West,wales,Wales,5,4,4,False,Average,2.1768573998366602e-09,29.319829827414473,0.00022592018427452333,70.602681710776,0.0772625394484847,2.7994286826304906e-22
Ceredigion Preseli,wales,Wales,1,6,2,False,Average,0.0007902736341852489,0.2981203804735466,1.5854576847736432e-05,0.010483635451902888,5.674542648727157e-08,99.69058979911819
Clwyd East,wales,Wales,1,6,2,False,Average,0.18570223806623778,0.004502089994688655,3.705450318200423e-09,0.035123979292937674,15.414367875011642,84.36030381392902
Clwyd North,wales,Wales,6,1,2,False,Average,99.72988521140161,0.07474143933786455,7.87182800746716e-07,0.15364879206327342,1.605800790662976e-08,0.041723753956378895
Dwyfor Meirionnydd,wales,Wales,1,6,2,False,Average,8.55560157693207,0.010432655579752313,2.2758797283541808e-08,0.09405129222615735,0.05580756782357243,91.28410688467972
Gower,wales,Wales,1,5,2,False,Average,0.016644632882906626,0.008218600543465727,4.391068309013993e-09,0.01228952905976565,99.96166250074118,0.0011847323815703686
Llanelli,wales,Wales,6,1,2,False,Average,99.43417131339329,0.010075761244885458,8.969899019591456e-09,0.5484005256564458,0.0026106179754868952,0.004741772759963749
Merthyr Tydfil and Aberdare,wales,Wales,6,1,2,False,Average,99.94055958715128,0.020491075309873617,9.21354459637236e-08,0.038949245138737515,6.117521287490408e-11,2.0346087968882321e-10
Mid and South Pembrokeshire,wales,Wales,1,6,2,False,Average,22.46736362292323,0.010301387290294799,3.100154209527022e-08,0.5811359027610377,0.00037081260460582866,76.94082824341925
Monmouthshire,wales,Wales,1,5,2,False,Average,0.04093017548054052,0.01135554878345624,8.336198118371661e-09,0.022146968777858843,99.84313124278835,0.08243605583361917
Montgomeryshire and Glyndwr,wales,Wales,1,6,2,False,Average,5.2143753736985685,0.003081639311697351,1.6363809425672992e-08,0.331591060604275,0.0026969592933254673,94.44825495072826
Neath and Swansea East,wales,Wales,6,1,2,False,Average,97.62149340500055,0.06434195827175042,1.3083504550228453e-07,2.3140016180729237,0.0001386773048956139,2.4210514800265334e-05
Newport East,wales,Wales,6,4,4,False,Average,0.00010118552487384388,0.4901504225649395,8.605464607189045e-06,99.5097320206265,7.765819002124006e-06,8.838246426400432e-16
Newport West and Islwyn,wales,Wales,6,1,2,False,Average,98.98684383096221,0.29702121096444956,4.4633292930621955e-07,0.7056327373160969,0.010501764522689517,9.901694025066537e-09
Pontypridd,wales,Wales,6,1,2,False,Average,99.94797760861714,0.04955387864388945,3.32237979113804e-07,0.002468180162502204,2.78835020596102e-10,5.965606977789518e-11
Rhondda and Ogmore,wales,Wales,6,1,2,False,Reforms,99.21317691821334,0.7846441787009091,8.260150357188957e-05,0.002096301581993886,2.875464235044886e-18,9.198705286003153e-14
Swansea West,wales,Wales,3,2,4,False,Average,1.3090254155342353e-09,99.97754685329078,0.020942536136926242,0.0015106092632167067,5.1673588237098284e-23,5.32726497857812e-29
Torfaen,wales,Wales,6,1,2,False,Average,99.96864608329406,0.03019307828838146,1.5756784254351286e-07,0.0011606808411551387,7.42777597584963e-12,1.1395709793317511e-12
Vale of Glamorgan,wales,Wales,1,5,2,False,Average,3.128632287652142,0.17142836236019388,9.653825630103304e-08,5.990575031257228,90.70824792819138,0.0011162940008662197
Wrexham,wales,Wales,6,1,2,False,Average,99.72656789349465,0.02548477406623268,6.141404379558073e-08,0.24788935161985287,4.2112326756212026e-05,1.5807078432501372e-05
Ynys Môn,wales,Wales,1,6,2,False,Average,6.1113731212995885,0.012315073320317282,1.8513806231387372e-08,0.058572964221036,0.21146403764900826,93.60627478499616
