PC1,PC2,PC3,PC4,PC5,PC6,PC7,PC8,PC9,PC10,PC11,PC12,Seat,GMM_label
-1.632564001408099,-2.247629761765329,-1.3030094687905986,0.7461415126417984,3.0921769857912014,-0.19586490751082533,-1.5271183551993772,2.2582783245768137,-1.3726281594343337,-4.0892113548130045,-3.023698257015955,5.312825738084568,Aldershot,3
1.7440292626969855,1.7737377000330188,-1.8001896383280682,0.08678641875960871,0.9621522212246326,-0.8422488008366777,-0.5900826039953186,-0.7637892327721506,-0.05702710117031177,0.7984695741363953,0.9087693183747965,-0.8854185642044275,Aldridge-Brownhills,2
-1.0979620818297477,-2.60518050557625,-3.004832705850775,-0.4764031154317032,-1.162270115724628,-0.1819052395028393,0.21805245724942685,-1.776936163041205,0.3628379447594823,0.4595351345072737,1.2086255079161805,0.25687726638835073,Altrincham and Sale West,2
3.083338733803945,1.1516257740793774,1.1431226610678915,-0.005425394446763931,0.43612548172156324,0.13122554083588434,0.48436835993359334,-0.2743629481775147,-0.5813316164005055,0.33451778551861144,-0.3346846724866479,0.07337959365788188,Amber Valley,1
3.32931405963481,-2.1956230291688117,-1.9850875574109297,-0.05118134004888113,-0.4382009789927371,0.5965059018685493,-0.832636908846694,0.27268338683592236,-0.1630387394457908,-0.012149381734877555,-0.06157434147521931,-1.0009170977126807,Arundel and South Downs,5
2.5792169372528724,2.1435171447030474,1.8589295043304432,0.28626843869275914,0.6266666711022825,0.141368531465567,0.9381871343655271,0.0012829387464658576,-0.19434352434481128,0.42229634374434477,-0.45912450639248803,0.7935897324170326,Ashfield,1
0.4760268690497348,-0.19650500173621624,-0.20640571416299894,0.29744182853291345,0.5760671619291221,-0.43283917341396955,0.36311141218905535,0.9393868925797695,0.2824994304084266,-0.9072883533222895,-0.7927972228127422,1.9714110286148694,Ashford,4
-0.44424215667903094,2.883713309500209,1.0581259660601134,0.18734265274070167,-0.49066609955610874,0.08229511300021052,0.5342890891980323,0.619438075741523,0.8954405317862489,0.15408124566841783,0.18399210892022672,0.5664917153686369,Ashton-under-Lyne,4
-0.6052537649092123,0.28141260840508087,-1.114611922912163,-0.1843846984839824,-1.0001953358725717,-0.6498501792450114,0.9646706731101727,0.5853014914709808,1.2044120765690964,-0.03526062759807157,-0.4526405951661298,0.7816801504537128,Aylesbury,2
0.9093413717813243,-0.38982778339424656,-0.6216281620951737,0.5947048208542101,-0.362278062044373,-0.12247499306933861,-0.43271236845005906,-0.5050191760933765,-0.4568727799348636,-0.08840776373536616,-0.380862472743436,0.5782072091021205,Banbury,4
-6.994828342047095,4.107568836132805,-0.5383075818162218,1.727425315215621,-2.7789162616748957,-1.3651640642208158,-0.9138612887295793,1.7432260544627365,-1.3664986854035113,-0.28957044290606504,0.6912373957296042,-0.05649703439340606,Barking,3
2.454348024579568,2.132875561122899,1.7342753743251513,1.1119863088930042,0.45738135866510143,0.20509308842746693,0.13962245580176388,0.00031820349426741874,0.12341302330090015,0.5609219450601121,0.2234284179339399,0.6168767604014426,Barnsley North,1
2.250704240319311,2.4937619252501593,1.9676971986733525,1.4886294868137422,0.6392917986865593,0.28536864050331184,-0.1885617896094076,-0.6883492367972789,-0.9419024030139784,0.3223455146047451,-0.15664833287163807,0.4746918717356685,Barnsley South,1
3.125257047415824,0.3972437032606801,0.31167194998971887,0.09568624154608646,0.33321684298207266,0.3407900376032159,-0.6856268038341011,-0.24894453923726656,0.32425124508836917,0.05217163910736004,0.5181098695893268,0.6410975206326793,Barrow and Furness,1
0.8879878899735234,0.9024311011766423,-0.027864030979267797,1.1006584918860522,-0.4385252074222532,-1.230915643791968,0.7018702707087936,-0.48317297267227505,-0.7609003092187816,0.12547711734572958,-0.2821646514246697,-0.003133046526347447,Basildon and Billericay,4
-0.11846546658432185,-0.9495139129041442,-0.2606516367487999,0.2031480078474577,0.7074549464175733,-0.8017982549004106,0.04188980480766831,0.05034678905228566,-1.14660753788332,-0.49214862165886086,-1.055542641636965,1.2522606787398936,Basingstoke,4
2.79700825311761,1.3875783465148062,0.5869145495081977,1.027802338508663,0.3303194053666181,0.27387138544468986,-0.6780204943918747,-0.5010994608902875,-0.1682707438707714,0.23985773930676096,0.3195153630788368,0.56318840032093,Bassetlaw,1
-1.6980519125564473,-3.5194981034548127,2.3480833504324417,-2.4409675232133665,0.5336505428082972,-0.21072839195509266,-0.16884650308777602,-0.6981716138956027,0.48910397852582993,-0.40809315146283215,0.8478040051591715,0.6566370415437166,Bath,2
-6.36169254137444,-5.844318151063134,0.14442783335741546,0.95249135702715,-0.9656218295891223,-0.7362528312389871,-0.9999423217320736,-0.8475199305577462,-0.43180937248498974,1.0507860549470298,-0.8433903139200987,-0.02473177412172307,Battersea,2
-0.4142802210810303,-1.3695426229928902,-3.9683840464074356,-0.5412177006023587,0.5684438281277159,-0.8149408337815418,-0.448579257390871,-0.9018892781662698,-0.6250678802397072,1.3598949159303104,0.06628030480909987,-0.7308439832013333,Beaconsfield,2
-2.4784053403545747,-3.2726744820030196,-1.588153659458565,0.6074094833657434,-0.9842224407182251,-1.9753050147843152,0.0798610023322993,-0.1347472374740453,-0.04264070256956417,-0.8279058833343997,-0.27907240898681906,-0.23266272923237136,Beckenham and Penge,2
-2.631994805366241,1.6849966248502586,-0.413511786401723,0.7167096244685013,-0.14548101302855143,-0.7781437468600955,-0.23993128719534224,0.577531290933937,-0.25380982336771807,0.09934019581116074,0.1414619049124833,0.2571605370428942,Bedford,4
-8.881073615960007,-4.913453963559846,3.2634382302921603,0.9795097098386973,0.23866511220490153,-1.6082372297576313,-1.3660273426860783,0.11913173421028556,-0.690012858857778,-0.4604227140339944,0.4559068656615319,-0.7276314053684385,Bermondsey and Old Southwark,3
-11.924593001456588,1.1311304611715074,3.00224455456717,-3.5932957226012334,-5.816514572207299,1.823769588726854,-3.0120206148454836,7.473674574135627,-7.046154804353024,2.402496863211646,3.596028284160057,0.48214079437576435,Bethnal Green and Stepney,3
3.8773236060255174,-0.3741243327736852,-0.30508551696410113,-0.40810302269112314,0.16112940121099986,0.7744654249208752,-0.3221837471814234,1.071153996598551,1.0484535947723745,-0.062097155359048126,0.339714375675668,-0.07889516546770552,Beverley and Holderness,6
3.672359742275783,-0.993862997791148,-1.3408359761879425,-0.06097899256461654,0.15870468584449968,1.0629270029855675,-0.7187366865775487,0.6393583450656458,-0.25383281358699145,-0.8420840700631828,-0.38150762634944296,-1.3862757598667028,Bexhill and Battle,6
-0.7998559742444955,0.31290748454932515,-1.8165793723334578,0.7235452396170894,0.43663536400486364,-1.6119530855531579,-0.10621717652598961,0.2001924396792838,0.15087046427566753,-0.5659615203894772,0.24814131178481072,0.056477244733716805,Bexleyheath and Crayford,4
0.8064154937280014,-1.6983156458182287,-1.0027475943593611,0.10141717272217204,-0.2924308358261508,-0.43079086398520317,-0.4100290705455264,-0.36152576847524753,-0.1030771852029969,-0.15377654303501523,-0.07215151098849605,0.8121413310336805,Bicester and Woodstock,5
1.0598081217577793,0.9391720675013026,1.6916333906881775,0.7558483741218209,0.25510080251728495,0.02884875050703394,-0.3933587936138783,0.12261163374864077,0.2633662719714281,0.29738782192376945,0.646260309780333,0.909289974258687,Birkenhead,1
-6.054206327037623,1.0949469798100764,-0.034201126581865984,-0.5222785379042855,0.4925882642217929,-0.9137568079141222,-0.10066027276980988,-0.8572624848052002,1.2472591391290688,0.5785629394554561,0.5000215312099632,-0.8406641983781407,Birmingham Edgbaston,2
-3.1527393031939877,3.532632461165327,0.7935404376123905,1.8656053233399943,-0.8456968550651919,-0.9673312601384472,-0.4411397929446403,-0.9616706634846629,-0.13177335442663698,-0.6296020377641081,-0.2767227502688469,0.21937605803084154,Birmingham Erdington,4
-8.595661474452061,6.44685735597759,-2.4080247542239563,-3.4869513788011637,-4.436705529944492,2.931982385010491,0.1837986271708729,-1.9236544509060842,1.7244780916167217,-0.4311011550383749,-2.3944839332724834,-1.7064657925545232,Birmingham Hall Green and Moseley,3
-4.714117043117035,7.227808004999983,0.9920548140542611,-0.48287024313863497,-3.883295947631174,0.5975538257602034,1.7554543279450108,0.20913875276237967,2.7511477825402157,0.13592849551037828,-0.9466076640015774,0.39105449216668103,Birmingham Hodge Hill and Solihull North,3
-12.087830563976844,4.785978784038777,2.2356258440161274,-0.9409526343888598,-2.5103638397363977,1.3186524439366376,-1.121034548905995,-1.1636379904526046,1.2555580879438268,-0.6628628413861362,-0.6865425027916824,-1.78858277254071,Birmingham Ladywood,3
-1.0453908220728485,1.6371069746776832,1.086083934869732,1.7707617304699514,-0.38368778902868067,-1.462622306436089,-0.027906617859253198,-1.3536164789373337,-0.5156976837365532,-0.019518668486319214,-0.11147993817455978,-0.1706755379371502,Birmingham Northfield,4
-8.844006511162597,8.13890599632962,-2.572519252028745,-2.143802513609643,-1.5755395834761652,-0.4400404189176933,-1.121333058670182,0.5807144164680437,-1.9500895377171548,0.544111250165139,0.7744619611317894,-1.0528469646193557,Birmingham Perry Barr,3
-3.961328355892366,0.5235956347984331,1.9456699514696603,-1.516341965808032,-0.09102636440558985,-0.2724258826266566,-0.13426456359223135,-1.3497582134674024,0.9338652154099182,-0.4875041941884987,0.9674386004492921,-0.09401484451373186,Birmingham Selly Oak,2
-5.749091005679571,6.664376661648993,-1.246237993448185,-1.475573042449694,-3.8317104703584848,1.716831354940156,-0.34998953008199113,-1.2700038982701296,0.09263504526859334,-0.5723326920724914,-1.1855034305408838,-0.4339969165412451,Birmingham Yardley,3
3.1994978563325978,1.2284977643843273,0.859303826482524,0.9054627642561336,0.5312089840726485,0.7489081998535227,-1.1592284390769105,-0.032068659430582264,0.20087570305056118,0.12295396185513126,0.7428744796910652,0.10597949042269779,Bishop Auckland,1
-4.804126425428994,7.261303561007186,-1.5533113851784057,-2.490570838674762,-2.229129386099219,1.5145325055023116,0.9930880975834561,-0.4548830350650303,1.7021147409567279,0.3389551413452241,-0.666546514716853,0.6634137345321247,Blackburn,3
-3.6306679385446685,3.5010928817492224,1.5957360311815376,2.2315490575236163,-1.3586219568830868,-0.4204738383793119,0.8546654035600852,0.5797225465756433,2.7709908463382784,-0.1831872179354409,0.6496694455858546,0.4930396496510755,Blackley and Middleton South,2
3.4811051824000927,0.698527056339991,0.39410218178218104,0.32196133200572785,0.6114098520449391,1.2070883544212998,-0.6463512561788952,1.0705539343755235,0.9903580845531958,-0.5350106545864496,0.39787473595838674,0.08421946994183897,Blackpool North and Fleetwood,6
1.2323097836310746,1.5427805809011208,2.3118835380279488,0.46857002279343674,0.9478911431663237,1.0908461768061082,-0.04242792897090843,0.8183926224184108,0.5910180608552604,-0.825096167809261,-0.01926705926041845,1.4389146801282666,Blackpool South,4
2.9683728606495317,0.47680816031845524,0.5239724964925898,0.4365111660336022,0.09436260834079019,0.10735998126063227,-0.7243905505410335,-0.579342857045166,-0.09226404463326819,0.3871898034270722,0.6376741642143006,0.011416416988544226,Blaydon and Consett,1
2.741852122508778,1.755332130451273,1.9612507410185405,0.510024860772923,0.4869473924863027,0.285203127019333,0.19602181046041295,0.25493979121869653,0.12016048102338502,0.6100862370429332,0.1792319871122313,0.4315132099789167,Blyth and Ashington,1
2.8551582954515156,0.13415794895455668,0.0016355234592950298,0.47086033413050693,0.5941271866024923,1.0757381179822663,-0.8217768331271422,0.29253747931906343,-0.5058327830769913,-0.7291622758663664,-0.29885949228415976,-0.23899786016273875,Bognor Regis and Littlehampton,6
2.9151154115211426,1.6771527955537033,1.2008484031453301,0.7732017058197045,0.5774132971410335,0.295379507637763,-0.3643016642399269,-0.981387259576591,-1.202778010883361,0.23419570550059002,-0.1947197966238672,0.11254053632572987,Bolsover,1
-0.728365381449307,2.994366169708209,-0.4866939438939171,0.2176905000977546,-0.6465536946107462,0.24871643988124295,-0.27355062912511335,-0.7253314795508647,0.6232760714589222,0.011731548178756197,0.13935897090706792,-0.07651820389532646,Bolton North East,4
-2.9582799679898524,5.021113596645466,0.4315159598322432,0.23286384143406133,-1.1231692353024476,0.14357832755551786,0.627881745282854,-0.5963376841407784,0.7773730879059353,0.050352166878690034,-0.32028121159463985,0.5275557490505416,Bolton South and Walkden,2
0.8895473862498914,0.8832226145515247,-1.9799597975657321,-0.18252233990300337,-0.5400763890743636,-0.05836065190128632,-0.8083122570629341,-0.9165635989492319,0.4635157922804383,-0.19427013966103152,0.6526999300141318,-0.10936783220185509,Bolton West,5
1.635195503820351,1.8598345187391296,1.6214061874289043,2.1413675786795956,0.3000237018104278,0.11073380220610873,-0.8052781424660828,0.6264327697673525,1.2685940172277281,0.5110221919261618,1.3680709393186807,0.5136846099718603,Bootle,1
2.3965030062148545,2.4815627173748047,1.1520027668141295,2.305762416345472,1.0248976760636708,1.2848130495477867,-1.1259397404155311,0.18736107789585313,-0.2464082783775765,-0.08090839160159519,-0.055249043514427346,0.7952275353870084,Boston and Skegness,4
-0.5787467367466896,-1.5498815103157115,0.4915080444511145,0.10003696281008596,0.46500050681076266,0.534819047433685,-0.0652905971773943,0.5836546969394009,0.5202444586336055,-1.032030577341425,-0.29919821071043384,0.961572963172545,Bournemouth East,4
-0.8816314268222089,-1.5641358367099996,1.9382124547940027,-0.7889970164261549,1.1525577178001751,0.8004151278123863,-0.8573849249986731,-0.7855343856513669,-0.7418242049164595,-1.521160707828229,-0.14205392726992894,0.4597115086875881,Bournemouth West,2
-0.03813749600234985,-1.2104843027693744,-0.9144094015041596,0.08927966590587538,0.12711196854139248,-1.1302940371279528,0.275825920964193,0.00873015566728022,-0.35430350249830656,-0.24256234474726476,-0.5331087303574867,1.0849790165604456,Bracknell,4
-5.395469736985837,7.646251317595152,-0.8406101637609418,-2.4509463619236356,-4.597691480198222,1.8062271924135964,0.6000598528537718,-1.686230306680473,0.5368026920196911,-0.6277000616475525,-1.695121339042694,0.6694482736474434,Bradford East,3
-1.6126211476177115,4.372707036150743,-0.23232259897594612,-0.5056985200180817,-1.6576782289010032,0.5244447473382097,0.2770247986532386,-1.9546385860815676,-0.30459934701189145,-0.6154599892133333,-1.243561686800819,0.707152570237781,Bradford South,2
-7.871737593820321,8.877797509587515,-1.1931243933985451,-4.027719206678825,-5.888247231747173,3.3044301232764823,1.1218104580125787,-1.149016857879125,2.847939134729097,-1.0310212496379072,-2.394987377575527,0.5262555529210361,Bradford West,3
2.6214087910931863,-0.03281342769160254,-0.3072180893045054,0.16220798473819564,-0.1267293430249735,-0.12016907135657628,0.08154176313362306,-0.41870295893007864,-0.7968085117711152,-0.325864134436145,-0.29391408339058167,-0.4360219537577066,Braintree,5
-10.232229150810436,0.862699909240577,-1.033463816681183,3.7977272866276395,1.0436370174770842,2.4139714953092692,-1.4340952255459671,-0.6444159486242816,1.8481372797850941,-1.360584004535251,-2.5374136178987006,-3.237902580088206,Brent East,3
-10.680686113964205,2.948796899448248,-4.8933330535780435,-1.2602590962452516,6.865438415309111,1.9729150159490063,-0.06918530569397699,2.636571381956719,2.4693673329128623,-1.2006835525044293,-0.7851484137419213,0.10768027387245088,Brent West,3
-8.049597366901038,0.5521860516450924,-4.240136623141786,-0.06466458147401243,2.965241454027638,0.0185394183100331,-0.8146206903600326,0.026200296799323883,-0.13719824838053,1.1080690200752348,-1.2878947126787705,0.06879143715046893,Brentford and Isleworth,3
1.5508554878300365,-1.2762623540890319,-2.4481033388861277,0.4972002898862152,-0.58946926324757,-0.3542326614125497,-0.3384171851180187,-0.5015064319376827,-0.140890611409987,-0.28859761288041247,0.5452353440083709,-0.5731807193054413,Brentwood and Ongar,5
2.7740775069783044,1.1990007147100976,0.7964711437260136,0.6531565466764598,0.5543093123888228,0.5907355312971757,-0.39077798872214525,-0.19772091500494243,-0.585699413227905,-0.21627704617810858,-0.27579021273341725,0.5419710608779646,Bridgwater,4
3.975145018448498,0.5999104398367726,0.09010559363916269,0.36466523903859865,0.730550726484983,1.5067060135602626,-1.2008053656628723,0.5198450926123779,0.030093788469237496,-0.509601361511159,0.05367108900588103,-0.26364067362824367,Bridlington and The Wolds,6
3.803715407963454,0.6365754922641776,-0.3977903602821234,0.2073747677781144,0.3562156464975217,0.7496835103139005,-1.1497838097986535,-0.849479922611001,-0.6581633671733146,-0.26109005162457816,0.06833240996537514,0.09009105562146247,Brigg and Immingham,6
-1.7861386955435425,-2.191236156430124,3.6612920039162526,-1.197321249042479,1.0783348336964764,0.18180872435257533,0.9257842552863577,1.0364114894569465,0.21313042458105316,-0.7376450618604075,-0.48771778299960183,-0.385552216545821,Brighton Kemptown and Peacehaven,2
-3.7510424982467354,-5.316246111575593,3.591914975507718,-3.2133776917849546,0.9888587248137715,-0.1906273470226246,0.517547001948132,-1.180356606439964,-1.2518491181553224,-1.832791480933339,-0.748916567372918,0.04827783260707776,Brighton Pavilion,2
-6.270548478881934,-6.4893993226692075,4.859131980524528,-4.704602945825412,1.2004600842632434,-0.04376092003325071,-0.4116573693531173,-1.67222317097845,-0.11439358625968649,-1.7317412395765077,0.7675940606829101,0.5659124094950044,Bristol Central,3
-2.2453195034497044,-0.5131164784049562,1.627512731526531,-0.4194370126081169,-0.377293754560416,-1.1051820759007938,0.695056895393119,-0.6370237549397035,-1.0468007250665299,-0.9600474982601598,-1.1034176211844946,-0.5008084464479502,Bristol East,2
-1.217839618037591,0.20767498848513222,1.1105638868984669,-0.4933445076632285,-0.13525578097217905,-0.7711917483294556,0.5565283762117185,-0.274984005373168,-0.5415797937514228,-0.723565372693962,-0.7302275172769483,-0.07518622854393373,Bristol North East,4
-1.1266927128898643,-1.4972944485055255,1.374218021167101,-0.9035322508254554,-0.33750297353803216,-1.1435731139552243,1.2201963136451903,-0.1095649922179177,0.6578587291065147,0.5769431778315824,0.1878187562429974,0.7823026473046601,Bristol North West,2
-0.16502062412475307,-0.36183145469194244,2.1686869600992207,-0.38654313771554744,0.04583533933253474,-1.0749300490432763,1.2525104883027391,-0.9547260522216677,-1.7018290311905817,-0.09041200970550403,-1.1963186868976452,0.09906710296796715,Bristol South,2
3.896271465515861,-0.37979575799140697,-0.777389622829354,-0.17832689563995865,0.14896607371948473,0.6346417749539356,-0.40849445050958566,0.21911606055117638,-0.47990273897990826,-0.6079784757250408,-0.3293161483156566,-0.8537195768262057,Broadland and Fakenham,6
-0.9712533659712144,-2.6137375018046356,-2.4421440199637368,0.10029515259366045,-0.6553388169989897,-1.2211407106759717,0.17050635357992935,0.03468369663650678,0.5274913605264251,-0.36967575187744073,-0.16071478851886342,0.28719022623793383,Bromley and Biggin Hill,2
2.501110562038004,-0.9705760963949756,-1.835871493349903,-0.3208581963433582,-0.5530807238724391,-0.801306757907671,-0.2935517690376704,-0.7084190946817182,0.17815346075256888,0.17891754966551807,0.6239742713579364,-0.44861437596670994,Bromsgrove,5
0.07769617948813755,0.14273892831917148,-1.436558575921549,1.952634812189843,-0.33280083242864894,-0.5375541779457843,-0.2868443004980771,-0.5161278048692558,-0.3130763214808482,-0.9182824055801425,-0.2843429151345317,-0.32400590301124665,Broxbourne,4
0.9245053265463695,-0.8705767378269216,0.2492166202774782,-1.0093504748346656,0.381955559787649,-0.11162861030665781,-0.08181885682490504,-0.9148136148502777,-0.462173683070023,-0.25595839888051686,-0.1449023029864856,0.012800109770913249,Broxtowe,4
-0.2587176896379044,-0.21294999691941716,-1.3749563026507667,0.31756438807816567,-0.5582104526238663,-1.0560341422646375,-0.06658114401628892,-0.45267499098159225,-0.6960988785049442,-0.1778284701741727,-0.11793544650775764,0.37331525033016444,Buckingham and Bletchley,4
-0.35008050778828087,3.899833691212205,0.14021837790450942,-0.519366481899142,-2.015442064013237,1.3473627634520426,-0.5043760026413788,-0.7640257130848961,0.20092967467485176,-0.36465480693723834,-0.31655466979543456,1.0467829636600317,Burnley,4
0.6021053821829535,1.9578375393038214,0.016525036547582337,0.42283726126438786,-0.7322653755402366,0.3698854060362842,-0.40768062739503397,-1.0169060286559892,-0.019003163525655557,-0.23785273298550189,-0.35883273965873896,0.8574730891075577,Burton and Uttoxeter,4
0.4953128682682313,1.5190573777889398,-0.5133587779863269,-0.21696687389445635,-1.6005187948941635,0.4265537124576244,0.21010798967818678,-0.020128052409647417,1.6700678591303095,-0.09496974616269556,0.500002427320867,0.18243311247039667,Bury North,2
-1.4953558392782929,-0.32035623607518726,-1.7089679935625461,2.6707221502825087,-1.0347409164096308,3.8544889339129864,6.05038886046413,-2.253160663024047,-1.4099232663955263,-1.8634530044626716,4.682914185443674,-0.026769397324631773,Bury South,3
2.3287599098434426,-0.6302572191922056,0.05772934169550546,0.09068422505319611,0.131807690713391,0.12338407753096627,-0.11353161449838894,0.32041120795744227,-0.20882355128705538,-0.16894115121876305,-0.3519544517987011,0.23108728074426194,Bury St Edmunds and Stowmarket,5
2.1857920475844526,-1.108271747813218,-0.18990689085689352,-0.7600604125313911,-0.3176772128079602,-0.2223885259655804,-0.04464713788518159,-0.6863221515103717,-0.8370330048317092,-0.38788304472026985,-0.39773959777445145,-0.344572732757298,Calder Valley,5
2.8419465227478775,0.01422549966652917,0.6643049222038498,-0.33204183879932625,0.4411384684609703,0.5047738643696007,0.12981260080009285,-0.06364969148616975,-0.8552640104695932,-0.5888144907342933,-0.7667252313557072,-0.025573928610243393,Camborne and Redruth,6
-6.546735906222012,-5.485206307189774,2.8610780200050283,-1.85262429660242,0.681967150285408,-0.17225893978851467,-0.923669301779228,-1.5881512448294828,-1.2966005820368978,0.10692571739497152,0.7758435995920576,1.6245957459021303,Cambridge,2
2.879244786905825,1.3120364826857955,0.6150222856535422,0.7104895690767203,0.34933719034828514,0.06672531921456032,-0.5374932322578513,-0.8055836876339787,-0.6795291717083464,0.04805250197831004,0.17864457570418682,0.11208863744317527,Cannock Chase,1
-0.8192860857498832,-1.9222167655418263,1.1959615304966777,-1.0342303567409252,0.4785995989654311,0.028572225340457818,-0.6126108170106025,-0.6473942176500299,0.22162618763112185,-0.9832423668264192,0.4434409720525843,0.41803088478051,Canterbury,2
2.682846621919548,0.8802055222970185,0.8611957531529374,0.49891522362718077,0.4773645443400547,0.511449188412428,-0.47345993894258104,0.06571252404702062,0.12384548068452915,0.04719266883573025,0.22528239198958677,0.5135304366664181,Carlisle,1
-2.48318988506027,-0.36791167726444834,-1.712252341941243,0.458598542761448,-0.017836072004519275,-1.4962093942815216,0.7676307290504937,0.9057364371362432,0.8247983783705904,-0.4500584394379079,-0.20262332034625558,0.7233033758299329,Carshalton and Wallington,4
3.64361945612627,0.837388259194859,-0.9905430443182841,0.20726624406937477,0.2109882308628454,0.7970593429107136,0.1817570139938212,-0.08314875825275977,-0.34959641778058886,-0.9055333789443163,-0.14200174323709283,-0.5939747503012025,Castle Point,6
3.481148441622051,-1.319645062613176,-1.0819684270059875,-0.3875637946894666,0.02096531500865551,0.6457773928288454,-0.43671449230230286,0.2977838537141925,-0.640424884085249,-0.73327795818408,-0.6477131284347408,-0.6958948349321402,Central Devon,6
2.74396217089887,-0.40242002783932973,-0.7164142375085003,-0.0762913785436386,-0.11634418540356918,0.038935555686929954,-0.0371934450707999,0.020177613648233103,-0.3269264084565016,-0.3281648760282504,-0.37648598058176647,-0.26611918259271744,Central Suffolk and North Ipswich,5
0.9090515935317197,1.2656814597175727,-0.20108444669324546,0.5345346733500905,0.05508307671709175,-0.8620935912076798,0.2984938013477485,-0.6366116739311868,-0.8956068367728449,-0.3397026080754464,-0.37628873807199126,0.20842274938674418,Chatham and Aylesford,4
0.5775350937849052,-1.5785742912340939,-2.8581249261332125,-1.1937899777651377,-1.633223011654713,0.1080855969651644,0.48920833316565693,-0.5372133739097923,1.3067276423252259,0.17628651256428365,0.41553358173021243,-0.3805470524644534,Cheadle,2
-0.0077293559067883166,-1.1174097353771653,-0.6862219292513492,-0.35105424511628497,-0.22608489216844269,-0.944868101463396,0.5294088688678058,0.19479577452882899,0.23037707908961827,-0.1275511257433852,-0.009950668834923754,0.5886811782240232,Chelmsford,4
-7.652657162448592,-6.86260606981044,-0.2503509238041474,3.1037904008813384,-0.37655330698315703,2.8761313643876094,-1.1054105833616434,0.4852707220551491,1.4040352568402896,5.591617497714712,-1.9146308780895391,1.5819797779787526,Chelsea and Fulham,3
0.382325909660742,-2.4063895675419085,-0.05637722893721185,-0.9209838573418566,-0.17626107453152456,-0.24325634125450687,0.006539457637273054,-0.18511749235077007,-0.08940384536213357,-0.15251361624699014,-0.09186224652597819,0.5573810532468415,Cheltenham,4
-0.15165103816910036,-2.093823538053128,-3.6669054680054627,-0.7340174618077615,-0.4394004879748808,-0.7777998859049273,0.2601816741729317,-0.33505613403109086,0.288896473983279,1.0263301112303858,0.09653551089391366,0.2739490722876263,Chesham and Amersham,2
1.2173171802436196,-1.3989294781921895,0.6613994527326024,-0.5657608011677621,0.10302602104357082,0.1379659254450243,-0.6098917020940033,0.06437567077354617,0.5209660690155633,0.23532199123591538,0.6699794761789988,-0.02127123799770133,Chester North and Neston,5
2.7942739082438313,-1.9715315923906347,-1.742355455643087,-0.32906171959048913,-0.8812756979114338,-0.20142985794387266,-0.5894274722212821,0.031705679746575975,1.0344530837995074,0.43118589656040573,0.9454681302166574,-0.2110853647431724,Chester South and Eddisbury,5
2.352835015803303,0.8273902416296681,1.3796649937373133,0.2691264872608289,0.3213509734825191,-0.04592861422711461,0.3812714142700411,0.5024599749208891,0.23110749244747344,0.555706214170771,0.12495506303660907,-0.03565903788707665,Chesterfield,1
2.410387665878164,-1.2556247201850512,-0.19374905645372256,-0.06513879371628409,0.17623348811280334,0.6304282400723119,-0.5713087446863495,0.7398355283021558,0.301663619688161,-0.17696141670378968,0.07626093421787412,-0.2376094698380718,Chichester,6
-3.4215576943101254,-0.5690465702065848,-2.5955731590454936,1.3418178230180589,-1.0648048304783393,-0.631690628791519,-0.036338246867800225,-0.2747995874747332,-0.2967582821199962,-1.1869129639070823,-0.06875641394491523,-0.8426659347750646,Chingford and Woodford Green,2
2.4710878110759675,-1.0787078870640197,-0.19916655752236845,-0.4406306077718613,0.015473494154118587,0.11449621856025344,-0.32568400485926674,0.007453546477504566,-0.3909920767650982,-0.23399403946474512,-0.39578243429557947,0.5078171286203521,Chippenham,5
-5.0878219925750185,-2.925004911072993,-3.7837915035618526,2.137962211819978,0.17133471763063862,2.2200415110669973,3.776343208415666,0.16232630020201136,0.22473384932905674,-1.076382388568259,2.3504473620106543,0.4518288084982059,Chipping Barnet,3
2.5160294994932015,-0.19057021667093743,-0.6688799270736137,0.47948988653170277,-0.551024562113994,-0.28782788724565145,-0.8599827313714637,-0.49952658712358167,0.7177349745077279,0.2560582574515718,1.0550008062343215,0.11508469664683617,Chorley,5
4.329646055230769,-1.065230365228903,-1.5102309987775946,-0.08522384292579722,0.20508584356862458,1.14608084093795,-1.1223854238241366,0.6609946973492649,-0.1288043149587435,-0.7171727219577705,0.06196902942283203,-1.4021671438899574,Christchurch,6
-11.807220731896686,-9.37030069598284,-0.4110248151947149,2.8824503397292314,1.1979709980295021,6.987493359600891,-2.0434812840343803,-0.8802201184145027,-0.0810718875072295,6.71942129557125,-2.9359466317319654,1.2862144996796185,Cities of London and Westminster,3
0.2033748376436807,-1.0295905989916312,2.838665024968529,-1.5387652531113625,0.8233377826857516,0.3428146210639071,-0.7836076704294492,-0.3931227103155339,1.5772829628040066,0.07047793804431123,2.090078161277777,0.4431645346260398,City of Durham,2
3.811733642812835,1.5751857016166757,0.21036431812774029,0.7288475172823805,0.9821860850747728,1.6317099399361852,-0.7640596603094041,0.4086124064037657,-0.29969208226113475,-0.8300216453433702,-0.3204066609578995,-0.38376496098699714,Clacton,6
-6.8331137786378635,-4.712121975622757,2.42968498760378,1.7374206747812206,-0.6414455163400453,-2.4586180105423083,-0.3534386118482462,0.6123689677172377,-0.09886226247290125,0.0237745723820157,-0.30242606582839554,-1.2623343665798983,Clapham and Brixton Hill,3
-1.0394995976138195,-0.8458689079669026,0.9790243726302915,-0.25132153692159126,0.3181274397372857,-0.642026810690623,0.49823296453882987,0.2832390359062503,0.2588339278871466,-0.7285594560896117,-0.45325408306069964,1.826238362916394,Colchester,4
1.8225652158372492,-0.6504906261787006,-0.5418790029510863,-1.0477806619526064,-0.7325872281385916,-0.4517599624076569,0.7484685459606537,0.07073553787566912,0.806350966040058,0.006065569582416951,-0.1454252391374545,0.033878247239749505,Colne Valley,5
3.1518056763834643,-1.3101727087276598,-1.4674744301861633,-0.25990926644975537,-0.7045558527748024,-0.3831837181140201,-0.426022755849515,-0.3895684141232268,0.27058977750938007,0.10919037207372778,0.5873387473181559,-0.3705067118866622,Congleton,5
1.6356086037675877,0.982236011269923,0.3083573287392981,1.275596397478618,0.06244857634159807,-0.3940194718613498,-0.22457300668482957,-1.0466276231349916,-1.133490423281587,-0.045985270648794326,-0.3915183551209655,1.035580908503561,Corby and East Northamptonshire,4
-3.664486072246043,4.2851695539311185,-0.45723491298685226,0.9385348426828155,0.9324588708629092,-1.1619132833456811,0.22470524290862812,-0.3218290504620349,0.38961130672718863,0.8102339436786261,0.2647082050407995,0.28388270950544664,Coventry East,2
-1.460417492603617,1.5767864678599202,-0.9286838805251412,0.08468589632355937,0.9220972416929012,-0.5825956591819815,-0.5244239983549664,-1.1773916111518878,-0.11522503770314321,-0.030633477457523803,0.2095036673186531,0.03209272488085019,Coventry North West,4
-5.241255450703653,0.1804022899197117,0.11978943543356298,-1.941071207236966,2.0352468024196617,-0.7669805025065293,-1.2552068718792013,-1.4302117284951197,0.032864498913754085,0.05992476607193037,1.7728908671268875,0.1882918788053636,Coventry South,2
2.927400779539008,0.15334522218411198,0.6111466118172786,-0.19134226702553245,0.019766273085529508,-0.13394825745795672,0.15503169158441102,0.054652151632179125,-0.11606270727856777,0.4737076583040589,0.18653636572988622,-0.3223890866799696,Cramlington and Killingworth,1
-1.98759970557697,1.516126434865318,-0.6977988200137523,0.6777804279385679,0.31285917721766043,-0.5294910186457175,0.25644467266734855,-0.40276514693225196,-0.6479061859006499,-0.20897144190973144,-0.9729294339126257,0.42790493363916005,Crawley,4
1.4876287937325217,0.5038500782109684,0.37859042029225676,0.896825744091327,0.17499907273416537,-0.056395310038584494,-0.6021827203649841,-0.6775774833808487,-0.3790455831959826,-0.08278288400331246,0.15053416179658738,0.8861658536572604,Crewe and Nantwich,4
-3.5795378947430234,-0.02371763196241088,-1.5514953812963905,2.1227338026200164,-0.5205410273068004,-2.1776865063340756,-0.3519431358544283,0.3464000601618412,0.4802581311509815,-1.086179444743181,-0.21304642440937457,-0.7175936474030185,Croydon East,2
-2.8454514623707627,-2.0571348058810615,-3.7750913324876354,0.006213134055420665,-0.271952201944076,-1.698734993343909,-0.20576750491034948,0.014323206299961772,0.4953836891824285,-0.862878087349298,-0.14873194761546715,0.08787916554410799,Croydon South,2
-7.699037261182894,1.15844285238697,-1.0524539275871772,2.3928574771623663,0.08543715889034018,-2.4169195746749863,-0.28578948955242767,1.726322211431891,1.7287560747498496,-2.302220664897696,-0.23725243273665056,0.03830964333082068,Croydon West,3
-3.3794807951452563,2.9618476512548826,-1.176435103687836,1.8026490886378754,-1.250667274799134,-1.4077994866739147,-0.6881647878047797,0.6018222934739265,-0.7429503737874994,-0.7217278043116779,0.5082308940874364,-0.26667043116598355,Dagenham and Rainham,2
1.8957400177076151,0.9510269683154906,1.2003464417810268,0.38984914342319843,0.38101363301670954,0.33740204232363047,-0.17006618275993113,0.6083802461883635,0.6127150329010478,0.2918370635852592,0.3072817658015167,0.8873042299026183,Darlington,1
-1.2886147606078235,0.28316577204019466,-1.604011056726664,0.6748268671066662,0.024362482011832613,-1.9128308180194016,0.33195198918498026,-0.04457592642329448,-0.05950962259218539,-0.5255700175784189,-0.011576431824283554,0.8340013837105823,Dartford,4
2.423424758383106,-0.990605498450245,-1.0994648990733134,0.031041144259444705,-0.33971072020937654,-0.3491247002628697,-0.29006261865241223,-0.4275139011161686,-0.4803366450997778,-0.14334001004140093,-0.12549069686060935,-0.11146468118005246,Daventry,5
-1.17206486900345,0.9719658256222705,1.1186681102506373,-0.7768336073692548,0.4774762783739554,-0.8099096892530792,0.9050708903365733,0.05684087035221673,0.870300665368702,0.7226121383682726,0.12414679315816374,0.4854062203412839,Derby North,2
-3.793653656074844,4.432301975808499,-0.10700225177522352,0.07482057149325057,-0.22578302073602483,-0.3889264606867811,0.07728963638982728,-1.892490530101869,-0.4641804368687524,0.420293779050851,-0.818294912847163,0.005756035537336169,Derby South,2
3.270530013647221,-1.245914653503913,-1.033172122434409,-0.27318304012063377,-0.28964851828250227,0.09141688068616471,-0.4044446345536527,0.43690160045638304,0.5249257392018739,0.11758565083065811,0.47949953070929235,-0.8864919962907473,Derbyshire Dales,5
-3.9036782905589726,6.838354444315823,-1.4575690458029182,-2.591164623069561,-2.3374736256276063,1.5826361364742139,0.7738797342457541,-1.415716162957458,0.6379416207625417,-0.2802036368708351,-1.3349000712996275,0.25622855982139586,Dewsbury and Batley,3
1.2655582733241946,-1.6618344729083852,-0.8113417877528263,-0.354593692430334,-0.7753244364963586,-0.9945236000755062,0.7342700115297147,-0.10118666936561427,0.1765408483268432,0.5259068864250483,-0.11754275796801308,0.7373412018922363,Didcot and Wantage,5
0.4414990290566638,1.9712541094363976,1.0557650434510055,1.370762287226632,0.5043765572031318,0.4022928516879878,-0.30278822272216305,-0.06738527783096113,0.21663381564240228,-0.048125334035409244,-0.1668640189296507,1.0757274101261967,Doncaster Central,4
3.274596562096732,1.2021715406445186,0.03357598179957855,0.558690712593868,0.22274838177675482,0.43248331014522184,-0.6185930615816417,-0.2996846320465167,0.07264933355210648,-0.020544569345628372,0.26892248526407125,0.4007836940072504,Doncaster East and the Isle of Axholme,6
2.636484480256968,2.1193839434206168,1.3866899936470276,1.0259133411269024,0.5476572398210867,0.25867024365331487,-0.24213104866665305,-0.7074906776635966,-0.7533193943798642,0.12869785577018966,-0.11302216747131764,0.7737802403678502,Doncaster North,1
1.7884543939997681,-2.203723028225251,-2.1578466969999264,-0.13516616024305333,-0.8232237316564346,-0.2597430294532717,-0.14373061998333875,-0.21229092039824807,-0.19052820715039354,0.11936744863380608,-0.1802634539393836,-0.41118980898117924,Dorking and Horley,5
2.5529960156688336,0.33978036394312544,0.41754007891908107,0.34907868071876763,0.5365187490170118,0.4977147999582873,-0.2193725259768505,0.5441720135903892,-0.0748398261725384,-0.5533432328601108,-0.37797190705422073,0.5662427946588975,Dover and Deal,6
2.827883186278406,-0.31513159164985455,-0.698812738855038,0.8059420570255965,-0.1540776903795756,0.16111441395655932,-0.7454251548455472,0.015776076483034113,0.05544940523696671,0.30959608905422037,0.3998528131966078,-0.4032050041600743,Droitwich and Evesham,5
-0.04093107535128068,3.6533222138448775,1.1539841437892526,0.8974283947611263,-0.0844682022392661,-0.804224862875978,1.1931920233851832,0.8744285251580858,1.81491794609596,1.0088149501936827,0.38412923400110927,0.40581939590063904,Dudley,2
-6.361907410593804,-3.2654444900131834,1.5766141675056202,2.2248829429665626,-1.1733572516960946,-3.2773669136578203,0.8705914109382605,1.4567534690680402,1.156866022625955,0.15875373309181506,-0.362733239592743,-0.6259823811811162,Dulwich and West Norwood,3
0.8214123543476181,-0.12755056732145414,-0.9047590590599287,0.7340098085446191,-0.42525548765086935,-1.0317954700082508,0.2248035404310535,-0.6935329057367595,-0.6440813117557803,-0.46729731181932077,-0.38894445055128357,0.32025355136236555,Dunstable and Leighton Buzzard,4
-9.357175285364471,-4.268817591492704,-0.4522359332933444,2.0647905904037045,0.733947229308122,2.097192849826418,-1.5213672285125432,-0.7191035213875626,1.674211988917688,0.5504392518762726,-2.617601426264203,-1.2738317843195714,Ealing Central and Acton,3
-8.465378433942648,0.6746926984412288,-3.0864194677722168,2.1368662127251,2.2407575079347435,1.2767603318317977,-1.452119984695517,-0.08588360853904124,1.491592957748248,-1.0669865562466936,-2.2551482662653677,-1.6951961166172707,Ealing North,3
-9.338272242734375,4.5561326550612105,-4.655835609644125,-2.2563040758174306,5.349943504263915,-1.6578298790680563,-0.2725406654555576,-0.5040238468559676,-0.16443526631620103,2.4890586865590643,0.6209286307744863,-2.2301475602798106,Ealing Southall,3
-2.8670322584991212,-0.9959457396396361,-2.5157429058988208,-1.4219756336534504,0.49147044361857756,-0.9674080191165283,-0.006723650028926803,-1.1330968731677165,-0.2056140053677942,-0.1436030585185742,-0.2993675995085448,1.0407751455651664,Earley and Woodley,2
2.867395480399338,2.4693479606668958,1.8973773946707004,1.232334028096005,0.6314122447621112,0.45986692891977965,-0.7303184065141607,-0.44161995725993164,-0.04987060902563331,0.610859387458114,0.7389991579959835,0.5919589629887574,Easington,1
2.4124766734444982,-1.8733316948074101,-1.8175169401163238,-0.4101288285838495,-0.7476304030765301,-0.28055279599576366,0.13574301106800646,-0.08691471341617237,-0.13641260860376012,-0.19704827605962622,-0.21369444674260796,-0.33056002473474333,East Grinstead and Uckfield,5
-10.377308424036453,6.51794790335547,-2.3261232955026214,-2.671709109480881,-2.225969887945728,1.458997542269329,-1.4692863639976912,3.9274691600843443,-2.2793292621435604,-0.04202926997581436,1.3482445166503751,0.378046392666887,East Ham,3
3.0173032976852463,-2.089718429959079,-1.5673002597328336,-0.450546659286509,-0.6085501087801347,0.03565750025116013,-0.5137213227169567,-0.04379307690588596,-0.13344231891823122,0.04700991275263543,0.038090246674489285,-0.3545285385439066,East Hampshire,5
1.3900598877292332,-1.768884625691361,-2.1772216744539246,0.048671579444974085,-1.0039469452647005,-0.9864465566817753,-0.03688091698513418,-0.5646553532045174,-0.15958299127055384,-0.30578556606699364,-0.03604257582888132,-0.23587560250014233,East Surrey,5
1.3336855012336635,0.5513150132861361,1.0743159244839975,0.4305974097215577,0.5246763633115615,0.5148751477893866,0.3020570237772862,0.6638627946973467,0.058641143061879446,-0.735538902090387,-0.6195836371290203,0.7282920039143251,East Thanet,4
1.9293216116343561,-0.9737395252524483,-0.3282957664291601,0.15062183803906665,0.0921166054272667,0.12612842085918058,-0.43094014522504825,1.121603918515524,0.7034443018492645,-0.6122270970837796,-0.23524407988161963,1.5236158971116995,East Wiltshire,4
2.1122991754073084,-0.7902157640125647,-0.37559527015546523,-0.38372229236462185,0.00577166848377004,0.10453802842379123,0.285976441142162,-0.06137933020772433,-0.8037352998367541,-0.8456458848390405,-0.7185436681610767,-0.3376489385423424,East Worthing and Shoreham,4
0.9808349627579751,-0.5692242032128757,0.7596866230387,0.20015092366906748,0.5377097185717373,0.7447447358175168,0.03153171261829799,1.0723090888492854,0.34444122408612265,-0.6179957189233242,-0.5686157659703557,0.3258779995270046,Eastbourne,4
1.7271155802339844,-0.8950368556618296,-0.8783133451426866,-0.7477341437601095,-0.03467030222740833,-0.6754483088295727,0.29803008116291585,-0.2077289716501862,-0.15438775268902327,0.025153823369210827,-0.04122398981728157,0.1502381533222354,Eastleigh,5
-6.557640763874172,1.794838152981799,-1.3085665093947634,4.01248177623788,-0.5894764418992365,-0.16680863002667717,-0.42911919186599773,1.0445310624750812,0.9932412496985079,-1.6101419900411051,-0.4439872269480952,-1.1298996629788056,Edmonton and Winchmore Hill,3
2.477372048659351,0.7898592696809331,0.5593442311337781,0.6731957196117951,0.13265081070141063,-0.09945354521373125,-0.7164229065937132,-0.8757547266096244,-0.49492518324684687,0.12712528452851476,0.3939352832286046,0.6690021303680928,Ellesmere Port and Bromborough,1
-2.745834526538907,-1.4005222075386041,-0.5540750499972266,1.3499662170348554,-0.26620939859816983,-1.7694705153858838,-0.028579231000297824,0.19525476957305343,0.012781142561966866,-0.44846386447151326,0.08651729633654887,0.14527265841013542,Eltham and Chislehurst,4
1.6693519869099986,-1.3586443862740947,-0.8061553890890734,0.12335104215060022,-0.3924626648513972,-0.35097698492212714,0.0174237610240541,-0.3843195977496687,-0.5715270921791149,0.07810763684424091,-0.35895216093956256,0.21806571067234776,Ely and East Cambridgeshire,5
-5.725737099406015,1.114744512559195,-1.0674271847677874,3.8582671105861213,-1.0696295032794698,-0.5350363694802067,-0.3613664959271084,0.1557483690203687,0.3233087385444964,-0.7687340480554297,-0.605200800495147,-0.20276934596163304,Enfield North,2
-0.4683819183959132,-0.7963452144293016,-2.493440935020679,1.039309034243424,-0.1948616470349599,0.19459666952565738,1.1389164753438192,-0.6060865401693275,-0.7247774350631654,-0.5535919534623341,1.0202867943800453,-0.8492339533857938,Epping Forest,2
-0.6772502473178574,-2.443645902372691,-2.451924766594054,-0.33962360082456655,-0.7276906582883674,-0.6359509726239186,0.18075798429258874,-0.09584978566599672,0.8365418624531304,0.1757720634389384,-0.022810966427081247,0.5744057551600755,Epsom and Ewell,2
2.4675559146605286,0.7936782440820846,1.1125952111484079,-0.280241859293365,0.5625595863581555,0.0253391297549961,0.39834437495262676,-0.6475397147059869,-1.069984014004231,-0.09815120294296581,-0.6834043805439832,0.21723936515069273,Erewash,1
-6.181003157558529,0.6803648175992679,0.11662394254276827,3.427500209391386,0.9206728698363815,-3.2580511111953196,-0.9252675594243152,1.647540434447677,0.22308986823486732,-2.464221231397098,-0.3730612830111997,1.0454082049387237,Erith and Thamesmead,3
-0.6058379936807103,-3.508428440384567,-3.0783758034807924,0.2244787012300443,-1.395916044269332,-0.7080298535178667,0.1377535535507823,-0.932756356847786,0.1599031601542607,1.4168101426578699,-0.25823189500377364,1.1067833517128378,Esher and Walton,2
-1.4829734768316358,-2.0808295182299217,3.914790050169525,-2.4765231565890997,1.3131916600995193,0.6791537499314452,-0.3500822530150892,-0.4671161045036336,0.6701407026150743,-0.570826099259472,0.9884804009318381,0.4914909334291697,Exeter,2
2.922647121042475,-1.080831051622378,-0.40043149211654067,-0.6313703953683311,-0.2160382906706548,0.20395117257816012,0.19156257060615425,0.5821783266281934,0.27961610717448127,-0.11226680743903894,-0.2201049263134283,0.09054852091077979,Exmouth and Exeter East,5
3.6558442164926,-0.7288449300093739,-0.360794651984547,-0.7133004471148267,0.13955465808892498,0.6041958370259699,-0.18734070265469094,0.5694298537401293,0.006850644352741321,-0.28783102518654713,-0.3685316425426559,0.03594962123498448,Fareham and Waterlooville,6
1.8164757685620634,-2.3039514899306766,-1.6841542587481988,-0.38565588508833665,-1.0408888757006058,-0.4180552988678092,-0.1941286057425043,-0.6084394722805636,-0.17581801350318635,0.3526050656257879,0.005737122392523915,0.188199100048417,Farnham and Bordon,5
2.2849035089944607,-0.09202278882870459,-0.7116765063860371,0.47667450816639656,-0.33262884346722427,-0.4577323490171251,0.15806395406475118,-0.2896987627825123,-0.5300930114561542,-0.14430019572548308,-0.353446473225241,0.16306716875669355,Faversham and Mid Kent,5
-8.099491328676573,4.1995255466613255,-4.008246940728587,-0.3745231796020588,4.8389995005881525,-1.1086376546468906,-0.873248006074744,0.14661820090169167,-0.7598378416193042,0.45373330788218275,-0.6602704072405302,-0.07378854793198938,Feltham and Heston,3
-0.5783055786200223,-1.611560360365004,0.04230813090210594,-1.4741553526478848,0.11260081189254059,-0.7765905685675112,0.44380297279376746,-0.6576439653990555,0.27184198126232584,-0.3144017552235269,0.10460059612938272,0.9145239690385734,Filton and Bradley Stoke,2
-8.388399246972234,-4.932005186311455,-4.402411382691847,4.769457774089487,0.5166473158062201,7.367175779138592,7.098701270997001,-2.168451879083174,-2.55238722274141,-0.9345878298327054,3.5641790361103203,0.595126426330955,Finchley and Golders Green,3
1.8295075227667028,-0.3111419465509341,0.07097789785201121,0.2778701710123514,1.1044087489979237,0.8812796413366036,-0.47193241642059897,1.2472285517645179,-0.08920072951440218,-1.2633223225250023,-0.8987330759065038,1.1004748693586375,Folkestone and Hythe,4
3.636656511880098,-0.10756450386258226,-0.44539433624289637,-0.013353454557799627,0.13773599455976693,0.4917001576790925,-0.5116530802110215,0.004277275174280059,-0.3302962372984235,-0.36889088271864745,-0.06126074130553849,-0.5855417732659242,Forest of Dean,6
2.7635366846600236,-0.5696578070971264,-0.3893725532977177,-0.2598928308801258,-0.13256631507712754,-0.03613606301739622,0.1568430523018193,-0.49282549528383385,-0.8166441007397978,-0.2610593857905852,-0.5391930962661742,0.09395692959390481,Frome and East Somerset,5
3.4117800365619333,-1.4414737220716831,-1.6195858745697422,0.17984068868791553,-0.08060270415175297,0.9347891780312624,-1.6288071704392526,0.2860776189146764,0.5413622673942919,-0.5522050697157195,0.7574407366372685,-0.5819630324382548,Fylde,6
3.5827276470126574,0.03286965682601386,-0.40494216006176037,0.10898368188013186,0.2250751847928741,0.733069714073723,-0.9549827922965477,0.13851974347019264,0.1779678441906115,-0.35859477150530644,0.22877360753412232,0.09665026050145616,Gainsborough,6
0.4575703393694748,0.5411833329885877,1.6975003062226452,0.9963878633947896,0.2609871521084235,0.7592241501005342,0.9384967632057988,-0.38826424691517863,-0.02077610330364759,0.2430743085663737,1.3179193500811104,0.053529251952256045,Gateshead Central and Whickham,2
1.6013940127055166,-0.26026239257866624,-0.29682775634939457,-0.5545147876546552,-0.10169587159587946,-0.5540703897662059,0.6439854352862034,-0.2500257617242403,-0.2622431576438956,-0.3592999156641753,-0.6525325748904792,-0.16899640190136955,Gedling,5
0.7944051393504173,0.9632902744430505,-0.021994067206539562,-0.01682300596107066,0.16081009833531223,-0.5010162446007426,0.6505626845107427,0.4876687908457356,0.643420775231102,-0.5080207379603718,-0.14850743902537208,0.6861913562330639,Gillingham and Rainham,4
3.4353813436573186,-0.8438847650632872,-0.7282848188087883,-0.022371352876967593,0.15214763186961636,0.7124532006943881,-0.780049034582604,0.4098763150625907,-0.3030022826394395,-0.5502223600165717,-0.23375162514395412,-0.3877363417614865,Glastonbury and Somerton,6
0.16607507533379956,1.0252811598261224,0.8771437952151053,0.3285018834345915,0.1596466575065213,-0.36670940217026415,0.22086602163823887,0.217116175055751,0.4610427778765424,-0.4226314536784873,-0.044073742019843355,0.9843438989217169,Gloucester,4
1.7697053734054262,-2.4134889305543745,-1.9653627808277945,-0.06929879255476766,-1.0920174405734742,-0.5965582893007143,-0.04713017509224312,-0.25453167686524386,0.21184785249060747,0.43680311840283254,0.10001706205531523,0.34305233031211496,Godalming and Ash,5
3.224595803126025,-0.3284723745312746,-0.847366541875906,0.08139073425045983,-0.11679035206399982,0.34574136071592504,-0.756679620647777,-0.3014145199249677,0.1670505117552037,-0.12241553960960938,0.37496667924295574,0.17201802285487297,Goole and Pocklington,5
-4.4692685601046165,4.1945999643100365,0.491144620960627,0.07094799961751623,-2.798192586520531,0.7441513003737174,-0.4262798539623072,-1.019499927450866,0.2868418426445174,-0.7544055081016563,-0.9560414378758583,-0.33353574177108597,Gorton and Denton,2
3.6948751764013785,-0.03805704171470541,0.8110691129013115,-0.5757449995549477,0.6497203721819235,0.9633534739249042,-0.5828196958280207,0.7297930057084989,-0.17416776357307728,-0.7338088540385774,-0.5724235353640998,0.852526711977626,Gosport,6
3.0115088064863835,0.13289635537686728,-0.35757336502839404,0.5116034185362919,0.24905966354896722,0.568565508696308,-0.9653675237720426,0.05593091655653779,-0.026269124604402033,-0.39601827575845205,0.1265270513317603,0.5729062235838263,Grantham and Bourne,6
-0.7628725862598636,2.2550182317438177,-1.5413309355540723,0.6174972778392401,1.3917824389710642,-1.7985659682294362,-0.09302697491942663,-0.6524941687026781,-0.5095473796288462,0.8753562828353217,0.6130788623300741,-0.6106685780433674,Gravesham,2
1.8745704776888188,2.620230611737237,2.610074364098881,0.6820968768616491,0.9794917300365865,0.729047833821306,0.19156970201998913,-0.6242848113363241,-0.8026389002181704,0.025744331748053025,-0.6641799039065228,1.692475737404587,Great Grimsby and Cleethorpes,4
2.5040076167804344,2.0916257274776466,1.680126289989879,0.9304844074248327,0.9671089301763793,0.8540467056568408,0.10529345745893802,0.48906032845129044,-0.185307612452724,-0.12179644150740446,-0.44111230917147337,0.44836741206696373,Great Yarmouth,4
-7.766317882932511,-3.7841100322036536,1.4059187951888037,1.287479135812121,0.41600220418903217,-2.8095035467171363,-0.07280287328355463,1.5039384245726866,0.3640935966118465,-0.7948502699062371,-0.30952568001930425,1.3460679378289921,Greenwich and Woolwich,3
-1.8184911413661944,-3.539009335402947,0.06968204825497633,-1.1984483899101148,0.0038027106142522896,-0.06775124738755761,-0.46088143310850377,-0.5920442392384142,0.7855971593719423,0.45874931058154095,0.673739946124685,1.0720179102580867,Guildford,2
-8.179234956427548,-1.7366447119292219,0.7716670437632336,3.867801565225844,-0.8049724895927881,0.9417730297464907,5.542172727214604,-0.6801166814163614,-2.5446207885760765,-1.9377696198001984,2.6731129073309376,-1.2650744671800036,Hackney North and Stoke Newington,3
-8.886729113227158,-3.5918766596649396,3.007559468185969,2.3446491405219136,-0.3020078610965654,-2.130241024860738,-0.3116573934967389,0.6290479809088978,-1.7641653551858296,-0.6780262615357435,-0.6631867568487119,-1.8675138431101335,Hackney South and Shoreditch,3
0.3051293412105057,2.0065999625167734,-0.2745193328182511,0.5184059351511965,-0.17321856258033408,0.2327450792060468,-0.2801758616599434,-1.3700077478624946,0.1433040911381401,0.320978196247175,-0.49565040800753263,-1.1268355241608938,Halesowen,4
-0.4035650591085771,3.0007297494267595,0.1981700174637857,-0.9758255133782682,-1.6019276288472621,0.8129719021149445,0.6188284501209661,-0.6686402384007373,0.39623915546193056,-0.35916640059017185,-1.0217823368827526,0.5869686053318599,Halifax,4
2.728511905665114,-1.6892913906571934,-1.3588962152098942,-0.8454928543572899,-0.5870045625682951,-0.40416953069438233,-0.1980400714794165,-0.6818261368808802,-0.4579155088900282,-0.2211811788846455,-0.1454309003067911,0.2841386660790151,Hamble Valley,5
-7.772916078905106,-5.297524852736222,0.22530676623493326,2.032570457908237,-0.07836654402313849,0.5860139956269903,-1.3048877271412689,-0.6223600499522992,0.09365785921306582,0.9523385673417571,-1.498057258458584,-0.5560831155609082,Hammersmith and Chiswick,3
-8.856679017176205,-7.133913172140172,-0.8347421632883105,2.402618965552692,-0.5133692079732567,3.5680385594833335,2.4794041154778164,0.34066983667466166,-0.7771981176549558,3.4922400681162746,-0.2975525736620225,1.5983493324311822,Hampstead and Highgate,3
-0.48420888303289106,0.7988386862549942,-3.192106777968133,-1.9278573585176773,1.8294355870085763,-0.5578280223801371,0.25938231349968116,-0.339820710832452,-0.022632056192422225,0.7051203730997977,0.24605027275116814,-0.4564780471164828,"Harborough, Oadby and Wigston",2
0.034245246267953416,1.0438126975960003,0.49917255941443517,1.4813220171401673,-0.3481381539911264,-1.0047614857063571,0.6718188144883098,-0.191698998531309,-0.6965263665343678,-0.07232052921429574,-0.33863337081209843,-0.014357827754818463,Harlow,4
0.9718945770889532,-3.3722018017105824,-2.872777786588578,-0.22505881549787107,-1.6733368733425003,-1.1126191340544012,0.3818237949654004,-0.9894372734060487,0.06800815679195488,1.1136366795704224,0.19718846571809048,0.6919337300897159,Harpenden and Berkhamsted,2
2.1173819978794546,-1.7582461063856618,-1.0522834235663105,-0.2557676046707442,-0.5633926698927761,-0.10880242539318949,-0.36773958073497753,-0.018699603343555776,0.5330205812559621,0.03858017757869855,0.4719866777623633,0.28493493324700114,Harrogate and Knaresborough,5
-8.259957765701245,1.5488639202358985,-7.524362619681288,-0.781403769154999,5.8536964021264515,2.9923693548673485,1.7670443643173899,2.3711233580182722,1.0023818669293003,-0.9166964800399086,0.0045970005595470246,-0.12975849065864825,Harrow East,3
-9.18389956605514,0.5886615571272561,-6.213085769708177,-0.8269403099969658,4.516895816036963,1.1199652060215646,-0.559418030120674,1.1477708576640064,0.5464041030105289,-1.1445454344391548,-1.4761549592484842,0.9916887195280502,Harrow West,3
2.2076193142892673,2.0202232656501096,1.931934298746605,0.8266328443888555,0.30215673990534214,0.16049908549557113,-0.14387108363534198,-0.1704899069316113,0.3781052675303886,0.7879141868084494,0.6604305460770435,0.7179143622809686,Hartlepool,1
2.6800115990701663,-0.5125693947713187,-0.4056985309455153,-0.3015729999417855,0.20257501716465073,0.3954728862329321,-0.5370577584520351,-0.4995392382979955,-0.6720458589651115,-0.8214521282512669,-0.2591933507185667,-0.3444728031072168,Harwich and North Essex,6
1.1506809305867272,-0.4114373120565898,1.1203860537167614,-0.02054956165245233,0.6330230665031127,0.5662164884237268,0.5842582346111719,0.9327580321975617,-0.44916869265363846,-0.8312151415847453,-1.1993134094063957,0.04781402749038358,Hastings and Rye,4
3.14773475811618,0.49592716615996185,0.6335958016522113,0.036573816458552275,0.28296359730030995,0.2023039826522035,0.1691934917014353,0.2679563067566857,-0.586283150434434,0.02736546097230367,-0.45911545326656683,-0.18892953519493835,Havant,1
-8.686200126494633,5.083821973110499,-4.653993585893613,-1.1507359523839598,5.0160973405152305,-1.4971841963208778,-1.000101710568375,-1.124084549908968,-1.2414963760693436,1.120851936601172,-0.021762571553457198,-1.437855382356051,Hayes and Harlington,3
2.753137298565069,-0.7689793144498888,-1.1365944704242683,-0.22596496187673087,-0.5509068238831731,-0.30532523413302787,-0.1515757227227888,-0.521366109649051,-0.1781202301724057,-0.14461217162014456,0.1450799838044007,-0.5511843870198306,Hazel Grove,5
-0.4589840988079914,0.40083035002658834,0.700723594805149,0.47128087531317275,-0.5532379543430941,-1.1962852804236386,2.507215163975567,2.554259457343155,2.463045941483061,0.9028776931905744,0.16779134107855292,0.6412725918027241,Hemel Hempstead,3
-9.09773819954121,-2.2823989096768327,-2.8824421529081823,3.7850523968089065,1.1317127097818445,4.644593836833997,4.472996282155296,-0.4151112736663557,-0.5026703612418157,-2.28890789242139,2.9640938686633866,0.19156047479056731,Hendon,3
2.109095205095089,-2.6452074683421225,-2.084153821722955,-0.20755136466958754,-0.9036176870912986,-0.2410410375058527,-0.3577056820366572,-0.22569944026962013,0.004998660708971238,0.32121793047121816,0.00282030317366093,-0.136739167770721,Henley and Thame,5
2.648835640929284,0.171754647106266,0.22166323693414441,0.6700104175746082,0.3275549994098383,0.6040458427459414,-0.5230353876216698,0.7255056488413932,0.3679801432079784,-0.09910365564153736,0.07025243892569917,0.22145464426141573,Hereford and South Herefordshire,6
3.198432559763346,-0.24581081310130357,-0.6439329911857694,0.12472492286821607,0.42452232982828825,0.9542280377015775,-0.7463648836541595,0.15348112122084018,-0.3347768205680297,-0.769958871237699,-0.2611016428373029,-0.39102990985857705,Herne Bay and Sandwich,6
0.6968884131235024,-2.0034820068987194,-1.2622801271688062,0.0024608852262970903,-0.9465332925359579,-1.001120625667268,0.49269906893393994,-0.4611171074944572,-0.1600516947428198,0.12358597015600527,-0.12244813833851723,0.3440691812325431,Hertford and Stortford,5
-2.261387164902013,-2.2287684121901594,-3.837791117300977,3.4040372152900082,0.13065676589246975,3.944469653856329,6.019483881518085,-1.473031464864658,-2.422731152405137,-2.0525831423728285,4.699298177855051,-0.6324568300134366,Hertsmere,3
3.226506046011359,-1.2159720187120204,-1.0937899242002558,-0.252747915295304,-0.21758264850495798,0.23289982562423475,-0.7734568827949554,0.3965862105310255,0.49062219796211204,0.13837234863146974,0.6145082890091335,-0.7975715421779229,Hexham,5
0.33261936078446114,2.4634696613971037,-0.042565051332721926,0.9662099553085299,-1.318521407912218,-0.06408721860559055,-0.4506099925524782,-1.1607746007709767,0.04752500510744363,-0.20947589504175906,0.06945652241595811,0.1960486207033124,Heywood and Middleton North,4
2.8279379331536743,-0.9111366069064567,-0.15936981135894737,-0.41079076038790113,-0.1411981983446609,-0.15938736036646098,-0.06678072929929957,-0.23790687595247667,-0.2818506109243802,-0.03421081927470142,-0.03306671316028518,-0.11920778889524962,High Peak,5
2.8053839565148593,-0.008432577411692021,-0.6506064249341115,-0.06154603701562201,0.09998253963378494,-0.06386582265965252,-0.36420117952217007,-0.645956942191347,-0.47778615038501937,-0.10375975158155172,0.05221318410631112,-0.20188084104513337,Hinckley and Bosworth,5
0.6742454037499979,-1.574599980515176,-1.230294149785417,-0.5573172022284311,-0.7147863039810741,-1.5273529645865211,1.0281391877845072,-0.12770504563972004,0.021890672052485967,0.5195604487203899,-0.1961884753363484,0.18027781005825003,Hitchin,2
-9.971015026484494,-3.846283144139677,3.9737872450974496,-0.6031378215807418,-0.5570414169813687,0.347729498528163,-1.3639758121788723,0.808103129320347,-2.344412219338749,-0.06950537808735119,1.747544264653691,-1.1730511193131428,Holborn and St Pancras,3
4.022508682468061,-1.0903081233170162,-1.1611512109489919,-0.19948078259020316,0.2219090329703666,1.0922431358448954,-0.7695648339337037,0.8594422857623186,-0.1920000984609364,-0.6152024500629169,-0.3776432883882183,-1.0110633978266426,Honiton and Sidmouth,6
0.2523607029893945,0.3763366833939549,-1.938451565811761,0.9707933363716029,-0.23034365137421156,-0.8573118273611009,-0.09505378646211873,0.1369439982063981,0.21359441228413673,-0.2066967262457579,0.3983637347172538,-0.4359761539758118,Hornchurch and Upminster,4
-5.8212195017525765,-5.078201152418514,-0.8891666681085479,1.1629542962415254,-0.596235193654388,-0.2277209182253507,1.8457138876813997,-0.4845382666187605,-1.1648760968802712,-0.6543675006643254,-0.525021020661434,0.27341376541145673,Hornsey and Friern Barnet,2
1.691735386772688,-1.9577731248469423,-1.4292265216048081,-0.4194055956801068,-0.76228092156673,-0.6556476624539876,0.21293389764031004,-0.3094406695110208,-0.22288222247089182,-0.05605048074190024,-0.23938263814239993,0.12536239072999228,Horsham,5
2.8990280878275674,1.9274977631490011,1.3977510778445423,1.2934674198304275,0.2768696475757818,-0.07748570534662784,-0.5048440020902482,-0.5212613998356154,-0.4927936633589912,0.8290232980121435,0.5979281147875745,-0.305384409560539,Houghton and Sunderland South,1
-2.267895732388244,-4.045636049434263,1.060035178751385,-0.9500194559365273,0.26957228371627345,0.29971365482991846,0.8225632554325557,-0.2520292713751126,-0.979255831630098,-1.2647501913813823,-1.2444792333993777,-0.41263375752127385,Hove and Portslade,2
-3.468137281193363,3.0016204142401977,0.35439655198187425,-0.8639863330225122,-1.5555869754931793,0.2609617320497984,0.20831472611190016,-1.3259932136401031,0.9380976473707557,-0.5193771386344748,-1.0341640717582175,-0.3337587751547633,Huddersfield,2
1.6890473863848003,-1.0003538599870723,-0.42190212595751503,-0.229179156689436,-0.3880781937718405,-0.2715961224185442,0.3340042775740419,0.5995502021607794,0.43465005473983204,-0.021985930145676638,-0.24691650587536365,0.5877267205173679,Huntingdon,5
0.5136370151584659,2.9834104770933765,-0.1532008464481484,-0.27798947708186317,-1.5374009990471034,1.1587208708465924,-0.8470992989391363,-1.0662787479343288,0.21417598818250985,-0.4596747695977278,-0.03113490445860393,0.6677930883597698,Hyndburn,4
-7.999556258448682,3.073647042432713,-6.031589153224525,-2.548297047605799,0.26759647916061774,1.324567408118734,0.40914839403576925,1.4528445242973413,-1.7652577518451866,-0.6888182430875855,1.2955126291744876,-0.5257822389364816,Ilford North,3
-9.828460815002245,5.962164305891913,-4.558657713456633,-3.3914026489173312,-0.9967300769685516,0.5051500592691907,-0.4465233803468983,2.2367439253311856,-0.8110071095999893,0.2658760866472589,0.6552878819959231,-0.13838539086402096,Ilford South,3
-0.8313404530552909,0.8111825358099035,1.4529428337852288,1.0102772165324228,0.15884870596970296,-0.5068934692135568,0.5325255029672895,0.2654603341925053,-0.5169182741434234,-0.033653670441947475,-0.6847564900538043,1.0522756397519328,Ipswich,4
3.705206772862005,-0.230222285027717,-0.12036051639613876,0.07382657436578821,0.8489787814929411,1.5668637576398623,-1.0290838236159763,0.5900597182324641,-0.7357421091748352,-0.8256424740574224,-0.6532980614888191,-0.8338713684713981,Isle of Wight East,6
3.3250662783937783,-0.204830725385837,0.4064408813923171,-0.34493609817016796,0.4707671621764926,0.9152647334738472,0.19467447636904886,1.386080205503751,0.4694041248284967,-0.23215728374393818,-0.40076206530701025,-0.16229529776372337,Isle of Wight West,6
-7.785786569521034,-4.217574224394407,2.5341262993179536,1.5699167309818174,-0.7118587403997355,-1.2787063086559396,0.6449766948316111,0.5879148484085612,-0.6950765613297367,0.5468312677159497,-0.5803841587319937,-1.1474344644817946,Islington North,2
-8.315336859382365,-4.824093692117503,3.066322757982956,1.150050822437198,-0.2020142146313365,-0.9726414738426353,-0.7125854993354281,-0.48505586630942865,-1.7351890371099756,0.5239912887620756,-0.05412173096396293,-1.3909556656069446,Islington South and Finsbury,3
2.1661530613534326,2.0066997677297596,2.0419962455436225,1.4871189865387655,0.28083123508266405,-0.15786734250716,-0.4742886349983361,-0.5707428602190807,-0.48935601881022817,1.0892044454626222,0.5516767554334217,-0.28395933041980864,Jarrow and Gateshead East,1
0.51601602732197,1.79467014906092,-0.7954526338644172,-1.4833634690623247,-2.0550971133269567,0.8621197002216434,0.20565607898943508,-0.14989039534943271,0.5230855320906953,-0.3113542937329221,-0.4163989980560225,0.21269125653095775,Keighley and Ilkley,2
1.9864601353265976,-2.3389637122162674,-2.0345135445912668,-0.7354882882795952,-0.6516105664290027,-0.6186448622486304,-0.6022075340306037,-0.8715653258764626,0.041464612090214015,0.3415583354880207,0.7037526687644587,-0.37699499016456206,Kenilworth and Southam,5
-10.52790317350492,-8.12397456212415,-0.7505535892118838,4.279786183700993,0.2603649233176794,5.271342300097905,-2.1889784993294366,-0.921649765522472,0.29901181022465456,6.332319726922626,-3.3876686299162486,0.9490335650929342,Kensington and Bayswater,3
1.3303756822727173,0.6673888785621578,0.13825755908363108,0.32525248050225514,0.24424887666953338,-0.4667528232674947,0.497367084449134,0.15433817676518907,0.13670566697894376,0.004684536810467585,-0.21122394983239826,0.8162718452796547,Kettering,4
-4.264673881913535,-3.0436706766493917,-1.405047793575313,-0.4549573847090068,0.28783517588899815,-0.140780240703275,-0.299979526533197,-0.6053118291678853,0.48048505247856926,-0.40503317902614033,-0.5154571801366438,0.6267216530406665,Kingston and Surbiton,2
1.742460400862684,3.1003646238308558,3.1362300439212225,1.1809837233638738,0.7248259361946828,-0.11253472531472077,0.653435785088588,-1.1233195383810595,-1.9139547106437182,0.6749128943557938,-0.9155375542762724,1.0226189580075935,Kingston upon Hull East,1
-0.38883479164493123,1.4067022907848217,3.2505333714480074,0.35268828070082653,0.4939355768328275,0.20320963949120072,0.6924453640880796,0.30136875352360865,0.5790242801975806,0.36806028221918785,-0.08136073572251157,1.2293278233229812,Kingston upon Hull North and Cottingham,4
1.2547356425432652,1.2113764729074026,1.5651254572895508,0.782161817857907,0.5343039817120225,0.5093251566451563,-0.22979350728672399,-0.6460994612396644,-0.8610080925707151,0.011973530748754612,-0.6149531182031092,0.3316579724718896,Kingston upon Hull West and Haltemprice,4
3.3803126332734306,-0.12118598324814266,-1.7091179761896425,0.2070251149256012,0.020915846752335893,-0.04853435022352613,-0.9326974258755073,-0.02672695571067351,0.6349011562209784,0.18451594854165815,0.9490284136858493,-1.0550341504844454,Kingswinford and South Staffordshire,5
2.0406999475416385,2.59783493193153,1.1754041268734339,2.6223035218287682,0.06611179823503625,-0.13706128921050859,-1.2681724862609105,-0.6112448500074193,0.48165539941942687,0.6188132074138545,1.5022898916704375,0.4714480029027717,Knowsley,1
0.4904811797780684,-1.2966349760960214,1.4594011841740178,-1.41006932097804,0.5315533931624975,0.44536190503522116,-1.027935276816256,-0.5344738184323965,1.0879818262124514,-0.5382872815778507,1.5870518564827707,0.37388286396224923,Lancaster and Wyre,2
-7.33019929661995,-3.1167091630651065,6.787705243640229,-4.356965800070883,1.9815292607696797,1.2008768934374356,-1.2407456838000048,-2.5129388681598726,1.148219125027899,-1.66966933054332,2.038773892511576,-0.5604571022259671,Leeds Central and Headingley,3
-1.1676741150312833,2.830459879745329,0.48568626273396276,0.8666711179571195,-1.0723172468509832,-0.5385649612192343,-0.06137804549896631,-0.6861294788096521,-0.43456268418314753,-0.11595979137367989,-0.08580982741779276,-0.0036141956520015046,Leeds East,4
-3.736459862756427,-0.6013236289054128,-2.0318012918931707,-0.8558527051105624,-0.7542647141530332,-0.5123090953249455,2.1709097183958757,-0.6342638538880071,0.41573932642259226,0.0011845190878292371,1.2233094361717178,-0.9485575164158953,Leeds North East,2
1.6142947578222557,-1.8618005208434896,-1.5017298982223508,-0.8302327008254049,-0.7264790613195966,-0.6927758969683766,0.07616084598122427,-0.8860862892125483,0.19108225175332463,0.24248611990530755,0.391228292815278,-0.5989604892882894,Leeds North West,5
-3.879611557325315,2.6340397319179374,2.9041348233422317,1.828732249642465,-0.34259736196448637,-0.9643076204446646,0.051698776064673956,-0.36262956287314946,-0.1440309577428337,-0.3561363908006186,-0.23056325847437065,0.47732354648759323,Leeds South,2
1.5173588344799231,0.1890026360495736,0.14990944215707114,-0.2261319417272776,0.16989934841060245,-0.4673488110872133,0.10725346650559668,-1.1291734439475187,-1.1081894915117987,-0.22319740116661188,-0.27820748379445953,-0.2112361286889022,Leeds South West and Morley,4
-0.2805243928004034,0.9537103881499119,0.9597299621221974,-0.04295648398035041,-0.0167695944443518,-0.6707103590456012,0.5407044261453406,-0.885083216304118,-0.7354608791624804,0.12728308640892294,-0.5456935152001768,-0.09724791907808725,Leeds West and Pudsey,4
-9.352635054810472,9.624863712216072,-7.089587159968743,-4.837296469843395,10.163597821129898,-0.2555700580618351,1.5828456914253413,1.569018726734269,-0.878706574551781,1.0537201853665783,0.4873037188856297,0.71935488431658,Leicester East,3
-8.633102303532933,4.462641381477365,-0.2294443267441012,-3.484613520306921,2.752813310110855,0.396877866390226,0.15068848759319065,0.25947380202732634,0.0796286024560476,0.2950397499601256,0.926960433392348,0.021341687975311743,Leicester South,3
-4.62795636421742,3.5561055029390514,1.1286007364830821,0.7114345681879503,2.3467862521281284,-1.113867820438185,0.581136384902076,-0.23464211853069195,-0.18926870940958798,0.043412230313007796,-0.12459051042628486,0.9590770034137742,Leicester West,2
1.9801113040015252,1.1135928995271058,0.3678719142006064,1.3098703119403552,-0.02373840904720152,-0.056338201637493465,-0.9744143758332068,-0.6806822015793326,0.1240191587168769,-0.06051329802589199,0.7486542503480662,0.349774506279154,Leigh and Atherton,1
2.6572263212422507,-1.6996930479724521,-0.5154271214532754,-0.7494026686984986,0.05622330427534062,0.4615457755383879,0.4876812032295791,1.0425023064360377,0.1521571944161384,-0.39608489973288014,-0.6375213256038801,-0.45975201167062063,Lewes,6
-5.67288744654844,-0.877782003728695,0.35583359946965304,3.135356217588629,-0.6138310038429956,-3.1726206483998904,-0.12787887605868373,1.072386345824871,0.8586389161265754,-1.5258793076079071,-0.18311714310644436,-0.5175338225745215,Lewisham East,3
-8.126629566720327,-4.032010103274899,2.699270818126582,1.8223127129500305,0.024755567300039975,-3.248463820292467,-0.25927228299650856,1.2232535217511515,0.23521174268982487,-1.7796498006616719,-0.29464815883264395,0.0233101095306841,Lewisham North,3
-4.909458382536016,-3.792784845441465,0.2902594477050293,1.1546593366751177,-1.3990650597148164,-3.372500415297737,0.852174496490406,0.08059273637736954,-0.17855512455239514,-0.5819019543025629,-0.7544533141013008,-0.3185838395504048,Lewisham West and East Dulwich,3
-6.649177355736438,-0.5488003256039261,-1.0814128554330593,0.4502351996723312,-1.608540443118202,-0.454866276693058,0.2965902778557754,0.8974638792874781,0.5216089189774032,-1.073873925202925,-0.8037216154858184,-0.2948758616927167,Leyton and Wanstead,2
2.9970837048937105,-0.6322524501886253,-0.9689055821807324,-0.004983091915829719,-0.40460410904749866,-0.3099386487749691,-0.5240788800429579,-0.39730604548427423,0.1342084026467089,0.2294965477697097,0.6159739442105594,-0.3621971831026838,Lichfield,5
0.16160008393932856,-0.01767398867314201,3.663279055980764,-0.9589102045037398,1.0529297695854167,0.5028965435563572,-0.05270645447718638,0.07453830279023715,0.42211845109433455,-0.37745746505023897,0.44939790178844,1.0597255055680592,Lincoln,2
1.0769126120932628,0.2549760377345687,0.04983719497548172,1.4614163593682736,-0.3123560696572196,-0.32433319503275954,-0.9207488464748136,-0.7199290723316774,0.6521651055420968,0.44980974003644836,1.730631932080984,0.1405103223866141,Liverpool Garston,2
-6.434758441071768,-0.5516147210905521,5.991631910780826,0.35632453026883865,1.8418845380775692,1.5641989037993278,-2.222557720312817,-1.5109147019100482,1.675780431861788,-0.23213206470003936,1.5080974356884742,-1.0580486985175948,Liverpool Riverside,3
0.9362807481617835,2.4823474171807467,1.8797007292963095,2.514783337833389,0.3659103544857586,0.016617156822407497,-0.8830303543611363,0.47768476434244195,1.7505954907032562,0.5712271743162023,1.7511005656583711,1.0226626555979734,Liverpool Walton,2
-3.7242685893539442,-1.257976327039155,2.504541724864214,-0.0678577904418648,0.5625888890830166,0.9473495913646562,-1.478444051404561,-1.3676761132907536,1.3563807038655342,-0.8245168560583068,1.0924244283389868,-0.5667171247669368,Liverpool Wavertree,2
0.6171102057899152,1.7815447570424354,1.5731978483004716,1.917723207020106,0.22248139754191426,0.24279912329396416,-0.4741457852000624,1.1857866285891723,2.955710560784279,0.6456899585353102,1.8607864908125011,0.8652400364566811,Liverpool West Derby,2
-1.0108111205565133,-0.6297121109912459,1.0001840192803826,-2.1728499468867493,1.0184053488950058,0.10984757813355596,-0.7287495755486475,-0.8330859216501358,-0.35072676533134006,-0.3897000891643088,1.1713663043958977,0.4218830693722221,Loughborough,2
4.338947835546061,0.6325128185425769,-0.12509163805988757,0.37140293450748396,0.756930861095983,1.5717359726156834,-1.3089180838466563,0.5194849961265848,-0.19214658932733886,-0.6574127710810249,-0.05220421117784254,-0.5937398167800625,Louth and Horncastle,6
3.227824921867293,1.3268698136613661,1.2933457398788855,0.18546894769812394,0.8483028089937165,0.8776774761251667,-0.020266073870958707,0.08434666808526342,-0.7478229596805569,-0.2565628242216869,-0.6189803126543705,0.13392529979116127,Lowestoft,4
-4.929024059100364,4.916275680327523,-2.107090434108073,-0.987535387147805,-3.1570891314979193,0.3763827000693915,0.2712621970143767,1.363037490273642,1.2602384149894377,-0.49045652665368406,-0.1469317729720757,0.2075631521847168,Luton North,3
-5.789179794765088,3.880467433147929,-1.107488654934283,-0.202525814710952,-2.468971400702473,1.22609501853979,-1.4932928890028179,0.08500458855108267,-1.6036617055869273,-0.9730546288846997,-0.43916333106366673,0.5025258991008741,Luton South and South Bedfordshire,3
2.443785954212248,-1.8197774425743645,-1.2312353823243172,-0.35657481663548607,-0.5710809530432936,-0.2958928924142778,-0.15745734824425653,0.12870763020710863,0.47705295994951313,0.24225156163543413,0.37621648875931224,-0.3449529422161291,Macclesfield,5
-0.8305231714055347,-1.8647592880877493,-3.3331839966318597,-0.5260326085313026,-0.5197458183627478,-0.42656720343720295,-0.2998377746099089,-0.8133768426036074,0.021742602572546083,0.8271227994477625,-0.22464549879159867,0.4282484192160259,Maidenhead,2
0.34162185918673527,-0.5924752401489896,-0.4286118098820334,0.37633789390146966,0.16013130435757247,-0.525338633393794,0.33918548064407583,0.8437439896682167,0.3994905843601168,-0.6082398185534621,-0.4751660988731227,1.481093573621772,Maidstone and Malling,4
3.0753319625153424,1.3305959019923708,-0.019318028824720793,1.2148345761095254,7.497174543718663e-05,0.1843763789849554,-1.1543510301688844,-0.3174286112806208,1.057513655324874,0.22914325233854757,1.3742709453755322,0.4753171717894348,Makerfield,1
3.443571920521194,-0.45559199257230865,-1.2647253862884584,-0.11948027576395379,-0.2577683280157091,0.11170386324135283,-0.13944417182505592,-0.16911845964230987,-0.3714517348415054,-0.4310184717682226,-0.04254533211316342,-0.9270932134100468,Maldon,5
-7.360822221010716,-1.5197238890087348,3.896011971567973,-0.8050810780244879,0.35459253367883065,0.5892711720364708,-1.7718713102245571,-1.9670491538166772,0.5018211823615484,-1.571312776203074,0.4169241454837306,-0.34068295117191827,Manchester Central,3
-11.650511532089133,0.47327139805399027,5.3749597048218885,-2.0145635452915935,-0.3536068675555312,1.6445446132042065,-0.9316628540748969,-1.2132026721651636,2.6932334908643414,-1.0139262911013136,0.053712188671005336,-1.899340286441401,Manchester Rusholme,3
-5.344952854049338,-3.258027453801438,1.8498719928792726,-2.7644053633948373,-0.7377319883004886,0.38294310801056947,0.3598890761029205,-1.2948543033317017,1.076715999543708,-0.4765619280914139,-0.41071020775767386,-0.6766634785972618,Manchester Withington,2
2.108374298502482,1.8666281644472513,1.4001194615634283,0.9272891958042347,0.6300854703108371,0.28814685363070197,0.04221493724391957,-0.42308682884677107,-0.7793767210005236,0.13571895067593817,-0.4519440430823858,0.8663914329518265,Mansfield,1
3.283390509799694,-1.1229441803334763,-0.6763670491265719,-0.2408085686057805,-0.14175752626840238,0.1823283311639901,-0.38056600110904276,0.29115222594633683,-0.19962473231778563,-0.08268817732532448,-0.24954532621775716,-0.16337600250203047,Melksham and Devizes,5
2.065817021481926,0.4261189404527201,-1.6409211565026924,-0.6404674567071882,1.238653358461481,0.09170181965466932,-0.2605962678377959,-0.23731373865940303,-0.48406483578654663,-0.07276506430187651,-0.0042877532691807715,0.02132731259099261,Melton and Syston,4
0.8502946461525303,0.14565837668377632,-1.552713111666431,0.18806837416697708,-0.3381802137690188,-0.9411192272820784,-0.3909786768664477,-1.196670212582867,-0.18457315737232552,0.4816634662968145,0.5117790339288606,-0.26101562911670745,Meriden and Solihull East,5
1.3867581584886657,-1.3672488340265625,-1.8548318906343637,-0.37629750145479574,-0.7824156899419481,-1.243363678169823,0.1884302256592449,-0.9931339132785976,-0.3452694911615007,0.006544917544219754,0.07183722213107091,-0.09600171437196406,Mid Bedfordshire,5
1.5763939056925682,-2.507877933050179,-2.7118229308624238,-0.1467283778982315,-1.0067645145504494,-0.5050417412282479,0.016084144669817817,-0.19875225458304036,0.2447612447402607,0.5400163049262747,-0.22341787928500598,0.46441788029267345,Mid Buckinghamshire,5
2.3364667199603097,0.24464682368354543,0.26666456225870355,0.37070807612421613,-0.177113913786566,-0.3637269272334237,-0.22610392567808327,-0.489643146417824,0.17741074203190293,0.3378870795677414,0.5815976598147089,0.5032260127860205,Mid Cheshire,5
2.952296771410258,-1.147327884042339,-1.0801584494428813,-0.7232334773209737,-0.33253981225287405,-0.2672020630740548,-0.29598023600328005,-0.6553953326737407,-0.09387277200517015,-0.046704082046002564,0.26405169036819975,-0.27727931306282794,Mid Derbyshire,5
3.6500252304365315,-0.9457323440519034,-1.1312660304708966,-0.4846956461847759,-0.1793602786271549,0.31882431625533714,-0.35536897564989145,0.04527720217531507,-0.20363585613592752,-0.41746329702583423,-0.09329021831768546,-0.3655663430526132,Mid Dorset and North Poole,5
0.8533507311013624,0.5165820798398699,-2.6011511520941943,-1.4814311409446559,1.642300955817467,-0.7835955435728555,0.729456158318516,0.2234427374354761,0.27379917732218584,0.4502369406473693,0.19882691547473597,-0.10335327460073755,Mid Leicestershire,2
3.646428936532483,0.3619585184847448,-0.20850759568273725,0.330724246464828,0.425097979438436,0.8969018009991909,-0.6328548007371934,0.22673946778326043,-0.5219280409401524,-0.6203838656396745,-0.37084525031149335,-0.2965140667211648,Mid Norfolk,6
1.457749613941473,-2.1174794165077166,-1.671088222191647,-0.5646531131151236,-0.8842459132333622,-0.8907384343866455,0.44623899782453486,-0.2309723797764752,-0.06292483957216441,0.10116541047298265,-0.11411291365406995,0.2963641486680245,Mid Sussex,5
-1.7166514086967672,3.457230012278135,2.400346039682278,0.370191186601705,-0.1258328058427382,0.6655629184502524,0.20666106565505976,-0.4864558040388133,1.1076128052110985,0.22654749601145516,-0.1933808794961477,0.875426583777963,Middlesbrough and Thornaby East,4
2.9555145098547877,1.3126235121432868,0.749322744454716,0.5768663821248547,0.12182353155954229,0.1824803324856532,-0.46090687247131956,-0.29182884452515917,0.2899946655156654,0.5481619429324679,0.5721798074925196,0.2940503990930201,Middlesbrough South and East Cleveland,1
-3.7514174903643176,-0.06507173702515906,-0.8393631224158427,0.6942622410592681,0.20929866164586025,-1.669281909140637,0.10794277350593268,-0.23195062028295035,-0.3015056160615098,-0.37048758242913227,-0.36056692224479003,0.928332448558952,Milton Keynes Central,4
-0.39475643606531263,-0.48545221774931085,-1.2672250307232003,0.05292571876855196,-0.5163268257790877,-0.8063169860146336,0.3500175327742275,-0.6556165138703104,-0.7051167886812075,-0.004441348845586388,-0.8359642509009197,0.30853894046074076,Milton Keynes North,4
-5.271202936470267,0.07235757242277771,-1.8190350262679449,1.624135224714138,0.008209337652075741,-0.8361100871408507,-0.7114135895439516,0.7863243098198739,0.38676157578007436,-1.8551012017276955,-0.7644270415272251,-0.0830025990602584,Mitcham and Morden,2
3.4163427859007873,-0.34328385663850824,-0.8301886914328301,0.09606875511307562,0.15164146905311346,0.8061977976518918,-1.2651061654460745,-0.21973557409957753,0.170436338281512,-0.6513489287429993,0.43872037757434157,0.0375892008504689,Morecambe and Lunesdale,6
3.5806054666203857,-0.5789457618771545,-0.6642203821481337,-0.23891925007648948,0.011110943934545734,0.4263464043410992,-0.30755104489452456,0.1294774029216037,-0.2323962609311067,-0.12949286295613643,-0.2019300106240593,-0.32670765309058836,New Forest East,6
4.010854772367938,-1.3522190095510433,-1.4750861716651271,-0.1027531962797642,0.13465677440922205,1.136261909329598,-1.13648972661551,0.6831948444788842,-0.03919519914623264,-0.46554365562245864,0.004003107245178416,-1.2888281125911127,New Forest West,6
2.783674211483969,-0.528741139967873,-0.46172738172089983,0.0916359869436094,-0.13175269254560693,0.13885826470943724,-0.5273148218522138,-0.1812231201104019,0.048482358136703714,-0.0991506775291705,0.24145785043163184,-0.007372994045596606,Newark,5
1.3592246055679986,-1.2094227496111751,-0.8516799248190587,0.10368961215742312,-0.27837763383819664,-0.2276694466591831,-0.1388001465210301,-0.4911989559141788,-0.59062514991765,0.49778806571799616,-0.2758710315685617,0.4183099249726167,Newbury,5
-3.6772054467848942,1.8478751133612643,3.3145614089697735,-0.5490442882646133,0.013142047690096437,0.935504849107898,-0.9170282196540327,-0.3457681432510008,0.12266304710154106,0.3098945737940844,1.0903053370964426,-0.09774119452288595,Newcastle upon Tyne Central and West,2
-0.7235142112073677,0.36188435359439813,3.675460485406174,-0.33680648498840376,0.915750464079136,-0.047024035389889814,-0.23919163241032532,-0.648295958777617,-0.44164687025790045,0.2969261654557014,0.5338209025102152,-0.2987185532431436,Newcastle upon Tyne East and Wallsend,2
-1.1396675301974488,-1.9693456339750544,1.8014805014852673,-2.3011488693395417,0.11148841404990399,-0.11588043943656183,0.4981383448157612,0.09340005338501928,2.004200681864621,0.4381263387754771,1.3149380411566696,0.321129513457773,Newcastle upon Tyne North,2
1.3931434334639634,0.41781213645844145,1.0297908072699775,-0.10051690417293267,0.5222485352681144,0.0658558378623024,-0.836779839018693,-0.8503110378578266,-0.2827075235324786,-0.14944813180403976,0.6575184158218949,0.050386407880365754,Newcastle-under-Lyme,1
3.5947298780504267,-0.6530054631988271,-0.18056111743028758,-0.5207196332538239,0.3359839382850434,0.7863785369835047,-0.25104413928082037,0.6630306361941704,-0.1627043403569465,-0.562558445811058,-0.45685645799887514,-0.35456481995228156,Newton Abbot,6
2.8401241620498117,1.4452452308742916,1.4001960857040008,0.7921508554875936,0.3606958898950619,0.2064119567475203,-0.6243154886286819,-0.48928981142349043,-0.1794963573096793,0.5676697261241533,0.5850233729171268,0.38023746352567106,Newton Aycliffe and Spennymoor,1
2.597405521496333,2.2961097880206642,1.4719297585815916,1.428132226486008,0.4060337323400663,0.04894702853131008,-0.3259104805830933,-0.8936034213425172,-0.8555602860298364,0.568228710345449,0.11332438696174262,0.4693427463363149,Normanton and Hemsworth,1
1.575163348156653,-1.226702238192196,-1.5503826912520846,-0.23856848282837326,-0.6360782730055883,-1.0424441219279321,0.24200581610231767,-0.48335677150215384,-0.36077180067238396,-0.10689089742340725,-0.14471602707455197,-0.1737888113897361,North Bedfordshire,5
3.5291566984953824,0.06316348148520126,-0.10649978538032069,0.16798921280536364,0.4386768848294093,0.9571993480506121,-0.2966740277307065,0.7371163909762117,-0.41737260002074217,-0.7481793924887857,-0.635295112803682,-0.6319564720071527,North Cornwall,6
2.8537131011978385,-1.8261327374028749,-1.632508340761511,-0.03660479173550458,-0.571799589045632,-0.004574884146480133,-0.64280292884483,-0.03978213656767892,-0.17325194905683416,-0.15643638313910535,0.014816912846875415,-0.3563576519681264,North Cotswolds,5
3.4137789992538696,-0.024560220178954324,0.028956140080884925,-0.22004028881986365,0.430800838181455,0.8765205548704778,-0.04053491067463918,0.8814335820024639,-0.07442722910193314,-0.6652083658354625,-0.5610428310415033,-0.27540808386082016,North Devon,6
3.6875318552536256,-0.8798875543688587,-1.0672841683155525,0.00044754384854834737,0.147289579122393,0.8225649954938137,-0.8336237224218225,0.680474797889226,-0.05049176089962703,-0.6129443178485572,-0.20418896208061713,-0.22459377349264845,North Dorset,6
2.91890971931828,0.965513896688904,1.0192016527624737,0.4785973633805601,0.3615066930955755,0.2855234710283299,-0.5969555534975006,-0.29595849985682476,-0.09508107486251541,0.4146829204483292,0.5176870893859243,-0.012002085567117767,North Durham,1
2.7527193679828037,1.715980626505763,0.6780704654064242,1.3441945991666338,0.7308296684006852,0.9246356036566064,-0.5787940781310437,-0.06426735107235278,-0.5181527655662801,-0.376238262400967,-0.32450316594022655,0.5562311350865162,North East Cambridgeshire,4
3.3634248737309718,0.5300061002099324,0.23810479924213718,0.28192684617322783,0.004017428650829513,-0.05316227541867838,0.08010392969723926,0.1270532162487834,0.017572366177700513,0.4953999093436471,0.2537335755933624,-0.5941429510699129,North East Derbyshire,1
1.9774021123883183,-2.7689945899529165,-2.2967516687936023,-0.7795778358740675,-0.9479352333313473,-0.8083234298931445,-0.2868046860667494,-0.7614285782402507,-0.2465008860825257,-0.014884593518262717,0.051081521812674245,0.25813566082254985,North East Hampshire,5
1.3873834294930751,-1.257872986941099,-1.083949384773518,-0.013672499172582476,-0.3795749591812392,-1.1116472638107404,0.2957942759899077,-0.5206863807703018,-0.7275346376128096,0.3240143246131836,-0.0937607318863157,-0.539647378594893,North East Hertfordshire,5
2.897742715232078,-1.0412219146187227,-0.6537759572851335,-0.7713317072866837,-0.36035226267823267,-0.25203051638694485,0.3012645505043076,-0.367232812921474,-0.3087478798852484,-0.11208519141998456,-0.16683273303125207,-0.4741577611793671,North East Somerset and Hanham,5
3.7287280549570374,-1.024802712584322,-1.3431752420154965,0.2741152731572161,0.1747759527431763,1.0213030990484353,-1.4057460758929838,0.44905194299834067,-0.25162567825576276,-0.7761931409177617,-0.0068232853563124874,-0.9054921112135839,North Herefordshire,6
4.308242081578386,-0.2009680891448558,-0.358389321668455,0.2648168959752106,0.8123727857281119,1.5846744274813211,-1.1643149748982076,1.0418373146524023,-0.35157016480171127,-0.7645389754883345,-0.28592948924767303,-1.392846918158007,North Norfolk,6
3.7073920869457835,-0.28560346891960703,0.0769801708280826,0.2747705180662778,0.3428081866283226,0.9038585808048508,-1.0138723981626694,1.0123918618421892,0.5948775116914357,0.15288887434123982,0.5410303946469105,-0.6514788063615864,North Northumberland,6
3.460827684092437,0.03200351198611666,-0.5081897465231358,0.47640775354984904,0.11408180488849229,0.6317584765991979,-1.0991524913476538,0.018182064488460898,0.008737883854326053,-0.2801198923276752,0.38439959960449444,-0.21835117119613376,North Shropshire,6
2.9820738325360265,-2.030971043839008,-1.5660219713652637,-0.8797738874134983,-0.6927909496716632,-0.21097083895973168,0.015871753181571097,-0.19010346736278974,0.010779616502099819,-0.060209917892808294,-0.0993949621340019,-0.2054252758857452,North Somerset,5
2.3695650854286017,1.5719639639482441,-0.5030428199014797,0.6730884739145844,0.7927168995329237,-0.15291079354790832,-0.8210377391328236,-1.19546927530688,-0.9559082510922634,0.14571302547629247,0.2358239986845239,-0.2549246106551111,North Warwickshire and Bedworth,1
0.4060320924602359,0.18739985023874473,-0.6150310960325618,0.8661015050805332,-0.2187791170527681,-0.659643901457334,-0.07258262261028159,-0.7594943154699645,-0.5096579065756982,-0.37866199007802176,-0.4540072775210568,1.0769158511942596,North West Cambridgeshire,4
1.801049955717729,-1.461784845676735,-1.374678009526798,-0.039029032138863544,-0.8278089566917788,-0.749653923209134,0.5500490499973782,0.050695044063282124,0.23159928931464482,0.16137161898414315,0.025951802849105664,0.1689742045214073,North West Essex,5
1.5303100938664878,-0.8460197596429918,-0.17866024458588375,-0.07355438144314533,-0.23851275970812566,-0.806730940935641,0.6009199873065308,0.6751899184921878,0.40488861512442526,0.18878272386232647,-0.18525739996732155,0.934620287268294,North West Hampshire,4
2.6301157236743578,0.11456594171256126,-0.0807819801670191,0.022227196785556312,0.0030331224795353373,-0.2951328815362848,-0.2587893377811374,-1.1265612663371318,-0.8552122440129635,0.06894076859114051,-0.0010771756650089228,-0.029905581055125,North West Leicestershire,5
2.8515109214156227,1.1422658897151468,0.5370350886755242,1.0381168011395407,0.7731658892087103,0.9631698785320962,-0.5224719814280221,0.8178128636007517,0.20702159177081078,-0.10352672495639721,-0.06024489304659298,0.14079515530543305,North West Norfolk,6
-1.8581088479289274,1.4323081847647763,0.8096197539674259,1.6836713943966146,0.05857033160083328,-0.4363716942113063,-0.6778109985339191,-0.05119745114039402,-1.1543591980199268,-0.7523025305352808,-0.19022693074224897,0.7302919192100015,Northampton North,4
-0.29786815344676565,0.21186138913677394,-0.7986265636640353,0.6175876497316172,-0.10105998910957714,-1.003009171153969,0.04484686579433406,-0.19569650889369838,0.009562892609869231,-0.6702152163767922,-0.018869902933186154,0.8556264642705901,Northampton South,4
1.7151970658624527,0.26963037764350656,1.289547966897092,0.13085670260200688,0.4230773976744776,0.00646310520487874,0.39366869915513486,0.0037869703536303704,-1.111699143294589,-0.20302461093792218,-0.780447451436075,-0.27624058076881153,Norwich North,1
-2.4265163341097664,-1.8780962526488338,4.078038333024154,-1.423380026823732,1.3025340152908829,-0.05520482326702433,0.26806103872150877,-0.25225957056475634,-0.6608196083488034,-0.22751866157420036,-0.09856908095906683,0.17556990036392783,Norwich South,2
-6.45025347929361,0.3612250097744047,3.326828410316682,-1.4699426754359368,0.13506695727267004,0.21046652540765987,-0.5795518425436238,-1.4608919833099776,0.5308614927102031,-1.6419869992406533,0.005712924900677694,0.2140997194269405,Nottingham East,2
-1.5587636100535573,2.8666788391348166,1.3927833726575343,1.3233382280112669,-0.06358889854595859,-1.4138460447601224,0.7013748185360619,-0.9246067630355913,-0.62600453815279,-0.2121480594795325,-0.8661401341845512,0.27316731631748137,Nottingham North and Kimberley,4
-4.759598677658244,0.632244261122779,4.194339550792839,-2.002564750333159,1.1765169458462539,0.03996800597802616,0.054993180417167026,-1.1890056811066898,1.5633228950255431,-0.48082595052536076,1.2317575998407744,0.362307867414943,Nottingham South,2
1.0393891005572613,1.6682423103668498,0.03446189534576052,0.3484986192011738,0.8678350176778941,-0.4263239234432334,0.15922526907917178,-0.005950191894408322,0.027983911074386147,0.029681012365921678,-0.06836600076762421,1.2492342406378323,Nuneaton,4
-0.03000965629836992,-1.0560815180143117,-2.1290378103834793,-0.03912002318862528,0.3088104759191131,-0.54959006145688,-0.10037818505929197,0.35995319104164536,0.2965530019776798,-0.46964181881658035,0.05027764453379035,0.39455188887273795,Old Bexley and Sidcup,4
-0.8839682131133155,3.660109875565257,-0.5097783756363679,-0.25884095611371954,-2.7950814031353683,0.47922550517894513,-0.22712490481708897,-0.6765827746874895,0.5371758416821374,-0.2994656288377638,-0.02635210255806645,0.4184321186368712,Oldham East and Saddleworth,2
-3.0791355200497628,5.820863786934334,0.0704453096814965,-1.1655405906236667,-4.25252718448707,1.0899250978052757,-0.8053227621680762,2.241605773427398,-1.4088023160070313,0.5734462717622372,1.389831995282273,0.7812188979672369,"Oldham West, Chadderton and Royton",3
-0.4627951954807103,-1.3471892588552012,-2.096606538044546,0.14515598529746154,-0.14627504765761734,-1.203551352668414,0.4109789659077894,0.4770802480613233,0.7443561554278214,0.1833232552890165,0.34139236302661263,0.4654020063777517,Orpington,2
2.6509829438599586,-0.20854088818867247,-0.49774020746817477,-0.25786368712879415,-0.40012967362650714,-0.050109277210361014,-0.26103716606510297,-0.5188679445004282,-0.027423321235432504,0.04352775938946586,0.21302904607285078,-0.4944146204384332,Ossett and Denby Dale,5
-5.2719431938908965,-1.2140203582285458,2.2157805104373374,-0.5486316178052931,-0.13504539168289947,-0.4042874068260381,0.17173815901764677,0.029671969764032583,1.1582519235427038,-0.02972505246454838,0.3969998997015828,1.0911778344098277,Oxford East,2
-3.019783872500438,-4.54102797750889,1.0035016936372712,-1.7838584804109021,0.1348150408073273,-0.03427049785239273,-0.7848250058690877,-1.7475442237074497,-0.3399068810775733,0.062465145856288616,0.9809020078406391,1.2571362095730227,Oxford West and Abingdon,2
-8.582406704505784,-1.7587566321213457,4.395181301040625,3.238020223827838,-0.46305055409344514,-3.3984587947084193,0.15475390838845965,2.6495784695835085,1.866312272934112,-0.5958477625301738,0.7518122183900713,-1.7374120075040034,Peckham,3
0.40702399516875226,2.644074739131308,-0.6994542607189013,-0.7217798662697055,-1.9273239003234535,1.169971567916373,-0.320534504831603,-1.136666949286763,0.6964019894161898,-0.4909371538382708,-0.6239559609984371,0.5121368792073159,Pendle and Clitheroe,4
3.426344902145387,-0.10020791227381784,-0.5339890333645623,0.007022369161955891,-0.11714191419596398,0.06826011643539288,-0.461787404209088,-0.45393240642976707,-0.18849623605034227,0.13926384527937447,0.31957177868157427,-0.7699997936429378,Penistone and Stocksbridge,5
3.6796720279982713,0.12030210681910938,-0.47645401982355423,0.6483855733840382,0.14732725015475412,0.6222356435080919,-1.098623538497668,0.27820770618212665,0.2636000493882539,0.030041416061915318,0.6280507150819061,-0.6437710134032412,Penrith and Solway,6
-2.6031418976089515,3.765232263418619,0.13541442584098026,1.3139588548319086,-0.9019792332405141,0.6225243864559968,0.08045476411341897,-0.6970330821239888,0.3025998893171111,-0.2705140293271402,-1.1043542238473323,1.1756230171785849,Peterborough,4
2.831807531304069,1.7188998891336398,2.523662156774598,0.1399872676298457,0.6575816032832751,0.2956956328912821,0.8831370048779776,1.282771917425129,0.6446404816109912,0.44276068427803933,-0.2532600975347873,1.100744143238893,Plymouth Moor View,1
-0.7445764665059005,-1.1120295538798914,3.7546123858400655,-1.332401512385423,1.408676749094982,0.7838204543267017,-0.7696462490174508,-0.6536975213410889,-1.0812076863853888,-1.376967128279856,-0.3751657075800012,0.8564079624065773,Plymouth Sutton and Devonport,2
2.359220598533947,2.1877989822104844,1.638416714683991,1.2285906838076182,0.41485305156187385,-0.20301433744833455,-0.10078510339544194,-1.040832145264187,-1.05872245561865,0.5466547942882451,-0.018517505988190363,0.5613985796819496,"Pontefract, Castleford and Knottingley",1
2.0071402443110875,-0.93397297528558,-0.20354852474054733,-0.09680957712749723,0.1812964841407555,0.4900541870243553,-0.24981503995658058,0.21797984608903187,-0.33522459840286933,-0.4825093906418205,-0.32457377153497985,0.20607178024106165,Poole,6
-11.808528819368837,-1.9821114751566795,1.2505630668676275,-2.6821533902017713,-3.85366474486819,1.2241247037536145,-3.4165937503841928,4.19824655217113,-5.887989430737318,1.6188323219450853,2.506851241782562,1.353888980002162,Poplar and Limehouse,3
1.4883371185973933,0.5688472112306466,1.043597163079204,-0.2919144181648351,0.1615169770873376,0.14256819364946743,0.5225593990309028,0.5633719994699576,-0.23825067213429477,-0.2403350458501611,-0.49589149181082826,0.9684300400895195,Portsmouth North,4
-2.806141340420868,-0.9831380695769242,3.2933184257073105,-1.188727170342436,0.7060981958049841,0.52219662104733,-0.6592680984748436,0.23773200135220326,-0.5531006467305544,-0.9424099679080955,0.1511582450801252,0.9829021341649882,Portsmouth South,2
-3.065046855090575,2.8380221781970656,0.7280574603461283,-0.7410392590451942,0.7716698184406942,0.2738352512368306,-0.12663787252009565,-0.3009365093134339,0.9337355117564112,0.01102148425275799,0.5074392890114273,0.6712653829478,Preston,2
-5.862309274871972,-4.748309703562674,-0.6674962548455795,0.7495622864249752,-1.06406852429154,-0.22014456570530508,-0.49481484513460006,-0.44262056199743227,0.3886754910475379,0.6704908291259515,-1.0638270854131808,0.5935352647094093,Putney,2
-10.623543469121605,-1.7129163514830748,1.1702502071141538,3.8443789436658613,-0.03444220239300681,2.4790173494261,-1.2819741550052945,-0.3510208630493182,1.5676831459698537,0.44263969075570603,-2.1960514641515756,-4.285302206271884,Queen's Park and Maida Vale,3
2.711204015148028,2.1533674456976555,1.4025921909377281,1.1520002536182943,0.32434912963784623,0.059938276734558524,-0.19176977314693314,-0.6192308034741408,-0.5024856180330711,0.4704922141724845,0.20379396420788295,0.20301573794649705,Rawmarsh and Conisbrough,1
3.488985525621348,-0.17252645344374148,-1.4867568559973727,-0.31899871511159855,-0.34637834538165657,0.034667348964618636,0.27171074363890785,-0.3152300979047896,-0.22763674419624078,-0.6382454958521832,-0.11062437158906199,-0.6919704777523785,Rayleigh and Wickford,5
-5.486139276584929,-2.139454211920316,-0.26980356797682903,-0.73432099722158,1.2806861349938568,-0.4390894182592519,-0.570786533772202,0.33480558809993893,0.11647768280116629,-1.7793782502936073,-0.9502681547553262,2.575356348694839,Reading Central,3
0.6623707095931459,-1.0168406948860584,-1.3076356904485016,0.024555835193301356,-0.6000746052536496,-0.9061241677701626,0.4074157548643426,0.2779995871150326,0.5231703935636011,-0.19861582367467837,-0.2076936427489581,0.7071267581271026,Reading West and Mid Berkshire,4
2.9405652776855806,1.726682516637791,1.5097907616089505,0.6949116722546449,0.4448170934883058,0.50618167647176,-0.45742654349617723,-0.25753925020660856,0.08368639155764877,0.5186797391277393,0.3298394444951062,0.47431421115682837,Redcar,1
1.7005223913181557,1.0392484651967515,0.006717734828100341,0.6424995293905624,-0.4303113106778344,-0.30550866914747027,-0.1091295167129015,-0.651206479985681,-0.4244937606292499,0.18814426251194016,-0.08519280673568078,-0.048012346571845735,Redditch,4
0.16538393020450942,-1.9422329869176511,-2.181895232151998,-0.3012368417767028,-0.8572188121521245,-0.8629021191508349,0.5605688561778182,0.4525471059895076,1.0460269549214558,0.37711974741097426,0.12991252807548245,0.4641372332022926,Reigate,2
2.4453956127357146,-0.5360528555270736,-2.273121268566527,-0.3108934526897693,-0.5830842374787838,-0.09735949577496376,-0.7053053557700407,0.48802349853240207,2.162250750281932,0.08308076553714877,1.5305956395402773,0.03767969974128972,Ribble Valley,2
2.256908557332486,-1.3739635200129354,-0.8903590277364463,0.7969787150170905,0.3238395202261712,0.3627783164244568,-1.0934109056544312,1.1001666584006422,1.3039656429633861,-1.1493188469259383,0.06281081356339181,-0.3317587655490792,Richmond and Northallerton,6
-3.529471093629612,-5.526240478219076,-2.259985391132631,-0.38554920485596733,-0.9130126428489305,0.5095943720029781,0.23067274608315474,-0.04066533768872656,0.6446098620542766,2.6137496479732114,-0.6405770693400471,2.19935454378651,Richmond Park,3
-2.5090934713239004,4.901923951909531,-0.14260237636260964,-1.027383485507332,-3.5176375088954273,1.1396207688714999,0.17587778650129957,-0.3337156461873752,0.5420082315021756,-0.15064152901807573,-0.5252086210254792,0.278939058362078,Rochdale,2
0.6999110476987102,0.5983741889342247,-0.0793040470373801,0.2605454436559662,0.12752067275093126,-0.9808255647406631,0.47579350770552625,-0.19649487013087447,-0.4785141834411724,-0.46955227415587886,-0.35731045917756205,0.47129343010323904,Rochester and Strood,4
-1.3466175405149274,0.7147208287186803,-1.8166839028186579,0.699060962354299,-0.335255091731469,-0.6315454024650015,0.5965809813490089,1.2976435122027925,1.3293023074058508,-0.25860860881196696,0.5302558051968488,0.08596275078766073,Romford,2
0.9030759420363511,-1.8569484076075653,-0.48437453639514455,-1.0941818518187625,0.1571874834211781,0.22122057866963923,-0.9556367992705468,-0.41150860196096145,0.13691044029475205,-0.10137156521591627,0.6868534573521807,-0.1426058843296516,Romsey and Southampton North,5
2.27762090401539,0.4198475222158297,-0.14790106390282354,-0.03564595636163471,-0.5283892315397631,0.02035010351459831,-0.3704834164779127,-0.5038298019746142,-0.03691858604834767,-0.0711083887641046,0.3891529072819654,0.26162555560415596,Rossendale and Darwen,5
3.0841782694895854,1.0448207069096005,-0.09074509688733036,0.21827875241496156,-0.1414001335778062,0.17943487027933672,-0.2375516856958303,-0.47184450514426307,0.04888252974747532,0.07944750363970805,0.22367638209744212,-0.02176186915780862,Rother Valley,5
0.1280190069251203,3.323655434018363,1.7189872156561439,0.7812843300192364,-0.5406303387863278,0.32177329817175326,0.661112021974903,-0.26344516003976215,0.5567973023463711,0.4907089223160006,-0.43497726915462576,0.20453387793491878,Rotherham,4
0.37469445569676063,0.14856941826963868,-1.1868252058344129,0.3638121359033995,0.4616900811935592,-0.8279992292725072,-0.37390912303311313,-0.7900740939948124,-0.5397629425497779,-0.09782941640755831,0.08575158179576213,0.9018342152578742,Rugby,4
-4.742382221726527,-1.116299146246547,-6.258522715382745,-1.4427116365141242,3.0609097159584597,0.4627460457247683,1.418759031353869,1.7523881216811927,1.0362638501833277,0.15616775909156758,0.5319062742318842,0.6877366684587858,"Ruislip, Northwood and Pinner",3
2.5842035560422287,0.49947256206521756,0.5487246757492333,0.7158595865021574,-0.017962872180348113,-0.17154722137546988,-0.6587673127915276,-0.7160828315715617,-0.39565506022234037,0.3532528191166758,0.47357620511799975,-0.025690984406521306,Runcorn and Helsby,1
-0.4910890823032111,-2.349123108253964,-2.0764889561097184,0.5016719201654831,-0.43357916734423274,0.007970875949279367,-0.3894887711017547,-0.41774388904130955,0.3766282302041234,1.3166188337031874,-0.03441894936179165,0.8148126677133907,Runnymede and Weybridge,2
0.9507982969185919,-2.2504518505276336,-1.6418685859778956,-1.7227320573251268,-0.6302036591452652,-0.9277323229984048,0.6021723947283866,-0.6082380855852699,0.431503365218976,0.38998581108062025,0.2719055338972014,-0.03870567303169202,Rushcliffe,2
2.771678338857528,-1.2204287314244264,-1.7925024083364285,-0.2941035460297924,0.041708679583086265,0.23925455604595472,-0.9340109675656577,0.0884312387923138,0.14735305254196043,-0.04879192558674061,0.2887316718057604,-0.1319936068747731,Rutland and Stamford,5
-4.510049596623741,-1.0743435393127627,3.999558321072233,0.6409373101268898,0.7199692515278959,0.4405842498974092,0.6387555832776677,-0.28020387773050354,0.8972939702140442,-0.7730131667994874,1.4544160616334372,-0.15288186094000067,Salford,2
2.5964436691387824,-1.3372436973815698,-0.509041010075213,-0.18159770754559257,-0.16363691973609887,0.24279110719668037,-0.19693991097094893,1.5507058233143503,1.11773671231788,0.03812161891412494,0.21806411380744975,0.26453127995296605,Salisbury,1
3.0043873446078897,0.5235452235377822,0.6984656731412271,0.4606891416272052,0.6814137307286562,1.0515936812882092,-0.8053366146780084,0.5830765631639635,0.0023410107042684384,-0.33196244035615863,-0.017976791326446476,0.004753673211198846,Scarborough and Whitby,6
1.7516773305635123,2.411935871449677,1.3315428154685467,0.9590211170958751,0.35533561886238435,0.4808629788918141,-0.4534542890496431,-0.25886444185732843,-0.45520335658026845,0.4779038460473676,0.16997020975598992,1.1891337191266471,Scunthorpe,1
3.8778694617925438,-0.881805086469125,-1.985503532650377,0.28251526446235126,-0.6709830041888459,0.26808433476927657,-1.1690986483839534,0.7318564155119247,2.2956004325543633,0.17773840528128515,1.8729788906722338,-0.41511151101148713,Sefton Central,2
3.1452944702441834,-0.048624661601923094,-0.5137671541359607,0.15963223969046642,-0.2785366071587536,-0.1420065318695963,-0.4358710150150796,-0.839266865209151,-0.30364642915158335,0.09401995855906643,0.3088403455077146,0.07861554720812719,Selby,5
1.5958916483577057,-1.5512797964990577,-1.9298251106567221,0.384373109714697,-0.8957195020581304,-0.6134442111355694,-0.1173521740650409,-0.636658652722349,-0.2948291483860221,0.32255385351677485,-0.04394777139482203,-0.007096303675383088,Sevenoaks,5
-3.3193677799635903,4.130402846812599,2.7774603570984353,1.6450461392757318,-0.7519769102179605,0.6149883502731422,1.2735001284622502,-0.2352033389455788,2.0012132238391533,0.7326528637345702,-1.5696380062203859,-1.0150407233206251,Sheffield Brightside and Hillsborough,2
-8.057178807060472,-3.785518910838435,5.620664770457969,-4.378026755647304,1.387847866399491,1.7256434330786699,-1.0964436879908672,-1.882626212743243,1.6414611325139947,-1.2742499330133428,0.9686234136772127,-0.29710157880898,Sheffield Central,3
0.30070156903533396,-3.406028412327132,-0.918551548409939,-2.526242550847561,-0.9868067692364985,-0.705711737264184,0.4912451926568153,-0.9661057469862593,1.0498437561372689,0.3367149333731585,0.6002551816057794,-0.18349907020589964,Sheffield Hallam,2
-0.9719067641355075,1.1243669383698658,2.3267219780147825,0.8859255846767865,-0.2824369988164492,-1.0021708866574575,0.8516936890487838,-0.292219368699045,-0.1280855409121275,0.39294646673635397,-0.5264462587287778,-0.48833062897099655,Sheffield Heeley,4
0.33935620501661656,2.7334067348143916,0.7181696546174249,0.3078678999632485,-0.8975031631132605,0.5305937797298113,-0.1607346421849626,-0.7755059053824502,-0.9388901103925359,-0.00494925074830015,-0.6254526167205438,-0.8942520572778453,Sheffield South East,4
2.775800330525684,0.7394833513111984,0.4430975542195613,0.03573993531263836,0.15993034474738405,-0.0988415709912571,0.22509078799234208,-0.4115101586309919,-0.37467467810173744,0.030700886792362495,-0.2147634194508077,0.19578053216418204,Sherwood Forest,1
1.7284616426836932,-0.4790606979434654,-1.0202811223700532,-0.9092303379128794,-0.9188347607957501,-0.13565002957372127,0.12037833745618699,-0.337142154201595,0.17707446048586714,-0.05298815808731665,-0.1296957004228921,-0.4029539289767871,Shipley,5
2.5118048714925663,-0.527655066141562,0.2664453075309315,-0.2647142596216704,-0.03548191533701864,0.021005477411043832,0.26925938344033506,0.9945938153212275,0.9833544570879094,0.18205686980513358,0.28161356301060797,0.24397716959305452,Shrewsbury,1
2.111970213908662,1.4208471010861305,0.5182541385351149,0.6761440786271511,0.16047341242720214,-0.06424716468644845,0.18793938449578965,-0.5483721491243833,-0.7281176242624201,-0.5079362464767021,-0.4740080631808174,0.6034378253555547,Sittingbourne and Sheppey,4
3.4025082056327873,-1.4180453194800309,-1.495787718678257,-0.132750119806671,-0.2190774463562836,0.7037095622351227,-1.0919647471597547,0.19656503447194706,0.07612207107005756,-0.389968786846424,0.24288107798520264,-0.8855163573517848,Skipton and Ripon,6
3.9777459050516923,-0.3237878579159847,-0.5520473802602435,-0.2905969268319451,0.08125984083957573,0.7741289160444872,-0.9741865653706332,0.2052344045283223,0.16365897828835438,-0.541503256298561,0.08469624590780497,0.4056514708847178,Sleaford and North Hykeham,6
-8.106296992351108,5.666246890743004,-4.484681671304418,-1.8603796396983616,0.6876081867056993,-0.667126559114627,0.19246724934480666,-1.593644339696212,0.3210077877393214,0.8437560593975715,-1.0372461105098532,-0.5511523513898456,Slough,3
-5.408071290074649,6.173766532214713,-1.8274445078187922,-0.31596740145059293,1.4316518859532994,-2.036787198470497,-0.381049626991067,-1.8738016819069876,-1.1895836256146133,1.5609709594295753,0.489754017514231,-1.48311183316023,Smethwick,3
-0.22664772705991462,-0.27213125958879564,-3.591943598772632,-1.338045437664565,-0.08097698392652582,-0.754079698682941,-0.4021343573133111,-0.8440039998642905,0.544441637326399,0.35621789139709187,0.7803267241393581,-0.45739749441863337,Solihull West and Shirley,2
1.2430357306862827,1.733000970599508,0.4091110533252583,0.9892323345738392,-0.048843070422633056,-0.8242913355500885,0.9246451290309654,0.4595628156903287,0.34516896648295287,0.002704589053788197,-0.013787181999600235,0.25604393497816436,South Basildon and East Thurrock,4
-0.36497967576392476,-2.832874229097312,-0.7699667160634837,-0.7906476566927676,-0.5426134166053596,-0.8267472746484608,0.8167928438810973,0.7678877236167129,1.080609403857005,1.043114384998224,0.4631648488024115,0.7876408626331104,South Cambridgeshire,2
2.791329281054179,-1.9140080632423562,-1.5368243246940574,-0.13278274848577207,-0.3938820556065654,0.09652227844331111,-0.9523343019812575,-0.12918555937072987,-0.2664259650058091,-0.1725661797726065,0.08775357139705794,-0.23858145097126804,South Cotswolds,5
2.2586948809156606,0.23640107084784379,-0.7910143234993092,-0.424575564303845,0.1606026376786919,-0.6579455594403208,0.060647672152956744,-1.0750890484963542,-0.5155147268446847,0.5193288027152851,0.06132899324408224,0.19949442304266835,South Derbyshire,5
3.446019386980356,-1.4451355864607474,-0.7760864341829607,-0.31688215423644644,0.3663482055996921,0.9122554368589747,-0.4686138822794258,1.0077348848103571,-0.3410317447455195,-0.7810427698251923,-0.7380521627277078,-0.8042667358305261,South Devon,6
3.533393154271231,-0.3467856231431683,0.273595986174224,-0.1760146476531312,0.6721711941207795,1.090045914163343,-0.6652528354022585,0.9380699573251896,-0.1656743147058272,-0.700439738079823,-0.4769111464958419,-0.09274185612987122,South Dorset,6
4.147498221220381,-0.6722594040645162,-0.4231324341028114,-0.31856523359025274,0.5768836629083607,1.2378477794533662,-0.8867855219595495,0.6770122236222814,-0.602896303241912,-0.9375416112284425,-0.6399346074773863,-0.7139577638700718,South East Cornwall,6
3.1871187301885833,1.2568935448013863,-0.33410380006790424,1.5518244409947715,0.4955186460866457,0.8856726132407459,-1.3685658263689529,-0.5068833066381038,-0.6664987519399314,-0.40963884328837,0.013688071184639024,0.25455140457853487,South Holland and The Deepings,6
2.8013504840908783,-0.6768835594093805,-1.3092020312567787,-0.608409563064027,-0.17982577667642297,-0.49830010343685777,0.08256304685344733,-0.6793724455888355,-0.4610636323376936,-0.17982265513719606,-0.060300805887877035,-0.4669533210894024,South Leicestershire,5
2.505430654185626,-0.9800224310477985,-0.41400584252595346,-0.6933185680112072,-0.47736614974287306,-0.4276390838530361,1.347432906252967,1.418794805562787,1.4313271612618998,0.32094318006893163,-0.0543979185409982,0.4846512359482758,South Norfolk,2
2.7010059324508955,-1.3401584005955864,-1.5097330562015336,-0.3905833064493719,-0.6484390871699391,-0.48018356106995724,-0.058668201355027504,-0.47805818436317143,-0.23759762616628588,-0.09257428392151082,0.012052314770525634,-0.2244210994388852,South Northamptonshire,5
3.1302904209983615,-0.4772781655216769,-1.280547587971503,0.29815760555831894,-0.42543842515778374,-0.1410132189422614,-1.0048085969774825,-0.11371676584324666,0.9818735556130744,-0.001756195656653109,1.2073680766069022,-0.11164899927816375,South Ribble,5
1.8405379288112915,1.5919878329939183,1.7867225539153857,0.564774227800617,-0.05756762566852554,0.1476071009499744,-0.004798809597019379,1.0661845606803735,0.6225225334461573,1.1725441800588143,0.7826115042557288,-0.12995073700720272,South Shields,1
3.8909497332882723,-0.8861954256853483,-1.34304003826991,0.321598679951885,0.1579289502589172,1.0199718424765654,-1.5416512439395371,0.5052420511660676,0.0021465895427926385,-0.5874515285660362,0.39663523892647734,-1.4433837567477452,South Shropshire,6
3.4214942067620786,-0.611000805419253,-0.7571983369985681,-0.0019975744565337732,-0.045599063207371754,0.4490406606693575,-0.4481420760879662,-0.04297199990331974,-0.6146141237488215,-0.2637750411274717,-0.2644498561233861,-0.8246222221862788,South Suffolk,6
4.222093524705028,-1.023129487688438,-1.023669551219682,-0.8408323364704499,-0.046548952679274266,0.716795971089926,-0.7865940786588368,-0.019247652935421737,-0.2103111855410972,-0.7478155594747798,-0.27815235229435326,0.1261207375628568,South West Devon,6
-1.0058475720009281,-1.5462921121158966,-3.7983901103010047,-0.24070356921770727,0.6156054174962701,-0.4227866098122973,0.6132640752593945,-0.14593713182420934,-0.17237975210059892,0.6140448159032252,0.36350733832994814,0.30280652092858484,South West Hertfordshire,2
2.9338872276495005,0.9670500038470237,0.36894641574170983,1.0369350042695378,0.6480326900006687,0.9046905230436949,-0.7658372386691106,-0.209560212908902,-1.033244023434778,-0.5987683934304152,-0.6152681825165793,0.1756182328572124,South West Norfolk,6
2.7241389722544676,-0.19911635675183748,0.13019147083823188,0.16901898728818524,0.3275511618087469,0.5005664788028538,-0.4175494791548414,0.18729488451295778,-0.37452132361509355,-0.32733425843115604,-0.525923881940319,0.4436610547986576,South West Wiltshire,6
-1.2104779996120454,-0.25516432297913993,2.2972303300114336,-0.2235382325091352,0.8434640406879311,-0.20698670613380737,-0.1198862024872115,-0.7680790104735745,-0.9544841064480152,-0.3633549613722499,-0.21848552204431873,0.38070446154834664,Southampton Itchen,4
-3.2299818879967592,0.2840403226257449,2.294064562723081,-0.5328166587738558,0.9973501490550043,-0.1685129164778475,0.18090314041622557,0.15017733678822515,0.25261044146812994,0.13101696867357168,0.23286184422507777,0.9338306490511871,Southampton Test,2
0.24350389792517438,0.23494718601888004,0.7883270327999524,0.4481719272429881,0.17863592005220133,0.11733276980667036,0.5995004701227351,0.14724543675883675,-0.7364366431368954,-0.9313087224418163,-0.3929263227421862,0.43411487761234774,Southend East and Rochford,4
1.1863870268674814,-0.3140261879128996,-0.4497378654376662,-0.31397393844456223,-0.17666194061618884,0.1287947743533612,1.2808410632560623,0.8446645375807895,0.463107505441012,-0.8221603072143661,-0.15081087309100202,0.5385141040678993,Southend West and Leigh,4
-6.641333517448396,-1.7014955315060027,-1.3360120834420595,3.229892880699848,0.27084793402524554,0.8118484897270886,-0.1303241119223033,0.9062374131016508,-0.07270850191409813,-0.9390646817747796,-0.7276134020859268,-0.21807830234291253,Southgate and Wood Green,3
2.611692308614002,-0.4487096253730646,-0.5752454595275484,0.4412889533094565,0.1569574536179655,0.8998594934297962,-1.2420006742784793,0.3461669529320263,0.7669324542267311,-0.492657249720941,0.7439986376136626,0.05278034203323289,Southport,6
-0.7547691765720828,-0.46028219127925346,-2.634957896970936,0.26445455053779576,0.7770748527419924,-0.48463640636660266,-0.4881205496519283,-0.18742333439602285,-0.11575597483346467,0.06827801449212874,-0.14140728195526311,0.18515273971313667,Spelthorne,4
1.7381457243767147,1.251025521685163,-0.43245101343036946,-0.3494320661258117,-0.789910228127279,0.18594725334005308,-0.18550050226146508,-1.0366391054073092,-0.20277405939162899,-0.21013640505431053,-0.22846912879318867,-0.08288668734310967,Spen Valley,5
-1.7361620667974405,-2.922642096620032,-2.3733148945242686,-0.2090711541086954,-1.6313706877183123,-0.8105194704661207,0.789294806135319,-0.5892188877942705,-0.3882315488570154,0.5107144345886321,0.5426031826849421,0.6199458863900705,St Albans,2
3.117755028247575,0.2429056277293826,0.5534544374173057,-0.15025144356693246,0.6407979590173815,0.8333386536807813,-0.1297668387087935,0.08783780692519683,-0.8572382807351632,-0.7865802808907971,-0.8303368243783356,0.020127961776666068,St Austell and Newquay,6
2.6480003521609587,1.1211744186376569,0.45795775425385254,1.3709731143877335,0.03738463272040933,-0.003368103186531406,-1.2845196737130578,-0.8155199118376909,0.08525495431336347,0.4791143488582272,1.1337615616731038,0.13554733966793817,St Helens North,1
2.1566416017601275,1.3657790910504861,1.1318952647643676,1.2000102687681917,0.22279966666458148,0.0735148830956179,-0.4903468466534812,0.6887784463200382,1.8163802109897746,0.7180994818216804,1.4644591193732297,0.8727703890466262,St Helens South and Whiston,1
3.344107546788105,-0.8838643976584384,-0.06164131792145023,-0.2435258679753043,0.6259054715272555,1.059351191847816,-0.4992495266337587,0.8449682569709208,-0.6476810690054007,-0.9851180757267508,-0.8322174318031025,-0.9684954736874575,St Ives,6
0.49736602160565124,-1.9520834589435738,-0.9808202631306642,-0.533769563670123,-0.7408065539812562,-1.1290637812742073,0.7327740874512196,-0.6391263484288238,-0.4533837225282779,0.29343314315728125,-0.3702817275984269,0.6971931253056213,St Neots and Mid Cambridgeshire,4
2.0199089794392813,-0.41548149971668025,-0.19834037681500302,-0.02091485419111081,0.1568003569939466,-0.184207625427211,-0.127926962482593,0.76066515665042,0.8758696868395947,0.12116237597859826,0.3586932578809515,0.3167877227622662,Stafford,1
4.000794987146494,0.3378796893342619,-0.977367160966907,0.46115823005492185,0.045269344981240175,0.6034171266733251,-1.0817292774520078,-0.20733357089755966,0.21675380182707804,-0.1807724916377525,0.6359683241917049,-0.6644449964256234,Staffordshire Moorlands,6
1.253333746097426,1.3026822666524984,0.713351955553498,0.059246334749754825,-0.760754500030208,-0.1728122426523826,-0.15955749790481707,0.23586748234687255,-1.066130010242088,0.24854527650792801,0.3708076854715924,0.061255080115377766,Stalybridge and Hyde,4
0.03920297501545023,0.12459542657248017,0.3656632280044297,0.5163339529145213,-0.3016116983035498,-1.1919240999540481,1.0061196731022986,0.4970831368946276,-0.10062154387149456,0.3568265954305009,-0.28413749070370997,0.04385953600349152,Stevenage,4
-0.36285739644700754,-0.04971316372498088,0.6703638334265085,-0.08967688429740728,-0.7566616200878841,-0.6689169825473797,0.5356386474752279,-0.7482361474045943,-0.2715625912625628,-0.0026870860138181554,-0.3663645099551429,-0.03277835316361088,Stockport,4
1.538594057633034,2.035720123195765,1.6574728401833245,0.5281540737399806,0.008458854804867211,0.052870334859283705,-0.021998439185140013,-0.6156963249267012,-0.04311608880323418,0.3796401064476792,0.05699156137636778,0.8790437393388223,Stockton North,1
2.7785726410813583,-0.8174069843663723,-1.7464792851542041,-0.6227747141437487,-0.7070745666075213,-0.14387768406099152,-0.576437676228862,-0.5934928868803493,0.8828588081054694,0.1708256718304523,0.6714367646983173,0.3479764891607455,Stockton West,5
-1.065861127801766,3.2302441584308936,2.674297008669677,0.8110173495880789,0.12599652447832377,0.24511341107047316,0.26187567318777444,-0.26557086243221495,0.26532443135201156,-0.10040007893162857,-0.26648869497796024,1.1393226627176545,Stoke-on-Trent Central,4
1.1911560528116734,3.1899429859745103,1.1585009171770895,0.891450757406391,-0.25751198218270177,0.42489497272543586,-0.1977215971089726,-0.8469470230980445,-0.4534719627595039,-0.0032701205101598727,-0.2196107541149449,0.48772844894322886,Stoke-on-Trent North,4
2.2144852715000845,1.9015724036497075,-0.1288718393340043,0.5554173184593822,-0.3717742682655774,0.18493236218742576,-0.5145838799989014,-0.8401980295331969,-0.04643261649044571,0.09474259294638179,0.223850313765054,0.12093960632333278,Stoke-on-Trent South,4
3.146472141245579,-0.11307368126679392,-0.9719788331697157,0.2620617254914408,-0.09862610459115656,-0.07806432892116777,-0.7588273975881924,0.06565523959039937,0.5631425632913308,0.09116249370560264,0.7710182731747901,-0.5708127463133797,"Stone, Great Wyrley and Penkridge",5
1.1823151501734739,1.5511463892920003,0.04464133666758622,0.12399050448100175,-0.35662045853010604,-0.05880026460354656,-0.05189627776179071,-0.5132208478724682,0.22101004941226848,0.19329095261358223,0.004832004703581672,-0.39118988585894987,Stourbridge,4
-10.09059296726427,0.28457869122077284,1.4345105922586818,-1.6923126502274048,-2.6078081442499377,0.12454435616466021,-1.3228977689556842,4.273252923127326,-2.331863571261652,0.6364141617064512,1.6364291893322915,0.05317244361139969,Stratford and Bow,3
2.633400465700446,-1.7791692201482705,-1.7741755240278203,0.26718071794227605,-0.37565605941377195,0.09874820821022091,-1.050035770998192,-0.1876486933576815,-0.11960938579495145,0.13982233941671648,0.36636979324442326,-0.8049630785559923,Stratford-on-Avon,5
-6.1167714532951205,-2.025519447249076,-1.0132070370843036,2.077486733890099,-0.9643731701023431,-1.6624783015377613,-0.6007064704431098,0.346780373473603,0.33349411358750763,-1.188584066866136,-0.9997917369153017,-0.8292953206628246,Streatham and Croydon North,2
-1.6047056361751146,0.5606791637630175,-0.8954491840180812,0.010120251248272759,-1.012703898670114,-0.8115659556963006,-0.2803551481873507,-1.4722898125314943,0.030313926288069955,-0.1948352200871202,-0.14074989033294213,-0.8007595425418058,Stretford and Urmston,4
2.7612455770341047,-1.389602775569854,-0.6098260968025083,-0.4554148683110613,-0.25566554131394365,-0.21246648897039674,0.049017868896726914,-0.11487397227925408,-0.4820902713982891,-0.04842789634834529,-0.35132224080179086,-0.22499820663798425,Stroud,5
3.3912206802284866,-0.8787467778791532,-0.5798295942800884,-0.008858217586984254,0.33264123216616376,0.8642301757980569,-0.7670596933844236,0.4359193800080385,-0.6231813258497588,-0.4693715843507896,-0.4009393633345378,-1.0069163842708189,Suffolk Coastal,6
1.0915888516313954,1.3884730762818385,1.62196308411136,0.31927235473340987,0.12777275526676207,0.3962303014374116,-0.7889539425692481,0.6074385829622846,0.18743915608258635,0.5164640753317564,1.0912973382819,0.302605813442274,Sunderland Central,1
0.5711548135789841,-1.9507621976368774,-2.1896157807681753,-0.5153522053169887,-0.040402099444684154,-0.4682119754374221,-0.1589411771698513,0.6273233541665395,0.6591358940335639,-0.4796274645989816,-0.18924411781054998,0.8062911869195626,Surrey Heath,4
3.3406779491030565,-1.4160931731370285,-1.6670844518476227,-0.3147833689098944,-0.44011950817002604,0.2981421417264836,-0.019334817188370074,0.27359182487770334,-0.2070309604937367,-0.3590825564264507,-0.37363668615339485,-0.8440950691999964,Sussex Weald,5
-2.8643397044743217,-1.527262482122437,-2.8476777448763397,-0.4755893258136733,0.29324077029159745,-0.25030395683218026,0.008670829133549511,0.672011512209856,0.6783435677893022,-0.5207762535249156,-0.2863934553803189,1.417494569404642,Sutton and Cheam,2
0.0550485629663231,-1.1519584470573498,-3.01194008398098,-0.5474448062768773,-0.11968340314747844,-1.0331250289945575,-0.35873158225351304,-0.5686008053609092,0.9976200585808584,0.5885444576011168,0.8266284397396113,-0.6574198075719703,Sutton Coldfield,2
0.9955950892847717,0.5523325738001822,-0.22134425616746484,0.20174721965169326,0.3435881505966021,-0.61673112315479,0.4150177956670887,-0.07817851040151166,-0.3574795418876701,-0.03776823653815651,-0.5649585302572545,1.310871227491918,Swindon North,4
-1.1118909039345704,0.7859792138147471,-0.7306443239411552,0.13528008311741904,1.6069917204613,-0.31226693314774945,-0.46028139775677424,0.22729236298253114,-0.7737580385204907,-0.5582805701951273,-0.5820980393448789,1.753293553034189,Swindon South,4
2.465214264039891,1.0134149605139469,0.25546324744159704,0.5130764764043519,0.289842315408752,-0.2677600230831674,-0.24144175007736807,-0.828465139818678,-0.6233137865465893,0.23714417414840722,0.08443784847764572,0.1103061391351528,Tamworth,1
1.918016401703827,-2.478325310267648,-2.4434358826729388,-0.20268088704696277,-0.9885105306111445,-0.18953667632938478,-0.6718442719147755,-0.8014134947974594,0.15905664334820868,0.47776806251378373,0.43945464707847137,-0.3690959967906593,Tatton,5
2.170877910995767,-0.4115587359732341,0.35795681752699193,-0.06500556067955346,-0.02188834077300722,0.08544008686945909,0.32582366997733825,0.8055250774291418,0.5177252246128639,0.2433398733654662,-0.014915835828590041,0.5145957716529541,Taunton and Wellington,1
0.8618015924060843,1.8011245260693718,1.113445801898685,0.7120191860250137,0.6064397452050698,-0.7259948894366789,0.04216587345893821,-1.059644246425841,-1.0335387020767148,0.057585687918624576,-0.29741430386079276,1.1177166613746488,Telford,4
2.547315292970122,-1.0009493595937393,-1.2754035402207402,-0.1801015769855287,-0.21651696413355315,-0.099028388410091,-0.4278115730932986,-0.25290762622270524,-0.3380321205901971,-0.27074215819386227,-0.1501686891266828,0.18180718724114422,Tewkesbury,5
1.4985159743619194,0.4294786791963618,-0.12187827891143589,-0.034241589057470226,0.0712431341934839,0.07474760054328007,-0.6089504451372654,-0.08710823389717236,0.5742767587464787,-0.17586258799685403,0.3157960847174196,0.36055271410054457,The Wrekin,5
3.7720711740935107,-0.38592771043389723,-0.7528481285467475,0.4689249155809879,0.23122685238130214,1.0604601594937348,-1.4962222349867198,0.35700712192294576,-0.017299879296731335,-0.49075077774200154,0.3447448112783541,-0.7721608467717457,Thirsk and Malton,6
3.1169367122846006,-1.0044029042035019,-1.0708638636983443,-0.6794261047041045,-0.4290192841411131,-0.2616113543718877,0.06045005352773069,-0.5223942367043235,-0.3000266524104193,-0.29125074380016525,-0.16102060582048014,-0.2187386082993099,Thornbury and Yate,5
-1.8987562371965145,1.8034249918978402,-0.48553228045102176,2.2078243576950434,-0.5061738396348011,-1.8072478738691968,-0.21106237513645837,-0.2863504608711129,-0.3585168508152733,-0.6638907532220633,0.13053124546795766,0.8036092922616197,Thurrock,4
-1.8956119467444068,5.553034103552367,0.1979293476816434,1.4225318306499535,1.50602969217641,-1.7247064236830052,-0.5409119926726045,-1.408222048066445,-2.064995201217549,1.7567421539150503,0.8034429104344452,-0.5927276538615837,Tipton and Wednesbury,3
3.678289362114234,-0.4618723448219209,-0.38991560492360455,0.07165175639240345,0.38147505438313567,0.9515573298038269,-0.6582523062662374,0.6854400830139322,-0.4546083684235504,-0.6288876600059187,-0.4216179566294076,-0.8316182900611635,Tiverton and Minehead,6
2.0403669433599356,-1.237425544421673,-1.4297016492170518,0.012717588236722407,-0.6542986395056313,-0.5333010626663255,0.03690282539567724,-0.30813975963133816,-0.27598790238881094,0.15650292200166854,0.00028980031101765347,-0.12934916589291434,Tonbridge,5
-5.422075073911536,-3.8496148841034783,0.23844626690110649,-0.7127384564099584,-0.9876679334755958,-1.0993067375850802,1.2243298637787234,1.9375203057323909,2.472841710641046,0.7998842510412729,-0.10537347819541071,0.7822740712366733,Tooting,2
2.621138087091006,0.2645584717278078,0.9297358880989425,-0.01736091029273655,0.8921842845081774,1.3353232650573985,-0.20609690274132544,1.3757552885705133,0.528763816910237,-0.9088194780590065,-0.424681635448914,0.500483619347839,Torbay,6
4.0867982656200335,-0.3698918174695722,-0.5753065686532989,-0.15713347058201954,0.5315053368908691,1.2733111870019733,-0.7168695880211537,0.7537808156893091,-0.4283385223066095,-0.9978762112621684,-0.5487364782058364,-0.8614906209082518,Torridge and Tavistock,6
-8.802665544598407,-0.5825412347887547,1.6149049013434569,4.713802318908644,-0.14239102123900962,-0.20815850295181557,0.8594764624820603,0.5426778363748698,-0.6459699341301942,-2.206067821513975,0.41045811179598846,-1.1528667862195852,Tottenham,3
1.984970450105945,-1.5926369279399135,0.9201677620350363,-1.2755485851311628,0.3032659878445752,0.44875335395040256,0.2603375014425884,0.7594001469448952,0.49637931640023963,-0.38919028527887667,-0.11194782518374162,-0.10443197258381873,Truro and Falmouth,2
0.9261574635688847,-1.7957161806957251,-1.3965013057712874,0.03770417224662487,-0.8927553296166175,-0.7400504582819599,0.2165333332846323,-0.1790344997524241,-0.10220756434352231,0.16476038911596916,-0.08431956671973652,0.3472858829268222,Tunbridge Wells,5
-2.4576976840545397,-4.1953695899788075,-2.250744541335759,-0.4889559576607684,-0.951557988533895,-1.209774992301165,0.44362249355658,-0.47878458702205046,0.37159197883836,0.9062241749101544,-0.2860839526949215,1.0541055853926524,Twickenham,2
2.2792895877281523,-0.934055061569285,0.20595078818682114,-0.6699728782010438,-0.38726335933787104,-0.30335338784354005,0.13799293154141434,0.06852427210192655,-0.06429903727959611,0.367569808749696,0.20395690900010102,-0.09197567345241518,Tynemouth,5
-5.200282903359305,0.3445833138632321,-3.036602518530702,-0.5520308001494121,1.6890822642109884,-0.6699113902013153,-0.4540256906279581,-0.06281411830214179,0.575541076923079,-0.16112913931512657,0.02583131907954455,0.09555069277070631,Uxbridge and South Ruislip,2
-8.603548669118203,-3.813948326731013,4.111819534790499,2.5702637115167746,0.08339158927893127,-2.5679314936689424,-0.8985254480724807,1.1146121632192683,0.18141321235552219,-0.6865755727650072,0.31348179089772593,-1.9910235597088224,Vauxhall and Camberwell Green,3
0.4134820703044828,1.88825035989964,1.374354645303443,0.4833093547053506,-0.3990708064749985,-0.14362522853752271,0.9647432532204533,0.6318382866501769,1.1000919305926011,0.6201921758628572,-0.12553452557174039,0.38563636921140476,Wakefield and Rothwell,2
2.347292634773641,0.527591630894257,0.8683708193646573,0.22820542760382126,0.2703418170895641,0.3616339278606317,-0.3483836126599871,0.13339442260160297,0.2966696195047097,-0.1744642921679891,0.35610130938541307,0.5891789460031773,Wallasey,1
-3.855519618217938,6.173668819381819,0.2153298149235158,-0.09256219416772941,-0.7435758721007314,-0.641142723764258,0.25457772943852247,-0.4525855122256076,-0.4249211036372079,1.1593929610791591,0.3003983732023961,0.07502778329024622,Walsall and Bloxwich,2
-7.076451619272869,-0.1462000342370286,-0.04777369297600496,0.7057490803709481,-1.9319347079423537,-0.9303155446813308,0.6928180392811623,0.3184765476037238,0.7331529920610905,-1.2537216931051778,-1.4643181717100249,-0.4735544787619111,Walthamstow,2
2.072021906566467,0.5134898330341303,0.18300836530554698,0.9892909388063618,-0.07542052802505284,-0.1813042449069367,-0.7606983949924749,-0.6487042633999686,-0.18334207263498734,0.25927778964960874,0.6324055963554756,0.059715530832256586,Warrington North,1
1.655034652616531,-0.6467598752717371,-1.0654334377125427,0.16112444092002565,-0.46472392773535764,-0.33485885399522514,-0.6826581410014431,-0.7666551832318694,0.3636556081155697,0.24407619088871818,0.7111444447267083,0.4686054183108423,Warrington South,5
-1.5613395474829201,-1.1719185854129224,-0.8317951850413393,-1.5176966526569011,1.2627973712394793,-1.5516442691281276,0.33913420844212233,-0.8314594419972278,-0.23216058004610549,1.3983499888817479,0.7318692674187203,-0.05056563835688648,Warwick and Leamington,2
2.7045909866405573,1.9863182876481313,1.7531925379124196,1.1614892447624026,0.4169198908616185,-0.0426261033727174,-0.4470810437281796,-0.6915592559839275,-0.8739514787657441,0.9112992726375085,0.39916749811014857,-0.2958510149219204,Washington and Gateshead South,1
-4.488069352720562,-0.13124166356709038,-2.8971281520278898,0.27108314119211635,0.4471488276322231,-0.22762851592291494,0.24904284262507956,0.17683170092934689,0.20183622720146127,-1.2007578107919212,-0.4867330209148188,1.161113119736061,Watford,2
3.953477980592174,-0.32731773015772087,-0.7324089411417407,0.18696158187019699,0.3197100882258908,1.0262812494030094,-0.7790178044034681,0.25011403739947624,-0.696511511782099,-0.34033475542038344,-0.3142163635327832,-1.3568459312058205,Waveney Valley,6
3.158734143357315,-1.0569150305224102,-1.7534412454659953,0.1850580174865764,-0.5630586158210427,0.015257313966194454,-0.43742656408451974,-0.10304225096221972,-0.19038184327121488,-0.3573448514273361,0.018074874610542194,-0.6993753616280599,Weald of Kent,5
0.8065465264973714,1.3821551246808976,0.21786648079972076,1.0423928586091773,0.662068659370162,-0.44507715412816545,-0.1250590362518819,-0.6066893303296216,-1.3287690884160193,-0.4634611127626283,-0.638778374537291,0.6543802217294442,Wellingborough and Rushden,4
3.430485072719921,-1.4193177126681362,-1.395023962695038,-0.38321170317616426,-0.24243856982909862,0.35932877389151635,-0.5922345651337045,-0.16088726756261754,-0.3831102989205647,-0.38231505029656737,-0.1500787794338455,-0.5419678202363024,Wells and Mendip Hills,5
-1.9905792250535583,-1.0610714422281735,0.09368858599040163,0.6008163292860592,0.2706574889829091,-1.1144165788796947,0.35692779558152177,0.06565181238303511,0.04098931284280066,-0.040821039900373175,0.3865381758203594,0.3649632147081967,Welwyn Hatfield,4
-4.0908351096144475,5.773293285964079,-1.9227901516158117,-0.3978185163423394,2.7044572825503095,-2.1905588780555205,-0.058566860617705364,-0.4325944704479067,-0.6551165185505056,2.2457511654651925,1.114706808509543,-1.3478535844534925,West Bromwich,3
3.5171716369983903,-1.44570749268843,-0.729995063304193,-0.21189335101794599,0.13259613993995503,0.8991697091183875,-0.4843413285500154,1.812419628803082,0.8567868399749876,-0.2074325111213355,0.023186113729861506,-0.7795479996868853,West Dorset,6
-9.181202585370675,1.0687896560669852,0.8968144337018568,1.738835432562852,-1.5714152147073088,-0.7619475761942357,-1.8500425073226656,2.995707724332955,-0.7927454107606856,-0.6745491913884367,1.0060788867366979,-0.15062774444461793,West Ham and Beckton,3
2.399491969798988,0.011856241426539765,0.29169785943679266,0.276419733711398,0.04558488550890327,0.12060569699392228,-1.3728931032921174,-0.9472060916725472,0.4668478666773305,-0.006887012942565041,1.4260359283974595,0.057071130299044336,West Lancashire,1
0.9998222199607635,0.2883620275510437,0.2572028707329134,1.281826999975881,0.25107301486997785,0.22670114742933237,-0.39518489807756424,-0.4797982733672524,-1.0466260252473993,-0.4722565676535676,-0.8120371270460581,0.5032598482045281,West Suffolk,4
3.3454453990575854,-1.520209271975134,-1.309763740120813,-0.09966321071947096,-0.3164967145146442,0.180850450314603,-0.8703885836233572,0.20814605420820242,-0.010419269145417165,-0.17471669738278142,0.3598948134693258,-1.024392661822188,West Worcestershire,5
3.4256777808337717,-1.2718593592622407,-0.8836691425279528,0.01499660545230964,0.22140622653788875,0.7961499469637382,-1.130853950936551,0.5558120887170033,-0.011143437006724658,-0.5123966854174642,0.18086015423750632,-1.069770075549226,Westmorland and Lonsdale,6
2.1515114381363443,0.07267620523266036,0.8045891276611917,-0.14156815969576567,0.45135148097836686,0.5253575362720428,0.017892321824271685,0.14335967426174603,-0.4248895460492876,-0.5267810344121778,-0.5968536461350875,0.6804470948250794,Weston-super-Mare,4
3.1852120236185724,-1.8018179790470674,-2.218002911018462,-0.07610978193120042,-0.7586088019131549,0.0943179264826597,-0.7562365451035762,-0.19301965997581794,0.48377530257593304,-0.005164379081471483,0.9631173963180301,-0.5925887612689384,Wetherby and Easingwold,5
3.2798022165419054,1.9334544537719547,1.388348851703693,1.2073409613462434,0.18928839349778406,0.10747606661414201,-0.27681747468391693,1.0885383213069895,2.2985853534705623,1.3655602669187117,1.7376197569976515,0.8406536085867768,Whitehaven and Workington,1
2.5124189216292345,1.3973785448443283,0.4359506042815149,1.6248358539156418,0.022497869791337322,-0.09568478498094778,-1.288311907033442,-0.6626535789033514,0.5303783575557914,0.44316272675597324,1.3570492166878791,0.3677450756625722,Widnes and Halewood,1
1.9314914529893714,1.5078068415944497,0.8463477422721933,1.6084543546950791,0.046364328659681785,-0.07795796958163259,-0.7530975766233234,0.10022674601746386,1.318857862942002,0.6711258694417676,1.3573053237509198,0.574285846677606,Wigan,1
-4.9278176423383675,-5.071224988096586,-3.1525813021134965,0.17977272866599656,-0.6000927795212415,0.2377503778646584,-0.5604653637214275,-0.473551643968202,0.3961243435513754,1.3222899525455054,-0.9522174388270443,1.6979316782326055,Wimbledon,2
0.9233119232289216,-2.7732515076642033,-0.17439078492135712,-1.081444578544126,-0.49109207482349193,-0.6382251764159517,0.1731406568770311,0.5056021043278452,1.0419340593092805,0.2612967785535577,0.5965826622783718,0.8658209294674756,Winchester,2
-2.7858734969578594,-1.1306246137151952,-2.631235041103863,-0.575258944558829,0.7664933850787081,-0.5294156266355954,-0.9410864954546998,-1.3731811205583078,-0.28282388430696903,0.959275250540275,0.2745467663113587,0.08879133626357635,Windsor,2
3.3950166910716972,-1.459564525581164,-1.3683146914477082,-0.4822189939364632,-0.6861772988109903,-0.05062550785605494,-0.04939538019216423,1.5965362940596468,2.790067667698554,0.5554131363063682,1.5015338040495678,0.0006796163157557712,Wirral West,2
2.7488401471509962,-0.2695936068791343,-0.8970799494436277,0.15487953901448478,-0.32364680996840556,-0.29622772143799114,-0.021061258274823497,-0.5089456555643317,-0.7113772243561528,-0.3432441468704138,-0.21569613231848583,-0.4217959392063481,Witham,5
2.116016848135736,-1.5462096258488205,-0.866762736541129,-0.030902373352561706,-0.5283177522477723,-0.14152827188295108,-0.4652696457575031,-0.34381059752088844,-0.4082930157018455,-0.11387709361260419,-0.17722586038020158,0.3351352253753716,Witney,5
-1.7706279536235752,-1.5926098428612947,-2.468951453615822,-0.6659717295766348,-2.083067061182765,0.2613469878820768,-0.924673788598257,0.3983959070136972,-1.079855260937468,0.6642951044047267,-0.013230183997745658,0.8703513429316798,Woking,2
0.2821212236002154,-2.6750875263945106,-3.168740843245893,-1.0063384372910704,-1.083573052529243,-1.274136031910718,0.20060781431495525,-0.8046228280024729,-0.08117667899166713,0.673029802213711,0.27305471895975203,0.6914164934420478,Wokingham,2
-1.3728758732198507,4.445412367011027,0.6187286392126475,1.4529520097420399,1.5532776941763733,-2.376967532061769,0.7507979962231722,0.2924693297124854,0.7303150578787518,1.7945384230223569,1.0884131174045928,-0.047056306839807285,Wolverhampton North East,2
-3.323013041593021,5.86586089198623,-0.5894796902538296,0.9212551203355098,2.718795121355026,-2.8200276808921036,-0.23574073434008694,-1.52252147440355,-2.189727740032463,2.1238795875973344,0.9559234786508461,-0.5610433572504381,Wolverhampton South East,3
-4.268718055932306,4.008618863043247,-3.134163104816197,-1.0691025065258024,2.9759413374323263,-2.4157669674221705,-0.6057480321329194,-0.31691175162776886,-1.040684556288421,1.9717307104600905,1.3794821111913482,-1.4377873075954037,Wolverhampton West,3
0.5677621843208157,0.08799864938345321,0.9408405590717557,-0.3900069184356674,-0.43561810281675023,0.012683329107245518,-0.2340444676874773,0.510297059037142,0.14418495047145904,0.11446566652728465,0.5806738851624318,0.6050929696977289,Worcester,4
0.5030442373410532,0.19767212210674392,0.15123821612766342,0.8476188244192964,-0.43377980750406464,-0.22505797714843917,-0.6750807133142143,-0.7906692565327886,-0.08392980990073114,0.14818446696056756,0.5591926553840344,-0.21352642290594145,Worsley and Eccles,5
2.115880022197368,-1.21815722087838,-0.1926629352817516,-0.372536366219145,0.251692877653583,0.571078366472213,0.1557386578688257,1.4113670713739679,0.41465832357413035,-0.5591108128192411,-0.36669275351342523,-0.2268047471311754,Worthing West,6
-3.614330640907075,1.2268260871685308,-2.1251679521194595,-1.480141694242096,-3.5576412104496677,0.1404379856590873,-1.2187460836570707,1.3381377339384621,-2.4316550975682554,-0.23613066438300237,0.3011796467193196,0.5728279764837085,Wycombe,3
3.025051849879773,0.7621882381733528,0.03523079244493939,0.5474166892878293,0.16123706411437613,0.47486074632651404,-0.7428814028838694,-0.07053376622225077,-0.355766686301324,0.0020810648694611997,0.3066754895400099,-0.3222117220068032,Wyre Forest,6
-1.7539435398602674,0.9246722891012886,1.041065780761353,1.4154551442611456,-0.6193583040757107,-1.0826816605143013,0.1859577607876038,-0.44525739691933164,-0.37980890097995484,0.803408017994226,0.22477287352152875,0.04092547864093602,Wythenshawe and Sale East,2
3.0038376903960726,0.2556218225145813,0.11401899648442364,0.4838289290480128,0.31127094925625876,0.6169292153609774,-0.5657874635803054,0.37967069237585793,-0.14793795771960347,-0.0844232279155603,-0.16021078853112639,0.2991565631267615,Yeovil,6
-1.8622865750380702,-2.4030960111621615,4.588446353379573,-2.8371042831196798,1.1867517319415206,0.03524689811322828,0.012855156684884909,-0.47178710642759336,0.5245068733190938,-0.5164532551948385,1.279651136194345,0.8778219935819705,York Central,2
3.051547514205594,-1.6414737709049463,-1.0732819935721976,-1.0074201978285444,-0.38521264502466984,0.10599863984336444,-0.6432109572500591,-0.25525289864739426,0.09189341472345987,-0.13704424787203212,0.5002979546311611,-0.3056730012288611,York Outer,5
-0.20859406127301158,-0.27999821862355717,2.6160195362487695,-0.6763182258888304,0.5594414438967297,-0.46646950059086234,2.0992486120054554,0.9781348664290331,-0.4633798821405261,1.0877633255256562,-1.2689329005572938,-0.38418430681713955,Aberdeen North,2
-1.5456997122116554,-3.000526455310307,1.7063851573226303,-1.6361602367847754,0.4247001047003327,-0.224953256713232,0.5090254955423849,-0.8330332040859505,-1.3138788131010775,0.05521249409349846,-1.1743083244369446,-0.22571950784477696,Aberdeen South,2
3.4380649257774105,1.519522737409322,1.7726495064413388,0.025837484851359532,0.6875435520481619,0.21489501634741615,1.4724733389287623,0.48535265912127634,-1.2675769100205383,0.552718849454982,-1.3603375235219064,-0.6735819178250378,Aberdeenshire North and Moray East,1
2.584515755368505,1.9455666787287171,1.2549499155839667,1.2586030317632033,-0.04106441157350062,-0.21780876775746175,0.0006807547058928857,-0.0801863633056777,0.05585464235254313,0.9089497773750406,0.6770611468125238,-0.7528454695934957,Airdrie and Shotts,1
2.7332114342486418,0.9917725650647022,2.312250690326478,-0.5956280475128785,0.22706912147062602,-0.2926334664003025,2.214345719121627,1.179460410179258,0.03423765308261935,1.1282314424850095,-0.842250992325449,-0.653433575374202,Alloa and Grangemouth,1
3.450768831270588,-0.30402238749093613,0.6953597474019916,-0.6080263773224444,0.3243000969289068,0.44252078673002354,0.8169762011256109,0.7275581056137927,-0.9006815308898842,0.1455311830099062,-1.1239442068497103,-1.1170078950964757,Angus and Perthshire Glens,1
3.0323452215708877,-0.09212846430595699,1.0988664628463949,-0.9360889536715011,0.15168373773630198,0.08070362593747486,1.4072134911697198,0.5476170039703452,-0.6951089916699678,0.4472237267714417,-1.1291805987059254,-0.788752730655584,Arbroath and Broughty Ferry,1
3.4846769509915765,-0.829173955059258,0.4217988316441354,-0.5732128873789988,0.3244383312659948,0.4777636779215128,0.7776083781068825,1.7938866656585897,0.07377846863319042,0.12288309321162319,-0.6762560399778945,-1.484706097232405,"Argyll, Bute and South Lochaber",1
3.208783297790835,0.8456032902055717,1.7514064657525523,-0.2865334095307968,0.47741185975517564,0.25893659129211044,1.407340066822274,1.4237347806895877,0.26623001871317986,0.858151974723841,-0.4002188122869749,-1.0503857733273676,"Ayr, Carrick and Cumnock",1
2.403266112747489,0.1709332749495873,1.119520633391134,-0.22046203877557893,-0.17844821934601154,-0.7313631777179985,1.3585748878446116,-0.1247032704535132,-1.119250806698336,0.6941397626447111,-0.7935587601271515,-0.7370318591962909,Bathgate and Linlithgow,1
3.2291185421968795,-0.05926310501765672,1.3179903718951473,-0.47732894425608896,0.5264553792115015,0.46968828362045895,1.299338208455219,1.659364984547429,-0.4109821275291132,0.26097196871722533,-1.1262201016770557,-1.253408079183933,"Berwickshire, Roxburgh and Selkirk",1
3.6302570586945064,0.1658031185564084,0.8620738019720087,-0.4981572224866297,0.32087110853825246,0.22604952385689908,1.4356281504807997,1.2485730004195372,-0.5412891467047534,0.3902270905416119,-1.1543679477816235,-1.2156077450181724,"Caithness, Sutherland and Easter Ross",1
3.2967268555922558,0.46680262708803744,1.0335374214294832,-0.3148631540499761,0.29207125274980733,0.07814197795199923,0.9233069558642645,0.5618932829196359,-0.41454674545226483,0.7248355385036132,-0.430022709997134,-1.156160420178499,Central Ayrshire,1
2.4062970535846078,1.8357988089205062,1.2287397914768625,1.4550979628604852,0.05326032480883846,-0.2924973556898627,-0.4170052996643959,-0.4273650590756669,-0.19205472730558273,0.9185921984684711,0.8786917390996763,-0.9040941983564755,Coatbridge and Bellshill,1
2.467209805051298,0.23299098676632196,2.0297382669514987,-1.0690907493127957,0.2953364717073371,-0.14710875266453047,2.2205979432937686,0.9954740493300798,-0.530817969607199,0.7626118165427884,-1.3603564830563344,-0.6234848952693616,Cowdenbeath and Kirkcaldy,1
2.744960714959224,0.36760878901733224,0.6136095537613032,-0.2311103177511665,-0.1658927335628309,-0.34328494570168777,0.7505099668914171,0.1748666232563524,-0.038725529966948224,0.5516305438076542,0.09903018945786018,-1.0172054660423429,Cumbernauld and Kirkintilloch,1
3.472934124580124,0.561745753857102,1.2570774339944546,-0.24577516654173576,0.6427365223377907,0.6852411211317995,1.1324600973393708,1.6408664743669326,-0.07859403356930054,0.19708936029594398,-0.9243640606484886,-1.1811645220346791,Dumfries and Galloway,1
3.5497928079764685,0.10134404116720572,0.7554754038030111,-0.3443734290973811,0.41931654356784465,0.3961222524830654,0.9932303508765837,1.0949783998176579,-0.6205267918898432,0.12599785402230143,-1.0238132973693752,-1.1051370521959483,"Dumfriesshire, Clydesdale and Tweeddale",1
-1.4741433218729862,-0.4722210197277834,4.498015991295436,-1.6153376474722725,1.0612881067281446,0.3684207007641431,1.0019056165232534,0.6921820426796002,0.1583264791879946,-0.023956086751420195,-0.44769058763422437,-0.07339104014276653,Dundee Central,2
2.6638297162134794,-0.6249345279655232,0.971393613557274,-1.500793418933267,-0.07898229509114645,-0.3898133024841214,1.776787425743588,0.1227979790461078,-1.18803119965994,0.2581206999342599,-1.4407818682712692,-0.5670392793209537,Dunfermline and Dollar,1
2.8441524504707805,-0.28108576368542104,0.238617704541969,-0.9210646113307467,-0.33623897181201223,-0.44085215074058,1.3783223676624952,0.5252249749491087,0.3542370431964479,0.5084733171858631,-0.08257346484903604,-0.8382326639575086,East Kilbride and Strathaven,1
1.2768762499433488,-1.3589593918779796,-2.2878465888067,-1.5056298990436712,-1.5738408145697982,-0.553792082452733,1.7572755406217566,-0.24966131389319116,1.3039404967492998,0.5631157610299878,1.005969740236295,-0.49047523007308785,East Renfrewshire,2
-3.331764042609533,-3.9133393322781407,4.464563779918567,-2.954376020948453,1.1324530176622283,0.04092046516177654,1.1374281576988072,0.49588094419458667,0.21713995306274733,0.062570578020866,0.16169174158640945,-0.2375675529589101,Edinburgh East and Musselburgh,2
-3.133220302335358,-5.083988176758399,2.492702414366195,-2.3395900900843314,0.44263850307603136,-0.5979960339431712,0.8346278639463677,-0.31574155704117035,-1.5650743839524024,-0.12854944863880793,-1.0623210232702969,-0.5436758123067876,Edinburgh North and Leith,2
-2.424439227640781,-4.711994014355171,2.012129071425421,-3.4085914388834535,-0.07095223488111277,-0.4400924442786002,1.2497328789000586,-0.3582532160247325,0.6230160086532713,0.3031763094249107,0.4883589950219566,0.1689249352529009,Edinburgh South,2
-2.382251608784948,-3.5961789487551417,2.056017221971162,-2.596962308517381,0.7945227116115333,-0.09843818910949695,0.3565789547735468,-0.7654069365289766,-1.1032940699367169,-0.14240532242788395,-0.3452374288830693,-0.5176909620363437,Edinburgh South West,2
0.743349108035115,-2.82418691750212,-0.6020458436586775,-2.3895548483168976,-0.6030004569538426,-0.702301474485659,2.318788913885799,1.3250333440812878,1.1967838636498447,0.8754074530474409,-0.40617091193306004,-0.1202322520354885,Edinburgh West,2
2.526790738865425,0.6152092372442038,1.8386480831935017,-0.5148823595815598,0.05780484327879814,-0.43352446240298986,1.793881528442691,0.9476170112678491,-0.08841172079871581,0.9032229013402754,-0.6126888573241548,-0.7899010648353381,Falkirk,1
-2.324869889718393,0.6955239128940605,2.9120762137934086,0.4079370653464708,0.30738899378177414,-0.015238367137671883,-0.1866433366440593,-0.7998283355839868,-0.7602073589111438,0.4738224629200675,-0.09219289111919315,-1.706373539793546,Glasgow East,2
-5.852182051851683,-3.019307046477806,5.834155282925997,-2.490964619743568,1.9027726281066224,0.29070941521262955,-0.5541262557547536,-1.3638463159893786,-0.05742842822362967,0.35549894406071825,1.2610460211286305,-0.8839820279199148,Glasgow North,2
-2.038922185206769,1.8198860888776616,5.041834662927881,1.434639818599853,1.153546252507495,-0.26662929013655967,0.4525032259586802,0.6614206061912606,0.7432013318437845,1.5619674228415883,0.8618038455158624,-1.2342971171426769,Glasgow North East,2
-0.838438341972136,-0.9222039294594705,1.603291698997651,-1.0410561594460368,-0.5610107263195978,-0.4343724413395215,0.9304665512963517,-0.014122417022643599,-0.15686960253222157,0.5245322346742516,-0.4541682184736744,-1.4129404058456616,Glasgow South,2
-2.1586425942205345,1.999337882997583,2.4095425339790664,-0.6581300705434521,-0.5507384507215237,0.18190800450037103,1.299293994896104,0.44624718842006683,0.9687753943544215,0.9528693173761797,-0.5440564664742474,-1.4487131379456395,Glasgow South West,2
-2.57297809130736,-1.9924248413501675,3.56910459069353,-1.135596178817239,0.4707860033825943,-0.2827985086237292,0.9687579769434366,0.2852814746024818,0.836413195912026,1.1816500751941323,0.263446281084899,-1.186403044664394,Glasgow West,2
2.7730828834792294,1.9184616091695228,3.4278560320311673,-0.5772893752152626,0.7753708728512048,-0.04295641458441573,2.4554842339300964,1.020960725284862,-0.8398537266052863,1.0668612282917482,-1.4076680292907142,-0.3471377376192445,Glenrothes and Mid Fife,1
3.3486719706766883,-0.7997399997350165,-0.08026094653483404,-1.3348279439434492,-0.37552251474172677,-0.2683366298537064,2.0150585714194604,0.34777358662775765,-0.6728561968332758,0.5475971073521955,-1.4876310933373087,-0.6376255209396456,Gordon and Buchan,1
2.5957259151787864,0.7914881912369061,1.0510378357531192,0.08729614464328846,-0.006064258448306521,-0.17324358276835308,0.7952353510826945,0.4904289122708664,0.3584675634186305,0.7600775133148677,0.22932219821470518,-0.7761212280648048,Hamilton and Clyde Valley,1
2.8669769393381976,0.7080595041975707,0.7927977572659439,0.7749487239815962,-0.03504721187353342,-0.03634079169649416,-0.1320676403040329,0.7293547528890157,1.2804590296813032,1.0539750818953102,1.222046569143471,-0.8422314479830814,Inverclyde and Renfrewshire West,1
2.5990011689273884,-0.42514897752905867,1.1754621859458916,-0.6799824460362404,0.2698762487125432,-0.054401070892612056,1.4549754616438237,1.245190044196075,-0.3069605340473645,0.32681683521784854,-0.9554214718235481,-0.7266408170902601,"Inverness, Skye and West Ross-shire",1
2.951368665782217,0.9844852913470883,2.0309272419136915,-0.42127377188854254,0.21681627633379383,-0.139605373675211,2.0512585476667238,1.4141730488441469,0.27404530697706536,0.9304768466784697,-0.5674557935860349,-0.9096365449152856,Kilmarnock and Loudoun,1
1.9477272469914026,0.4130940097096403,1.302289726288859,-0.5230133283970892,-0.09052970468085121,-0.549454288211056,1.5699404314734906,-0.044707098360665075,-0.9467261606220314,0.5358636138404163,-1.005428621145112,-0.5601314772971504,Livingston,1
2.701382045786083,-0.6756029372716238,0.7112822509740253,-0.9416662475701959,-0.3999770205920656,-0.7704697520956469,2.084523132705195,0.6835829048192255,-0.5509440830183594,0.6750965374003978,-1.0324960080706893,-1.0031142019780812,Lothian East,1
2.4934857595735767,-2.224940561221054,-2.0794205940762085,-1.756359379006597,-0.9937072856943461,-0.9140526584756117,0.9398536906458247,0.054168366579306036,0.9941544152403199,0.7645374305609308,0.6252733708874048,-0.9317874691842261,Mid Dunbartonshire,2
2.4652158449079575,-0.11872330039224155,1.1249792196381194,-0.9401567479092703,-0.17965058836658515,-0.6696726838775124,2.2763928068250854,0.5569813355347377,-0.9281210054742164,0.5408072975131522,-1.361380820515648,-0.9403230261622425,Midlothian,1
3.5732926236682268,-0.32238344477716196,1.1638601702814535,-1.0538779136598446,0.6103278394455902,0.5250854642281902,1.0888698184475931,1.1532683221628812,-0.8550070341640205,-0.1996154433989664,-1.5740390133570985,-0.28321951788449323,"Moray West, Nairn and Strathspey",1
2.1228268140057747,1.5443128789817073,1.9038056312041092,0.7485609717406491,-0.2058810143452583,-0.5372802724741801,1.2520722897594416,1.3923573782678185,1.3397189537072673,1.4675439897881304,0.6620909371863231,-0.642365439530787,"Motherwell, Wishaw and Carluke",1
4.073537628181062,0.5280622258985419,-0.2531520951648774,0.939158285324349,0.013720076539653823,0.257608440191115,-0.22971753440708187,1.8002867749299662,1.9721735208517825,0.8168216430159174,1.1502046429056545,-0.9534221278148781,Na h-Eileanan an Iar,1
3.1572586428735447,0.611842112911078,1.4400078316923164,-0.002019849409817511,0.4208095047809183,0.17616828164723533,0.699938225860683,0.6569291222190906,-0.2641032484866654,0.7450924595031408,-0.2715655658967599,-1.262615373843277,North Ayrshire and Arran,1
1.6313358009304224,-2.121836625993508,1.794217657834336,-2.139662686007785,0.6508727576807943,0.4135382925529077,0.2823162492984153,-0.2926129783768182,-0.7781166913836055,-0.21347464227752735,-0.28457481978284604,-0.6753173717805386,North East Fife,2
3.276004099415617,0.142715365173064,1.5144259839928278,-0.8890906017885499,0.26790792820588705,-0.26153302395772354,2.482220169954408,1.7709779369040717,-0.08219690898144011,0.6161487477571873,-1.2876144277552724,-0.8685057058937705,Orkney and Shetland,1
1.7284510814874734,0.1247530832887278,0.568068743635675,-0.2997791649846827,-0.018034958004110875,-0.42430084272053653,0.5710115148202841,-0.3965614389079462,-0.6080293112852526,0.5715263137323419,-0.24581310638735862,-1.1601686576502492,Paisley and Renfrewshire North,1
2.0183572607857263,0.3084506041151576,1.9147367329393754,-0.2751112506143374,0.2327183316395921,-0.2753483878757237,1.0780457055794768,0.8253377285806851,0.3623950113057989,0.8530435218468813,0.07379214554518658,-1.002693057152426,Paisley and Renfrewshire South,1
2.519671761664807,-1.1904066000786204,0.4726421133077459,-0.8791707039800009,0.09636234862673158,-0.0029940828560217534,0.9927713462039072,0.8007433284953771,-0.5169483594837658,0.039842313568516356,-1.0053435635952208,-0.5923005557233079,Perth and Kinross-shire,1
2.211752038805274,0.507173747319466,0.5467352939124897,-0.02859196655197413,-0.37715928334371174,-0.39739419424601846,0.684166156284867,0.19602882596243487,0.3034588360040617,0.7626791651108993,0.2902577271880166,-1.0239522579626004,Rutherglen,1
1.7146949520223518,-1.7073656145883425,0.987264989236772,-1.625862334100728,-0.05964552343034986,-0.4351332590142679,0.8917012347504069,-0.1112922515309248,-0.43412648121354813,0.26975158261000665,-0.22579197127429443,-0.7550251198666121,Stirling and Strathallan,2
2.923874118616577,-1.7740056695700401,-0.8646045124467642,-1.515149819495341,-0.6417890289740362,-0.5674920727918413,1.6147802564259568,-0.21191036181418343,-1.0771688857987758,0.3249207991447029,-1.4656935062278682,-0.567070238112038,West Aberdeenshire and Kincardine,2
2.48587168049925,1.6808655031147377,2.22516657939345,1.0374763843356911,0.2535219050216831,-0.31596226096266866,0.9789201182614753,1.3961753260271956,0.7323422939335024,1.309779705891358,0.42073543344697545,-0.9783850737378933,West Dunbartonshire,1
2.5494815142460623,2.3170228334797915,2.417018429665829,0.19928441743507821,0.6585289667341202,0.1435729996098696,0.9240983090286001,-0.09665639596684236,-0.5493044647887013,0.711372829978168,-0.39565382480831207,0.7027201790849128,Aberafan Maesteg,1
2.9278122057539586,0.6891067722713372,0.27664654018520163,0.47586600497587705,0.16596325726472555,0.113439631856942,-0.4565251378234431,-0.7141189790691366,-0.651281962476329,0.08257758842400502,0.004454804498470724,0.46097937638095,Alyn and Deeside,1
1.966454532191406,-0.7054170421525281,1.1965236162298212,-0.8494095395091141,0.40472259228669516,0.5628230534238411,-0.03774313613479067,0.8400779228317589,1.0434342000457808,-0.10544360571466901,0.49861748482392415,-0.05826011134080485,Bangor Aberconwy,1
2.5678420620220312,2.820056414016842,3.0611242306214628,0.36642136208669485,0.9021763200074702,0.17591260923533775,1.2081366723889815,-0.43113558962103304,-1.2699738032246755,0.9084909120156063,-0.8578424637137412,0.4099828760861918,Blaenau Gwent and Rhymney,1
3.4860000213731053,-0.2925322726370279,0.022966301025625434,-0.19292446496622168,0.466385212131386,0.7502111463170636,0.12091386723046019,1.465662403116374,0.26672676151876884,-0.38943716111776694,-0.4443435188058667,-0.6712383086360758,"Brecon, Radnor and Cwm Tawe",6
2.787685815461723,-0.13154688324663072,0.6944192616671924,-0.8009866978286508,0.044115899543117405,-0.08589469040500135,0.7834623570544864,0.3573448799541661,0.25404352913564127,0.38205600957778857,-0.2010176889678784,0.37069137034858357,Bridgend,1
3.3185438006209074,0.10268930259720387,0.16773294578774575,-0.18308152898053828,0.19433209948252156,0.5809331016403256,0.6102461846370859,1.7833173041907027,1.38503557553595,0.08719179643163513,0.08165137072980048,-0.4521096767275834,Caerfyrddin,1
2.8688250815672562,1.0210276904731899,1.4804097378591479,-0.5399456652895885,0.2001392424728519,-0.17125771813110624,1.2810240790013987,-0.27719387685084684,-0.7465282385547053,0.5110603913079391,-0.6657488484622127,0.09483381137750942,Caerphilly,1
-2.9271601636384723,-0.4510097022286494,1.8578271642881479,-0.8647583372207868,0.04796214982556898,0.2644902523329384,-0.3427315633115394,-1.3711449032134824,0.0528151262081042,-0.4627493562027565,0.009740556546156593,-0.37303809839547003,Cardiff East,2
0.21237413097437394,-1.9600276619803716,0.028058484566529023,-1.7764161217606602,-0.6044473350579337,-0.45632260109865547,0.9790425234800881,0.6201118827062136,2.2584083529691474,0.39136273831460083,0.7010979807578006,0.017452090403619492,Cardiff North,2
-4.278724818573946,-1.8309730748804982,2.915212211645326,-2.582675112088027,0.6308992310714978,0.9579212021475324,-0.6548362744895267,-1.1393176602741424,0.9831844782127453,-0.8976035753672074,0.38782660505981303,-0.5328503568080515,Cardiff South and Penarth,2
-0.7191411541522716,-0.4012079667663811,0.6733324910134888,-0.6474330633058868,-0.7798138033776635,-0.8847738173284017,0.5689825422511421,-0.295022874168374,-0.12426515529007219,0.33565599821401965,0.1243418531412102,0.052858644199450806,Cardiff West,4
2.542700325794721,-1.3823497592101037,0.47641591308421527,-1.161634449346398,0.6006998598342046,0.8851292067241899,-0.21187745787433146,1.0150567503525427,0.5267234194868736,-0.9683945280398796,0.09381984020757203,-0.853152096416517,Ceredigion Preseli,6
3.4532801792201653,-0.2936146987159646,-0.32092817613148583,-0.1627174795074212,0.027939465063087036,0.3952869449693036,-0.4104374167506942,0.21755553735813568,0.23321321512667995,-0.03461563780320158,0.23168214438627222,-0.14601051599731166,Clwyd East,6
2.706252855500309,0.8743137806842763,1.1370352423996417,0.011628371978905616,0.39482228790453994,0.6343331823270252,0.34146710846569117,1.2230018240686666,1.1378750228918484,0.185000669438741,0.17445186306644583,0.7358474471679397,Clwyd North,1
3.2766134306583523,-0.09097714070304098,0.24897575760504317,-0.14040805132263304,0.17785541962584267,0.40346459663325146,0.1658779956787615,0.8673927940648201,0.301126354284915,0.055708643084042275,-0.03973772844276851,-0.529681417613904,Dwyfor Meirionnydd,6
2.867364948797174,-0.9648478959958288,-0.4877761826408424,-0.9085110375197155,-0.31094429288890735,-0.0006645659272341187,0.16049638351768053,-0.021041399707217422,0.2046272804307294,0.15373982618690055,0.09257045197415945,-0.3885122154283944,Gower,5
2.8853099287346415,0.8800260193385646,0.9535838806725192,0.018005423535548255,0.2774202444737497,0.16891345378363506,0.453839140932478,0.065329795976671,-0.09285876722631967,0.37548226673967455,-0.1731903086222384,0.33256205338149936,Llanelli,1
2.5266168686927126,1.9333272749931576,2.0941873358287477,0.20365194056257388,0.4666927528585252,0.03399753694690465,1.069716508317401,0.06462205376826106,-0.24571047465751464,0.6968967873266124,-0.3488817367783534,0.6459820743701169,Merthyr Tydfil and Aberdare,1
3.1722485714252238,0.5289452836201077,0.7124337950858967,0.2264843314370158,0.4105830969255247,0.5567294939540266,0.0073864386616222305,0.8750234242344521,0.21216939173066648,0.052977798214191386,-0.1271337238866402,-0.018951651777870348,Mid and South Pembrokeshire,6
3.1192092143283414,-1.246308823517799,-0.5374648622156123,-0.5234271077077798,-0.22998572892650757,0.014181192705886246,-0.0100283929703958,0.47506894455682025,0.21918415032507946,0.180244298726676,0.05205063411836719,-0.4288012406255529,Monmouthshire,5
3.1419148685416953,0.6131259340128291,0.4830147636858916,0.4509315488774402,0.3537035364246942,0.5195432999122271,-0.12661106413622164,0.27700590604983666,-0.5888354544482917,-0.09655714773833779,-0.3534668440411548,-0.6178868629534896,Montgomeryshire and Glyndwr,6
2.1345551407250074,0.9737337210897591,1.6978827048349736,-0.33131732969882044,0.48608265611322454,0.13317516432131785,0.30725396109005615,-0.6186766948018569,-0.6645844777539119,0.24920260070235517,-0.13915553832687574,0.08984988784688835,Neath and Swansea East,1
-0.08921049778530095,2.0549405316627913,1.2426604557933578,0.42142585027716195,-0.5669670146607354,0.04487160451157771,0.3495270272870243,-0.4006467587872785,-0.5019639939597066,0.21690745992438348,-0.5576544931627558,0.41255741474071855,Newport East,4
2.17655723868843,0.6296982550247231,0.8645761699054836,-0.40971515024611593,-0.14423047262882527,-0.46941976073221875,1.0711213231920131,0.0890797659501812,0.035177357466142485,0.603520220192514,-0.2443289782053008,0.3071354716467843,Newport West and Islwyn,1
2.1735587012692226,0.7744913145457683,1.8765474312035737,-0.9752411900848434,0.3214016064711734,-0.09517591655265567,1.6311490693045758,0.48600619788588895,0.3753209046037137,0.3916326424276734,-0.42308313912034473,0.6395273793582846,Pontypridd,1
2.671186810171302,2.337937461966827,2.818934111878638,-0.6362904004385241,0.8518943102663232,0.4188696473322439,1.8924623433917396,0.17702986703143414,-0.47173894174870956,0.39664527492438656,-1.037813787836886,0.8193034156081275,Rhondda and Ogmore,1
-1.2393575766889526,0.7549789174922084,4.007306272086661,-0.9211634967910274,0.6948045044610339,0.4287084422238113,0.8643100078360434,1.0959933857494595,1.112739901025008,0.6239130467338928,0.5360013488550944,0.46894445401058593,Swansea West,2
2.6672696992904346,1.4867244865065066,2.0625803656661827,0.05487912738881159,0.29589857724827434,-0.3207222966247642,1.3004393148652167,0.5654273004756055,0.10674145603520845,0.981359021963044,-0.22551718284296754,0.4149986511131519,Torfaen,1
2.5201638156606343,-0.5209929650578045,0.23630815290954865,-0.7272123728250703,-0.2237567235076324,-0.23113561226676316,0.5652013843630281,-0.11141811698787484,-0.0824644930930768,-0.03782483676043223,-0.3169068892423111,0.273397719602645,Vale of Glamorgan,5
2.0353627957713165,0.9084266976963735,1.1271208207598742,0.6314313651766681,0.16503900453229634,0.03828770879922837,0.1170718785931946,0.5165785476789035,0.4260386086796689,0.5014170120110035,0.28818057497840743,0.5619784669740869,Wrexham,1
3.517992175305349,0.19584780124544876,0.1320087370017441,0.08543584750657587,0.09011913259703133,0.49559534245159415,-0.19677447826624692,0.6471251745382374,0.4303026739794484,0.19707471844540914,0.2200642125593898,-0.3031647426435506,Ynys Môn,6
