Seat,Tribe,Labour,Conservative,Reform,LibDem,Green,Oth,SNP,Plaid
Aldershot,Muslim,1.6302648,0.0,0.0,0.0,0.0,0.6,0,0
Aldershot,Left,0.5643327849089195,4.537250730291785,0.0,0.0,4.4,0.0,0,0
Aldershot,Progressives,12.038584300145882,0.0,0.0,0.0,0.0,0.0,0,0
Aldershot,Average,26.4668181149452,0.0,0.0,0.0,0.0,0.0,0,0
Aldershot,Liberal,0.0,15.289032921867243,0.0,8.3,0.0,0.0,0,0
Aldershot,Blues,0.0,6.402711699999999,0.0,0.0,0.0,0.0,0,0
Aldershot,Reforms,0.0,2.771004647840975,16.9,0.0,0.0,0.0,0,0
Aldridge-Brownhills,Muslim,0.0,2.2039186,0.0,0.0,0.0,0.0,0,0
Aldridge-Brownhills,Left,0.0,3.9588329764453816,0.0,0.0,4.3,0.0,0,0
Aldridge-Brownhills,Progressives,11.961245363287087,0.0,0.0,0.0,0.0,0.0,0,0
Aldridge-Brownhills,Average,16.538754636712913,11.321268810357608,0.0,0.0,0.0,0.0,0,0
Aldridge-Brownhills,Liberal,0.0,19.281030353573094,0.0,4.3,0.0,0.0,0,0
Aldridge-Brownhills,Blues,0.0,1.3751106000000002,0.0,0.0,0.0,0.0,0,0
Aldridge-Brownhills,Reforms,0.0,0.5598386596239209,24.2,0.0,0.0,0.0,0,0
Altrincham and Sale West,Muslim,5.2058103000000004,0.0,0.0,0.0,0.0,1.2,0,0
Altrincham and Sale West,Left,0.6124080064959108,0.0,0.0,0.0,7.2,0.0,0,0
Altrincham and Sale West,Progressives,10.851632474267468,0.0,0.0,0.0,0.0,0.0,0,0
Altrincham and Sale West,Average,16.90653263441068,0.0,0.0,0.0,0.0,0.0,0,0
Altrincham and Sale West,Liberal,6.823616584825938,22.516466704619965,0.0,9.2,0.0,0.0,0,0
Altrincham and Sale West,Blues,0.0,7.2261884,0.0,0.0,0.0,0.0,0,0
Altrincham and Sale West,Reforms,0.0,2.557344895380032,9.6,0.0,0.0,0.0,0,0
Amber Valley,Muslim,0.2424712,0.0,0.0,0.0,0.0,0.0,0,0
Amber Valley,Left,0.6705984741998783,1.6263880517762743,0.0,0.0,5.4,0.0,0,0
Amber Valley,Progressives,5.337383742933991,0.0,0.0,0.0,0.0,0.0,0,0
Amber Valley,Average,30.74954658286613,0.0,0.0,0.0,0.0,0.0,0,0
Amber Valley,Liberal,0.0,14.815733710723467,0.0,3.7,0.0,0.0,0,0
Amber Valley,Blues,0.0,3.9505322,0.0,0.0,0.0,0.0,0,0
Amber Valley,Reforms,0.0,4.807346037500256,28.7,0.0,0.0,0.0,0,0
Arundel and South Downs,Muslim,0.0,0.0,0.0,0.0,0.0,0.2634395,0,0
Arundel and South Downs,Left,0.0,0.0,0.0,0.0,6.836464413596888,0.0,0,0
Arundel and South Downs,Progressives,7.393255370169832,0.0,0.0,0.0,0.0,0.0,0,0
Arundel and South Downs,Average,10.506744629830166,2.490608962249695,0.0,0.0,3.2635355864031013,0.036560499999999996,0,0
Arundel and South Downs,Liberal,0.0,13.968668419443759,0.0,18.0,0.0,0.0,0,0
Arundel and South Downs,Blues,0.0,19.5726533,0.0,0.0,0.0,0.0,0,0
Arundel and South Downs,Reforms,0.0,4.16806931830655,13.5,0.0,0.0,0.0,0,0
Ashfield,Muslim,0.0,0.0,0.0,0.0,0.0,0.6293346,0,0
Ashfield,Left,0.0,0.0,0.0,0.0,2.8,5.716195771642842,0,0
Ashfield,Progressives,6.20577270424171,0.0,0.0,0.0,0.0,0.0,0,0
Ashfield,Average,22.79422729575829,0.0,7.677175091140157,0.0,0.0,3.9207947954111972,0,0
Ashfield,Liberal,0.0,6.7653611,0.0,1.6,0.0,5.3336748329459684,0,0
Ashfield,Blues,0.0,1.4346389,0.0,0.0,0.0,0.0,0,0
Ashfield,Reforms,0.0,0.0,35.12282490885984,0.0,0.0,0.0,0,0
Ashford,Muslim,0.0,0.0,0.0,0.0,0.0,1.885503,0,0
Ashford,Left,0.0,0.0,0.0,0.0,8.523884599008003,0.0,0,0
Ashford,Progressives,11.554827434543244,0.0,0.0,0.0,0.0,0.0,0,0
Ashford,Average,20.945172565456758,6.806256604673191,0.0,0.0,0.7761154009919897,0.8144970000000002,0,0
Ashford,Liberal,0.0,13.789074225438,0.0,5.2,0.0,0.0,0,0
Ashford,Blues,0.0,7.8923325,0.0,0.0,0.0,0.0,0,0
Ashford,Reforms,0.0,0.21233666988880984,21.6,0.0,0.0,0.0,0,0
Ashton-under-Lyne,Muslim,2.562774900000001,0.0,0.0,0.0,0.0,8.0,0,0
Ashton-under-Lyne,Left,1.1723284284000322,1.5592444419858076,0.06070462302962909,0.0,7.0,0.0,0,0
Ashton-under-Lyne,Progressives,10.16454161714299,0.0,0.0,0.0,0.0,0.0,0,0
Ashton-under-Lyne,Average,30.00035505445697,0.0,0.0,0.0,0.0,0.0,0,0
Ashton-under-Lyne,Liberal,0.0,8.188734358014193,0.0,4.0,0.0,0.0,0,0
Ashton-under-Lyne,Blues,0.0,2.5520212,0.0,0.0,0.0,0.0,0,0
Ashton-under-Lyne,Reforms,0.0,0.0,24.73929537697037,0.0,0.0,0.0,0,0
Aylesbury,Muslim,0.0,7.4151940000000005,0.0,0.0,0.0,1.3,0,0
Aylesbury,Left,0.0,3.084727207465863,0.0,0.0,5.2,0.0,0,0
Aylesbury,Progressives,12.056770847626204,0.0,0.0,0.0,0.0,0.0,0,0
Aylesbury,Average,18.143229152373795,6.376459686968179,0.0,0.16111109333834506,0.0,0.0,0,0
Aylesbury,Liberal,0.0,0.0,0.0,20.738888906661654,0.0,0.0,0,0
Aylesbury,Blues,0.0,8.5906761,0.0,0.0,0.0,0.0,0,0
Aylesbury,Reforms,0.0,3.4329430055659564,13.5,0.0,0.0,0.0,0,0
Banbury,Muslim,1.1180534,0.0,0.0,0.0,0.0,2.6,0,0
Banbury,Left,2.380454103761285,0.0,0.0,0.0,5.4,0.0,0,0
Banbury,Progressives,10.529536895770022,0.0,0.0,0.0,0.0,0.0,0,0
Banbury,Average,21.180471919846525,0.0,0.0,0.0,0.0,0.0,0,0
Banbury,Liberal,3.091483680622165,11.92968930314251,0.0,9.0,0.0,0.0,0,0
Banbury,Blues,0.0,10.3280444,0.0,0.0,0.0,0.0,0,0
Banbury,Reforms,0.0,9.342266296857492,13.0,0.0,0.0,0.0,0,0
Barking,Muslim,7.119476742054097,0.39183432945371255,6.405035429769131,0.0,0.546127298723059,13.1,0,0
Barking,Left,0.0,0.0,0.0,0.0,13.15387270127694,0.0,0,0
Barking,Progressives,34.01778863681714,0.0,0.0,0.0,0.0,0.0,0,0
Barking,Average,3.362734621128766,0.0,0.0,0.0,0.0,0.0,0,0
Barking,Liberal,0.0,7.954109370546289,0.0,2.8,0.0,0.0,0,0
Barking,Blues,0.0,3.4540562999999995,0.0,0.0,0.0,0.0,0,0
Barking,Reforms,0.0,0.0,7.69496457023089,0.0,0.0,0.0,0,0
Barnsley North,Muslim,0.0,0.0,0.0,0.0,0.0,0.5789474,0,0
Barnsley North,Left,0.6745090938598626,0.0,0.0,0.0,4.9,2.8210526,0,0
Barnsley North,Progressives,6.317744101264008,0.0,0.0,0.0,0.0,0.0,0,0
Barnsley North,Average,34.458126285376295,0.0,0.0,0.0,0.0,0.0,0,0
Barnsley North,Liberal,8.949620519499836,1.3647420775647952,0.0,3.6,0.0,0.0,0,0
Barnsley North,Blues,0.0,2.2161627,0.0,0.0,0.0,0.0,0,0
Barnsley North,Reforms,0.0,4.819095222435205,29.3,0.0,0.0,0.0,0,0
Barnsley South,Muslim,0.0,0.0,0.0,0.0,0.0,0.6036332,0,0
Barnsley South,Left,1.7243228551724084,0.0,0.0,0.0,4.3,2.4963668,0,0
Barnsley South,Progressives,6.459222332214579,0.0,0.0,0.0,0.0,0.0,0,0
Barnsley South,Average,34.840088441710364,0.0,0.0,0.0,0.0,0.0,0,0
Barnsley South,Liberal,3.6763663709026506,6.561479646714959,0.0,3.3,0.0,0.0,0,0
Barnsley South,Blues,0.0,0.5535668,0.0,0.0,0.0,0.0,0,0
Barnsley South,Reforms,0.0,2.184953553285041,33.2,0.0,0.0,0.0,0,0
Barrow and Furness,Muslim,0.0,0.0,0.0,0.0,0.0,0.4013425999999999,0,0
Barrow and Furness,Left,4.517264137389226,0.0,0.0,0.0,3.5,0.19865739999999477,0,0
Barrow and Furness,Progressives,5.996353986760197,0.0,0.0,0.0,0.0,0.0,0,0
Barrow and Furness,Average,27.727123856137094,0.0,0.0,0.0,0.0,0.0,0,0
Barrow and Furness,Liberal,5.65925801971348,10.452544732010761,0.0,4.0,0.0,0.0,0,0
Barrow and Furness,Blues,0.0,6.436544500000001,0.0,0.0,0.0,0.0,0,0
Barrow and Furness,Reforms,0.0,14.41091076798924,16.7,0.0,0.0,0.0,0,0
Basildon and Billericay,Muslim,0.0,0.0,0.5574877999999999,0.0,0.0,1.3,0,0
Basildon and Billericay,Left,0.0,0.0,4.1608427153104275,0.0,5.0,0.0,0,0
Basildon and Billericay,Progressives,11.27853759911659,0.0,0.0,0.0,0.0,0.0,0,0
Basildon and Billericay,Average,19.321462400883412,11.019917921731434,0.014928437397777827,0.0,0.0,0.0,0,0
Basildon and Billericay,Liberal,0.0,17.61529167826857,0.0,5.4,0.0,0.0,0,0
Basildon and Billericay,Blues,0.0,1.9647904,0.0,0.0,0.0,0.0,0,0
Basildon and Billericay,Reforms,0.0,0.0,22.266741047291795,0.0,0.0,0.0,0,0
Basingstoke,Muslim,0.8085978999999999,0.0,0.0,0.0,0.0,1.2,0,0
Basingstoke,Left,1.0703114996578007,0.0,0.0,0.0,7.3,0.0,0,0
Basingstoke,Progressives,11.44282469884658,0.0,0.0,0.0,0.0,0.0,0,0
Basingstoke,Average,26.25858349571328,0.0,0.0,0.0,0.0,0.0,0,0
Basingstoke,Liberal,3.0196824057823584,16.49480148525572,0.0,6.5,0.0,0.0,0,0
Basingstoke,Blues,0.0,5.303784,0.0,0.0,0.0,0.0,0,0
Basingstoke,Reforms,0.0,7.701414514744277,12.9,0.0,0.0,0.0,0,0
Bassetlaw,Muslim,0.6314658,0.0,0.0,0.0,0.0,0.0,0,0
Bassetlaw,Left,3.216574460878376,0.0,0.0,0.0,4.3,0.0,0,0
Bassetlaw,Progressives,6.52817256446471,0.0,0.0,0.0,0.0,0.0,0,0
Bassetlaw,Average,27.66589588739473,0.0,0.0,0.0,0.0,0.0,0,0
Bassetlaw,Liberal,3.1578912872621867,10.905529788587458,0.0,4.4,0.0,0.0,0,0
Bassetlaw,Blues,0.0,6.881138000000001,0.0,0.0,0.0,0.0,0,0
Bassetlaw,Reforms,0.0,10.513332211412543,21.7,0.0,0.0,0.0,0,0
Bath,Muslim,0.0,0.0,0.0,0.0,0.0,1.5144857,0,0
Bath,Left,0.0,8.480292401042043,0.0,1.8410218678261039,12.4,2.9855143,0,0
Bath,Progressives,13.785170754537118,0.0,0.0,0.0,0.0,0.0,0,0
Bath,Average,4.214829245462882,0.0,0.0,19.447084965167477,0.0,0.0,0,0
Bath,Liberal,0.0,0.0,0.0,20.011893167006416,0.0,0.0,0,0
Bath,Blues,0.0,2.1027524,0.0,0.0,0.0,0.0,0,0
Bath,Reforms,0.0,5.316955198957958,7.9,0.0,0.0,0.0,0,0
Battersea,Muslim,5.8611438,0.0,0.0,0.0,0.0,2.7,0,0
Battersea,Left,0.865989469769425,0.635238321650462,0.0,0.0,9.0,0.0,0,0
Battersea,Progressives,42.07286673023057,0.0,0.0,0.0,0.0,0.0,0,0
Battersea,Average,0.0,0.0,0.0,0.0,0.0,0.0,0,0
Battersea,Liberal,0.0,14.496803039720156,0.0,10.3,0.0,0.0,0,0
Battersea,Blues,0.0,7.8914756,0.0,0.0,0.0,0.0,0,0
Battersea,Reforms,0.0,0.17648303862938075,6.0,0.0,0.0,0.0,0,0
Beaconsfield,Muslim,0.0,1.6269966999999999,0.0,0.0,0.0,2.0,0,0
Beaconsfield,Left,0.0,3.130360879995898,0.0,0.0,4.1,0.0,0,0
Beaconsfield,Progressives,15.1,1.0791270032839169,0.0,0.0,0.0,0.0,0,0
Beaconsfield,Average,0.0,16.55638729516076,0.0,0.0,0.0,0.0,0,0
Beaconsfield,Liberal,0.0,8.196236876847433,0.0,27.3,0.0,0.0,0,0
Beaconsfield,Blues,0.0,8.0621789,0.0,0.0,0.0,0.0,0,0
Beaconsfield,Reforms,0.0,0.1487123447119849,12.7,0.0,0.0,0.0,0,0
Beckenham and Penge,Muslim,3.975947120696193,0.0,0.0,0.0,0.181775679303807,0.0,0,0
Beckenham and Penge,Left,0.0,0.0,0.0,0.0,7.118224320696193,0.0,0,0
Beckenham and Penge,Progressives,25.155436919118397,0.0,0.0,0.0,0.0,0.0,0,0
Beckenham and Penge,Average,19.78140090994488,0.0,0.0,0.0,0.0,0.0,0,0
Beckenham and Penge,Liberal,0.38721505024052494,21.119365300000002,0.8263278049352767,8.5,0.0,0.0,0,0
Beckenham and Penge,Blues,0.0,3.4806347,0.0,0.0,0.0,0.0,0,0
Beckenham and Penge,Reforms,0.0,0.0,9.473672195064724,0.0,0.0,0.0,0,0
Bedford,Muslim,0.0,4.1722351,0.0,0.0,0.0,6.0,0,0
Bedford,Left,0.0,3.944723300532633,0.0,0.0,5.9,0.0,0,0
Bedford,Progressives,19.601181836382004,0.0,0.0,0.0,0.0,0.0,0,0
Bedford,Average,25.498818163617997,1.1975882825854534,0.0,0.0,0.0,0.0,0,0
Bedford,Liberal,0.0,5.504774296349675,0.0,9.9,0.0,0.0,0,0
Bedford,Blues,0.0,2.0260808,0.0,0.0,0.0,0.0,0,0
Bedford,Reforms,0.0,5.054598220532238,11.2,0.0,0.0,0.0,0,0
Bermondsey and Old Southwark,Muslim,0.0,3.4146323,3.1822526788458907,0.6446230211541089,0.0,2.5,0,0
Bermondsey and Old Southwark,Left,0.0,0.0,0.0,4.704519233833599,11.9,0.0,0,0
Bermondsey and Old Southwark,Progressives,44.8,0.0,0.0,3.3950296532466595,0.0,0.0,0,0
Bermondsey and Old Southwark,Average,0.0,0.0,0.0,0.0,0.0,0.0,0,0
Bermondsey and Old Southwark,Liberal,0.0,0.0,0.0,15.355828091765634,0.0,0.0,0,0
Bermondsey and Old Southwark,Blues,0.0,4.2853677,0.0,0.0,0.0,0.0,0,0
Bermondsey and Old Southwark,Reforms,0.0,0.0,5.817747321154102,0.0,0.0,0.0,0,0
Bethnal Green and Stepney,Muslim,12.915598199999998,0.0,0.0,0.0,0.0,33.7,0,0
Bethnal Green and Stepney,Left,0.3273838278915795,0.0,0.0,5.43513670848644,13.7,0.0,0,0
Bethnal Green and Stepney,Progressives,19.93036082392481,0.0,0.0,0.0,0.0,0.0,0,0
Bethnal Green and Stepney,Average,0.0,0.0,0.0,0.0,0.0,0.0,0,0
Bethnal Green and Stepney,Liberal,0.0,0.0,0.0,4.764863291513559,0.0,0.0,0,0
Bethnal Green and Stepney,Blues,0.9266571481835943,4.1,0.2278672518164062,0.0,0.0,0.0,0,0
Bethnal Green and Stepney,Reforms,0.0,0.0,3.972132748183594,0.0,0.0,0.0,0,0
Beverley and Holderness,Muslim,0.0,0.0,0.0,0.0,0.0,0.3999820999999999,0,0
Beverley and Holderness,Left,0.0,1.9257032506899598,0.0,0.0,3.7,1.4000179000000001,0,0
Beverley and Holderness,Progressives,6.493212066553758,0.0,0.0,0.0,0.0,0.0,0,0
Beverley and Holderness,Average,27.706787933446243,1.5650219166803865,0.0,0.0,0.0,0.0,0,0
Beverley and Holderness,Liberal,0.0,13.026104076081296,0.0,7.5,0.0,0.0,0,0
Beverley and Holderness,Blues,0.0,10.6415738,0.0,0.0,0.0,0.0,0,0
Beverley and Holderness,Reforms,0.0,7.341596956548358,18.3,0.0,0.0,0.0,0,0
Bexhill and Battle,Muslim,0.0,0.0,0.0,0.0,0.0,0.5768215999999999,0,0
Bexhill and Battle,Left,0.0,0.0,0.0,0.0,6.2,0.39551426744777274,0,0
Bexhill and Battle,Progressives,6.999631534458233,0.0,0.0,0.0,0.0,0.0,0,0
Bexhill and Battle,Average,21.300368465541766,1.696656647824522,0.0,0.0,0.0,6.727664132552224,0,0
Bexhill and Battle,Liberal,0.0,17.574729496332175,0.0,7.3,0.0,0.0,0,0
Bexhill and Battle,Blues,0.0,9.720633,0.0,0.0,0.0,0.0,0,0
Bexhill and Battle,Reforms,0.0,4.907980855843302,16.6,0.0,0.0,0.0,0,0
Bexleyheath and Crayford,Muslim,0.0,2.1761152456993393,1.5294278543006605,0.0,0.0,0.0,0,0
Bexleyheath and Crayford,Left,0.0,0.0,4.718486888375346,0.0,4.8,0.0,0,0
Bexleyheath and Crayford,Progressives,20.087695843292163,0.0,0.0,0.0,0.0,0.0,0,0
Bexleyheath and Crayford,Average,16.11230415670784,7.23250896273316,0.0,0.0,0.0,0.0,0,0
Bexleyheath and Crayford,Liberal,0.0,18.201689091567502,0.0,5.1,0.0,0.0,0,0
Bexleyheath and Crayford,Blues,0.0,3.6896867,0.0,0.0,0.0,0.0,0,0
Bexleyheath and Crayford,Reforms,0.0,0.0,16.352085257323996,0.0,0.0,0.0,0,0
Bicester and Woodstock,Muslim,0.0,1.0340935,0.0,0.0,0.0,0.6,0,0
Bicester and Woodstock,Left,0.0,2.8098682884612938,0.0,0.0,4.8,0.0,0,0
Bicester and Woodstock,Progressives,11.153636217314444,0.0,0.0,0.0,0.0,0.0,0,0
Bicester and Woodstock,Average,5.246363782685554,5.569120287694027,0.0,11.074100925063576,0.0,0.0,0,0
Bicester and Woodstock,Liberal,0.0,0.0,0.0,27.625899074936427,0.0,0.0,0,0
Bicester and Woodstock,Blues,0.0,10.6782193,0.0,0.0,0.0,0.0,0,0
Bicester and Woodstock,Reforms,0.0,8.60869862384467,10.8,0.0,0.0,0.0,0,0
Birkenhead,Muslim,0.0,0.0,0.0,0.0,1.0304532,0.8,0,0
Birkenhead,Left,0.0,0.0,0.0,0.0,9.758331980425346,0.0,0,0
Birkenhead,Progressives,9.482783464244168,0.0,0.0,0.0,0.0,0.0,0,0
Birkenhead,Average,36.03292974365745,0.0,0.0,0.0,0.0,0.0,0,0
Birkenhead,Liberal,6.584286792098382,0.0,0.0,5.3,2.5757229847184924,0.0,0,0
Birkenhead,Blues,0.0,0.5604106000000001,0.0,0.0,0.0,0.0,0,0
Birkenhead,Reforms,0.0,6.9395894,14.2,0.0,6.735491834856162,0.0,0,0
Birmingham Edgbaston,Muslim,7.344704300000002,0.0,0.0,0.0,0.0,8.9,0,0
Birmingham Edgbaston,Left,0.2645805134825192,7.239718663471287,1.1914892852606016,0.0,7.5,0.0,0,0
Birmingham Edgbaston,Progressives,29.735901600636875,0.0,0.0,0.0,0.0,0.0,0,0
Birmingham Edgbaston,Average,6.954813585880601,0.0,0.0,0.0,0.0,0.0,0,0
Birmingham Edgbaston,Liberal,0.0,10.057227136528713,0.0,5.6,0.0,0.0,0,0
Birmingham Edgbaston,Blues,0.0,4.7030542,0.0,0.0,0.0,0.0,0,0
Birmingham Edgbaston,Reforms,0.0,0.0,10.508510714739398,0.0,0.0,0.0,0,0
Birmingham Erdington,Muslim,2.8076456959827496,4.6101146040172525,0.0,0.0,0.0,6.8,0,0
Birmingham Erdington,Left,0.0,1.0251041885897818,3.8739581530219986,0.0,7.3,0.0,0,0
Birmingham Erdington,Progressives,21.93665739596076,0.0,0.0,0.0,0.0,0.0,0,0
Birmingham Erdington,Average,18.955696908056492,0.0,0.0,0.0,0.0,0.0,0,0
Birmingham Erdington,Liberal,0.0,9.158697807392965,0.0,3.3,0.0,0.0,0,0
Birmingham Erdington,Blues,0.0,1.2060834,0.0,0.0,0.0,0.0,0,0
Birmingham Erdington,Reforms,0.0,0.0,19.026041846977986,0.0,0.0,0.0,0,0
Birmingham Hall Green and Moseley,Muslim,16.668951100513855,4.053119199486144,0.0,0.0,0.0,33.7,0,0
Birmingham Hall Green and Moseley,Left,0.0,1.759745132933177,0.0,3.392817743339786,9.4,0.0,0,0
Birmingham Hall Green and Moseley,Progressives,14.131048899486146,0.0,0.0,0.0,0.0,0.0,0,0
Birmingham Hall Green and Moseley,Average,0.0,0.0,0.0,0.0,0.0,0.0,0,0
Birmingham Hall Green and Moseley,Liberal,0.0,0.0,0.0,7.907182256660215,0.0,0.0,0,0
Birmingham Hall Green and Moseley,Blues,0.0,2.9770329,0.0,0.0,0.0,0.0,0,0
Birmingham Hall Green and Moseley,Reforms,0.0,0.4101027675806783,5.5,0.0,0.0,0.0,0,0
Birmingham Hodge Hill and Solihull North,Muslim,6.231914289389984,4.653980310610017,0.0,0.0,0.0,26.6,0,0
Birmingham Hodge Hill and Solihull North,Left,0.0,4.453655535902845,3.3588522703242525,0.0,6.9,0.0,0,0
Birmingham Hodge Hill and Solihull North,Progressives,13.967926806887965,0.0,0.0,0.0,0.0,0.0,0,0
Birmingham Hodge Hill and Solihull North,Average,11.000158903722053,0.0,0.0,0.0,0.0,0.0,0,0
Birmingham Hodge Hill and Solihull North,Liberal,0.0,4.0908347534871385,0.0,2.8,0.0,0.0,0,0
Birmingham Hodge Hill and Solihull North,Blues,0.0,0.4015294,0.0,0.0,0.0,0.0,0,0
Birmingham Hodge Hill and Solihull North,Reforms,0.0,0.0,15.541147729675732,0.0,0.0,0.0,0,0
Birmingham Ladywood,Muslim,15.738201699999998,0.0,0.0,0.0,0.0,33.2,0,0
Birmingham Ladywood,Left,7.717155248936482,3.2121846999999994,0.15370272033724497,4.7,9.5,0.0,0,0
Birmingham Ladywood,Progressives,19.04464305106352,0.0,0.0,0.0,0.0,0.0,0,0
Birmingham Ladywood,Average,0.0,0.0,0.0,0.0,0.0,0.0,0,0
Birmingham Ladywood,Liberal,0.0,0.0,0.0,0.0,0.0,0.0,0,0
Birmingham Ladywood,Blues,0.0,2.8878153,0.0,0.0,0.0,0.0,0,0
Birmingham Ladywood,Reforms,0.0,0.0,3.846297279662755,0.0,0.0,0.0,0,0
Birmingham Northfield,Muslim,0.0,3.4631090999999996,0.0,0.0,0.0,1.8,0,0
Birmingham Northfield,Left,0.0,3.2602452560405073,0.0,0.0,7.5,0.0,0,0
Birmingham Northfield,Progressives,15.02539306158051,0.0,0.0,0.0,0.0,0.0,0,0
Birmingham Northfield,Average,24.574606938419493,1.9205410192567172,0.0,0.0,0.0,0.0,0,0
Birmingham Northfield,Liberal,0.0,13.978589610693348,0.0,4.8,0.0,0.0,0,0
Birmingham Northfield,Blues,0.0,0.8517133,0.0,0.0,0.0,0.0,0,0
Birmingham Northfield,Reforms,0.0,1.8258017140094225,21.0,0.0,0.0,0.0,0,0
Birmingham Perry Barr,Muslim,4.6445878290241325,0.14549737097586757,0.0,0.0,0.0,38.1,0,0
Birmingham Perry Barr,Left,0.0,7.772732029024133,1.482989896802235,0.04599059644937942,6.5,0.0,0,0
Birmingham Perry Barr,Progressives,29.45541217097587,0.0,0.0,0.0,0.0,0.0,0,0
Birmingham Perry Barr,Average,0.0,0.0,0.0,0.0,0.0,0.0,0,0
Birmingham Perry Barr,Liberal,0.0,0.0,0.0,3.4540094035506206,0.0,0.0,0,0
Birmingham Perry Barr,Blues,0.0,3.3817706000000003,0.0,0.0,0.0,0.0,0,0
Birmingham Perry Barr,Reforms,0.0,0.0,5.017010103197756,0.0,0.0,0.0,0,0
Birmingham Selly Oak,Muslim,5.5008362,0.0,0.0,0.0,0.0,7.4,0,0
Birmingham Selly Oak,Left,7.322959084188961,4.4174899671687875,0.7559935006647525,0.0,11.2,0.0,0,0
Birmingham Selly Oak,Progressives,17.117555272590508,0.0,0.0,0.0,0.0,0.0,0,0
Birmingham Selly Oak,Average,15.258649443220534,0.0,0.0,0.0,0.0,0.0,0,0
Birmingham Selly Oak,Liberal,0.0,8.500880732831211,0.0,6.0,0.0,0.0,0,0
Birmingham Selly Oak,Blues,0.0,2.2816293,0.0,0.0,0.0,0.0,0,0
Birmingham Selly Oak,Reforms,0.0,0.0,14.144006499335248,0.0,0.0,0.0,0,0
Birmingham Yardley,Muslim,13.257502399999996,0.0,0.0,0.0,0.0,29.3,0,0
Birmingham Yardley,Left,0.5160912483572719,6.744758798130597,1.7566614419184496,0.0,5.4,0.0,0,0
Birmingham Yardley,Progressives,15.84313386544776,0.0,0.0,0.0,0.0,0.0,0,0
Birmingham Yardley,Average,1.5832724861949714,0.0,0.0,0.0,0.0,0.0,0,0
Birmingham Yardley,Liberal,0.0,1.8893468018694026,0.0,10.1,0.0,0.0,0,0
Birmingham Yardley,Blues,0.0,1.4658943999999998,0.0,0.0,0.0,0.0,0,0
Birmingham Yardley,Reforms,0.0,0.0,12.143338558081547,0.0,0.0,0.0,0,0
Bishop Auckland,Muslim,0.0,0.0,0.0,0.0,0.0,0.2947422999999999,0,0
Bishop Auckland,Left,3.6063687335862955,0.0,0.0,0.0,4.6,0.5052577000000001,0,0
Bishop Auckland,Progressives,6.335557794023536,0.0,0.0,0.0,0.0,0.0,0,0
Bishop Auckland,Average,22.19926625859736,0.0,0.0,0.0,0.0,0.0,0,0
Bishop Auckland,Liberal,9.958807213792811,2.980140060107889,0.0,3.4,0.0,0.0,0,0
Bishop Auckland,Blues,0.0,14.1808956,0.0,0.0,0.0,0.0,0,0
Bishop Auckland,Reforms,0.0,8.438964339892113,23.4,0.0,0.0,0.0,0,0
Blackburn,Muslim,0.25782190000000327,0.0,0.0,0.0,0.0,46.5,0,0
Blackburn,Left,9.65303998052557,0.0,0.0,0.0,3.6,0.0,0,0
Blackburn,Progressives,7.458824742832892,0.0,0.0,0.0,0.0,0.0,0,0
Blackburn,Average,7.621654086227807,0.0,0.0,0.0,0.0,0.0,0,0
Blackburn,Liberal,1.7086592904137206,7.036242185531584,0.0,1.8,0.0,0.0,0,0
Blackburn,Blues,0.0,0.4563538,0.0,0.0,0.0,0.0,0,0
Blackburn,Reforms,0.0,1.4074040144684155,12.5,0.0,0.0,0.0,0,0
Blackley and Middleton South,Muslim,10.11104318864998,4.946199511591382,1.257862399758639,0.0,0.0,0.0,0,0
Blackley and Middleton South,Left,0.0,0.0,1.7213734641394334,0.0,10.2,0.0,0,0
Blackley and Middleton South,Progressives,23.58795291035441,0.0,0.0,0.0,0.0,0.0,0,0
Blackley and Middleton South,Average,20.101003900995607,0.0,0.0,0.0,0.0,0.0,0,0
Blackley and Middleton South,Liberal,0.0,2.8813031884086193,0.0,5.1,0.0,0.0,0,0
Blackley and Middleton South,Blues,0.0,1.9724973,0.0,0.0,0.0,0.0,0,0
Blackley and Middleton South,Reforms,0.0,0.0,18.12076413610193,0.0,0.0,0.0,0,0
Blackpool North and Fleetwood,Muslim,0.0,0.0,0.0,0.0,0.0,0.5041734,0,0
Blackpool North and Fleetwood,Left,0.0,4.034849818638193,0.0,0.0,3.0,0.5958266000000001,0,0
Blackpool North and Fleetwood,Progressives,6.673459646375791,0.0,0.0,0.0,0.0,0.0,0,0
Blackpool North and Fleetwood,Average,33.32654035362421,8.176884153543881,0.0,0.0,0.0,0.0,0,0
Blackpool North and Fleetwood,Liberal,0.0,11.302650424573187,0.0,3.2,0.0,0.0,0,0
Blackpool North and Fleetwood,Blues,0.0,0.2326268999999999,0.0,0.0,0.0,0.0,0,0
Blackpool North and Fleetwood,Reforms,0.0,5.152988703244738,23.7,0.0,0.0,0.0,0,0
Blackpool South,Muslim,0.0,0.3558682000000002,0.0,0.0,0.0,1.3,0,0
Blackpool South,Left,0.0,6.033178378135583,0.0,0.0,3.4,0.0,0,0
Blackpool South,Progressives,9.271114568236555,0.0,0.0,0.0,0.0,0.0,0,0
Blackpool South,Average,38.828885431763446,1.49157188421389,0.0,0.0,0.0,0.0,0,0
Blackpool South,Liberal,0.0,5.331746430646238,0.0,3.0,0.0,0.0,0,0
Blackpool South,Blues,0.0,0.6040447,0.0,0.0,0.0,0.0,0,0
Blackpool South,Reforms,0.0,1.7835904070042794,28.6,0.0,0.0,0.0,0,0
Blaydon and Consett,Muslim,0.13157610000000003,0.0,0.0,0.0,0.0,0.3,0,0
Blaydon and Consett,Left,1.932637089455067,0.0,0.0,0.0,6.1,0.0,0,0
Blaydon and Consett,Progressives,6.176323973808297,0.0,0.0,0.0,0.0,0.0,0,0
Blaydon and Consett,Average,29.0563380390397,0.0,0.0,0.0,0.0,0.0,0,0
Blaydon and Consett,Liberal,12.803124797696938,3.1880757648279268,0.0,5.4,0.0,0.0,0,0
Blaydon and Consett,Blues,0.0,5.395919000000001,0.0,0.0,0.0,0.0,0,0
Blaydon and Consett,Reforms,0.0,5.716005235172073,23.7,0.0,0.0,0.0,0,0
Blyth and Ashington,Muslim,0.6667586,0.0,0.0,0.0,0.0,0.0,0,0
Blyth and Ashington,Left,3.8978517011309286,0.0,0.0,0.0,4.9,0.0,0,0
Blyth and Ashington,Progressives,6.329154839391547,0.0,0.0,0.0,0.0,0.0,0,0
Blyth and Ashington,Average,34.3484757017945,0.0,0.0,0.0,0.0,0.0,0,0
Blyth and Ashington,Liberal,4.257759157683031,6.041773293061141,0.0,3.5,0.0,0.0,0,0
Blyth and Ashington,Blues,0.0,3.3263000000000007,0.0,0.0,0.0,0.0,0,0
Blyth and Ashington,Reforms,0.0,5.831926706938859,26.9,0.0,0.0,0.0,0,0
Bognor Regis and Littlehampton,Muslim,0.0,0.0,0.0,0.0,0.0,0.7818046000000001,0,0
Bognor Regis and Littlehampton,Left,0.0,2.3315188475927835,0.0,0.0,4.6,0.7181953999999999,0,0
Bognor Regis and Littlehampton,Progressives,7.830685105259473,0.0,0.0,0.0,0.0,0.0,0,0
Bognor Regis and Littlehampton,Average,21.26931489474053,16.494586387594598,0.0,0.0,0.0,0.0,0,0
Bognor Regis and Littlehampton,Liberal,0.0,8.31504480447685,0.0,10.6,0.0,0.0,0,0
Bognor Regis and Littlehampton,Blues,0.0,0.4551056,0.0,0.0,0.0,0.0,0,0
Bognor Regis and Littlehampton,Reforms,0.0,5.10374436033576,21.5,0.0,0.0,0.0,0,0
Bolsover,Muslim,0.0,0.0,0.0,0.0,0.2945199,0.0,0,0
Bolsover,Left,0.0,0.0,0.0,0.0,7.794808958846332,0.0,0,0
Bolsover,Progressives,5.652181303445897,0.0,0.0,0.0,0.0,0.0,0,0
Bolsover,Average,22.29238930189948,0.0,0.0,0.0,0.0,0.0,0,0
Bolsover,Liberal,12.55542939465462,1.5906750710559443,0.0,3.5,0.7106711411536688,0.0,0,0
Bolsover,Blues,0.0,10.448641300000002,0.0,0.0,0.0,0.0,0,0
Bolsover,Reforms,0.0,13.560683628944055,21.5,0.0,0.0,0.0,0,0
Bolton North East,Muslim,4.3526302335876785,7.3854302102033,0.2074613845190889,0.0,0.293927571689931,4.8,0,0
Bolton North East,Left,0.0,0.0,0.0,0.0,10.50607242831007,0.0,0,0
Bolton North East,Progressives,10.755563322534098,0.0,0.0,0.0,0.0,0.0,0,0
Bolton North East,Average,22.19180644387822,0.0,0.0,0.0,0.0,0.0,0,0
Bolton North East,Liberal,0.0,13.238829889796698,0.0,3.5,0.0,0.0,0,0
Bolton North East,Blues,0.0,1.2757399,0.0,0.0,0.0,0.0,0,0
Bolton North East,Reforms,0.0,0.0,21.49253861548091,0.0,0.0,0.0,0,0
Bolton South and Walkden,Muslim,11.05019837981122,0.2088937201887795,0.0,0.0,0.0,13.8,0,0
Bolton South and Walkden,Left,0.0,1.6851983570384688,2.750176000745661,0.0,7.7,0.0,0,0
Bolton South and Walkden,Progressives,13.42034051963632,0.0,0.0,0.0,0.0,0.0,0,0
Bolton South and Walkden,Average,16.42946110055246,0.0,0.0,0.0,0.0,0.0,0,0
Bolton South and Walkden,Liberal,0.0,7.2988298227727535,0.0,3.7,0.0,0.0,0,0
Bolton South and Walkden,Blues,0.0,2.1070781,0.0,0.0,0.0,0.0,0,0
Bolton South and Walkden,Reforms,0.0,0.0,19.84982399925434,0.0,0.0,0.0,0,0
Bolton West,Muslim,6.6507731290856675,2.0688061238190567,0.0,0.0,0.543318847095275,0.5,0,0
Bolton West,Left,0.0,0.0,0.0,0.0,8.756681152904726,0.0,0,0
Bolton West,Progressives,8.341123798274342,0.0,0.0,0.0,0.0,0.0,0,0
Bolton West,Average,23.90810307263999,0.0,0.0,0.0,0.0,0.0,0,0
Bolton West,Liberal,0.0,21.59727321257035,0.0,4.4,0.0,0.0,0,0
Bolton West,Blues,0.0,2.6066553,0.0,0.0,0.0,0.0,0,0
Bolton West,Reforms,0.0,1.527265363610578,19.1,0.0,0.0,0.0,0,0
Bootle,Muslim,0.0,0.0,0.0,0.0,0.0,0.8591269,0,0
Bootle,Left,0.0,0.0,0.0,0.0,9.065318059956107,0.0,0,0
Bootle,Progressives,7.77464390819908,0.0,0.0,0.0,0.0,0.0,0,0
Bootle,Average,40.05813517285425,0.0,0.0,0.0,0.0,0.0,0,0
Bootle,Liberal,8.767677610842636,0.0,0.0,3.3,0.0,0.0,0,0
Bootle,Blues,0.0,0.5730796,0.0,0.0,0.0,0.0,0,0
Bootle,Reforms,12.099543308104035,3.7269204,12.2,0.0,0.9346819400438928,0.5408730999999999,0,0
Boston and Skegness,Muslim,0.0,0.0,0.0,0.0,0.0,0.9871762,0,0
Boston and Skegness,Left,0.0,0.0,2.6191876627670774,0.0,3.7,1.3128237999999999,0,0
Boston and Skegness,Progressives,6.530840117456058,0.0,0.0,0.0,0.0,0.0,0,0
Boston and Skegness,Average,12.36915988254394,16.235064213964847,2.4275623457238673,0.0,0.0,0.0,0,0
Boston and Skegness,Liberal,0.0,8.832519986035152,0.0,3.4,0.0,0.0,0,0
Boston and Skegness,Blues,0.0,8.332415800000001,0.0,0.0,0.0,0.0,0,0
Boston and Skegness,Reforms,0.0,0.0,33.25324999150906,0.0,0.0,0.0,0,0
Bournemouth East,Muslim,0.0,0.0,0.0,0.0,0.0,2.5958967,0,0
Bournemouth East,Left,0.0,3.426628284604449,0.0,0.0,6.2,1.0041033000000001,0,0
Bournemouth East,Progressives,15.116393328835573,0.0,0.0,0.0,0.0,0.0,0,0
Bournemouth East,Average,25.683606671164426,9.997028767306091,0.0,0.0,0.0,0.0,0,0
Bournemouth East,Liberal,0.0,8.651328277450032,0.0,6.9,0.0,0.0,0,0
Bournemouth East,Blues,0.0,2.0307935,0.0,0.0,0.0,0.0,0,0
Bournemouth East,Reforms,0.0,4.39422117063944,14.0,0.0,0.0,0.0,0,0
Bournemouth West,Muslim,0.0,1.3412072000000004,0.0,0.0,0.0,0.9,0,0
Bournemouth West,Left,0.0,12.928529332976131,0.0,0.0,6.6,0.0,0,0
Bournemouth West,Progressives,12.947998964369578,0.0,0.0,0.0,0.0,0.0,0,0
Bournemouth West,Average,23.45200103563042,4.842421825471028,0.0,0.0,0.0,0.0,0,0
Bournemouth West,Liberal,0.0,4.90196277935477,0.0,10.9,0.0,0.0,0,0
Bournemouth West,Blues,0.0,1.9036691,0.0,0.0,0.0,0.0,0,0
Bournemouth West,Reforms,0.0,2.382209762198066,16.9,0.0,0.0,0.0,0,0
Bracknell,Muslim,0.0,0.30980359999999996,0.0,0.0,0.0,1.5,0,0
Bracknell,Left,0.0,3.9589503830807637,0.0,0.0,4.9,0.0,0,0
Bracknell,Progressives,11.93332754449809,0.0,0.0,0.0,0.0,0.0,0,0
Bracknell,Average,21.76667245550191,7.1400290653012455,0.0,0.0,0.0,0.0,0,0
Bracknell,Liberal,0.0,16.111275227176627,0.0,10.9,0.0,0.0,0,0
Bracknell,Blues,0.0,3.7128066,0.0,0.0,0.0,0.0,0,0
Bracknell,Reforms,0.0,0.6671351244413621,17.0,0.0,0.0,0.0,0,0
Bradford East,Muslim,16.7476091,0.0,0.0,0.0,0.0,27.5,0,0
Bradford East,Left,3.478417207295788,3.4166715920693367,0.39658834734413695,0.0,6.9,0.0,0,0
Bradford East,Progressives,11.624617174138397,0.0,0.0,0.0,0.0,0.0,0,0
Bradford East,Average,6.049356518565816,0.0,0.0,0.0,0.0,0.0,0,0
Bradford East,Liberal,0.0,5.187460007930664,0.0,5.1,0.0,0.0,0,0
Bradford East,Blues,0.0,0.6958683999999999,0.0,0.0,0.0,0.0,0,0
Bradford East,Reforms,0.0,0.0,12.903411652655857,0.0,0.0,0.0,0,0
Bradford South,Muslim,5.130487229446427,1.0460260705535713,0.0,0.0,0.0,13.9,0,0
Bradford South,Left,0.0,0.5390105841326687,0.39293251631247017,0.0,10.2,0.0,0,0
Bradford South,Progressives,10.3216162142542,0.0,0.0,0.0,0.0,0.0,0,0
Bradford South,Average,20.34789655629937,0.0,0.0,0.0,0.0,0.0,0,0
Bradford South,Liberal,0.0,11.460970745313759,0.0,2.9,0.0,0.0,0,0
Bradford South,Blues,0.0,1.6539926,0.0,0.0,0.0,0.0,0,0
Bradford South,Reforms,0.0,0.0,22.10706748368753,0.0,0.0,0.0,0,0
Bradford West,Muslim,18.5375881,0.0,0.0,0.0,0.0,40.2,0,0
Bradford West,Left,1.936194026750094,2.50558751534522,1.1628034226230417,0.0,10.0,0.0,0,0
Bradford West,Progressives,11.126217873249905,0.0,0.0,0.0,0.0,0.0,0,0
Bradford West,Average,0.0,0.0,0.0,0.0,0.0,0.0,0,0
Bradford West,Liberal,0.0,4.048049184654779,0.0,2.0,0.0,0.0,0,0
Bradford West,Blues,0.0,1.6463632999999998,0.0,0.0,0.0,0.0,0,0
Bradford West,Reforms,0.0,0.0,6.837196577376958,0.0,0.0,0.0,0,0
Braintree,Muslim,0.0,0.0,0.0,0.0,0.0,0.6885359,0,0
Braintree,Left,0.0,1.4749425466651276,0.0,0.0,5.9,0.9114641000000001,0,0
Braintree,Progressives,7.452758188191894,0.0,0.0,0.0,0.0,0.0,0,0
Braintree,Average,20.547241811808107,7.180399669340574,0.0,0.0,0.0,0.0,0,0
Braintree,Liberal,0.0,18.65426009062729,0.0,5.9,0.0,0.0,0,0
Braintree,Blues,0.0,6.965451000000001,0.0,0.0,0.0,0.0,0,0
Braintree,Reforms,0.0,1.2249466933669986,23.1,0.0,0.0,0.0,0,0
Brent East,Muslim,13.78991807350549,3.63164742649451,0.0,0.0,0.0,9.8,0,0
Brent East,Left,0.0,2.0006605771846484,1.2576807703290207,0.0,9.9,0.0,0,0
Brent East,Progressives,37.41008192649451,0.0,0.0,0.0,0.0,0.0,0,0
Brent East,Average,0.0,0.0,0.0,0.0,0.0,0.0,0,0
Brent East,Liberal,0.0,2.2936065963208403,0.0,7.0,0.0,0.0,0,0
Brent East,Blues,0.0,8.7740854,0.0,0.0,0.0,0.0,0,0
Brent East,Reforms,0.0,0.0,4.142319229670975,0.0,0.0,0.0,0,0
Brent West,Muslim,11.190941200000001,0.0,0.0,0.0,0.0,6.7,0,0
Brent West,Left,4.441557841620561,1.752710759141645,2.5096809008071554,0.0,6.8,0.0,0,0
Brent West,Progressives,26.06750095837944,0.0,0.0,0.0,0.0,0.0,0,0
Brent West,Average,0.0,0.0,0.0,0.0,0.0,0.0,0,0
Brent West,Liberal,0.0,0.8232892408583519,0.0,7.3,0.0,0.0,0,0
Brent West,Blues,0.0,29.924000000000003,0.0,0.0,0.0,0.0,0,0
Brent West,Reforms,0.0,0.0,2.490319099192841,0.0,0.0,0.0,0,0
Brentford and Isleworth,Muslim,10.1580946,0.0,0.0,0.0,0.0,7.1,0,0
Brentford and Isleworth,Left,0.0,0.0,0.907380325631264,0.0,8.9,0.0,0,0
Brentford and Isleworth,Progressives,31.656739831535724,0.0,0.0,0.0,0.0,0.0,0,0
Brentford and Isleworth,Average,1.159337911982817,0.0,0.0,0.0,0.0,0.0,0,0
Brentford and Isleworth,Liberal,1.2258276564814619,6.9987882,1.474529668951737,8.5,0.0,0.0,0,0
Brentford and Isleworth,Blues,0.0,15.5012118,0.0,0.0,0.0,0.0,0,0
Brentford and Isleworth,Reforms,0.0,0.0,6.318090005416998,0.0,0.0,0.0,0,0
Brentwood and Ongar,Muslim,0.0,0.0,1.0665865,0.0,0.0,0.4,0,0
Brentwood and Ongar,Left,0.0,0.0,4.02443113923094,0.0,3.7,0.0,0,0
Brentwood and Ongar,Progressives,10.27088190304866,0.0,0.0,0.0,0.0,0.0,0,0
Brentwood and Ongar,Average,12.629118096951338,4.73586463783526,3.2880285376328082,0.0,0.0,0.0,0,0
Brentwood and Ongar,Liberal,0.0,20.092273062164743,0.0,12.0,0.0,0.0,0,0
Brentwood and Ongar,Blues,0.0,11.8718623,0.0,0.0,0.0,0.0,0,0
Brentwood and Ongar,Reforms,0.0,0.0,15.920953823136236,0.0,0.0,0.0,0,0
Bridgwater,Muslim,0.0,0.0,0.0,0.0,0.0,0.5634853000000001,0,0
Bridgwater,Left,0.0,3.0597256832196162,0.0,0.0,4.3,0.7365147,0,0
Bridgwater,Progressives,6.6452697819686914,0.0,0.0,0.0,0.0,0.0,0,0
Bridgwater,Average,20.55473021803131,11.25831882265253,0.0,0.0,0.0,0.0,0,0
Bridgwater,Liberal,0.0,2.2493524411462946,0.0,14.4,0.0,0.0,0,0
Bridgwater,Blues,0.0,4.376411,0.0,0.0,0.0,0.0,0,0
Bridgwater,Reforms,0.0,9.65619205298156,22.2,0.0,0.0,0.0,0,0
Bridlington and The Wolds,Muslim,0.0,0.0,0.0,0.0,0.0,0.4773114999999999,0,0
Bridlington and The Wolds,Left,0.0,0.052859545878810366,0.0,0.0,3.7,2.6226885,0,0
Bridlington and The Wolds,Progressives,6.852028186147108,0.0,0.0,0.0,0.0,0.0,0,0
Bridlington and The Wolds,Average,20.44797181385289,7.7003829488725835,0.0,0.0,0.0,0.0,0,0
Bridlington and The Wolds,Liberal,0.0,10.449064982497905,0.0,7.2,0.0,0.0,0,0
Bridlington and The Wolds,Blues,0.0,9.7896,0.0,0.0,0.0,0.0,0,0
Bridlington and The Wolds,Reforms,0.0,6.608092522750702,24.1,0.0,0.0,0.0,0,0
Brigg and Immingham,Muslim,0.6953831710890803,0.018242828910919662,0.0,0.0,0.0,0.0,0,0
Brigg and Immingham,Left,0.0,2.5894686194123095,0.0,0.0,4.5,0.0,0,0
Brigg and Immingham,Progressives,5.284266770192909,0.0,0.0,0.0,0.0,0.0,0,0
Brigg and Immingham,Average,23.82035005871801,0.0,0.0,0.0,0.0,0.0,0,0
Brigg and Immingham,Liberal,0.0,19.99513752901866,0.0,3.4,0.0,0.0,0,0
Brigg and Immingham,Blues,0.0,8.8109911,0.0,0.0,0.0,0.0,0,0
Brigg and Immingham,Reforms,0.0,5.986159922658107,24.9,0.0,0.0,0.0,0,0
Brighton Kemptown and Peacehaven,Muslim,0.0,0.0,0.0,0.0,0.17700389999999988,2.7,0,0
Brighton Kemptown and Peacehaven,Left,0.0,0.0,0.0,0.0,16.48357031757106,0.0,0,0
Brighton Kemptown and Peacehaven,Progressives,13.8254325923032,0.0,0.0,0.0,0.0,0.0,0,0
Brighton Kemptown and Peacehaven,Average,29.574567407696797,0.3754463385740099,0.0,0.0,2.7394257824289374,0.0,0,0
Brighton Kemptown and Peacehaven,Liberal,0.0,4.409142416079886,0.0,9.6,0.0,0.0,0,0
Brighton Kemptown and Peacehaven,Blues,0.0,2.2487287,0.0,0.0,0.0,0.0,0,0
Brighton Kemptown and Peacehaven,Reforms,0.0,9.266682545346104,8.5,0.0,0.0,0.0,0,0
Brighton Pavilion,Muslim,0.0,0.0,0.0,0.0,1.3500150000000002,1.2,0,0
Brighton Pavilion,Left,0.0,0.0,0.0,0.0,22.595524109131908,0.0,0,0
Brighton Pavilion,Progressives,19.36170741678917,0.0,0.0,0.0,0.0,0.0,0,0
Brighton Pavilion,Average,8.33829258321083,0.0,0.0,0.0,13.83645608797211,0.0,0,0
Brighton Pavilion,Liberal,0.0,0.0,0.0,3.1,17.03650564139342,0.0,0,0
Brighton Pavilion,Blues,0.0,2.3939176,0.0,0.0,0.0,0.0,0,0
Brighton Pavilion,Reforms,0.0,5.2060824,5.4,0.0,0.1814991615025594,0.0,0,0
Bristol Central,Muslim,0.0,0.0,0.0,0.0,5.5697962,0.5,0,0
Bristol Central,Left,0.0,0.0,0.0,0.0,34.76810885321703,0.0,0,0
Bristol Central,Progressives,30.351501538926183,0.0,0.0,0.0,0.0,0.0,0,0
Bristol Central,Average,2.248498461073819,0.0,0.0,0.0,1.7755354743600442,0.0,0,0
Bristol Central,Liberal,0.0,0.0,0.0,2.7,13.074044701469788,0.0,0,0
Bristol Central,Blues,0.0,2.6274401,0.0,0.0,0.0,0.0,0,0
Bristol Central,Reforms,0.0,1.9725598999999998,3.1,0.0,1.31251477095313,0.0,0,0
Bristol East,Muslim,0.0,0.0,0.0,0.0,8.7914772,2.2,0,0
Bristol East,Left,0.0,0.0,0.0,0.0,12.57965619183178,0.0,0,0
Bristol East,Progressives,21.18402558305138,0.0,0.0,0.0,0.0,0.0,0,0
Bristol East,Average,16.437445158114244,0.0,0.0,0.0,0.0,0.0,0,0
Bristol East,Liberal,5.478529258834378,0.6416937095732287,0.0,5.6,8.028866608168219,0.0,0,0
Bristol East,Blues,0.0,0.723255,0.0,0.0,0.0,0.0,0,0
Bristol East,Reforms,0.0,7.835051290426771,10.4,0.0,0.0,0.0,0,0
Bristol North East,Muslim,0.0,0.0,0.0,0.0,4.6197472,3.7,0,0
Bristol North East,Left,0.0,0.0,0.0,0.0,13.27455302473664,0.0,0,0
Bristol North East,Progressives,15.886504069322031,0.0,0.0,0.0,0.0,0.0,0,0
Bristol North East,Average,23.529377567105897,0.0,0.0,0.0,0.0,0.0,0,0
Bristol North East,Liberal,5.884118363572071,6.9973857145137295,0.0,4.7,0.7056997752633549,0.0,0,0
Bristol North East,Blues,0.0,0.7240289999999999,0.0,0.0,0.0,0.0,0,0
Bristol North East,Reforms,0.0,7.078585285486271,12.9,0.0,0.0,0.0,0,0
Bristol North West,Muslim,1.4862951788806011,0.0,0.0,0.0,1.6612409211193988,0.5,0,0
Bristol North West,Left,0.0,0.0,0.0,0.0,15.638759078880602,0.0,0,0
Bristol North West,Progressives,13.328658279503108,0.0,0.0,0.0,0.0,0.0,0,0
Bristol North West,Average,27.50501645676286,0.0,0.0,0.0,0.0,0.0,0,0
Bristol North West,Liberal,7.280030084853427,4.604205549289421,0.0,8.6,0.0,0.0,0,0
Bristol North West,Blues,0.0,2.1392254,0.0,0.0,0.0,0.0,0,0
Bristol North West,Reforms,0.0,7.256569050710578,10.0,0.0,0.0,0.0,0,0
Bristol South,Muslim,0.0,0.0,0.0,0.0,2.1611713000000004,0.4,0,0
Bristol South,Left,0.0,0.0,0.0,0.0,11.25898604520036,0.0,0,0
Bristol South,Progressives,11.733924197075025,0.0,0.0,0.0,0.0,0.0,0,0
Bristol South,Average,28.359503193380903,0.0,0.0,0.0,0.0,0.0,0,0
Bristol South,Liberal,2.6065726095440738,0.8524510902302858,0.0,6.3,11.479842654799622,0.0,0,0
Bristol South,Blues,0.0,0.6186775999999999,0.0,0.0,0.0,0.0,0,0
Bristol South,Reforms,0.0,9.928871309769715,14.3,0.0,0.0,0.0,0,0
Broadland and Fakenham,Muslim,0.2582401,0.0,0.0,0.0,0.0,0.0,0,0
Broadland and Fakenham,Left,0.3893213635507502,0.0,0.0,0.0,6.5,0.0,0,0
Broadland and Fakenham,Progressives,5.7839162281687,0.0,0.0,0.0,0.0,0.0,0,0
Broadland and Fakenham,Average,18.55698055242304,0.0,0.0,0.0,0.0,0.0,0,0
Broadland and Fakenham,Liberal,6.411541755857513,7.434510476572349,0.0,11.2,0.0,0.0,0,0
Broadland and Fakenham,Blues,0.0,18.1861001,0.0,0.0,0.0,0.0,0,0
Broadland and Fakenham,Reforms,0.0,7.37938942342765,17.9,0.0,0.0,0.0,0,0
Bromley and Biggin Hill,Muslim,0.0,0.0,2.7757573,0.0,0.0,0.2,0,0
Bromley and Biggin Hill,Left,0.0,0.0,2.304658609647753,0.0,5.5,0.0,0,0
Bromley and Biggin Hill,Progressives,16.397993912319716,0.0,0.0,0.0,0.0,0.0,0,0
Bromley and Biggin Hill,Average,17.002006087680282,7.845417446348556,1.3606642216442673,0.0,0.0,0.0,0,0
Bromley and Biggin Hill,Liberal,0.0,21.174725053651443,0.0,9.3,0.0,0.0,0,0
Bromley and Biggin Hill,Blues,0.0,4.9798575,0.0,0.0,0.0,0.0,0,0
Bromley and Biggin Hill,Reforms,0.0,0.0,11.05891986870798,0.0,0.0,0.0,0,0
Bromsgrove,Muslim,0.0,0.0,0.0,0.0,0.0,0.8660758,0,0
Bromsgrove,Left,0.0,1.7051885834439022,0.0,0.0,3.3,2.5339242,0,0
Bromsgrove,Progressives,7.183725771034887,0.0,0.0,0.0,0.0,0.0,0,0
Bromsgrove,Average,19.616274228965114,7.895623051145787,0.0,0.0,0.0,0.0,0,0
Bromsgrove,Liberal,0.0,17.68414242227895,0.0,14.7,0.0,0.0,0,0
Bromsgrove,Blues,0.0,4.830319,0.0,0.0,0.0,0.0,0,0
Bromsgrove,Reforms,0.0,0.6847269431313521,19.0,0.0,0.0,0.0,0,0
Broxbourne,Muslim,0.0,3.3568610999999997,0.0,0.0,0.0,0.6,0,0
Broxbourne,Left,0.0,1.3774935744777572,2.0973397105323874,0.0,5.7,0.0,0,0
Broxbourne,Progressives,14.454805768236795,0.0,0.0,0.0,0.0,0.0,0,0
Broxbourne,Average,15.745194231763204,11.847538603117727,0.0,0.0,0.0,0.0,0,0
Broxbourne,Liberal,0.0,17.330609622404516,0.0,6.3,0.0,0.0,0,0
Broxbourne,Blues,0.0,2.8874971,0.0,0.0,0.0,0.0,0,0
Broxbourne,Reforms,0.0,0.0,18.302660289467607,0.0,0.0,0.0,0,0
Broxtowe,Muslim,0.0,0.0,0.0,0.0,0.0,2.2475832,0,0
Broxtowe,Left,2.52804180855842,0.5718549434131996,0.0,0.0,7.3,0.7524168000000002,0,0
Broxtowe,Progressives,10.29265694619396,0.0,0.0,0.0,0.0,0.0,0,0
Broxtowe,Average,28.07930124524762,0.0,0.0,0.0,0.0,0.0,0,0
Broxtowe,Liberal,0.0,16.70787013534931,0.0,8.0,0.0,0.0,0,0
Broxtowe,Blues,0.0,1.2445126000000002,0.0,0.0,0.0,0.0,0,0
Broxtowe,Reforms,0.0,4.675762321237489,17.6,0.0,0.0,0.0,0,0
Buckingham and Bletchley,Muslim,3.9406441,0.0,0.0,0.0,0.0,1.0,0,0
Buckingham and Bletchley,Left,0.34348282083193027,3.016270382775069,0.0,0.0,5.4,0.0,0,0
Buckingham and Bletchley,Progressives,15.143714066516624,0.0,0.0,0.0,0.0,0.0,0,0
Buckingham and Bletchley,Average,17.472159012651446,0.0,0.0,0.0,0.0,0.0,0,0
Buckingham and Bletchley,Liberal,0.0,17.78389990046988,0.0,9.0,0.0,0.0,0,0
Buckingham and Bletchley,Blues,0.0,9.1862612,0.0,0.0,0.0,0.0,0,0
Buckingham and Bletchley,Reforms,0.0,1.9135685167550491,15.7,0.0,0.0,0.0,0,0
Burnley,Muslim,0.952258341583974,13.558205659519533,0.0,2.734864798896502,0.0,1.5,0,0
Burnley,Left,0.0,0.0,0.0,6.68660108741492,3.8,0.0,0,0
Burnley,Progressives,7.345094897298048,0.0,0.0,0.0,0.0,0.0,0,0
Burnley,Average,23.40264676111798,0.0,0.0,0.0,0.0,0.0,0,0
Burnley,Liberal,0.0,0.0,0.0,13.67853411368858,0.0,0.0,0,0
Burnley,Blues,0.0,1.1298928,0.0,0.0,0.0,0.0,0,0
Burnley,Reforms,0.0,5.611901540480467,19.5,0.0,0.0,0.0,0,0
Burton and Uttoxeter,Muslim,1.0374428396913693,3.9947027603086305,0.0,0.0,0.0,4.5,0,0
Burton and Uttoxeter,Left,0.0,4.246045105587077,0.0,0.0,4.6,0.0,0,0
Burton and Uttoxeter,Progressives,8.554913266081757,0.0,0.0,0.0,0.0,0.0,0,0
Burton and Uttoxeter,Average,26.007643894226877,0.0,0.0,0.0,0.0,0.0,0,0
Burton and Uttoxeter,Liberal,0.0,14.069017093830505,0.0,3.6,0.0,0.0,0,0
Burton and Uttoxeter,Blues,0.0,3.1132713,0.0,0.0,0.0,0.0,0,0
Burton and Uttoxeter,Reforms,0.0,5.176963740273788,21.1,0.0,0.0,0.0,0,0
Bury North,Muslim,5.2262632386446555,0.9450848613553458,0.0,0.0,0.0,6.1,0,0
Bury North,Left,0.0,5.638787878787852,0.0,0.0,3.8,0.0,0,0
Bury North,Progressives,8.868545069507675,0.0,0.0,0.0,0.0,0.0,0,0
Bury North,Average,29.00519169184767,0.0,0.0,0.0,0.0,0.0,0,0
Bury North,Liberal,0.0,15.31977191214955,0.0,2.9,0.0,0.0,0,0
Bury North,Blues,0.0,1.3434597,0.0,0.0,0.0,0.0,0,0
Bury North,Reforms,0.0,4.6528956477072505,16.2,0.0,0.0,0.0,0,0
Bury South,Muslim,3.3736778000000003,0.0,0.0,0.0,0.0,4.0,0,0
Bury South,Left,3.9302204678925197,0.0,0.0,0.0,6.4,0.0,0,0
Bury South,Progressives,12.897754394053468,0.0,0.0,0.0,0.0,0.0,0,0
Bury South,Average,12.50606442897464,0.0,0.0,0.0,0.0,0.0,0,0
Bury South,Liberal,12.892282909079363,4.399566051356253,0.0,4.3,0.0,0.0,0,0
Bury South,Blues,0.0,17.050811700000004,0.0,0.0,0.0,0.0,0,0
Bury South,Reforms,0.0,1.9496222486437418,16.3,0.0,0.0,0.0,0,0
Bury St Edmunds and Stowmarket,Muslim,0.0,0.0,0.0,0.0,0.0,0.5011421,0,0
Bury St Edmunds and Stowmarket,Left,0.0,0.0,0.0,0.0,7.887817703768615,0.0,0,0
Bury St Edmunds and Stowmarket,Progressives,8.9491794169326,0.0,0.0,0.0,0.0,0.0,0,0
Bury St Edmunds and Stowmarket,Average,23.950820583067397,0.0,0.0,0.0,0.6578344595009504,2.0988579,0,0
Bury St Edmunds and Stowmarket,Liberal,0.0,14.117551850384842,0.0,6.2,2.7543478367304353,0.0,0,0
Bury St Edmunds and Stowmarket,Blues,0.0,8.406207600000002,0.0,0.0,0.0,0.0,0,0
Bury St Edmunds and Stowmarket,Reforms,0.0,7.476240549615156,16.9,0.0,0.0,0.0,0,0
Calder Valley,Muslim,0.550684,0.0,0.0,0.0,0.0,1.2,0,0
Calder Valley,Left,0.3436731347362585,0.0,0.0,0.0,7.5,0.0,0,0
Calder Valley,Progressives,8.739630261018133,0.0,0.0,0.0,0.0,0.0,0,0
Calder Valley,Average,24.22948211529992,0.0,0.0,0.0,0.0,0.0,0,0
Calder Valley,Liberal,10.536530488945685,11.689852160917637,0.0,5.2,0.0,0.0,0,0
Calder Valley,Blues,0.0,7.299254899999999,0.0,0.0,0.0,0.0,0,0
Calder Valley,Reforms,0.0,7.3108929390823665,15.4,0.0,0.0,0.0,0,0
Camborne and Redruth,Muslim,0.0,0.0,0.0,0.0,0.0,0.2321005,0,0
Camborne and Redruth,Left,1.288833240943255,0.0,0.0,0.0,5.9,1.7678995,0,0
Camborne and Redruth,Progressives,7.112415672835488,0.0,0.0,0.0,0.0,0.0,0,0
Camborne and Redruth,Average,27.835117692637624,0.0,0.0,0.0,0.0,0.0,0,0
Camborne and Redruth,Liberal,4.263633393583632,5.821420262777847,0.0,8.6,0.0,0.0,0,0
Camborne and Redruth,Blues,0.0,8.9794,0.0,0.0,0.0,0.0,0,0
Camborne and Redruth,Reforms,0.0,9.399179737222152,18.7,0.0,0.0,0.0,0,0
Cambridge,Muslim,0.19987910000000042,0.0,0.0,0.0,0.0,4.8,0,0
Cambridge,Left,7.671727197533528,0.0,0.0,0.0,16.3,0.0,0,0
Cambridge,Progressives,21.662207681098945,0.0,0.0,0.0,0.0,0.0,0,0
Cambridge,Average,14.829223961957354,0.0,0.0,0.0,0.0,0.0,0,0
Cambridge,Liberal,0.22482856738896473,0.0,0.0,20.3,0.0,0.0,0,0
Cambridge,Blues,0.0,6.2280127,0.0,0.0,0.0,0.0,0,0
Cambridge,Reforms,2.01213349202121,5.7719873,0.0,0.0,0.0,0.0,0,0
Cannock Chase,Muslim,0.0,0.3442135,0.0,0.0,0.0,0.0,0,0
Cannock Chase,Left,0.0,3.306149860884562,0.0,0.0,5.0,0.0,0,0
Cannock Chase,Progressives,6.167669610546055,0.0,0.0,0.0,0.0,0.0,0,0
Cannock Chase,Average,30.332330389453944,0.7791021757477665,0.0,0.0,0.0,0.0,0,0
Cannock Chase,Liberal,0.0,17.17610806511402,0.0,2.4,0.0,0.0,0,0
Cannock Chase,Blues,0.0,2.2700636000000003,0.0,0.0,0.0,0.0,0,0
Cannock Chase,Reforms,0.0,5.324362798253652,26.9,0.0,0.0,0.0,0,0
Canterbury,Muslim,1.6662790337589115,0.11556116624108848,0.0,0.0,0.0,0.6,0,0
Canterbury,Left,0.0,6.27660766300685,0.0,0.0,12.5,0.0,0,0
Canterbury,Progressives,13.705938715049705,0.0,0.0,0.0,0.0,0.0,0,0
Canterbury,Average,26.027782251191383,0.0,0.0,0.0,0.0,0.0,0,0
Canterbury,Liberal,0.0,10.978710535008743,0.0,8.1,0.0,0.0,0,0
Canterbury,Blues,0.0,4.9096076,0.0,0.0,0.0,0.0,0,0
Canterbury,Reforms,0.0,0.7195130357433115,14.4,0.0,0.0,0.0,0,0
Carlisle,Muslim,0.0,0.0,0.0,0.0,0.0,0.8376923,0,0
Carlisle,Left,1.7286103745786328,1.807786708472511,0.0,0.0,4.2,0.7623077000000001,0,0
Carlisle,Progressives,6.366846551455369,0.0,0.0,0.0,0.0,0.0,0,0
Carlisle,Average,31.304543073966,0.0,0.0,0.0,0.0,0.0,0,0
Carlisle,Liberal,0.0,10.294018723350263,0.0,6.5,0.0,0.0,0,0
Carlisle,Blues,0.0,5.0730547,0.0,0.0,0.0,0.0,0,0
Carlisle,Reforms,0.0,10.925139868177215,20.2,0.0,0.0,0.0,0,0
Carshalton and Wallington,Muslim,0.0,4.6935065,0.0,0.0,0.0,1.6,0,0
Carshalton and Wallington,Left,0.0,5.598570289010239,0.0,0.0,3.3,0.0,0,0
Carshalton and Wallington,Progressives,13.1,0.0,0.0,3.3465298574954705,0.0,0.0,0,0
Carshalton and Wallington,Average,0.0,8.198090547700296,0.0,17.571659748126145,0.0,0.0,0,0
Carshalton and Wallington,Liberal,0.0,0.0,0.0,22.181810394378388,0.0,0.0,0,0
Carshalton and Wallington,Blues,0.0,7.553474299999999,0.0,0.0,0.0,0.0,0,0
Carshalton and Wallington,Reforms,0.0,0.15635836328945985,12.7,0.0,0.0,0.0,0,0
Castle Point,Muslim,0.0,0.039614411217893775,0.7446478887821062,0.0,0.0,0.0,0,0
Castle Point,Left,0.0,0.0,2.773537604456811,0.0,5.2,0.0,0,0
Castle Point,Progressives,6.096936224768019,0.0,0.0,0.0,0.0,0.0,0,0
Castle Point,Average,17.203063775231982,18.4276943330826,0.0,0.0,0.0,0.0,0,0
Castle Point,Liberal,0.0,18.415883155699508,0.0,3.3,0.0,0.0,0,0
Castle Point,Blues,0.0,1.2168081,0.0,0.0,0.0,0.0,0,0
Castle Point,Reforms,0.0,0.0,26.58181450676108,0.0,0.0,0.0,0,0
Central Devon,Muslim,0.0,0.0,0.0,0.0,0.0,0.2189781,0,0
Central Devon,Left,0.0,0.0,0.0,0.0,6.2,0.569001978650725,0,0
Central Devon,Progressives,7.422528310663632,0.0,0.0,0.0,0.0,0.0,0,0
Central Devon,Average,16.63709550294334,0.0,0.0,0.0,0.0,0.0,0,0
Central Devon,Liberal,7.340376186393026,2.7551097155537985,0.0,15.4,0.0,0.11201992134926542,0,0
Central Devon,Blues,0.0,20.5571,0.0,0.0,0.0,0.0,0,0
Central Devon,Reforms,0.0,8.187790284446203,14.6,0.0,0.0,0.0,0,0
Central Suffolk and North Ipswich,Muslim,0.0,0.0,0.0,0.0,0.09030199999999988,1.2,0,0
Central Suffolk and North Ipswich,Left,0.0,0.0,0.0,0.0,8.080873245251857,0.0,0,0
Central Suffolk and North Ipswich,Progressives,7.324969033677236,0.0,0.0,0.0,0.0,0.0,0,0
Central Suffolk and North Ipswich,Average,16.075030966322764,3.4211854384030307,0.0,0.0,4.028824754748143,0.0,0,0
Central Suffolk and North Ipswich,Liberal,0.0,13.797538117037577,0.0,11.6,0.0,0.0,0,0
Central Suffolk and North Ipswich,Blues,0.0,10.8596938,0.0,0.0,0.0,0.0,0,0
Central Suffolk and North Ipswich,Reforms,0.0,4.521582644559391,19.0,0.0,0.0,0.0,0,0
Chatham and Aylesford,Muslim,0.0,0.5251999999999999,0.0,0.0,0.0,2.0,0,0
Chatham and Aylesford,Left,0.0,2.220223963643482,1.0457962592653853,0.0,6.1,0.0,0,0
Chatham and Aylesford,Progressives,13.663157957132226,0.0,0.0,0.0,0.0,0.0,0,0
Chatham and Aylesford,Average,19.836842042867772,9.347207096561561,0.0,0.0,0.0,0.0,0,0
Chatham and Aylesford,Liberal,0.0,14.362048539794959,0.0,5.3,0.0,0.0,0,0
Chatham and Aylesford,Blues,0.0,2.1453204,0.0,0.0,0.0,0.0,0,0
Chatham and Aylesford,Reforms,0.0,0.0,23.454203740734613,0.0,0.0,0.0,0,0
Cheadle,Muslim,0.0,6.920516200000001,0.0,0.0,0.0,1.8,0,0
Cheadle,Left,0.0,4.132833621959721,0.0,0.0,3.2,0.0,0,0
Cheadle,Progressives,7.694007238778203,0.0,0.0,0.0,0.0,0.0,0,0
Cheadle,Average,7.905992761221797,4.742093875156442,0.0,13.602057459798132,0.0,0.0,0,0
Cheadle,Liberal,0.0,0.0,0.0,33.09794254020187,0.0,0.0,0,0
Cheadle,Blues,0.0,3.4362144,0.0,0.0,0.0,0.0,0,0
Cheadle,Reforms,0.0,3.368341902883822,10.1,0.0,0.0,0.0,0,0
Chelmsford,Muslim,0.0,1.5917172,0.0,0.0,0.0,1.2,0,0
Chelmsford,Left,0.0,6.23602619838198,0.0,0.0,3.1,0.0,0,0
Chelmsford,Progressives,12.0,0.0,0.0,1.0758128016893878,0.0,0.0,0,0
Chelmsford,Average,0.0,15.567814990106548,0.0,14.059254441145221,0.0,0.0,0,0
Chelmsford,Liberal,0.0,0.0,0.0,24.76493275716539,0.0,0.0,0,0
Chelmsford,Blues,0.0,3.0402873,0.0,0.0,0.0,0.0,0,0
Chelmsford,Reforms,0.0,4.064154311511473,13.3,0.0,0.0,0.0,0,0
Chelsea and Fulham,Muslim,4.710319833207919,2.655247966792081,0.0,0.0,0.0,1.3,0,0
Chelsea and Fulham,Left,0.0,5.8814423061817225,0.9253092216108376,0.0,5.9,0.0,0,0
Chelsea and Fulham,Progressives,34.68968016679208,0.0,0.0,0.0,0.0,0.0,0,0
Chelsea and Fulham,Average,0.0,0.0,0.0,0.0,0.0,0.0,0,0
Chelsea and Fulham,Liberal,0.0,8.008003927026198,0.0,7.7,0.0,0.0,0,0
Chelsea and Fulham,Blues,0.0,22.5553058,0.0,0.0,0.0,0.0,0,0
Chelsea and Fulham,Reforms,0.0,0.0,5.674690778389169,0.0,0.0,0.0,0,0
Cheltenham,Muslim,0.0,0.0,0.0,0.0,0.0,1.4311806,0,0
Cheltenham,Left,0.0,4.2436972897288285,0.0,0.0,6.4,0.16881940000000006,0,0
Cheltenham,Progressives,5.4,0.0,0.0,7.933581318035484,0.0,0.0,0,0
Cheltenham,Average,0.0,12.30748615048914,0.0,18.23953753793397,0.0,0.0,0,0
Cheltenham,Liberal,0.0,0.0,0.0,24.42688114403055,0.0,0.0,0,0
Cheltenham,Blues,0.0,2.1247842,0.0,0.0,0.0,0.0,0,0
Cheltenham,Reforms,0.0,17.324032359782027,0.0,0.0,0.0,0.0,0,0
Chesham and Amersham,Muslim,0.0,3.1448591999999995,0.0,0.0,0.0,1.1,0,0
Chesham and Amersham,Left,0.0,4.4629932248978506,0.0,0.0,3.1,0.0,0,0
Chesham and Amersham,Progressives,6.4,0.0,0.0,4.076444371131551,0.0,0.0,0,0
Chesham and Amersham,Average,0.0,14.395149666898668,0.0,5.059352303464216,0.0,0.0,0,0
Chesham and Amersham,Liberal,0.0,0.0,0.0,35.66420332540423,0.0,0.0,0,0
Chesham and Amersham,Blues,0.0,10.7877078,0.0,0.0,0.0,0.0,0,0
Chesham and Amersham,Reforms,0.0,2.00929010820348,9.8,0.0,0.0,0.0,0,0
Chester North and Neston,Muslim,1.7663605999999998,0.0,0.0,0.0,0.0,0.0,0,0
Chester North and Neston,Left,2.7645469817173414,0.0,0.0,0.0,9.2,0.0,0,0
Chester North and Neston,Progressives,10.306329615818855,0.0,0.0,0.0,0.0,0.0,0,0
Chester North and Neston,Average,29.62118225059609,0.0,0.0,0.0,0.0,0.0,0,0
Chester North and Neston,Liberal,5.341580551867713,12.110833079135384,0.0,4.6,0.0,0.0,0,0
Chester North and Neston,Blues,0.0,3.3446452,0.0,0.0,0.0,0.0,0,0
Chester North and Neston,Reforms,0.0,7.744521720864617,13.1,0.0,0.0,0.0,0,0
Chester South and Eddisbury,Muslim,0.0,0.0,0.0,0.0,0.0,0.6212967,0,0
Chester South and Eddisbury,Left,0.5970248553397965,0.0,0.0,0.0,4.3,2.4787033000000003,0,0
Chester South and Eddisbury,Progressives,7.571415347673217,0.0,0.0,0.0,0.0,0.0,0,0
Chester South and Eddisbury,Average,20.560056221074205,0.0,0.0,0.0,0.0,0.0,0,0
Chester South and Eddisbury,Liberal,3.371503575912783,16.58781232099518,0.0,10.3,0.0,0.0,0,0
Chester South and Eddisbury,Blues,0.0,15.7240472,0.0,0.0,0.0,0.0,0,0
Chester South and Eddisbury,Reforms,0.0,5.588140479004817,12.2,0.0,0.0,0.0,0,0
Chesterfield,Muslim,0.0,0.0,0.0,0.0,0.0,0.9513085,0,0
Chesterfield,Left,0.6738081139393568,0.0,0.0,0.0,6.5,0.5486915,0,0
Chesterfield,Progressives,7.263140906100672,0.0,0.0,0.0,0.0,0.0,0,0
Chesterfield,Average,36.54958494125897,0.0,0.0,0.0,0.0,0.0,0,0
Chesterfield,Liberal,2.013466038700999,8.850809265845513,0.0,6.1,0.0,0.0,0,0
Chesterfield,Blues,0.0,0.3946329,0.0,0.0,0.0,0.0,0,0
Chesterfield,Reforms,0.0,11.154557834154485,19.0,0.0,0.0,0.0,0,0
Chichester,Muslim,0.0,0.33933959999999996,0.0,0.0,0.0,0.4,0,0
Chichester,Left,0.0,5.99012738500423,0.0,0.0,3.5,0.0,0,0
Chichester,Progressives,6.1,0.0,0.0,2.656770196107024,0.0,0.0,0,0
Chichester,Average,0.0,6.299486338048645,0.0,23.891810320778596,0.0,0.0,0,0
Chichester,Liberal,0.0,0.0,0.0,22.65141948311438,0.0,0.0,0,0
Chichester,Blues,0.0,6.7988029,0.0,0.0,0.0,0.0,0,0
Chichester,Reforms,0.0,6.272243776947123,15.1,0.0,0.0,0.0,0,0
Chingford and Woodford Green,Muslim,0.0,0.0,0.0,0.0,0.0,13.3220424,0,0
Chingford and Woodford Green,Left,0.0,0.0,0.0,0.0,2.7,6.457728151925429,0,0
Chingford and Woodford Green,Progressives,22.601465386721657,0.0,0.0,0.0,0.0,0.0,0,0
Chingford and Woodford Green,Average,3.198534613278344,3.5848092411018406,0.0,0.0,0.0,5.920229448074569,0,0
Chingford and Woodford Green,Liberal,0.0,24.113789496216068,0.0,2.6,0.0,0.0,0,0
Chingford and Woodford Green,Blues,0.0,5.5502865,0.0,0.0,0.0,0.0,0,0
Chingford and Woodford Green,Reforms,0.0,2.3511147626820943,7.5,0.0,0.0,0.0,0,0
Chippenham,Muslim,0.0,0.0,0.0,0.0,0.0,0.6911972,0,0
Chippenham,Left,0.0,4.762181655958541,0.0,0.0,3.9,0.40880280000000013,0,0
Chippenham,Progressives,7.9,0.0,0.0,0.9713209784428383,0.0,0.0,0,0
Chippenham,Average,0.0,9.178816602881248,0.0,18.626396666018003,0.0,0.0,0,0
Chippenham,Liberal,0.0,0.0,0.0,25.90228235553916,0.0,0.0,0,0
Chippenham,Blues,0.0,5.0626065,0.0,0.0,0.0,0.0,0,0
Chippenham,Reforms,0.0,10.096395241160211,12.4,0.0,0.0,0.0,0,0
Chipping Barnet,Muslim,7.7043295,0.0,0.0,0.0,0.0,1.1,0,0
Chipping Barnet,Left,1.4703135240672083,0.0,0.5610472114172405,0.0,6.8,0.0,0,0
Chipping Barnet,Progressives,21.970552510153468,0.0,0.0,0.0,0.0,0.0,0,0
Chipping Barnet,Average,10.758180485894428,0.0,0.0,0.0,0.0,0.0,0,0
Chipping Barnet,Liberal,0.4966239798848946,17.979316000000004,0.0,5.1,0.0,0.0,0,0
Chipping Barnet,Blues,0.0,18.720684,0.0,0.0,0.0,0.0,0,0
Chipping Barnet,Reforms,0.0,0.0,7.238952788582759,0.0,0.0,0.0,0,0
Chorley,Muslim,0.0,0.0,0.0,0.0,0.0,1.4565271,0,0
Chorley,Left,0.0,0.0,0.0,0.0,8.031144374698203,0.0,0,0
Chorley,Progressives,0.0,0.0,0.0,0.0,5.668855625301797,1.304106374647099,0,0
Chorley,Average,0.0,0.0,0.0,0.0,0.0,28.226510374289973,0,0
Chorley,Liberal,0.0,0.0,0.0,0.0,0.0,25.209729930042926,0,0
Chorley,Blues,0.0,0.0,0.0,0.0,0.0,5.581841300000001,0,0
Chorley,Reforms,0.0,0.0,0.0,0.0,0.0,24.52128492102,0,0
Christchurch,Muslim,0.0,0.0,0.0,0.0,0.0,0.4110413,0,0
Christchurch,Left,0.0,0.0,0.0,0.0,4.0,2.39320922986004,0,0
Christchurch,Progressives,5.462483345139929,0.0,0.0,0.0,0.0,0.0,0,0
Christchurch,Average,10.937516654860069,21.065526734952165,0.0,0.0,0.0,1.9957494701399598,0,0
Christchurch,Liberal,0.0,8.413743494374067,0.0,20.0,0.0,0.0,0,0
Christchurch,Blues,0.0,2.7741893,0.0,0.0,0.0,0.0,0,0
Christchurch,Reforms,0.0,3.5465404706737615,18.9,0.0,0.0,0.0,0,0
Cities of London and Westminster,Muslim,10.9331186,0.0,0.0,0.0,0.0,3.5,0,0
Cities of London and Westminster,Left,4.412062008574239,0.0,1.0346529477222441,2.3835273731089472,7.3,0.0,0,0
Cities of London and Westminster,Progressives,23.65481939142576,0.0,0.0,0.0,0.0,0.0,0,0
Cities of London and Westminster,Average,0.0,0.0,0.0,0.0,0.0,0.0,0,0
Cities of London and Westminster,Liberal,0.0,0.0,0.0,8.716472626891052,0.0,0.0,0,0
Cities of London and Westminster,Blues,0.0,32.1,2.3626898999999995,0.0,0.0,0.0,0,0
Cities of London and Westminster,Reforms,0.0,0.0,3.6026571522777533,0.0,0.0,0.0,0,0
City of Durham,Muslim,0.9448416000000001,0.0,0.0,0.0,0.0,0.4,0,0
City of Durham,Left,15.262590533798392,1.207880761891051,0.0,0.0,6.9,0.0,0,0
City of Durham,Progressives,7.830378107084238,0.0,0.0,0.0,0.0,0.0,0,0
City of Durham,Average,23.062189759117373,0.0,0.0,0.0,0.0,0.0,0,0
City of Durham,Liberal,0.0,0.6166150176118759,0.0,14.6,0.0,0.0,0,0
City of Durham,Blues,0.0,8.580502000000001,0.0,0.0,0.0,0.0,0,0
City of Durham,Reforms,0.0,2.3950022204970693,18.2,0.0,0.0,0.0,0,0
Clacton,Muslim,0.0,0.0,0.0,0.0,0.0,0.4644152,0,0
Clacton,Left,0.0,0.0,1.9605998802036275,0.0,4.2,0.6355848000000002,0,0
Clacton,Progressives,6.033365070770914,0.0,0.0,0.0,0.0,0.0,0,0
Clacton,Average,10.166634929229085,12.730025254239857,12.037812975574509,0.0,0.0,0.0,0,0
Clacton,Liberal,0.0,10.897220445760139,0.0,4.4,0.0,0.0,0,0
Clacton,Blues,0.0,4.272754300000001,0.0,0.0,0.0,0.0,0,0
Clacton,Reforms,0.0,0.0,32.20158714422186,0.0,0.0,0.0,0,0
Clapham and Brixton Hill,Muslim,3.8680413450159996,0.0,0.0,0.0,1.8184599549840001,1.2,0,0
Clapham and Brixton Hill,Left,0.0,0.0,0.0,0.0,11.681540045016,0.0,0,0
Clapham and Brixton Hill,Progressives,50.36648937423796,0.0,0.0,0.0,0.0,0.0,0,0
Clapham and Brixton Hill,Average,0.0,0.0,0.0,0.0,0.0,0.0,0,0
Clapham and Brixton Hill,Liberal,2.265469280746043,2.4359239279697125,0.0,14.4,0.0,0.0,0,0
Clapham and Brixton Hill,Blues,0.0,4.6420353,0.0,0.0,0.0,0.0,0,0
Clapham and Brixton Hill,Reforms,0.0,3.122040772030287,4.1,0.0,0.0,0.0,0,0
Colchester,Muslim,0.0,2.5456811999999998,0.0,0.0,0.0,0.2,0,0
Colchester,Left,0.0,6.495906761519652,0.0,0.0,5.4,0.0,0,0
Colchester,Progressives,16.226025649996846,0.0,0.0,0.0,0.0,0.0,0,0
Colchester,Average,25.673974350003153,5.100244134963738,0.0,0.0,0.0,0.0,0,0
Colchester,Liberal,0.0,2.7936790885023015,0.0,14.2,0.0,0.0,0,0
Colchester,Blues,0.0,2.5064422,0.0,0.0,0.0,0.0,0,0
Colchester,Reforms,0.0,4.058046615014309,14.8,0.0,0.0,0.0,0,0
Colne Valley,Muslim,1.0437664828136342,1.605766617186366,0.0,0.0,0.0,1.0,0,0
Colne Valley,Left,0.0,0.33995368908535806,0.0,0.0,7.5,0.0,0,0
Colne Valley,Progressives,9.67758668806809,0.0,0.0,0.0,0.0,0.0,0,0
Colne Valley,Average,30.278646829118276,0.0,0.0,0.0,0.0,0.0,0,0
Colne Valley,Liberal,0.0,18.768115838829615,0.0,4.3,0.0,0.0,0,0
Colne Valley,Blues,0.0,4.2264983,0.0,0.0,0.0,0.0,0,0
Colne Valley,Reforms,0.0,5.359665554898662,15.8,0.0,0.0,0.0,0,0
Congleton,Muslim,0.0,0.0,0.0,0.0,0.0,0.4395139999999999,0,0
Congleton,Left,0.0,0.0,0.0,0.0,4.0,2.7935307059867958,0,0
Congleton,Progressives,5.9872971360714535,0.0,0.0,0.0,0.0,0.0,0,0
Congleton,Average,29.2728673634134,0.0,0.0,0.0,0.0,0.0,0,0
Congleton,Liberal,2.439835500515148,21.358360769728762,0.0,5.6,0.0,2.1669552940132046,0,0
Congleton,Blues,0.0,4.776022899999999,0.0,0.0,0.0,0.0,0,0
Congleton,Reforms,0.0,4.765616330271236,16.4,0.0,0.0,0.0,0,0
Corby and East Northamptonshire,Muslim,0.0,0.0,0.0,0.0,0.0,0.6441321,0,0
Corby and East Northamptonshire,Left,2.8530247878043795,0.0,0.0,0.0,5.1,0.15586790000001471,0,0
Corby and East Northamptonshire,Progressives,9.576135747730206,0.0,0.0,0.0,0.0,0.0,0,0
Corby and East Northamptonshire,Average,26.368899696347317,0.0,0.0,0.0,0.0,0.0,0,0
Corby and East Northamptonshire,Liberal,3.601939768118097,12.87016230294741,0.0,4.4,0.0,0.0,0,0
Corby and East Northamptonshire,Blues,0.0,6.9109574,0.0,0.0,0.0,0.0,0,0
Corby and East Northamptonshire,Reforms,0.0,9.81888029705259,17.7,0.0,0.0,0.0,0,0
Coventry East,Muslim,7.337339513706251,1.195925386293748,0.0,0.0,0.0,4.9,0,0
Coventry East,Left,0.0,3.9452376392324995,0.6820427279534895,0.0,7.4,0.0,0,0
Coventry East,Progressives,24.800172935453123,0.0,0.0,0.0,0.0,0.0,0,0
Coventry East,Average,17.362487550840626,0.0,0.0,0.0,0.0,0.0,0,0
Coventry East,Liberal,0.0,7.43830947447375,0.0,3.3,0.0,0.0,0,0
Coventry East,Blues,0.0,4.3205275,0.0,0.0,0.0,0.0,0,0
Coventry East,Reforms,0.0,0.0,17.3179572720465,0.0,0.0,0.0,0,0
Coventry North West,Muslim,5.805213452097959,0.28430754790204116,0.0,0.0,0.0,1.2,0,0
Coventry North West,Left,0.0,3.30811731424283,0.0,0.0,8.1,0.0,0,0
Coventry North West,Progressives,19.21494293330293,0.0,0.0,0.0,0.0,0.0,0,0
Coventry North West,Average,21.87984361459911,0.0,0.0,0.0,0.0,0.0,0,0
Coventry North West,Liberal,0.0,13.16150295835948,0.0,4.6,0.0,0.0,0,0
Coventry North West,Blues,0.0,3.1062406,0.0,0.0,0.0,0.0,0,0
Coventry North West,Reforms,0.0,0.439831579495646,18.9,0.0,0.0,0.0,0,0
Coventry South,Muslim,6.2937810999999995,0.0,0.0,0.0,0.0,3.8,0,0
Coventry South,Left,8.641832511087074,7.978266895157864,2.3551283251168815,0.0,5.5,0.0,0,0
Coventry South,Progressives,25.93529818842101,0.0,0.0,0.0,0.0,0.0,0,0
Coventry South,Average,6.729088200491916,0.0,0.0,0.0,0.0,0.0,0,0
Coventry South,Liberal,0.0,9.594045404842136,0.0,5.9,0.0,0.0,0,0
Coventry South,Blues,0.0,6.2276877,0.0,0.0,0.0,0.0,0,0
Coventry South,Reforms,0.0,0.0,11.044871674883112,0.0,0.0,0.0,0,0
Cramlington and Killingworth,Muslim,0.0,0.0,0.0,0.0,0.0,0.6731914,0,0
Cramlington and Killingworth,Left,1.5924802801821674,0.0,0.0,0.0,4.7,1.6268085999999995,0,0
Cramlington and Killingworth,Progressives,5.632042721372441,0.0,0.0,0.0,0.0,0.0,0,0
Cramlington and Killingworth,Average,32.55722244692819,0.0,0.0,0.0,0.0,0.0,0,0
Cramlington and Killingworth,Liberal,9.318254551517198,8.95960442317113,0.0,4.2,0.0,0.0,0,0
Cramlington and Killingworth,Blues,0.0,4.3277731,0.0,0.0,0.0,0.0,0,0
Cramlington and Killingworth,Reforms,0.0,5.612622476828868,20.8,0.0,0.0,0.0,0,0
Crawley,Muslim,0.8915996563797748,2.9313375436202254,0.0,0.0,0.0,5.9,0,0
Crawley,Left,0.0,3.6988733377764884,0.0,0.0,5.7,0.0,0,0
Crawley,Progressives,14.066492384918028,0.0,0.0,0.0,0.0,0.0,0,0
Crawley,Average,23.2419079587022,0.0,0.0,0.0,0.0,0.0,0,0
Crawley,Liberal,0.0,13.820352181272128,0.0,4.8,0.0,0.0,0,0
Crawley,Blues,0.0,6.220544100000001,0.0,0.0,0.0,0.0,0,0
Crawley,Reforms,0.0,0.12889283733115775,18.5,0.0,0.0,0.0,0,0
Crewe and Nantwich,Muslim,0.0,0.0,0.0,0.0,0.0,1.2656956,0,0
Crewe and Nantwich,Left,2.03927541712493,0.0,0.0,0.0,4.6,1.3343044000000002,0,0
Crewe and Nantwich,Progressives,8.66043443721292,0.0,0.0,0.0,0.0,0.0,0,0
Crewe and Nantwich,Average,32.3913961256159,0.0,0.0,0.0,0.0,0.0,0,0
Crewe and Nantwich,Liberal,1.0088940200462524,13.93147912595063,0.0,4.8,0.0,0.0,0,0
Crewe and Nantwich,Blues,0.0,2.087145,0.0,0.0,0.0,0.0,0,0
Crewe and Nantwich,Reforms,0.0,7.48137587404937,20.3,0.0,0.0,0.0,0,0
Croydon East,Muslim,0.0,5.956882325925019,1.9820531740749798,0.0,0.0,0.0,0,0
Croydon East,Left,0.0,0.0,0.7848961043466094,0.0,9.4,0.0,0,0
Croydon East,Progressives,32.05005495896667,0.0,0.0,0.0,0.0,0.0,0,0
Croydon East,Average,10.34994504103333,0.8539585991966501,0.0,0.0,0.0,0.0,0,0
Croydon East,Liberal,0.0,13.523109574878331,0.0,8.1,0.0,0.0,0,0
Croydon East,Blues,0.0,6.4660495,0.0,0.0,0.0,0.0,0,0
Croydon East,Reforms,0.0,0.0,10.533050721578412,0.0,0.0,0.0,0,0
Croydon South,Muslim,0.0,5.000421600000001,0.0,0.0,0.0,1.6,0,0
Croydon South,Left,0.0,2.0943523051070283,0.0,0.0,5.8,0.0,0,0
Croydon South,Progressives,22.850239028100525,0.0,0.0,0.0,0.0,0.0,0,0
Croydon South,Average,12.449760971899472,0.558842137523051,0.0,0.0,0.0,0.0,0,0
Croydon South,Liberal,0.0,23.27410780470953,0.0,8.9,0.0,0.0,0,0
Croydon South,Blues,0.0,9.0240204,0.0,0.0,0.0,0.0,0,0
Croydon South,Reforms,0.0,0.04825575266039195,8.4,0.0,0.0,0.0,0,0
Croydon West,Muslim,3.6508308552801267,6.885960944719873,0.0,0.0,0.0,3.8,0,0
Croydon West,Left,0.0,0.22843411543103542,0.4959643355241745,0.0,10.1,0.0,0,0
Croydon West,Progressives,47.89443030963899,0.0,0.0,0.0,0.0,0.0,0,0
Croydon West,Average,2.554738835080883,0.0,0.0,0.0,0.0,0.0,0,0
Croydon West,Liberal,0.0,1.2845739398490927,0.0,9.6,0.0,0.0,0,0
Croydon West,Blues,0.0,8.401031,0.0,0.0,0.0,0.0,0,0
Croydon West,Reforms,0.0,0.0,5.104035664475813,0.0,0.0,0.0,0,0
Dagenham and Rainham,Muslim,0.4174650132165283,2.1356878466036022,10.18179144017987,0.0,0.0,1.9,0,0
Dagenham and Rainham,Left,0.0,0.0,0.6109516214779092,0.0,10.8,0.0,0,0
Dagenham and Rainham,Progressives,27.07052985776894,0.0,0.0,0.0,0.0,0.0,0,0
Dagenham and Rainham,Average,15.112005129014534,0.0,0.0,0.0,0.0,0.0,0,0
Dagenham and Rainham,Liberal,0.0,12.811148153396399,0.0,2.7,0.0,0.0,0,0
Dagenham and Rainham,Blues,0.0,2.853164,0.0,0.0,0.0,0.0,0,0
Dagenham and Rainham,Reforms,0.0,0.0,13.407256938342218,0.0,0.0,0.0,0,0
Darlington,Muslim,0.0,1.8521182,0.0,0.0,0.0,0.0,0,0
Darlington,Left,0.0,1.6250669576430772,0.0,0.0,6.7,0.0,0,0
Darlington,Progressives,8.968703927195964,0.0,0.0,0.0,0.0,0.0,0,0
Darlington,Average,30.23129607280404,6.443310090911918,0.0,0.0,0.0,0.0,0,0
Darlington,Liberal,0.0,10.633946725962828,0.0,4.1,0.0,0.0,0,0
Darlington,Blues,0.0,1.258696,0.0,0.0,0.0,0.0,0,0
Darlington,Reforms,0.0,11.986862025482171,16.2,0.0,0.0,0.0,0,0
Dartford,Muslim,0.0,0.0,3.6539539,0.0,0.0,0.0,0,0
Dartford,Left,0.0,0.0,1.1355333386898478,0.0,7.2,0.0,0,0
Dartford,Progressives,21.813670347221013,0.0,0.0,0.0,0.0,0.0,0,0
Dartford,Average,12.786329652778988,8.328566195193439,0.21865701047511976,0.0,0.0,0.0,0,0
Dartford,Liberal,0.0,17.76747160480656,0.0,4.9,0.0,0.0,0,0
Dartford,Blues,0.0,5.8039622,0.0,0.0,0.0,0.0,0,0
Dartford,Reforms,0.0,0.0,16.39185575083503,0.0,0.0,0.0,0,0
Daventry,Muslim,0.8255679,0.0,0.0,0.0,0.0,0.0,0,0
Daventry,Left,0.00798274062217108,1.9309902075667196,0.0,0.0,5.6,0.0,0,0
Daventry,Progressives,7.901357638230007,0.0,0.0,0.0,0.0,0.0,0,0
Daventry,Average,19.265091721147822,0.0,0.0,0.0,0.0,0.0,0,0
Daventry,Liberal,0.0,16.40635861021069,0.0,12.7,0.0,0.0,0,0
Daventry,Blues,0.0,13.8034462,0.0,0.0,0.0,0.0,0,0
Daventry,Reforms,0.0,1.5592049822225817,20.0,0.0,0.0,0.0,0,0
Derby North,Muslim,1.5179094879655821,4.455839712034418,0.0,0.0,0.0,0.0,0,0
Derby North,Left,0.0,4.884592989402517,0.0,0.0,8.0,0.0,0,0
Derby North,Progressives,15.680486438502967,0.0,0.0,0.0,0.0,0.0,0,0
Derby North,Average,28.30160407353145,0.0,0.0,0.0,0.0,0.0,0,0
Derby North,Liberal,0.0,9.760250589973069,0.0,4.5,0.0,0.0,0,0
Derby North,Blues,0.0,1.9259025,0.0,0.0,0.0,0.0,0,0
Derby North,Reforms,0.0,2.673414208589996,18.3,0.0,0.0,0.0,0,0
Derby South,Muslim,2.656048133374888,1.7305041666251135,0.0,0.0,0.0,14.7,0,0
Derby South,Left,0.0,2.486942878951152,4.750933285525538,0.0,5.1,0.0,0,0
Derby South,Progressives,20.02452866832501,0.0,0.0,0.0,0.0,0.0,0,0
Derby South,Average,16.119423198300098,0.0,0.0,0.0,0.0,0.0,0,0
Derby South,Liberal,0.0,7.851134954423736,0.0,4.8,0.0,0.0,0,0
Derby South,Blues,0.0,1.831418,0.0,0.0,0.0,0.0,0,0
Derby South,Reforms,0.0,0.0,17.949066714474455,0.0,0.0,0.0,0,0
Derbyshire Dales,Muslim,0.0,0.0,0.0,0.0,0.0,0.3783596,0,0
Derbyshire Dales,Left,0.12263748417088216,0.0,0.0,0.0,5.5,0.9216404,0,0
Derbyshire Dales,Progressives,7.191911740611847,0.0,0.0,0.0,0.0,0.0,0,0
Derbyshire Dales,Average,20.299044254681636,0.0,0.0,0.0,0.0,0.0,0,0
Derbyshire Dales,Liberal,6.9864065205356365,9.879303136162656,0.0,9.5,0.0,0.0,0,0
Derbyshire Dales,Blues,0.0,16.5136572,0.0,0.0,0.0,0.0,0,0
Derbyshire Dales,Reforms,0.0,7.607039663837343,15.1,0.0,0.0,0.0,0,0
Dewsbury and Batley,Muslim,2.578814399999999,0.0,0.0,0.0,0.0,41.1,0,0
Dewsbury and Batley,Left,6.7826538985440905,0.313783193130309,0.46808833995175014,0.0,5.4,0.0,0,0
Dewsbury and Batley,Progressives,6.92635914528087,0.0,0.0,0.0,0.0,0.0,0,0
Dewsbury and Batley,Average,6.61217255617504,0.0,0.0,0.0,0.0,0.0,0,0
Dewsbury and Batley,Liberal,0.0,9.64458290686969,0.0,3.5,0.0,0.0,0,0
Dewsbury and Batley,Blues,0.0,1.0416339,0.0,0.0,0.0,0.0,0,0
Dewsbury and Batley,Reforms,0.0,0.0,15.631911660048248,0.0,0.0,0.0,0,0
Didcot and Wantage,Muslim,0.0,0.6337231,0.0,0.0,0.0,0.4,0,0
Didcot and Wantage,Left,0.0,2.500669702652009,0.0,0.0,4.9,0.0,0,0
Didcot and Wantage,Progressives,9.698680360085078,0.0,0.0,0.0,0.0,0.0,0,0
Didcot and Wantage,Average,5.001319639914922,8.290551423439684,0.0,10.980439808068056,0.0,0.0,0,0
Didcot and Wantage,Liberal,0.0,0.0,0.0,28.81956019193194,0.0,0.0,0,0
Didcot and Wantage,Blues,0.0,10.1565956,0.0,0.0,0.0,0.0,0,0
Didcot and Wantage,Reforms,0.0,6.818460173908306,11.7,0.0,0.0,0.0,0,0
Doncaster Central,Muslim,0.8305259000000005,0.0,0.0,0.0,0.0,4.0,0,0
Doncaster Central,Left,1.2284683863570907,2.222674953032482,0.0,0.0,5.0,0.0,0,0
Doncaster Central,Progressives,11.333345380736116,0.0,0.0,0.0,0.0,0.0,0,0
Doncaster Central,Average,32.80766033290679,0.0,0.0,0.0,0.0,0.0,0,0
Doncaster Central,Liberal,0.0,9.74705985194791,0.0,3.2,0.0,0.0,0,0
Doncaster Central,Blues,0.0,2.1293934,0.0,0.0,0.0,0.0,0,0
Doncaster Central,Reforms,0.0,6.700871795019609,20.8,0.0,0.0,0.0,0,0
Doncaster East and the Isle of Axholme,Muslim,0.6610588999999999,0.0,0.0,0.0,0.0,0.4,0,0
Doncaster East and the Isle of Axholme,Left,4.157744717438298,0.0,0.0,0.0,3.6,0.0,0,0
Doncaster East and the Isle of Axholme,Progressives,5.813557969633216,0.0,0.0,0.0,0.0,0.0,0,0
Doncaster East and the Isle of Axholme,Average,25.641103664788744,0.0,0.0,0.0,0.0,0.0,0,0
Doncaster East and the Isle of Axholme,Liberal,2.326534748139732,14.142183155064696,0.0,3.0,0.0,0.0,0,0
Doncaster East and the Isle of Axholme,Blues,0.0,10.1264056,0.0,0.0,0.0,0.0,0,0
Doncaster East and the Isle of Axholme,Reforms,0.0,8.431411244935308,21.7,0.0,0.0,0.0,0,0
Doncaster North,Muslim,0.0,0.0,0.0,0.0,0.0,0.472537,0,0
Doncaster North,Left,3.1176764369808128,0.0,0.0,0.0,5.7,0.0,0,0
Doncaster North,Progressives,6.195146880655144,0.0,0.0,0.0,0.0,0.0,0,0
Doncaster North,Average,30.76123854229212,0.0,0.0,0.0,0.0,0.0,0,0
Doncaster North,Liberal,12.154183761443127,0.0,0.0,3.4,0.0,0.0,0,0
Doncaster North,Blues,0.0,4.018839400000001,0.0,0.0,0.0,0.0,0,0
Doncaster North,Reforms,0.17175437862879406,18.881160599999998,0.0,0.0,0.0,15.127462999999999,0,0
Dorking and Horley,Muslim,0.0,1.5423644,0.0,0.0,0.0,0.0,0,0
Dorking and Horley,Left,0.0,2.04848543563908,0.0,0.0,5.1,0.0,0,0
Dorking and Horley,Progressives,8.1,0.0,0.0,0.8095694887307197,0.0,0.0,0,0
Dorking and Horley,Average,0.0,17.203063193425447,0.0,8.268284644514228,0.0,0.0,0,0
Dorking and Horley,Liberal,0.0,0.0,0.0,32.82214586675505,0.0,0.0,0,0
Dorking and Horley,Blues,0.0,8.732999800000002,0.0,0.0,0.0,0.0,0,0
Dorking and Horley,Reforms,0.0,1.573087170935473,13.8,0.0,0.0,0.0,0,0
Dover and Deal,Muslim,0.0,0.0,0.0,0.0,0.0,0.6432397000000001,0,0
Dover and Deal,Left,0.0,0.0,0.0,0.0,6.5,1.0452251483811246,0,0
Dover and Deal,Progressives,8.065227278245905,0.0,0.0,0.0,0.0,0.0,0,0
Dover and Deal,Average,31.534772721754095,0.0,0.0,0.0,0.0,1.0383791843231478,0,0
Dover and Deal,Liberal,0.0,12.37752209439002,0.0,5.4,0.0,0.17315596729572746,0,0
Dover and Deal,Blues,0.0,6.343718500000001,0.0,0.0,0.0,0.0,0,0
Dover and Deal,Reforms,0.0,2.9787594056099778,23.8,0.0,0.0,0.0,0,0
Droitwich and Evesham,Muslim,0.0,0.0,0.0,0.0,0.1510825,0.5,0,0
Droitwich and Evesham,Left,0.0,0.0,0.0,0.0,7.281777654586173,0.0,0,0
Droitwich and Evesham,Progressives,6.669358786802681,0.0,0.0,0.0,0.0,0.0,0,0
Droitwich and Evesham,Average,15.43064121319732,11.630421013612903,0.0,0.0,0.2671398454138274,0.0,0,0
Droitwich and Evesham,Liberal,0.0,15.048345211349691,0.0,10.3,0.0,0.0,0,0
Droitwich and Evesham,Blues,0.0,8.4349566,0.0,0.0,0.0,0.0,0,0
Droitwich and Evesham,Reforms,0.0,5.186277175037404,19.1,0.0,0.0,0.0,0,0
Dudley,Muslim,0.0,3.0866508,0.0,0.0,0.0,4.5,0,0
Dudley,Left,0.0,6.601061999850416,0.0,0.0,3.2,0.0,0,0
Dudley,Progressives,11.56930365930959,0.0,0.0,0.0,0.0,0.0,0,0
Dudley,Average,22.53069634069041,10.136136632966327,0.0,0.0,0.0,0.0,0,0
Dudley,Liberal,0.0,7.462716957379728,0.0,3.0,0.0,0.0,0,0
Dudley,Blues,0.0,1.1299081999999998,0.0,0.0,0.0,0.0,0,0
Dudley,Reforms,0.0,0.3835254098035321,26.4,0.0,0.0,0.0,0,0
Dulwich and West Norwood,Muslim,0.0,0.0,0.0,0.0,6.8750927,0.7,0,0
Dulwich and West Norwood,Left,0.0,0.0,0.0,0.0,10.57765421537876,0.0,0,0
Dulwich and West Norwood,Progressives,45.37227217727565,0.0,0.0,0.0,0.0,0.0,0,0
Dulwich and West Norwood,Average,5.909005851620293,0.0,0.0,0.0,0.0,0.0,0,0
Dulwich and West Norwood,Liberal,9.018721971104057,0.23798969654554014,0.0,7.7,1.3472530846212294,0.0,0,0
Dulwich and West Norwood,Blues,0.0,4.9780441,0.0,0.0,0.0,0.0,0,0
Dulwich and West Norwood,Reforms,0.0,3.28396620345446,4.0,0.0,0.0,0.0,0,0
Dunstable and Leighton Buzzard,Muslim,0.0,1.8902406,0.0,0.0,0.0,0.2,0,0
Dunstable and Leighton Buzzard,Left,0.0,3.3650390346205805,0.0,0.0,4.6,0.0,0,0
Dunstable and Leighton Buzzard,Progressives,10.94155828990774,0.0,0.0,0.0,0.0,0.0,0,0
Dunstable and Leighton Buzzard,Average,21.55844171009226,9.122391329435224,0.0,0.0,0.0,0.0,0,0
Dunstable and Leighton Buzzard,Liberal,0.0,11.193323079083031,0.0,14.1,0.0,0.0,0,0
Dunstable and Leighton Buzzard,Blues,0.0,2.4536661,0.0,0.0,0.0,0.0,0,0
Dunstable and Leighton Buzzard,Reforms,0.0,3.075339856861163,17.5,0.0,0.0,0.0,0,0
Ealing Central and Acton,Muslim,7.73054084269188,3.6378175221361086,0.07036813517201246,0.0,0.0,5.2,0,0
Ealing Central and Acton,Left,0.0,0.0,1.088761894588739,0.0,11.4,0.0,0,0
Ealing Central and Acton,Progressives,38.39480123192483,0.0,0.0,0.0,0.0,0.0,0,0
Ealing Central and Acton,Average,0.6746579253832863,0.0,0.0,0.0,0.0,0.0,0,0
Ealing Central and Acton,Liberal,0.0,5.348102077863892,0.0,12.7,0.0,0.0,0,0
Ealing Central and Acton,Blues,0.0,8.5140804,0.0,0.0,0.0,0.0,0,0
Ealing Central and Acton,Reforms,0.0,0.0,5.2408699702392365,0.0,0.0,0.0,0,0
Ealing North,Muslim,11.346598199999999,0.0,0.0,0.0,0.0,9.0,0,0
Ealing North,Left,0.0,0.0,2.574440156669512,0.0,9.4,0.0,0,0
Ealing North,Progressives,32.302402693276235,0.0,0.0,0.0,0.0,0.0,0,0
Ealing North,Average,2.459343896137412,0.0,0.0,0.0,0.0,0.0,0,0
Ealing North,Liberal,1.691655210586351,7.796556000000001,0.9971722878977509,5.9,0.0,0.0,0,0
Ealing North,Blues,0.0,11.003444,0.0,0.0,0.0,0.0,0,0
Ealing North,Reforms,0.0,0.0,5.528387555432737,0.0,0.0,0.0,0,0
Ealing Southall,Muslim,4.7167443,0.0,0.0,0.0,0.0,14.6,0,0
Ealing Southall,Left,3.2042660357927666,0.0,0.573736495094658,0.0,9.3,0.0,0,0
Ealing Southall,Progressives,40.90180974561315,0.0,0.0,0.0,0.0,0.0,0,0
Ealing Southall,Average,0.0,0.0,0.0,0.0,0.0,0.0,0,0
Ealing Southall,Liberal,0.27717991859408464,4.0118557,0.0,6.0,0.0,0.0,0,0
Ealing Southall,Blues,0.0,11.3881443,0.0,0.0,0.0,0.0,0,0
Ealing Southall,Reforms,0.0,0.0,4.926263504905342,0.0,0.0,0.0,0,0
Earley and Woodley,Muslim,6.864617700000001,0.0,0.0,0.0,0.0,1.7,0,0
Earley and Woodley,Left,5.072647702407,0.0,0.0,0.0,7.4,0.0,0,0
Earley and Woodley,Progressives,15.212681258867423,0.0,0.0,0.0,0.0,0.0,0,0
Earley and Woodley,Average,11.394782813298178,0.0,0.0,0.0,0.0,0.0,0,0
Earley and Woodley,Liberal,1.1552705254273992,15.84796931382589,0.0,13.4,0.0,0.0,0,0
Earley and Woodley,Blues,0.0,9.6042068,0.0,0.0,0.0,0.0,0,0
Earley and Woodley,Reforms,0.0,2.5478238861741094,9.8,0.0,0.0,0.0,0,0
Easington,Muslim,0.0,0.0,0.0,0.0,0.0,0.3359162,0,0
Easington,Left,4.614702782912206,0.0,0.0,0.0,3.4,1.7229156396793748,0,0
Easington,Progressives,5.306666234575062,0.0,0.0,0.0,0.0,0.0,0,0
Easington,Average,27.924701370172784,0.0,0.0,0.0,0.0,0.0,0,0
Easington,Liberal,11.053929612339948,0.0,0.0,2.4,0.0,0.0,0,0
Easington,Blues,0.0,7.897,0.0,0.0,0.0,0.0,0,0
Easington,Reforms,0.0,3.003,29.8,0.0,0.0,2.5411681603206198,0,0
East Grinstead and Uckfield,Muslim,0.0,0.0,0.0,0.0,0.0,0.9141303,0,0
East Grinstead and Uckfield,Left,0.0,0.0,0.0,0.0,7.254041109558964,0.0,0,0
East Grinstead and Uckfield,Progressives,7.927314881337327,0.0,0.0,0.0,0.0,0.0,0,0
East Grinstead and Uckfield,Average,12.772685118662672,1.1308749240989862,0.0,0.0,3.245958890441031,8.0858697,0,0
East Grinstead and Uckfield,Liberal,0.0,9.27228705642315,0.0,21.5,0.0,0.0,0,0
East Grinstead and Uckfield,Blues,0.0,10.7667838,0.0,0.0,0.0,0.0,0,0
East Grinstead and Uckfield,Reforms,0.0,17.130054219477863,0.0,0.0,0.0,0.0,0,0
East Ham,Muslim,26.9373842,0.0,0.0,0.0,0.0,20.2,0,0
East Ham,Left,4.388772744012762,0.0,0.4907077570548468,0.39869175273226354,11.2,0.0,0,0
East Ham,Progressives,20.27384305598724,0.0,0.0,0.0,0.0,0.0,0,0
East Ham,Average,0.0,0.0,0.0,0.0,0.0,0.0,0,0
East Ham,Liberal,0.0,0.0,0.0,2.8013082472677366,0.0,0.0,0,0
East Ham,Blues,0.0,10.2,0.6379044,0.0,0.0,0.0,0,0
East Ham,Reforms,0.0,0.0,2.371387842945153,0.0,0.0,0.0,0,0
East Hampshire,Muslim,0.0,0.0,0.0,0.0,0.0,0.477679,0,0
East Hampshire,Left,0.0,1.5489254307058928,0.0,0.0,4.8,0.522321,0,0
East Hampshire,Progressives,7.576896422682938,0.0,0.0,0.0,0.0,0.0,0,0
East Hampshire,Average,2.3231035773170623,21.68131763632462,0.0,1.585756255414644,0.0,0.0,0,0
East Hampshire,Liberal,0.0,0.0,0.0,32.814243744585355,0.0,0.0,0,0
East Hampshire,Blues,0.0,8.426860900000001,0.0,0.0,0.0,0.0,0,0
East Hampshire,Reforms,0.0,5.242896032969481,12.9,0.0,0.0,0.0,0,0
East Surrey,Muslim,0.0,0.0,0.0,0.0,0.0,1.546948,0,0
East Surrey,Left,0.0,0.0,0.4937022397312454,0.0,6.0,1.453052,0,0
East Surrey,Progressives,9.588145050331388,0.0,0.0,0.0,0.0,0.0,0,0
East Surrey,Average,10.81185494966861,11.017184338304876,1.672652018600914,0.0,0.0,0.0,0,0
East Surrey,Liberal,0.0,15.543268861695125,0.0,18.0,0.0,0.0,0,0
East Surrey,Blues,0.0,9.0395468,0.0,0.0,0.0,0.0,0,0
East Surrey,Reforms,0.0,0.0,14.83364574166784,0.0,0.0,0.0,0,0
East Thanet,Muslim,0.0,0.0,0.0,0.0,0.0,1.6940442,0,0
East Thanet,Left,0.0,0.0,0.0,0.0,8.145896656534955,0.0,0,0
East Thanet,Progressives,11.011378619953934,0.0,0.0,0.0,0.0,0.0,0,0
East Thanet,Average,28.888621380046065,6.728302852659613,0.0,0.0,2.5541033434650444,0.7059557999999999,0,0
East Thanet,Liberal,0.0,10.310311684433628,0.0,3.2,0.0,0.0,0,0
East Thanet,Blues,0.0,0.8051468,0.0,0.0,0.0,0.0,0,0
East Thanet,Reforms,0.0,5.75623866290676,20.1,0.0,0.0,0.0,0,0
East Wiltshire,Muslim,0.0,0.004928400000000055,0.0,0.0,0.0,0.6,0,0
East Wiltshire,Left,0.0,5.405063337707098,0.0,0.0,3.9,0.0,0,0
East Wiltshire,Progressives,13.53239854188098,0.0,0.0,0.0,0.0,0.0,0,0
East Wiltshire,Average,12.16760145811902,8.311290320307382,0.0,0.0,0.0,0.0,0,0
East Wiltshire,Liberal,0.0,3.438268471008076,0.0,17.4,0.0,0.0,0,0
East Wiltshire,Blues,0.0,14.7389367,0.0,0.0,0.0,0.0,0,0
East Wiltshire,Reforms,0.0,3.801512770977439,16.7,0.0,0.0,0.0,0,0
East Worthing and Shoreham,Muslim,0.0,0.0,0.0,0.0,0.0,1.4313964,0,0
East Worthing and Shoreham,Left,0.9682768228582717,0.0,0.0,0.0,6.6,0.0686036000000021,0,0
East Worthing and Shoreham,Progressives,7.8827701226966385,0.0,0.0,0.0,0.0,0.0,0,0
East Worthing and Shoreham,Average,35.58942054635301,0.0,0.0,0.0,0.0,0.0,0,0
East Worthing and Shoreham,Liberal,0.6595325080920773,17.360997131934887,0.0,6.5,0.0,0.0,0,0
East Worthing and Shoreham,Blues,0.0,0.7739176999999999,0.0,0.0,0.0,0.0,0,0
East Worthing and Shoreham,Reforms,0.0,7.565085168065115,14.6,0.0,0.0,0.0,0,0
Eastbourne,Muslim,0.0,1.9274452999999998,0.0,0.0,0.0,0.3,0,0
Eastbourne,Left,0.0,5.596166447843096,0.0,0.0,3.1,0.0,0,0
Eastbourne,Progressives,5.9,0.0,0.0,5.838442467744878,0.0,0.0,0,0
Eastbourne,Average,0.0,7.332832992391559,0.0,30.758420813031442,0.0,0.0,0,0
Eastbourne,Liberal,0.0,0.0,0.0,15.503136719223685,0.0,0.0,0,0
Eastbourne,Blues,0.0,1.1883937,0.0,0.0,0.0,0.0,0,0
Eastbourne,Reforms,0.0,9.255161559765334,13.3,0.0,0.0,0.0,0,0
Eastleigh,Muslim,0.0,0.3424826999999999,0.0,0.0,0.0,1.0,0,0
Eastleigh,Left,0.0,2.8015699614051135,0.0,0.0,5.2,0.0,0,0
Eastleigh,Progressives,8.82012764442807,0.0,0.0,0.0,0.0,0.0,0,0
Eastleigh,Average,6.27987235557193,18.755964628784184,0.0,7.050646257319578,0.0,0.0,0,0
Eastleigh,Liberal,0.0,0.0,0.0,27.34935374268042,0.0,0.0,0,0
Eastleigh,Blues,0.0,1.5333582,0.0,0.0,0.0,0.0,0,0
Eastleigh,Reforms,0.0,7.566624509810691,13.3,0.0,0.0,0.0,0,0
Edmonton and Winchmore Hill,Muslim,8.223607668062833,7.899084931937168,0.0,0.0,0.0,6.7,0,0
Edmonton and Winchmore Hill,Left,0.0,0.5603044750347212,1.9128449400117722,0.0,9.0,0.0,0,0
Edmonton and Winchmore Hill,Progressives,39.99992569262918,0.0,0.0,0.0,0.0,0.0,0,0
Edmonton and Winchmore Hill,Average,1.7764666393079835,0.0,0.0,0.0,0.0,0.0,0,0
Edmonton and Winchmore Hill,Liberal,0.0,5.774772493028111,0.0,6.6,0.0,0.0,0,0
Edmonton and Winchmore Hill,Blues,0.0,4.9658381,0.0,0.0,0.0,0.0,0,0
Edmonton and Winchmore Hill,Reforms,0.0,0.0,6.587155059988228,0.0,0.0,0.0,0,0
Ellesmere Port and Bromborough,Muslim,0.2912806000000001,0.0,0.0,0.0,0.0,0.6,0,0
Ellesmere Port and Bromborough,Left,2.1025590226184594,0.0,0.0,0.0,6.4,0.0,0,0
Ellesmere Port and Bromborough,Progressives,5.969761079628884,0.0,0.0,0.0,0.0,0.0,0,0
Ellesmere Port and Bromborough,Average,33.190719940359855,0.0,0.0,0.0,0.0,0.0,0,0
Ellesmere Port and Bromborough,Liberal,15.243972322630292,0.0,0.0,5.5,0.0,0.0,0,0
Ellesmere Port and Bromborough,Blues,0.0,0.4867771,0.0,0.0,0.0,0.0,0,0
Ellesmere Port and Bromborough,Reforms,0.8017070347625133,11.913222900000001,17.3,0.0,0.0,0.0,0,0
Eltham and Chislehurst,Muslim,0.6719416045382474,1.9776264003091129,0.8249836951526399,0.0,0.0,2.0,0,0
Eltham and Chislehurst,Left,0.0,0.0,2.9526724531749524,0.0,6.8,0.0,0,0
Eltham and Chislehurst,Progressives,21.559056752748944,0.0,0.0,0.0,0.0,0.0,0,0
Eltham and Chislehurst,Average,21.76900164271281,0.0,0.0,0.0,0.0,0.0,0,0
Eltham and Chislehurst,Liberal,0.0,19.694081599690886,0.0,5.3,0.0,0.0,0,0
Eltham and Chislehurst,Blues,0.0,3.828292,0.0,0.0,0.0,0.0,0,0
Eltham and Chislehurst,Reforms,0.0,0.0,12.522343851672408,0.0,0.0,0.0,0,0
Ely and East Cambridgeshire,Muslim,0.0,0.0,0.0,0.0,0.0,0.7111094,0,0
Ely and East Cambridgeshire,Left,0.0,2.281331752715307,0.0,0.0,4.5,0.48889059999999995,0,0
Ely and East Cambridgeshire,Progressives,9.161031621965064,0.0,0.0,0.0,0.0,0.0,0,0
Ely and East Cambridgeshire,Average,8.338968378034936,6.66760038670761,0.0,4.317558615548911,0.0,0.0,0,0
Ely and East Cambridgeshire,Liberal,0.0,0.0,0.0,28.38244138445109,0.0,0.0,0,0
Ely and East Cambridgeshire,Blues,0.0,14.661539,0.0,0.0,0.0,0.0,0,0
Ely and East Cambridgeshire,Reforms,0.0,8.189528860577074,12.3,0.0,0.0,0.0,0,0
Enfield North,Muslim,8.952987645537846,3.867269254462153,0.0,0.0,0.0,4.9,0,0
Enfield North,Left,0.0,0.708802029929311,2.464912912159347,0.0,8.5,0.0,0,0
Enfield North,Progressives,36.19880099677959,0.0,0.0,0.0,0.0,0.0,0,0
Enfield North,Average,3.948211357682567,0.0,0.0,0.0,0.0,0.0,0,0
Enfield North,Liberal,0.0,9.080532115608538,0.0,5.8,0.0,0.0,0,0
Enfield North,Blues,0.0,6.1433966,0.0,0.0,0.0,0.0,0,0
Enfield North,Reforms,0.0,0.0,9.335087087840654,0.0,0.0,0.0,0,0
Epping Forest,Muslim,0.0,0.0,0.0,0.0,0.0,4.220712799999999,0,0
Epping Forest,Left,0.0,0.0,0.0,0.0,6.0,2.7320762963952063,0,0
Epping Forest,Progressives,13.52870338182314,0.0,0.0,0.0,0.0,0.0,0,0
Epping Forest,Average,16.07129661817686,3.5019926754381547,0.0,0.0,0.0,1.647210903604794,0,0
Epping Forest,Liberal,0.0,15.861182402540946,0.0,12.6,0.0,0.0,0,0
Epping Forest,Blues,0.0,9.3032949,0.0,0.0,0.0,0.0,0,0
Epping Forest,Reforms,0.0,14.533530022020903,0.0,0.0,0.0,0.0,0,0
Epsom and Ewell,Muslim,0.0,2.3091064,0.0,0.0,0.0,1.8,0,0
Epsom and Ewell,Left,0.0,5.340162980209532,0.0,0.0,3.2,0.0,0,0
Epsom and Ewell,Progressives,11.54826063665345,0.0,0.0,0.0,0.0,0.0,0,0
Epsom and Ewell,Average,3.75173936334655,16.596011295183544,0.0,7.238039084055828,0.0,0.0,0,0
Epsom and Ewell,Liberal,0.0,0.0,0.0,30.66196091594417,0.0,0.0,0,0
Epsom and Ewell,Blues,0.0,5.5134844,0.0,0.0,0.0,0.0,0,0
Epsom and Ewell,Reforms,0.0,1.4412349246069187,10.6,0.0,0.0,0.0,0,0
Erewash,Muslim,0.0,0.0,0.0,0.0,0.0,0.4612556,0,0
Erewash,Left,1.7473089244214144,0.7067955798461781,0.0,0.0,5.8,0.33874440000000006,0,0
Erewash,Progressives,7.308739215143429,0.0,0.0,0.0,0.0,0.0,0,0
Erewash,Average,31.04395186043516,0.0,0.0,0.0,0.0,0.0,0,0
Erewash,Liberal,0.0,13.73668082297665,0.0,5.6,0.0,0.0,0,0
Erewash,Blues,0.0,2.1810862,0.0,0.0,0.0,0.0,0,0
Erewash,Reforms,0.0,9.775437397177168,21.3,0.0,0.0,0.0,0,0
Erith and Thamesmead,Muslim,2.730534388330348,1.1153372523647587,1.8361449593048942,0.0,0.0,3.1,0,0
Erith and Thamesmead,Left,0.0,0.0,3.0939979172583616,0.0,8.6,0.0,0,0
Erith and Thamesmead,Progressives,45.06100916072404,0.0,0.0,0.0,0.0,0.0,0,0
Erith and Thamesmead,Average,7.308456450945613,0.0,0.0,0.0,0.0,0.0,0,0
Erith and Thamesmead,Liberal,0.0,8.171033747635242,0.0,4.6,0.0,0.0,0,0
Erith and Thamesmead,Blues,0.0,4.513629,0.0,0.0,0.0,0.0,0,0
Erith and Thamesmead,Reforms,0.0,0.0,9.769857123436744,0.0,0.0,0.0,0,0
Esher and Walton,Muslim,0.0,2.2328829,0.0,0.0,0.0,0.4,0,0
Esher and Walton,Left,0.0,4.4693205216197605,0.0,0.0,2.6,0.0,0,0
Esher and Walton,Progressives,5.3,0.0,0.0,6.544799835089219,0.0,0.0,0,0
Esher and Walton,Average,0.0,13.948227772365069,0.0,9.135156926491081,0.0,0.0,0,0
Esher and Walton,Liberal,0.0,0.0,0.0,36.9200432384197,0.0,0.0,0,0
Esher and Walton,Blues,0.0,7.5743143,0.0,0.0,0.0,0.0,0,0
Esher and Walton,Reforms,0.0,1.9752545060151636,8.9,0.0,0.0,0.0,0,0
Exeter,Muslim,0.6675424999999997,0.0,0.0,0.0,0.0,1.6,0,0
Exeter,Left,7.341062082563713,5.863310322700801,0.0,0.0,14.7,0.0,0,0
Exeter,Progressives,11.633272030030874,0.0,0.0,0.0,0.0,0.0,0,0
Exeter,Average,25.65812338740541,0.0,0.0,0.0,0.0,0.0,0,0
Exeter,Liberal,0.0,2.8207242636780805,0.0,10.5,0.0,0.0,0,0
Exeter,Blues,0.0,1.2561753,0.0,0.0,0.0,0.0,0,0
Exeter,Reforms,0.0,5.659790113621117,12.2,0.0,0.0,0.0,0,0
Exmouth and Exeter East,Muslim,0.0,0.0,0.0,0.0,0.0,0.7224984999999999,0,0
Exmouth and Exeter East,Left,0.0,2.241537951114914,0.0,0.0,4.5,1.5775015,0,0
Exmouth and Exeter East,Progressives,7.718664701372158,0.0,0.0,0.0,0.0,0.0,0,0
Exmouth and Exeter East,Average,20.78133529862784,10.65073929832128,0.0,0.0,0.0,0.0,0,0
Exmouth and Exeter East,Liberal,0.0,1.5918547609297207,0.0,22.2,0.0,0.0,0,0
Exmouth and Exeter East,Blues,0.0,5.823245,0.0,0.0,0.0,0.0,0,0
Exmouth and Exeter East,Reforms,0.0,8.392622989634084,13.8,0.0,0.0,0.0,0,0
Fareham and Waterlooville,Muslim,0.0,0.0,0.0,0.0,0.0,0.6487263,0,0
Fareham and Waterlooville,Left,0.0,3.2571715043996528,0.0,0.0,4.1,0.25127370000000004,0,0
Fareham and Waterlooville,Progressives,6.398383710154391,0.0,0.0,0.0,0.0,0.0,0,0
Fareham and Waterlooville,Average,16.501616289845607,16.481392708876093,0.0,0.0,0.0,0.0,0,0
Fareham and Waterlooville,Liberal,0.0,6.397091936774945,0.0,19.0,0.0,0.0,0,0
Fareham and Waterlooville,Blues,0.0,3.4334232000000005,0.0,0.0,0.0,0.0,0,0
Fareham and Waterlooville,Reforms,0.0,5.430920649949307,18.1,0.0,0.0,0.0,0,0
Farnham and Bordon,Muslim,0.0,0.5742925999999999,0.0,0.0,0.0,0.8,0,0
Farnham and Bordon,Left,0.0,3.5757637474541646,0.0,0.0,4.7,0.0,0,0
Farnham and Bordon,Progressives,8.221197291160214,0.0,0.0,0.0,0.0,0.0,0,0
Farnham and Bordon,Average,5.5788027088397865,20.225813394038624,0.0,0.0,0.0,0.0,0,0
Farnham and Bordon,Liberal,0.0,0.4229424520442038,0.0,33.2,0.0,0.0,0,0
Farnham and Bordon,Blues,0.0,6.6329501,0.0,0.0,0.0,0.0,0,0
Farnham and Bordon,Reforms,0.0,4.268237706463008,11.7,0.0,0.0,0.0,0,0
Faversham and Mid Kent,Muslim,0.0,0.0,0.0,0.0,0.6921350000000001,0.4,0,0
Faversham and Mid Kent,Left,0.0,0.0,0.0,0.0,7.60690890355504,0.0,0,0
Faversham and Mid Kent,Progressives,7.439256783429417,0.0,0.0,0.0,0.0,0.0,0,0
Faversham and Mid Kent,Average,21.160743216570584,5.82960084309282,0.0,0.0,0.8009560964449592,0.0,0,0
Faversham and Mid Kent,Liberal,0.0,17.06471210658212,0.0,8.9,0.0,0.0,0,0
Faversham and Mid Kent,Blues,0.0,7.272641900000001,0.0,0.0,0.0,0.0,0,0
Faversham and Mid Kent,Reforms,0.0,1.63304515032506,21.2,0.0,0.0,0.0,0,0
Feltham and Heston,Muslim,3.184035135982672,1.6037728640173263,0.0,0.0,0.0,13.0,0,0
Feltham and Heston,Left,0.0,0.2106981026331871,5.439592855289801,0.0,6.5,0.0,0,0
Feltham and Heston,Progressives,31.93598153695461,0.0,0.0,0.0,0.0,0.0,0,0
Feltham and Heston,Average,6.3799833270627175,0.0,0.0,0.0,0.0,0.0,0,0
Feltham and Heston,Liberal,0.0,7.8148548333494885,0.0,4.7,0.0,0.0,0,0
Feltham and Heston,Blues,0.0,11.4706742,0.0,0.0,0.0,0.0,0,0
Feltham and Heston,Reforms,0.0,0.0,7.760407144710198,0.0,0.0,0.0,0,0
Filton and Bradley Stoke,Muslim,2.7976523,0.0,0.0,0.0,0.0,0.0,0,0
Filton and Bradley Stoke,Left,3.7658516574438847,3.09659148745531,0.0,0.0,8.2,0.0,0,0
Filton and Bradley Stoke,Progressives,12.745689706302269,0.0,0.0,0.0,0.0,0.0,0,0
Filton and Bradley Stoke,Average,26.190806336253843,0.0,0.0,0.0,0.0,0.0,0,0
Filton and Bradley Stoke,Liberal,0.0,16.481391034958186,0.0,7.1,0.0,0.0,0,0
Filton and Bradley Stoke,Blues,0.0,2.8346294,0.0,0.0,0.0,0.0,0,0
Filton and Bradley Stoke,Reforms,0.0,3.1873880775865047,13.5,0.0,0.0,0.0,0,0
Finchley and Golders Green,Muslim,8.7254957,0.0,0.0,0.0,0.0,2.2,0,0
Finchley and Golders Green,Left,3.046103369165558,0.0,0.0,0.0,6.3,0.0,0,0
Finchley and Golders Green,Progressives,22.76353413108089,0.0,0.0,0.0,0.0,0.0,0,0
Finchley and Golders Green,Average,0.0,0.0,0.0,0.0,0.0,0.0,0,0
Finchley and Golders Green,Liberal,8.462183231948735,0.0,0.0,6.8,0.0,0.0,0,0
Finchley and Golders Green,Blues,0.9439936999999956,35.1,0.0,0.0,0.0,0.0,0,0
Finchley and Golders Green,Reforms,0.35868986780482004,0.0,5.3,0.0,0.0,0.0,0,0
Folkestone and Hythe,Muslim,0.0,0.0,0.0,0.0,0.0,1.1063682,0,0
Folkestone and Hythe,Left,0.0,0.0,0.0,0.0,7.473865082175783,0.0,0,0
Folkestone and Hythe,Progressives,9.570137591684922,0.0,0.0,0.0,0.0,0.0,0,0
Folkestone and Hythe,Average,25.12986240831508,5.3654090718887915,0.0,0.0,1.626134917824217,0.19363180000000013,0,0
Folkestone and Hythe,Liberal,0.0,12.999318056485759,0.0,4.0,0.0,0.0,0,0
Folkestone and Hythe,Blues,0.0,7.5367593,0.0,0.0,0.0,0.0,0,0
Folkestone and Hythe,Reforms,0.0,0.19851357162545114,24.7,0.0,0.0,0.0,0,0
Forest of Dean,Muslim,0.0,0.0,0.0,0.0,0.07631850000000001,0.2,0,0
Forest of Dean,Left,0.0,0.0,0.0,0.0,8.000051872600897,0.0,0,0
Forest of Dean,Progressives,5.408269769087832,0.0,0.0,0.0,0.0,0.0,0,0
Forest of Dean,Average,23.26940720957529,0.0,0.0,0.0,0.0,0.0,0,0
Forest of Dean,Liberal,5.322323021336878,10.658804030466733,0.0,5.4,1.7236296273991034,0.0,0,0
Forest of Dean,Blues,0.0,13.5380698,0.0,0.0,0.0,0.0,0,0
Forest of Dean,Reforms,0.0,9.303126169533265,17.0,0.0,0.0,0.0,0,0
Frome and East Somerset,Muslim,0.0,0.0,0.0,0.0,0.0,0.2897544,0,0
Frome and East Somerset,Left,0.0,0.0,0.0,0.0,8.494950037606092,0.0,0,0
Frome and East Somerset,Progressives,6.667661081813668,0.0,0.0,0.0,0.0,0.0,0,0
Frome and East Somerset,Average,7.032338918186332,3.0320280598334115,0.0,10.657942583632298,2.4050499623939086,1.9102456,0,0
Frome and East Somerset,Liberal,0.0,0.0,0.0,24.8420574163677,0.0,0.0,0,0
Frome and East Somerset,Blues,0.0,9.1578169,0.0,0.0,0.0,0.0,0,0
Frome and East Somerset,Reforms,0.0,11.710155040166587,13.8,0.0,0.0,0.0,0,0
Fylde,Muslim,0.0,0.0,0.0,0.0,0.0,0.6865393,0,0
Fylde,Left,0.0,0.0,0.0,0.0,3.3,3.1222027765295666,0,0
Fylde,Progressives,8.557984307354861,0.0,0.0,0.0,0.0,0.0,0,0
Fylde,Average,23.44201569264514,2.115291175673729,0.0,0.0,0.0,5.991257923470421,0,0
Fylde,Liberal,0.0,22.356261129527716,0.0,4.4,0.0,0.0,0,0
Fylde,Blues,0.0,5.0876028,0.0,0.0,0.0,0.0,0,0
Fylde,Reforms,0.0,3.6408448947985583,17.3,0.0,0.0,0.0,0,0
Gainsborough,Muslim,0.0,0.002513899999999958,0.0,0.0,0.0,0.4,0,0
Gainsborough,Left,0.0,3.016173041623244,0.0,0.0,3.9,0.0,0,0
Gainsborough,Progressives,7.212633909898478,0.0,0.0,0.0,0.0,0.0,0,0
Gainsborough,Average,20.887366090101523,0.8867644233640419,0.0,0.0,0.0,0.0,0,0
Gainsborough,Liberal,0.0,10.917341317685281,0.0,10.7,0.0,0.0,0,0
Gainsborough,Blues,0.0,15.3120755,0.0,0.0,0.0,0.0,0,0
Gainsborough,Reforms,0.0,5.4651318173274355,21.2,0.0,0.0,0.0,0,0
Gateshead Central and Whickham,Muslim,1.5597381,0.0,0.0,0.0,0.0,1.3,0,0
Gateshead Central and Whickham,Left,2.3965623081644933,0.0,0.0,0.0,8.0,0.0,0,0
Gateshead Central and Whickham,Progressives,10.749991604360773,0.0,0.0,0.0,0.0,0.0,0,0
Gateshead Central and Whickham,Average,30.13860066451372,0.0,0.0,0.0,0.0,0.0,0,0
Gateshead Central and Whickham,Liberal,0.5551073229610122,3.593197311724797,0.0,12.4,0.0,0.0,0,0
Gateshead Central and Whickham,Blues,0.0,3.3777744000000003,0.0,0.0,0.0,0.0,0,0
Gateshead Central and Whickham,Reforms,0.0,4.529028288275203,21.4,0.0,0.0,0.0,0,0
Gedling,Muslim,1.8624618000000002,0.0,0.0,0.0,0.0,0.5,0,0
Gedling,Left,1.1998983776721124,0.0,0.0,0.0,6.4,0.0,0,0
Gedling,Progressives,10.2066279070958,0.0,0.0,0.0,0.0,0.0,0,0
Gedling,Average,32.62100734066601,0.0,0.0,0.0,0.0,0.0,0,0
Gedling,Liberal,1.8100045745660935,16.15189157161535,0.0,5.1,0.0,0.0,0,0
Gedling,Blues,0.0,1.3861845000000002,0.0,0.0,0.0,0.0,0,0
Gedling,Reforms,0.0,5.861923928384648,16.9,0.0,0.0,0.0,0,0
Gillingham and Rainham,Muslim,0.0,1.4478458,0.0,0.0,0.0,1.5,0,0
Gillingham and Rainham,Left,0.0,4.267380459909953,0.0,0.0,5.6,0.0,0,0
Gillingham and Rainham,Progressives,14.561708591301088,0.0,0.0,0.0,0.0,0.0,0,0
Gillingham and Rainham,Average,23.23829140869891,10.196325575086735,0.0,0.0,0.0,0.0,0,0
Gillingham and Rainham,Liberal,0.0,10.233816426089238,0.0,5.5,0.0,0.0,0,0
Gillingham and Rainham,Blues,0.0,1.5302814,0.0,0.0,0.0,0.0,0,0
Gillingham and Rainham,Reforms,0.0,0.524350338914072,21.4,0.0,0.0,0.0,0,0
Glastonbury and Somerton,Muslim,0.0,0.3327425,0.0,0.0,0.0,0.0,0,0
Glastonbury and Somerton,Left,0.0,1.7942270836864138,0.0,0.0,5.7,0.0,0,0
Glastonbury and Somerton,Progressives,6.5,0.0,0.0,0.6351655098064501,0.0,0.0,0,0
Glastonbury and Somerton,Average,0.0,0.624188827303584,0.0,18.041829074823227,0.0,0.0,0,0
Glastonbury and Somerton,Liberal,0.0,0.0,0.0,24.023005415370328,0.0,0.0,0,0
Glastonbury and Somerton,Blues,0.0,17.994408200000002,0.0,0.0,0.0,0.0,0,0
Glastonbury and Somerton,Reforms,0.0,8.154433389009998,16.1,0.0,0.0,0.0,0,0
Gloucester,Muslim,0.0,1.1008049,0.0,0.0,0.0,4.0,0,0
Gloucester,Left,0.0,6.390263767934339,0.0,0.0,5.0,0.0,0,0
Gloucester,Progressives,12.36776038728946,0.0,0.0,0.0,0.0,0.0,0,0
Gloucester,Average,23.732239612710543,7.429423948921791,0.0,0.0,0.0,0.0,0,0
Gloucester,Liberal,0.0,4.580236741151591,0.0,10.4,0.0,0.0,0,0
Gloucester,Blues,0.0,0.9646512,0.0,0.0,0.0,0.0,0,0
Gloucester,Reforms,0.0,8.034619441992277,16.0,0.0,0.0,0.0,0,0
Godalming and Ash,Muslim,0.0,0.5069237,0.0,0.0,0.0,0.4,0,0
Godalming and Ash,Left,0.0,5.055321097464579,0.0,0.0,2.3,0.0,0,0
Godalming and Ash,Progressives,5.0,0.0,0.0,3.602923045858052,0.0,0.0,0,0
Godalming and Ash,Average,0.0,22.507279167852733,0.0,4.226165870538448,0.0,0.0,0,0
Godalming and Ash,Liberal,0.0,0.0,0.0,33.1709110836035,0.0,0.0,0,0
Godalming and Ash,Blues,0.0,7.852064700000001,0.0,0.0,0.0,0.0,0,0
Godalming and Ash,Reforms,0.0,6.578411334682688,8.8,0.0,0.0,0.0,0,0
Goole and Pocklington,Muslim,0.0,0.0,0.0,0.0,0.0,0.6353719,0,0
Goole and Pocklington,Left,0.711206686305033,1.3993125368502746,0.0,0.0,4.9,0.26462810000000003,0,0
Goole and Pocklington,Progressives,6.790606717251397,0.0,0.0,0.0,0.0,0.0,0,0
Goole and Pocklington,Average,23.49818659644357,0.0,0.0,0.0,0.0,0.0,0,0
Goole and Pocklington,Liberal,0.0,17.9594669791638,0.0,6.8,0.0,0.0,0,0
Goole and Pocklington,Blues,0.0,11.5581571,0.0,0.0,0.0,0.0,0,0
Goole and Pocklington,Reforms,0.0,7.283063383985926,18.2,0.0,0.0,0.0,0,0
Gorton and Denton,Muslim,17.3084003008969,0.0,0.0,0.0,0.7766818991030995,10.3,0,0
Gorton and Denton,Left,0.0,0.0,0.0,0.0,12.4233181008969,0.0,0,0
Gorton and Denton,Progressives,18.48709709179572,0.0,0.0,0.0,0.0,0.0,0,0
Gorton and Denton,Average,12.1740169207921,0.0,0.0,0.0,0.0,0.0,0,0
Gorton and Denton,Liberal,2.730485686515271,5.7936249303763265,0.0,3.8,0.0,0.0,0,0
Gorton and Denton,Blues,0.0,0.5681654,0.0,0.0,0.0,0.0,0,0
Gorton and Denton,Reforms,0.0,1.538209669623674,14.1,0.0,0.0,0.0,0,0
Gosport,Muslim,0.0,0.0,0.0,0.0,0.0,0.5266329000000001,0,0
Gosport,Left,0.0,3.638302230897434,0.0,0.0,4.4,1.0733671,0,0
Gosport,Progressives,8.298570928418915,0.0,0.0,0.0,0.0,0.0,0,0
Gosport,Average,18.301429071581087,16.141347713721583,0.0,0.0,0.0,0.0,0,0
Gosport,Liberal,0.0,11.391446301049056,0.0,9.1,0.0,0.0,0,0
Gosport,Blues,0.0,0.3033485999999999,0.0,0.0,0.0,0.0,0,0
Gosport,Reforms,0.0,8.825555154331923,18.0,0.0,0.0,0.0,0,0
Grantham and Bourne,Muslim,0.0,0.0,0.0,0.0,0.0,0.5745673,0,0
Grantham and Bourne,Left,0.0,0.0,0.0,0.0,5.6,1.4342391837535393,0,0
Grantham and Bourne,Progressives,7.909826538921154,0.0,0.0,0.0,0.0,0.0,0,0
Grantham and Bourne,Average,18.69017346107885,5.215191400092369,0.0,0.0,0.0,4.591193516246452,0,0
Grantham and Bourne,Liberal,0.0,17.185504061917015,0.0,4.4,0.0,0.0,0,0
Grantham and Bourne,Blues,0.0,8.1191207,0.0,0.0,0.0,0.0,0,0
Grantham and Bourne,Reforms,0.0,5.880183837990614,20.4,0.0,0.0,0.0,0,0
Gravesham,Muslim,0.0,3.1113481,0.0,0.0,0.0,0.0,0,0
Gravesham,Left,0.0,3.559569736130496,0.6159137969639907,0.0,5.2,0.0,0,0
Gravesham,Progressives,22.846108690460827,0.0,0.0,0.0,0.0,0.0,0,0
Gravesham,Average,15.653891309539173,6.3692356210473875,0.0,0.0,0.0,0.0,0,0
Gravesham,Liberal,0.0,14.77397204282212,0.0,3.5,0.0,0.0,0,0
Gravesham,Blues,0.0,4.3858745,0.0,0.0,0.0,0.0,0,0
Gravesham,Reforms,0.0,0.0,19.98408620303601,0.0,0.0,0.0,0,0
Great Grimsby and Cleethorpes,Muslim,0.3704732006631133,0.04387099933688676,0.0,0.0,0.0,0.9,0,0
Great Grimsby and Cleethorpes,Left,0.0,6.0167718110478505,0.0,0.0,3.0,0.0,0,0
Great Grimsby and Cleethorpes,Progressives,7.321049055756224,0.0,0.0,0.0,0.0,0.0,0,0
Great Grimsby and Cleethorpes,Average,34.20847774358066,0.0,0.0,0.0,0.0,0.0,0,0
Great Grimsby and Cleethorpes,Liberal,0.0,7.442699358510144,0.0,2.8,0.0,0.0,0,0
Great Grimsby and Cleethorpes,Blues,0.0,0.2503695,0.0,0.0,0.0,0.0,0,0
Great Grimsby and Cleethorpes,Reforms,0.0,8.846288331105118,28.8,0.0,0.0,0.0,0,0
Great Yarmouth,Muslim,0.0,0.0,0.0,0.0,0.0,0.7248411,0,0
Great Yarmouth,Left,0.0,1.0608049699057247,2.175012853615108,0.0,4.3,0.5751589,0,0
Great Yarmouth,Progressives,7.2717374117458045,0.0,0.0,0.0,0.0,0.0,0,0
Great Yarmouth,Average,24.528262588254197,6.65912913178617,0.0,0.0,0.0,0.0,0,0
Great Yarmouth,Liberal,0.0,9.504972098308105,0.0,2.7,0.0,0.0,0,0
Great Yarmouth,Blues,0.0,7.3750938,0.0,0.0,0.0,0.0,0,0
Great Yarmouth,Reforms,0.0,0.0,33.12498714638489,0.0,0.0,0.0,0,0
Greenwich and Woolwich,Muslim,4.521015956522811,0.0,0.0,0.0,2.0700479434771886,2.5,0,0
Greenwich and Woolwich,Left,0.0,0.0,0.0,0.0,11.12995205652281,0.0,0,0
Greenwich and Woolwich,Progressives,44.16128177639408,0.0,0.0,0.0,0.0,0.0,0,0
Greenwich and Woolwich,Average,5.634232157528345,0.0,0.0,0.0,0.0,0.0,0,0
Greenwich and Woolwich,Liberal,1.8834701095547697,5.240144400000001,0.7980947514414849,9.0,0.0,0.0,0,0
Greenwich and Woolwich,Blues,0.0,6.159855599999999,0.0,0.0,0.0,0.0,0,0
Greenwich and Woolwich,Reforms,0.0,0.0,6.901905248558497,0.0,0.0,0.0,0,0
Guildford,Muslim,0.0,2.0300778,0.0,0.0,0.0,0.5,0,0
Guildford,Left,0.0,13.455671721018255,0.0,0.0,4.7,0.0,0,0
Guildford,Progressives,8.1,0.0,0.0,5.528561536597845,0.0,0.0,0,0
Guildford,Average,0.0,4.428979452626471,0.0,17.337128972680425,0.0,0.0,0,0
Guildford,Liberal,0.0,0.0,0.0,24.63430949072173,0.0,0.0,0,0
Guildford,Blues,0.0,7.7478792,0.0,0.0,0.0,0.0,0,0
Guildford,Reforms,0.0,2.3373918263552707,9.1,0.0,0.0,0.0,0,0
Hackney North and Stoke Newington,Muslim,0.7466832353543982,0.0,0.0,0.0,10.220478864645601,2.5,0,0
Hackney North and Stoke Newington,Left,0.0,0.0,0.0,0.0,12.3795211353544,0.0,0,0
Hackney North and Stoke Newington,Progressives,40.34786800942312,0.0,0.0,0.0,0.0,0.0,0,0
Hackney North and Stoke Newington,Average,0.0,0.0,0.0,0.0,0.0,0.0,0,0
Hackney North and Stoke Newington,Liberal,8.431511762000959,0.0,0.0,3.8,0.0,0.0,0,0
Hackney North and Stoke Newington,Blues,5.895775300000002,8.4,0.0,0.0,0.0,0.0,0,0
Hackney North and Stoke Newington,Reforms,4.078161693221526,0.0,3.1,0.0,0.0,0.0,0,0
Hackney South and Shoreditch,Muslim,0.0,0.0,0.0,0.0,10.133155599999998,3.2,0,0
Hackney South and Shoreditch,Left,0.0,0.0,0.0,0.0,12.30242360379342,0.0,0,0
Hackney South and Shoreditch,Progressives,50.83217747881072,0.0,0.0,0.0,0.0,0.0,0,0
Hackney South and Shoreditch,Average,0.0,0.0,0.0,0.0,0.0,0.0,0,0
Hackney South and Shoreditch,Liberal,8.467822521189277,0.0,0.0,4.8,0.5411498146440152,0.0,0,0
Hackney South and Shoreditch,Blues,0.0,3.9688327,0.0,0.0,0.0,0.0,0,0
Hackney South and Shoreditch,Reforms,0.0,1.0311673,3.8,0.0,0.9232709815625615,0.0,0,0
Halesowen,Muslim,1.9810268783254834,5.797349021674515,0.0,0.0,0.0,0.0,0,0
Halesowen,Left,0.0,3.5353025250118932,0.0,0.0,5.6,0.0,0,0
Halesowen,Progressives,10.642877523146073,0.0,0.0,0.0,0.0,0.0,0,0
Halesowen,Average,26.276095598528443,0.0,0.0,0.0,0.0,0.0,0,0
Halesowen,Liberal,0.0,14.707464175631456,0.0,5.9,0.0,0.0,0,0
Halesowen,Blues,0.0,0.502477,0.0,0.0,0.0,0.0,0,0
Halesowen,Reforms,0.0,3.057407277682131,22.0,0.0,0.0,0.0,0,0
Halifax,Muslim,1.5155587804065398,5.040210194150591,0.0,0.0,0.39741972544285353,9.7,0,0
Halifax,Left,0.0,0.0,0.0,0.0,9.902580274557147,0.0,0,0
Halifax,Progressives,9.062402012501025,0.0,0.0,0.0,0.0,0.0,0,0
Halifax,Average,24.522039207092437,0.0,0.0,0.0,0.0,0.0,0,0
Halifax,Liberal,0.0,9.5933016062492,0.0,5.9,0.0,0.0,0,0
Halifax,Blues,0.0,1.7122444000000003,0.0,0.0,0.0,0.0,0,0
Halifax,Reforms,0.0,3.2542437996002107,19.4,0.0,0.0,0.0,0,0
Hamble Valley,Muslim,0.0,0.26951949999999997,0.0,0.0,0.0,0.3,0,0
Hamble Valley,Left,0.0,3.3306849988874077,0.0,0.0,4.3,0.0,0,0
Hamble Valley,Progressives,7.914080072116037,0.0,0.0,0.0,0.0,0.0,0,0
Hamble Valley,Average,8.285919927883963,21.85567777120948,0.0,0.0,0.0,0.0,0,0
Hamble Valley,Liberal,0.0,5.6543019036532485,0.0,27.5,0.0,0.0,0,0
Hamble Valley,Blues,0.0,1.5456207000000002,0.0,0.0,0.0,0.0,0,0
Hamble Valley,Reforms,0.0,3.7441951262498634,15.2,0.0,0.0,0.0,0,0
Hammersmith and Chiswick,Muslim,8.4027566,0.0,0.0,0.0,0.0,3.2,0,0
Hammersmith and Chiswick,Left,1.7979587715829268,0.0,0.4631436661472943,0.0,9.7,0.0,0,0
Hammersmith and Chiswick,Progressives,38.92853384366427,0.0,0.0,0.0,0.0,0.0,0,0
Hammersmith and Chiswick,Average,1.031608312987288,0.0,0.0,0.0,0.0,0.0,0,0
Hammersmith and Chiswick,Liberal,2.1391424717655134,10.057052800000001,0.0,9.3,0.0,0.0,0,0
Hammersmith and Chiswick,Blues,0.0,9.0429472,0.0,0.0,0.0,0.0,0,0
Hammersmith and Chiswick,Reforms,0.0,0.0,5.936856333852705,0.0,0.0,0.0,0,0
Hampstead and Highgate,Muslim,6.90492664992221,0.0,0.0,0.0,2.6980292500777896,1.9,0,0
Hampstead and Highgate,Left,0.0,0.0,0.0,0.0,11.00197074992221,0.0,0,0
Hampstead and Highgate,Progressives,31.31346154822883,0.0,0.0,0.0,0.0,0.0,0,0
Hampstead and Highgate,Average,0.0,0.0,0.0,0.0,0.0,0.0,0,0
Hampstead and Highgate,Liberal,2.54555780037548,0.0,0.0,12.7,0.0,0.0,0,0
Hampstead and Highgate,Blues,7.436054001473475,17.4,1.5063670985265256,0.0,0.0,0.0,0,0
Hampstead and Highgate,Reforms,0.0,0.0,4.593632901473474,0.0,0.0,0.0,0,0
"Harborough, Oadby and Wigston",Muslim,3.3500413102133564,3.0808480897866426,0.0,0.0,0.0,0.4,0,0
"Harborough, Oadby and Wigston",Left,0.0,1.4152247125769355,0.0,0.0,8.5,0.0,0,0
"Harborough, Oadby and Wigston",Progressives,13.874497362686425,0.0,0.0,0.0,0.0,0.0,0,0
"Harborough, Oadby and Wigston",Average,14.97546132710022,0.0,0.0,0.0,0.0,0.0,0,0
"Harborough, Oadby and Wigston",Liberal,0.0,16.45182021671654,0.0,9.4,0.0,0.0,0,0
"Harborough, Oadby and Wigston",Blues,0.0,11.342599,0.0,0.0,0.0,0.0,0,0
"Harborough, Oadby and Wigston",Reforms,0.0,4.609507980919881,12.6,0.0,0.0,0.0,0,0
Harlow,Muslim,0.0,3.1313175,0.0,0.0,0.0,0.4,0,0
Harlow,Left,0.0,3.7541029584728114,0.0,0.0,5.2,0.0,0,0
Harlow,Progressives,12.655250615651468,0.0,0.0,0.0,0.0,0.0,0,0
Harlow,Average,24.944749384348533,4.697025690252396,0.0,0.0,0.0,0.0,0,0
Harlow,Liberal,0.0,16.599998892852767,0.0,3.1,0.0,0.0,0,0
Harlow,Blues,0.0,3.1785961,0.0,0.0,0.0,0.0,0,0
Harlow,Reforms,0.0,0.4389588584220263,21.8,0.0,0.0,0.0,0,0
Harpenden and Berkhamsted,Muslim,0.0,0.6857569,0.0,0.0,0.0,0.4,0,0
Harpenden and Berkhamsted,Left,0.0,3.242491041372564,0.0,0.0,3.6,0.0,0,0
Harpenden and Berkhamsted,Progressives,7.5,0.0,0.0,1.9344263995792765,0.0,0.0,0,0
Harpenden and Berkhamsted,Average,0.0,11.82220280195526,0.0,7.793678227037869,0.0,0.0,0,0
Harpenden and Berkhamsted,Liberal,0.0,0.0,0.0,40.47189537338286,0.0,0.0,0,0
Harpenden and Berkhamsted,Blues,0.0,10.5123438,0.0,0.0,0.0,0.0,0,0
Harpenden and Berkhamsted,Reforms,0.0,4.2372054566721635,7.8,0.0,0.0,0.0,0,0
Harrogate and Knaresborough,Muslim,0.0,0.0,0.0,0.0,0.0,0.6769978999999999,0,0
Harrogate and Knaresborough,Left,0.0,3.176512840309393,0.0,0.0,3.4,0.8230021000000001,0,0
Harrogate and Knaresborough,Progressives,8.0,0.0,0.0,2.2126293662260323,0.0,0.0,0,0
Harrogate and Knaresborough,Average,0.0,15.46736368116649,0.0,17.121205306079318,0.0,0.0,0,0
Harrogate and Knaresborough,Liberal,0.0,0.0,0.0,26.76616532769465,0.0,0.0,0,0
Harrogate and Knaresborough,Blues,0.0,2.9956684000000005,0.0,0.0,0.0,0.0,0,0
Harrogate and Knaresborough,Reforms,0.0,8.460455078524104,10.9,0.0,0.0,0.0,0,0
Harrow East,Muslim,9.1911658,0.0,0.0,0.0,0.0,5.9,0,0
Harrow East,Left,0.2794510704463917,5.168425215887236,0.8483507992205714,0.0,4.2,0.0,0,0
Harrow East,Progressives,19.429383129553607,0.0,0.0,0.0,0.0,0.0,0,0
Harrow East,Average,0.0,0.0,0.0,0.0,0.0,0.0,0,0
Harrow East,Liberal,0.0,12.298796584112761,0.0,3.2,0.0,0.0,0,0
Harrow East,Blues,0.0,35.8327782,0.0,0.0,0.0,0.0,0,0
Harrow East,Reforms,0.0,0.0,3.651649200779426,0.0,0.0,0.0,0,0
Harrow West,Muslim,7.274995099999998,0.0,0.0,0.0,0.0,10.5,0,0
Harrow West,Left,3.273822340204994,0.0,2.188674103318121,0.0,5.4,0.0,0,0
Harrow West,Progressives,24.160553152976284,0.0,0.0,0.0,0.0,0.0,0,0
Harrow West,Average,0.0,0.0,0.0,0.0,0.0,0.0,0,0
Harrow West,Liberal,9.09062940681872,0.928201399999999,0.0,5.3,0.0,0.0,0,0
Harrow West,Blues,0.0,28.2717986,0.0,0.0,0.0,0.0,0,0
Harrow West,Reforms,0.0,0.0,3.611325896681879,0.0,0.0,0.0,0,0
Hartlepool,Muslim,0.0,0.0,0.0,0.0,0.0,1.313652,0,0
Hartlepool,Left,3.9517928770583524,1.3841447631024746,0.0,0.0,2.3,2.086348,0,0
Hartlepool,Progressives,6.525403720078756,0.0,0.0,0.0,0.0,0.0,0,0
Hartlepool,Average,35.722803402862894,0.0,0.0,0.0,0.0,0.0,0,0
Hartlepool,Liberal,0.0,12.040263956141724,0.0,1.6,0.0,0.0,0,0
Hartlepool,Blues,0.0,0.8896211,0.0,0.0,0.0,0.0,0,0
Hartlepool,Reforms,0.0,7.585970180755801,24.5,0.0,0.0,0.0,0,0
Harwich and North Essex,Muslim,0.8521569,0.0,0.0,0.0,0.0,0.0,0,0
Harwich and North Essex,Left,1.9305545444669086,1.5070844714687759,0.0,0.0,5.8,0.0,0,0
Harwich and North Essex,Progressives,8.253259173841123,0.0,0.0,0.0,0.0,0.0,0,0
Harwich and North Essex,Average,20.96402938169197,0.0,0.0,0.0,0.0,0.0,0,0
Harwich and North Essex,Liberal,0.0,16.89313606206617,0.0,7.4,0.0,0.0,0,0
Harwich and North Essex,Blues,0.0,12.963301,0.0,0.0,0.0,0.0,0,0
Harwich and North Essex,Reforms,0.0,3.036478466465052,20.4,0.0,0.0,0.0,0,0
Hastings and Rye,Muslim,0.0,0.0,0.0,0.0,0.3363596,1.4,0,0
Hastings and Rye,Left,0.0,0.0,0.0,0.0,7.72432769304938,0.0,0,0
Hastings and Rye,Progressives,11.19960120803154,0.0,0.0,0.0,0.0,0.0,0,0
Hastings and Rye,Average,30.400398791968463,1.351115833467965,0.0,0.0,4.43931270695062,0.0,0,0
Hastings and Rye,Liberal,0.0,9.762005735896029,0.0,5.6,0.0,0.0,0,0
Hastings and Rye,Blues,0.0,3.8001982,0.0,0.0,0.0,0.0,0,0
Hastings and Rye,Reforms,0.0,7.886680230636006,16.1,0.0,0.0,0.0,0,0
Havant,Muslim,0.0,0.030498399999999926,0.0,0.0,0.0,0.5,0,0
Havant,Left,0.0,1.2812484772322081,0.0,0.0,6.8,0.0,0,0
Havant,Progressives,5.927287814559408,0.0,0.0,0.0,0.0,0.0,0,0
Havant,Average,24.672712185440595,11.034503182663947,0.0,0.0,0.0,0.0,0,0
Havant,Liberal,0.0,14.007441775415693,0.0,7.8,0.0,0.0,0,0
Havant,Blues,0.0,0.7515894000000001,0.0,0.0,0.0,0.0,0,0
Havant,Reforms,0.0,3.594718764688146,23.6,0.0,0.0,0.0,0,0
Hayes and Harlington,Muslim,14.775000600000002,0.0,0.0,0.0,0.0,5.2,0,0
Hayes and Harlington,Left,1.567054393339074,2.810491474674837,3.97852267698965,0.0,5.6,0.0,0,0
Hayes and Harlington,Progressives,36.95794500666092,0.0,0.0,0.0,0.0,0.0,0,0
Hayes and Harlington,Average,0.0,0.0,0.0,0.0,0.0,0.0,0,0
Hayes and Harlington,Liberal,0.0,6.185559925325162,0.0,3.4,0.0,0.0,0,0
Hayes and Harlington,Blues,0.0,12.9039486,0.0,0.0,0.0,0.0,0,0
Hayes and Harlington,Reforms,0.0,0.0,6.621477323010354,0.0,0.0,0.0,0,0
Hazel Grove,Muslim,0.0,1.2134463,0.0,0.0,0.0,0.2,0,0
Hazel Grove,Left,0.0,3.3989765607772275,0.0,0.0,3.8,0.0,0,0
Hazel Grove,Progressives,5.970878279956352,0.0,0.0,0.0,0.0,0.0,0,0
Hazel Grove,Average,17.529121720043648,7.638120610020117,0.0,8.737932121960718,0.0,0.0,0,0
Hazel Grove,Liberal,0.0,0.0,0.0,28.962067878039285,0.0,0.0,0,0
Hazel Grove,Blues,0.0,0.6793859,0.0,0.0,0.0,0.0,0,0
Hazel Grove,Reforms,0.0,6.670070629202657,15.1,0.0,0.0,0.0,0,0
Hemel Hempstead,Muslim,0.0,4.3679875,0.0,0.0,0.0,0.0,0,0
Hemel Hempstead,Left,0.0,2.9451985898376716,0.0,0.0,5.6,0.0,0,0
Hemel Hempstead,Progressives,12.064488826431472,0.0,0.0,0.0,0.0,0.0,0,0
Hemel Hempstead,Average,26.13551117356853,15.117631355878586,0.0,0.0,0.0,0.0,0,0
Hemel Hempstead,Liberal,0.0,0.5521973301344705,0.0,11.6,0.0,0.0,0,0
Hemel Hempstead,Blues,0.0,3.2651306,0.0,0.0,0.0,0.0,0,0
Hemel Hempstead,Reforms,0.0,0.95185462414927,17.4,0.0,0.0,0.0,0,0
Hendon,Muslim,9.426229831587573,2.516014068412426,0.0,0.0,0.0,4.6,0,0
Hendon,Left,0.0,3.1193130378037583,1.923870803988251,0.0,6.5,0.0,0,0
Hendon,Progressives,28.973770168412425,0.0,0.0,0.0,0.0,0.0,0,0
Hendon,Average,0.0,0.0,0.0,0.0,0.0,0.0,0,0
Hendon,Liberal,0.0,8.324968893783815,0.0,4.8,0.0,0.0,0,0
Hendon,Blues,0.0,24.439704,0.0,0.0,0.0,0.0,0,0
Hendon,Reforms,0.0,0.0,5.376129196011761,0.0,0.0,0.0,0,0
Henley and Thame,Muslim,0.0,0.0,0.0,0.0,0.0,0.8095422999999999,0,0
Henley and Thame,Left,0.0,2.647529927824767,0.0,0.0,3.8,0.6904577000000001,0,0
Henley and Thame,Progressives,6.7,0.0,0.0,2.512470195666906,0.0,0.0,0,0
Henley and Thame,Average,0.0,7.418669953836066,0.0,8.419016065433304,0.0,0.0,0,0
Henley and Thame,Liberal,0.0,0.0,0.0,34.06851373889979,0.0,0.0,0,0
Henley and Thame,Blues,0.0,17.291044,0.0,0.0,0.0,0.0,0,0
Henley and Thame,Reforms,0.0,5.842756118339171,9.8,0.0,0.0,0.0,0,0
Hereford and South Herefordshire,Muslim,0.0,0.04207559999999999,0.0,0.0,0.0,0.5,0,0
Hereford and South Herefordshire,Left,0.0,0.6665996582571023,0.0,0.0,7.0,0.0,0,0
Hereford and South Herefordshire,Progressives,8.037770232634154,0.0,0.0,0.0,0.0,0.0,0,0
Hereford and South Herefordshire,Average,21.762229767365845,10.67102865256006,0.0,0.0,0.0,0.0,0,0
Hereford and South Herefordshire,Liberal,0.0,6.569114838871705,0.0,11.7,0.0,0.0,0,0
Hereford and South Herefordshire,Blues,0.0,6.2792184,0.0,0.0,0.0,0.0,0,0
Hereford and South Herefordshire,Reforms,0.0,8.371962850311132,18.4,0.0,0.0,0.0,0,0
Herne Bay and Sandwich,Muslim,0.0,0.7463893,0.0,0.0,0.0,0.0,0,0
Herne Bay and Sandwich,Left,0.0,0.32554688986110547,0.0,0.0,7.2,0.0,0,0
Herne Bay and Sandwich,Progressives,7.345395096201888,0.0,0.0,0.0,0.0,0.0,0,0
Herne Bay and Sandwich,Average,22.854604903798112,10.199275220241198,0.0,0.0,0.0,0.0,0,0
Herne Bay and Sandwich,Liberal,0.0,16.58136379134234,0.0,5.5,0.0,0.0,0,0
Herne Bay and Sandwich,Blues,0.0,3.9080194000000006,0.0,0.0,0.0,0.0,0,0
Herne Bay and Sandwich,Reforms,0.0,3.5394053985553526,21.7,0.0,0.0,0.0,0,0
Hertford and Stortford,Muslim,0.0,0.30799564878210006,0.0,0.0,0.5707316512179004,0.5,0,0
Hertford and Stortford,Left,0.0,0.0,0.0,0.0,7.529268348782099,0.0,0,0
Hertford and Stortford,Progressives,11.377024001179032,0.0,0.0,0.0,0.0,0.0,0,0
Hertford and Stortford,Average,27.12297599882097,2.845767827309878,0.0,0.0,0.0,0.0,0,0
Hertford and Stortford,Liberal,0.0,22.43346655498603,0.0,7.7,0.0,0.0,0,0
Hertford and Stortford,Blues,0.0,3.3517795,0.0,0.0,0.0,0.0,0,0
Hertford and Stortford,Reforms,0.0,0.7609904689219942,15.4,0.0,0.0,0.0,0,0
Hertsmere,Muslim,2.4700797,0.0,0.0,0.0,0.0,1.1,0,0
Hertsmere,Left,2.3670435681611846,0.0,1.453153546536715,0.0,4.7,0.0,0,0
Hertsmere,Progressives,15.03103118723151,0.0,0.0,0.0,0.0,0.0,0,0
Hertsmere,Average,3.808851893604924,0.0,0.0,0.0,0.0,0.0,0,0
Hertsmere,Liberal,4.322993651002381,17.416003300000003,0.0,7.7,0.0,0.0,0,0
Hertsmere,Blues,0.0,27.2839967,0.0,0.0,0.0,0.0,0,0
Hertsmere,Reforms,0.0,0.0,12.246846453463284,0.0,0.0,0.0,0,0
Hexham,Muslim,0.0,0.0,0.0,0.0,0.0,0.6353791999999999,0,0
Hexham,Left,0.0,0.0,0.0,0.0,4.8,2.088220563993497,0,0
Hexham,Progressives,7.834707464080951,0.0,0.0,0.0,0.0,0.0,0,0
Hexham,Average,23.77889645361219,0.0,0.0,0.0,0.0,0.0,0,0
Hexham,Liberal,14.686396082306857,4.959444319858658,0.0,4.6,0.0,2.476400236006487,0,0
Hexham,Blues,0.0,12.7909584,0.0,0.0,0.0,0.0,0,0
Hexham,Reforms,0.0,21.349597280141342,0.0,0.0,0.0,0.0,0,0
Heywood and Middleton North,Muslim,0.0,0.0,0.0,0.0,0.0,10.4122991,0,0
Heywood and Middleton North,Left,3.357741762561936,4.79504609736815,0.13590177335173692,0.0,0.0,1.287700899999999,0,0
Heywood and Middleton North,Progressives,10.4988699424638,0.0,0.0,0.0,0.0,0.0,0,0
Heywood and Middleton North,Average,26.743388294974267,0.0,0.0,0.0,0.0,0.0,0,0
Heywood and Middleton North,Liberal,0.0,11.874651502631849,0.0,6.2,0.0,0.0,0,0
Heywood and Middleton North,Blues,0.0,0.6303024,0.0,0.0,0.0,0.0,0,0
Heywood and Middleton North,Reforms,0.0,0.0,24.064098226648262,0.0,0.0,0.0,0,0
High Peak,Muslim,0.2628251,0.0,0.0,0.0,0.0,0.0,0,0
High Peak,Left,0.15407500467775215,0.0,0.0,0.0,6.9,0.0,0,0
High Peak,Progressives,6.967789261115949,0.0,0.0,0.0,0.0,0.0,0,0
High Peak,Average,28.980642169489386,0.0,0.0,0.0,0.0,0.0,0,0
High Peak,Liberal,9.434668464716912,12.08608023672337,0.0,3.5,0.0,0.0,0,0
High Peak,Blues,0.0,6.1351,0.0,0.0,0.0,0.0,0,0
High Peak,Reforms,0.0,11.478819763276627,14.1,0.0,0.0,0.0,0,0
Hinckley and Bosworth,Muslim,0.0,0.24844129999999998,0.0,0.0,0.0,0.4,0,0
Hinckley and Bosworth,Left,0.0,4.128312559688517,0.0,0.0,3.2,0.0,0,0
Hinckley and Bosworth,Progressives,7.149449957365399,0.0,0.0,0.0,0.0,0.0,0,0
Hinckley and Bosworth,Average,10.850550042634602,15.88320029716477,0.0,0.0,0.0,0.0,0,0
Hinckley and Bosworth,Liberal,0.0,1.268183603371142,0.0,24.3,0.0,0.0,0,0
Hinckley and Bosworth,Blues,0.0,6.3253349000000005,0.0,0.0,0.0,0.0,0,0
Hinckley and Bosworth,Reforms,0.0,7.746527339775572,18.4,0.0,0.0,0.0,0,0
Hitchin,Muslim,1.2124348,0.0,0.0,0.0,0.0,0.3,0,0
Hitchin,Left,2.3918076799921018,0.0,0.0,0.0,5.0,0.0,0,0
Hitchin,Progressives,12.42826282162046,0.0,0.0,0.0,0.0,0.0,0,0
Hitchin,Average,24.417178264881898,0.0,0.0,0.0,0.0,0.0,0,0
Hitchin,Liberal,3.4503164335055345,16.449943029198103,0.0,9.4,0.0,0.0,0,0
Hitchin,Blues,0.0,8.6842739,0.0,0.0,0.0,0.0,0,0
Hitchin,Reforms,0.0,3.3657830708018945,12.9,0.0,0.0,0.0,0,0
Holborn and St Pancras,Muslim,0.0,0.0,0.0,0.0,0.0,19.7159053,0,0
Holborn and St Pancras,Left,12.118448274016913,0.0,0.9833022281272115,0.0,10.4,1.7840947000000007,0,0
Holborn and St Pancras,Progressives,32.38728552936662,0.0,0.0,0.0,0.0,0.0,0,0
Holborn and St Pancras,Average,0.0,0.0,0.0,0.0,0.0,0.0,0,0
Holborn and St Pancras,Liberal,4.394266196616464,1.7667179000000006,0.0,5.8,0.0,0.0,0,0
Holborn and St Pancras,Blues,0.0,5.4332821,0.0,0.0,0.0,0.0,0,0
Holborn and St Pancras,Reforms,0.0,0.0,5.116697771872788,0.0,0.0,0.0,0,0
Honiton and Sidmouth,Muslim,0.0,0.0,0.0,0.0,0.0,0.3589,0,0
Honiton and Sidmouth,Left,0.0,2.2512266153313814,0.0,0.0,2.8,1.0411,0,0
Honiton and Sidmouth,Progressives,5.8,0.0,0.0,0.7555461102533867,0.0,0.0,0,0
Honiton and Sidmouth,Average,0.0,3.400828863396061,0.0,19.99514296766706,0.0,0.0,0,0
Honiton and Sidmouth,Liberal,0.0,0.0,0.0,24.64931092207955,0.0,0.0,0,0
Honiton and Sidmouth,Blues,0.0,15.154197300000002,0.0,0.0,0.0,0.0,0,0
Honiton and Sidmouth,Reforms,0.0,11.39374722127256,12.4,0.0,0.0,0.0,0,0
Hornchurch and Upminster,Muslim,0.0,0.0,3.2041669000000006,0.0,0.0,0.8,0,0
Hornchurch and Upminster,Left,0.0,0.0,3.5491827981917208,0.0,5.6,0.0,0,0
Hornchurch and Upminster,Progressives,14.589902742468633,0.0,0.0,0.0,0.0,0.0,0,0
Hornchurch and Upminster,Average,13.010097257531369,9.83133990767367,4.771393325176122,0.0,0.0,0.0,0,0
Hornchurch and Upminster,Liberal,0.0,19.01223709232633,0.0,5.1,0.0,0.0,0,0
Hornchurch and Upminster,Blues,0.0,3.656423,0.0,0.0,0.0,0.0,0,0
Hornchurch and Upminster,Reforms,0.0,0.0,16.875256976632155,0.0,0.0,0.0,0,0
Hornsey and Friern Barnet,Muslim,0.0,0.0,0.0,0.0,5.7032240000000005,1.9,0,0
Hornsey and Friern Barnet,Left,0.0,0.0,0.0,0.0,8.562326256488463,0.0,0,0
Hornsey and Friern Barnet,Progressives,32.05664854795122,0.0,0.0,0.0,0.0,0.0,0,0
Hornsey and Friern Barnet,Average,10.095907578095918,0.0,0.0,0.0,0.0,0.0,0,0
Hornsey and Friern Barnet,Liberal,13.07785075328244,0.0,0.0,12.5,0.0,0.0,0,0
Hornsey and Friern Barnet,Blues,0.9674318564884645,8.2,0.0,0.0,0.23444974351153647,0.0,0,0
Hornsey and Friern Barnet,Reforms,2.50216126418196,0.0,4.1,0.0,0.0,0.0,0,0
Horsham,Muslim,0.0,0.19259630000000005,0.0,0.0,0.0,0.9,0,0
Horsham,Left,0.0,3.3352693010828207,0.0,0.0,3.9,0.0,0,0
Horsham,Progressives,9.326746193225866,0.0,0.0,0.0,0.0,0.0,0,0
Horsham,Average,1.4732538067741352,16.75931174119541,0.0,7.902948954038759,0.0,0.0,0,0
Horsham,Liberal,0.0,0.0,0.0,31.09705104596124,0.0,0.0,0,0
Horsham,Blues,0.0,8.1863759,0.0,0.0,0.0,0.0,0,0
Horsham,Reforms,0.0,5.926446757721763,11.0,0.0,0.0,0.0,0,0
Houghton and Sunderland South,Muslim,0.3683791,0.0,0.0,0.0,0.0,0.0,0,0
Houghton and Sunderland South,Left,4.142646156749854,0.0,0.0,0.0,4.3,0.0,0,0
Houghton and Sunderland South,Progressives,4.8342354246659465,0.0,0.0,0.0,0.0,0.0,0,0
Houghton and Sunderland South,Average,36.27774226445469,0.0,0.0,0.0,0.0,0.0,0,0
Houghton and Sunderland South,Liberal,1.4769970541295052,10.24246039065778,0.0,5.7,0.0,0.0,0,0
Houghton and Sunderland South,Blues,0.0,0.4865,0.0,0.0,0.0,0.0,0,0
Houghton and Sunderland South,Reforms,0.0,3.071039609342222,29.1,0.0,0.0,0.0,0,0
Hove and Portslade,Muslim,0.0,0.0,0.0,0.0,0.0,3.3948885,0,0
Hove and Portslade,Left,0.0,0.0,0.0,0.0,9.594329028635595,0.0,0,0
Hove and Portslade,Progressives,19.543258366821757,0.0,0.0,0.0,0.0,0.0,0,0
Hove and Portslade,Average,27.960545863234785,0.0,0.0,0.0,0.0,0.0,0,0
Hove and Portslade,Liberal,4.896195769943461,4.902241411225429,0.0,5.9,4.705670971364405,2.405111499999993,0,0
Hove and Portslade,Blues,0.0,3.0446151,0.0,0.0,0.0,0.0,0,0
Hove and Portslade,Reforms,0.0,4.853143488774572,8.8,0.0,0.0,0.0,0,0
Huddersfield,Muslim,3.123944219402322,4.944108104221817,0.0,0.0,13.40421517637586,0.0,0,0
Huddersfield,Left,0.0,0.0,0.0,0.0,12.89578482362414,0.0,0,0
Huddersfield,Progressives,17.62910066978778,0.0,0.0,0.0,0.0,0.0,0,0
Huddersfield,Average,16.8469551108099,0.0,0.0,0.0,0.0,0.0,0,0
Huddersfield,Liberal,0.0,9.514366654565528,0.0,4.3,0.0,0.0,0,0
Huddersfield,Blues,0.0,0.7547908999999999,0.0,0.0,0.0,0.0,0,0
Huddersfield,Reforms,0.0,1.0867343412126562,15.4,0.0,0.0,0.0,0,0
Huntingdon,Muslim,0.0,0.0,0.0,0.0,0.0,1.914673,0,0
Huntingdon,Left,0.0,1.4292316348332377,0.0,0.0,5.8,0.2853270000000001,0,0
Huntingdon,Progressives,10.38961711492678,0.0,0.0,0.0,0.0,0.0,0,0
Huntingdon,Average,21.810382885073224,3.3860139926266157,0.0,0.0,0.0,0.0,0,0
Huntingdon,Liberal,0.0,14.47803118880491,0.0,9.3,0.0,0.0,0,0
Huntingdon,Blues,0.0,11.0945811,0.0,0.0,0.0,0.0,0,0
Huntingdon,Reforms,0.0,4.712142083735232,15.4,0.0,0.0,0.0,0,0
Hyndburn,Muslim,2.124428029168481,9.41046071407603,0.0,0.0,3.285480056755489,0.0,0,0
Hyndburn,Left,0.0,0.0,0.0,0.0,10.31451994324451,0.0,0,0
Hyndburn,Progressives,7.242338523128058,0.0,0.0,0.0,0.0,0.0,0,0
Hyndburn,Average,24.13323344770346,0.0,0.0,0.0,0.0,0.0,0,0
Hyndburn,Liberal,0.0,12.434420359109872,0.0,3.3,0.0,0.0,0,0
Hyndburn,Blues,0.0,1.8608055,0.0,0.0,0.0,0.0,0,0
Hyndburn,Reforms,0.0,5.1943134268140945,20.7,0.0,0.0,0.0,0,0
Ilford North,Muslim,0.0,0.0,0.0,0.0,0.0,30.5585082,0,0
Ilford North,Left,2.7312802411716817,0.0,3.590991737360164,0.0,3.8,1.6414918000000043,0,0
Ilford North,Progressives,21.320184519396683,0.0,0.0,0.0,0.0,0.0,0,0
Ilford North,Average,0.0,0.0,0.0,0.0,0.0,0.0,0,0
Ilford North,Liberal,9.348535239431634,1.725328300000001,0.0,2.3,0.0,0.0,0,0
Ilford North,Blues,0.0,18.7746717,0.0,0.0,0.0,0.0,0,0
Ilford North,Reforms,0.0,0.0,4.109008262639836,0.0,0.0,0.0,0,0
Ilford South,Muslim,13.695117499999999,0.0,0.0,0.0,0.0,27.7,0,0
Ilford South,Left,1.465220934672395,1.7614539390169224,2.8246477107707513,0.0,8.3,0.0,0,0
Ilford South,Progressives,25.03966156532761,0.0,0.0,0.0,0.0,0.0,0,0
Ilford South,Average,0.0,0.0,0.0,0.0,0.0,0.0,0,0
Ilford South,Liberal,0.0,1.0594919609830775,0.0,3.3,0.0,0.0,0,0
Ilford South,Blues,0.0,12.0790541,0.0,0.0,0.0,0.0,0,0
Ilford South,Reforms,0.0,0.0,2.7753522892292404,0.0,0.0,0.0,0,0
Ipswich,Muslim,0.0,3.2114962999999994,0.0,0.0,0.0,0.8,0,0
Ipswich,Left,0.0,1.3557129824640386,0.0,0.0,8.3,0.0,0,0
Ipswich,Progressives,14.301284196030789,0.0,0.0,0.0,0.0,0.0,0,0
Ipswich,Average,28.99871580396921,2.753250328274543,0.0,0.0,0.0,0.0,0,0
Ipswich,Liberal,0.0,9.5039557529769,0.0,5.1,0.0,0.0,0,0
Ipswich,Blues,0.0,2.1618024,0.0,0.0,0.0,0.0,0,0
Ipswich,Reforms,0.0,7.513782236284518,15.9,0.0,0.0,0.0,0,0
Isle of Wight East,Muslim,0.0,0.0,0.0,0.0,0.0,0.3360812999999999,0,0
Isle of Wight East,Left,0.0,0.0,0.0,0.0,6.288503216778429,0.0,0,0
Isle of Wight East,Progressives,7.337687887470011,0.0,0.0,0.0,0.0,0.0,0,0
Isle of Wight East,Average,11.062312112529987,7.5066035822596096,0.0,0.0,12.21149678322157,0.8639187,0,0
Isle of Wight East,Liberal,0.0,8.706493489151688,0.0,10.4,0.0,0.0,0,0
Isle of Wight East,Blues,0.0,7.1514481,0.0,0.0,0.0,0.0,0,0
Isle of Wight East,Reforms,0.0,7.235454828588704,20.8,0.0,0.0,0.0,0,0
Isle of Wight West,Muslim,0.0,0.20540699999999995,0.0,0.0,0.0,0.3,0,0
Isle of Wight West,Left,0.0,0.033511974543620926,0.0,0.0,6.7,0.0,0,0
Isle of Wight West,Progressives,7.404181105660469,0.0,0.0,0.0,0.0,0.0,0,0
Isle of Wight West,Average,31.19581889433953,0.6887990018556778,0.0,0.0,0.0,0.0,0,0
Isle of Wight West,Liberal,0.0,8.913228409981064,0.0,7.9,0.0,0.0,0,0
Isle of Wight West,Blues,0.0,9.3879973,0.0,0.0,0.0,0.0,0,0
Isle of Wight West,Reforms,0.0,10.07105631361964,17.0,0.0,0.0,0.0,0,0
Islington North,Muslim,0.0,0.0,0.0,0.0,0.0,12.4304588,0,0
Islington North,Left,0.0,0.0,0.0,0.0,5.4,7.20623690694566,0,0
Islington North,Progressives,34.4,0.0,0.0,0.0,0.0,8.15449400937397,0,0
Islington North,Average,0.0,0.0,0.0,0.0,0.0,2.475371884400971,0,0
Islington North,Liberal,0.0,0.0,0.0,3.4,0.0,14.06422081868831,0,0
Islington North,Blues,0.0,4.0,0.0,0.0,0.0,1.7881441000000002,0,0
Islington North,Reforms,0.0,0.0,3.5,0.0,0.0,3.181073480591083,0,0
Islington South and Finsbury,Muslim,7.32245884282241,0.0,0.0,0.0,1.07410535717759,3.0,0,0
Islington South and Finsbury,Left,0.0,0.0,0.0,0.0,16.42589464282241,0.0,0,0
Islington South and Finsbury,Progressives,41.38071690151356,0.0,0.0,0.0,0.0,0.0,0,0
Islington South and Finsbury,Average,0.0,0.0,0.0,0.0,0.0,0.0,0,0
Islington South and Finsbury,Liberal,4.996824255664034,2.675880600000001,1.5787360910458599,9.5,0.0,0.0,0,0
Islington South and Finsbury,Blues,0.0,5.724119399999999,0.0,0.0,0.0,0.0,0,0
Islington South and Finsbury,Reforms,0.0,0.0,6.3212639089541405,0.0,0.0,0.0,0,0
Jarrow and Gateshead East,Muslim,0.022573600000000082,0.0,0.0,0.0,0.0,1.4,0,0
Jarrow and Gateshead East,Left,2.3092194125961836,0.0,0.0,0.0,6.5,0.0,0,0
Jarrow and Gateshead East,Progressives,5.689199207739764,0.0,0.0,0.0,0.0,0.0,0,0
Jarrow and Gateshead East,Average,34.69402182016853,0.0,0.0,0.0,0.0,0.0,0,0
Jarrow and Gateshead East,Liberal,8.584985959495523,3.421903561425676,0.0,4.7,0.0,0.0,0,0
Jarrow and Gateshead East,Blues,0.0,0.1864461,0.0,0.0,0.0,0.0,0,0
Jarrow and Gateshead East,Reforms,0.0,5.491650338574324,26.9,0.0,0.0,0.0,0,0
Keighley and Ilkley,Muslim,5.5896126058475595,4.849972794152439,0.0,0.0,0.0,5.3,0,0
Keighley and Ilkley,Left,0.0,3.5303777075755276,0.0,0.0,5.3,0.0,0,0
Keighley and Ilkley,Progressives,8.252033484010912,0.0,0.0,0.0,0.0,0.0,0,0
Keighley and Ilkley,Average,22.85835391014153,0.0,0.0,0.0,0.0,0.0,0,0
Keighley and Ilkley,Liberal,0.0,17.587325631471487,0.0,2.1,0.0,0.0,0,0
Keighley and Ilkley,Blues,0.0,3.9029222,0.0,0.0,0.0,0.0,0,0
Keighley and Ilkley,Reforms,0.0,10.329401666800548,10.4,0.0,0.0,0.0,0,0
Kenilworth and Southam,Muslim,0.0,0.0,0.0,0.0,0.0,0.7718751,0,0
Kenilworth and Southam,Left,0.585153128675385,1.966718740186375,0.0,0.0,5.9,0.32812490000000005,0,0
Kenilworth and Southam,Progressives,8.325632409137372,0.0,0.0,0.0,0.0,0.0,0,0
Kenilworth and Southam,Average,15.089214462187243,0.0,0.0,0.0,0.0,0.0,0,0
Kenilworth and Southam,Liberal,0.0,16.111010332002238,0.0,19.6,0.0,0.0,0,0
Kenilworth and Southam,Blues,0.0,15.616355700000002,0.0,0.0,0.0,0.0,0,0
Kenilworth and Southam,Reforms,0.0,2.705915227811378,13.0,0.0,0.0,0.0,0,0
Kensington and Bayswater,Muslim,6.381659999999999,0.0,0.0,0.0,0.0,6.2,0,0
Kensington and Bayswater,Left,3.809580143544843,0.0,1.9426525370100274,0.0,6.5,0.0,0,0
Kensington and Bayswater,Progressives,30.361602931938226,0.0,0.0,0.0,0.0,0.0,0,0
Kensington and Bayswater,Average,0.0,0.0,0.0,0.0,0.0,0.0,0,0
Kensington and Bayswater,Liberal,0.04715692451693343,5.011220100000003,0.0,6.9,0.0,0.0,0,0
Kensington and Bayswater,Blues,0.0,28.6887799,0.0,0.0,0.0,0.0,0,0
Kensington and Bayswater,Reforms,0.0,0.0,4.057347462989973,0.0,0.0,0.0,0,0
Kettering,Muslim,0.0,0.0,0.0,0.0,0.0,1.4086799,0,0
Kettering,Left,0.0,0.0,0.0,0.0,8.392775158729254,0.0,0,0
Kettering,Progressives,11.42849254679008,0.0,0.0,0.0,0.0,0.0,0,0
Kettering,Average,24.471507453209917,0.0,0.0,0.0,5.044071588272873,0.9913200999999998,0,0
Kettering,Liberal,0.0,14.980510224409567,0.0,2.7,0.46315325299787347,0.0,0,0
Kettering,Blues,0.0,5.0711302,0.0,0.0,0.0,0.0,0,0
Kettering,Reforms,0.0,8.148359575590433,16.9,0.0,0.0,0.0,0,0
Kingston and Surbiton,Muslim,0.0,3.3416333000000003,0.0,0.0,0.0,3.6,0,0
Kingston and Surbiton,Left,0.0,6.418338438314052,0.0,0.07126808208344926,5.9,0.0,0,0
Kingston and Surbiton,Progressives,13.0,0.0,0.0,7.239477159014871,0.0,0.0,0,0
Kingston and Surbiton,Average,0.0,0.0,0.0,18.81037906865447,0.0,0.0,0,0
Kingston and Surbiton,Liberal,0.0,0.0,0.0,24.97887569024721,0.0,0.0,0,0
Kingston and Surbiton,Blues,0.0,7.143462799999999,0.0,0.0,0.0,0.0,0,0
Kingston and Surbiton,Reforms,0.0,0.09656546168594993,9.4,0.0,0.0,0.0,0,0
Kingston upon Hull East,Muslim,1.1505162,0.0,0.0,0.0,0.0,0.0,0,0
Kingston upon Hull East,Left,3.3588295848925025,0.6540914670780307,0.0,0.0,5.6,0.0,0,0
Kingston upon Hull East,Progressives,6.063946464954638,0.0,0.0,0.0,0.0,0.0,0,0
Kingston upon Hull East,Average,33.226707750152855,0.0,0.0,0.0,0.0,0.0,0,0
Kingston upon Hull East,Liberal,0.0,1.226697522989463,0.0,10.9,0.0,0.0,0,0
Kingston upon Hull East,Blues,0.0,0.2992911,0.0,0.0,0.0,0.0,0,0
Kingston upon Hull East,Reforms,0.0,6.919919909932496,30.6,0.0,0.0,0.0,0,0
Kingston upon Hull North and Cottingham,Muslim,0.6757972000000003,0.0,0.0,0.0,0.0,3.9,0,0
Kingston upon Hull North and Cottingham,Left,2.9141305605851477,4.319342514644859,0.0,0.0,6.1,0.0,0,0
Kingston upon Hull North and Cottingham,Progressives,11.281908683302964,0.0,0.0,0.0,0.0,0.0,0,0
Kingston upon Hull North and Cottingham,Average,33.42816355611188,0.0,0.0,0.0,0.0,0.0,0,0
Kingston upon Hull North and Cottingham,Liberal,0.0,1.5173531885191327,0.0,8.5,0.0,0.0,0,0
Kingston upon Hull North and Cottingham,Blues,0.0,0.4134057,0.0,0.0,0.0,0.0,0,0
Kingston upon Hull North and Cottingham,Reforms,0.0,6.549898596836009,20.4,0.0,0.0,0.0,0,0
Kingston upon Hull West and Haltemprice,Muslim,2.8649549000000003,0.0,0.0,0.0,0.0,0.3,0,0
Kingston upon Hull West and Haltemprice,Left,1.5575262122862203,2.352355528001213,0.0,0.0,4.6,0.0,0,0
Kingston upon Hull West and Haltemprice,Progressives,10.146392155842848,0.0,0.0,0.0,0.0,0.0,0,0
Kingston upon Hull West and Haltemprice,Average,32.23112673187093,0.0,0.0,0.0,0.0,0.0,0,0
Kingston upon Hull West and Haltemprice,Liberal,0.0,9.165201614975148,0.0,6.9,0.0,0.0,0,0
Kingston upon Hull West and Haltemprice,Blues,0.0,0.3439214,0.0,0.0,0.0,0.0,0,0
Kingston upon Hull West and Haltemprice,Reforms,0.0,6.238521457023634,23.3,0.0,0.0,0.0,0,0
Kingswinford and South Staffordshire,Muslim,0.0,0.0,0.0,0.0,0.0,0.4732699,0,0
Kingswinford and South Staffordshire,Left,0.0,0.9326521828212329,0.0,0.0,4.6,1.7267301000000002,0,0
Kingswinford and South Staffordshire,Progressives,6.668976348883426,0.0,0.0,0.0,0.0,0.0,0,0
Kingswinford and South Staffordshire,Average,19.631023651116575,11.329444726707042,0.0,0.0,0.0,0.0,0,0
Kingswinford and South Staffordshire,Liberal,0.0,22.85214315094909,0.0,4.6,0.0,0.0,0,0
Kingswinford and South Staffordshire,Blues,0.0,3.8928241,0.0,0.0,0.0,0.0,0,0
Kingswinford and South Staffordshire,Reforms,0.0,1.2929358395226345,22.0,0.0,0.0,0.0,0,0
Knowsley,Muslim,0.0,0.0,0.0,0.0,0.0,0.5555496,0,0
Knowsley,Left,1.852631236414271,0.0,0.0,0.0,7.7,0.0,0,0
Knowsley,Progressives,5.998903385954923,0.0,0.0,0.0,0.0,0.0,0,0
Knowsley,Average,37.27001950838397,0.0,0.0,0.0,0.0,0.0,0,0
Knowsley,Liberal,11.113671765516965,0.0,0.0,3.4,0.0,0.0,0,0
Knowsley,Blues,0.0,0.2713831,0.0,0.0,0.0,0.0,0,0
Knowsley,Reforms,10.964774103729866,3.9286169,16.4,0.0,0.0,0.5444504000000001,0,0
Lancaster and Wyre,Muslim,2.4350951,0.0,0.0,0.0,0.0,0.0,0,0
Lancaster and Wyre,Left,7.404363985133649,0.0,0.0,0.0,12.2,0.0,0,0
Lancaster and Wyre,Progressives,8.72770663833474,0.0,0.0,0.0,0.0,0.0,0,0
Lancaster and Wyre,Average,22.06782729827023,0.0,0.0,0.0,0.0,0.0,0,0
Lancaster and Wyre,Liberal,4.165006978261385,10.206381273220869,0.0,3.6,0.0,0.0,0,0
Lancaster and Wyre,Blues,0.0,9.5943499,0.0,0.0,0.0,0.0,0,0
Lancaster and Wyre,Reforms,0.0,3.599268826779131,16.0,0.0,0.0,0.0,0,0
Leeds Central and Headingley,Muslim,6.5377597000000005,0.0,0.0,0.0,0.0,3.4,0,0
Leeds Central and Headingley,Left,17.8864575212448,3.3913506081970297,0.0,0.8510584544769753,23.5,0.0,0,0
Leeds Central and Headingley,Progressives,23.002680624311807,0.0,0.0,0.0,0.0,0.0,0,0
Leeds Central and Headingley,Average,2.773102154443393,0.0,0.0,0.0,0.0,0.0,0,0
Leeds Central and Headingley,Liberal,0.0,0.0,0.0,7.4489415455230255,0.0,0.0,0,0
Leeds Central and Headingley,Blues,0.0,2.3250785,0.0,0.0,0.0,0.0,0,0
Leeds Central and Headingley,Reforms,0.0,1.2835708918029667,7.6,0.0,0.0,0.0,0,0
Leeds East,Muslim,8.7115106,0.0,0.0,0.0,0.0,4.0,0,0
Leeds East,Left,2.675518533012779,0.0,0.0,0.0,8.9,0.0,0,0
Leeds East,Progressives,14.877380179699646,0.0,0.0,0.0,0.0,0.0,0,0
Leeds East,Average,20.25621420606984,0.0,0.0,0.0,0.0,0.0,0,0
Leeds East,Liberal,0.6793764812177425,12.807999491037558,0.0,3.7,0.0,0.0,0,0
Leeds East,Blues,0.0,1.8855394,0.0,0.0,0.0,0.0,0,0
Leeds East,Reforms,0.0,2.8064611089624414,18.6,0.0,0.0,0.0,0,0
Leeds North East,Muslim,2.65181521246725,0.0,0.0,0.0,3.8019381875327483,7.1,0,0
Leeds North East,Left,0.0,0.0,0.0,0.0,9.298061812467251,0.0,0,0
Leeds North East,Progressives,23.359103456805546,0.0,0.0,0.0,0.0,0.0,0,0
Leeds North East,Average,11.067112270732936,0.0,0.0,0.0,0.0,0.0,0,0
Leeds North East,Liberal,14.421969059994266,6.280853058833516,0.0,4.8,0.0,0.0,0,0
Leeds North East,Blues,0.0,6.5067956,0.0,0.0,0.0,0.0,0,0
Leeds North East,Reforms,0.0,3.112351341166484,7.6,0.0,0.0,0.0,0,0
Leeds North West,Muslim,0.0,0.0,0.0,0.0,0.0,2.125755,0,0
Leeds North West,Left,2.065246794600304,0.0,0.0,0.0,6.5,0.07424500000000034,0,0
Leeds North West,Progressives,8.816791636382975,0.0,0.0,0.0,0.0,0.0,0,0
Leeds North West,Average,26.585146980076274,0.0,0.0,0.0,0.0,0.0,0,0
Leeds North West,Liberal,8.532814588940449,14.223345677178708,0.0,11.3,0.0,0.0,0,0
Leeds North West,Blues,0.0,2.6791026,0.0,0.0,0.0,0.0,0,0
Leeds North West,Reforms,0.0,5.197551722821293,11.9,0.0,0.0,0.0,0,0
Leeds South,Muslim,4.640474259819689,0.0,0.0,0.0,3.6360592401803107,3.8,0,0
Leeds South,Left,0.0,0.0,0.0,0.0,14.46394075981969,0.0,0,0
Leeds South,Progressives,26.67858031810501,0.0,0.0,0.0,0.0,0.0,0,0
Leeds South,Average,15.720196547388523,0.0,0.0,0.0,0.0,0.0,0,0
Leeds South,Liberal,5.525811034240198,0.0,0.0,4.2,0.0,0.0,0,0
Leeds South,Blues,0.0,1.2886888,0.0,0.0,0.0,0.0,0,0
Leeds South,Reforms,0.6349378404465815,7.011311200000001,12.4,0.0,0.0,0.0,0,0
Leeds South West and Morley,Muslim,0.0,0.0,0.0,0.0,0.0,1.7069553000000002,0,0
Leeds South West and Morley,Left,2.7714934149802843,0.0,0.0,0.0,6.3,0.09304469999999743,0,0
Leeds South West and Morley,Progressives,9.636811280246482,0.0,0.0,0.0,0.0,0.0,0,0
Leeds South West and Morley,Average,28.519510925711444,0.0,0.0,0.0,0.0,0.0,0,0
Leeds South West and Morley,Liberal,3.072184379061788,16.922595343308988,0.0,4.5,0.0,0.0,0,0
Leeds South West and Morley,Blues,0.0,1.7032831,0.0,0.0,0.0,0.0,0,0
Leeds South West and Morley,Reforms,0.0,4.374121556691012,20.4,0.0,0.0,0.0,0,0
Leeds West and Pudsey,Muslim,2.8777645,0.0,0.0,0.0,0.0,2.9,0,0
Leeds West and Pudsey,Left,0.06202563269790318,0.0,0.0,0.0,9.9,0.0,0,0
Leeds West and Pudsey,Progressives,14.07495515650722,0.0,0.0,0.0,0.0,0.0,0,0
Leeds West and Pudsey,Average,26.192656811894835,0.0,0.0,0.0,0.0,0.0,0,0
Leeds West and Pudsey,Liberal,6.092597898900035,8.92204392306883,0.0,4.5,0.0,0.0,0,0
Leeds West and Pudsey,Blues,0.0,1.1113149,0.0,0.0,0.0,0.0,0,0
Leeds West and Pudsey,Reforms,0.0,7.066641176931171,16.3,0.0,0.0,0.0,0,0
Leicester East,Muslim,2.036747199999997,0.0,0.0,0.0,0.0,23.6,0,0
Leicester East,Left,0.0,0.0,0.0,9.566675218323672,4.6,0.0,0,0
Leicester East,Progressives,13.0063892040235,0.0,0.0,0.0,0.0,0.0,0,0
Leicester East,Average,0.0,0.0,0.0,0.0,0.0,0.0,0,0
Leicester East,Liberal,0.0,0.0,0.0,2.823886482143081,0.0,0.0,0,0
Leicester East,Blues,5.37929960046675,31.1,0.0,1.109438299533247,0.0,0.0,0,0
Leicester East,Reforms,1.1775639955097494,0.0,5.6,0.0,0.0,0.0,0,0
Leicester South,Muslim,0.0,0.0,0.0,0.0,0.0,34.8285382,0,0
Leicester South,Left,13.333423689858964,0.0,0.0,0.0,9.1,2.079163522709754,0,0
Leicester South,Progressives,18.81693563167453,0.0,0.0,0.0,0.0,0.0,0,0
Leicester South,Average,0.0,0.0,0.0,0.0,0.0,0.0,0,0
Leicester South,Liberal,0.749640678466506,0.0,0.0,3.4,0.0,0.0,0,0
Leicester South,Blues,0.0,8.956086599999999,0.0,0.0,0.0,0.0,0,0
Leicester South,Reforms,0.0,2.543913400000001,5.9,0.0,0.0,0.1922982772902504,0,0
Leicester West,Muslim,5.393064870456477,3.283780229543522,0.0,0.0,0.0,1.8,0,0
Leicester West,Left,0.0,4.5807423345884475,0.0,0.0,11.6,0.0,0,0
Leicester West,Progressives,22.63538806256102,0.0,0.0,0.0,0.0,0.0,0,0
Leicester West,Average,16.571547066982504,0.0,0.0,0.0,0.0,0.0,0,0
Leicester West,Liberal,0.0,2.3909928427048426,0.0,6.2,0.0,0.0,0,0
Leicester West,Blues,0.0,7.508498900000001,0.0,0.0,0.0,0.0,0,0
Leicester West,Reforms,0.0,2.0359856931631874,16.0,0.0,0.0,0.0,0,0
Leigh and Atherton,Muslim,0.5716621999999999,0.0,0.0,0.0,0.0,0.9,0,0
Leigh and Atherton,Left,4.514339274130577,0.0,0.0,0.0,4.0,0.0,0,0
Leigh and Atherton,Progressives,8.201056008829154,0.0,0.0,0.0,0.0,0.0,0,0
Leigh and Atherton,Average,33.68338071016102,0.0,0.0,0.0,0.0,0.0,0,0
Leigh and Atherton,Liberal,1.5295618068792507,12.979102395527677,0.0,3.9,0.0,0.0,0,0
Leigh and Atherton,Blues,0.0,1.0097209,0.0,0.0,0.0,0.0,0,0
Leigh and Atherton,Reforms,0.0,1.7111767044723223,26.9,0.0,0.0,0.0,0,0
Lewes,Muslim,0.0,0.2993007,0.0,0.0,0.0,0.4,0,0
Lewes,Left,0.0,3.7103292963667283,0.0,0.0,3.5,0.0,0,0
Lewes,Progressives,6.7,0.0,0.0,1.072670661442488,0.0,0.0,0,0
Lewes,Average,0.0,8.870390643344585,0.0,25.981002196868225,0.0,0.0,0,0
Lewes,Liberal,0.0,0.0,0.0,23.54632714168929,0.0,0.0,0,0
Lewes,Blues,0.0,5.4488848,0.0,0.0,0.0,0.0,0,0
Lewes,Reforms,0.0,8.47109456028869,11.9,0.0,0.0,0.0,0,0
Lewisham East,Muslim,1.184183067094959,0.0,0.0,0.0,3.5966391329050396,2.7,0,0
Lewisham East,Left,0.0,0.0,0.0,0.0,10.10336086709496,0.0,0,0
Lewisham East,Progressives,43.56410038572254,0.0,0.0,0.0,0.0,0.0,0,0
Lewisham East,Average,9.12539440316354,0.0,0.0,0.0,0.0,0.0,0,0
Lewisham East,Liberal,4.326322144018964,6.4764227000000005,0.20793310418905708,6.1,0.0,0.0,0,0
Lewisham East,Blues,0.0,4.3235773,0.0,0.0,0.0,0.0,0,0
Lewisham East,Reforms,0.0,0.0,8.292066895810937,0.0,0.0,0.0,0,0
Lewisham North,Muslim,0.0,0.0,0.0,0.0,6.0139813,2.3,0,0
Lewisham North,Left,0.0,0.0,0.0,0.0,12.29352632018009,0.0,0,0
Lewisham North,Progressives,50.502228381021936,0.0,0.0,0.0,0.0,0.0,0,0
Lewisham North,Average,3.532363302578375,0.0,0.0,0.0,0.0,0.0,0,0
Lewisham North,Liberal,3.6654083163996916,1.1592628805139364,0.0,7.4,3.592492379819908,0.0,0,0
Lewisham North,Blues,0.0,2.9371969,0.0,0.0,0.0,0.0,0,0
Lewisham North,Reforms,0.0,2.003540219486063,4.5,0.0,0.0,0.0,0,0
Lewisham West and East Dulwich,Muslim,0.0,0.0,0.0,0.0,3.660357,1.6,0,0
Lewisham West and East Dulwich,Left,0.0,0.0,0.0,0.0,8.283410138248847,0.0,0,0
Lewisham West and East Dulwich,Progressives,38.29603317983211,0.0,0.0,0.0,0.0,0.0,0,0
Lewisham West and East Dulwich,Average,9.98458723902644,0.0,0.0,0.0,0.0,0.0,0,0
Lewisham West and East Dulwich,Liberal,10.719379581141451,0.9242012866450788,0.0,7.7,7.456232861751149,0.0,0,0
Lewisham West and East Dulwich,Blues,0.0,3.5201719,0.0,0.0,0.0,0.0,0,0
Lewisham West and East Dulwich,Reforms,0.0,3.0556268133549214,4.8,0.0,0.0,0.0,0,0
Leyton and Wanstead,Muslim,2.2430952872909966,0.0,0.0,0.0,6.1676600127090015,13.8,0,0
Leyton and Wanstead,Left,0.0,0.0,0.0,0.0,9.332339987290998,0.0,0,0
Leyton and Wanstead,Progressives,32.02556854896094,0.0,0.0,0.0,0.0,0.0,0,0
Leyton and Wanstead,Average,8.82778012675361,0.0,0.0,0.0,0.0,0.0,0,0
Leyton and Wanstead,Liberal,4.40355603699445,6.251455663784846,0.0,6.4,0.0,0.0,0,0
Leyton and Wanstead,Blues,0.0,4.2496055,0.0,0.0,0.0,0.0,0,0
Leyton and Wanstead,Reforms,0.0,0.5989388362151535,5.7,0.0,0.0,0.0,0,0
Lichfield,Muslim,0.0,0.0,0.0,0.0,0.0,0.4927235,0,0
Lichfield,Left,1.2447117853428473,2.087997014179379,0.0,0.0,3.5,0.40727650000000004,0,0
Lichfield,Progressives,6.607102096040195,0.0,0.0,0.0,0.0,0.0,0,0
Lichfield,Average,27.24818611861696,0.0,0.0,0.0,0.0,0.0,0,0
Lichfield,Liberal,0.0,21.304802300445036,0.0,7.3,0.0,0.0,0,0
Lichfield,Blues,0.0,6.3877383000000005,0.0,0.0,0.0,0.0,0,0
Lichfield,Reforms,0.0,3.6194623853755807,19.8,0.0,0.0,0.0,0,0
Lincoln,Muslim,0.0,0.0,0.0,0.0,0.0,1.6818465,0,0
Lincoln,Left,2.594413977556634,9.555054340029246,0.0,0.0,6.5,0.9181535000000001,0,0
Lincoln,Progressives,10.134110608235495,0.0,0.0,0.0,0.0,0.0,0,0
Lincoln,Average,31.071475414207868,0.0,0.0,0.0,0.0,0.0,0,0
Lincoln,Liberal,0.0,5.060192396399854,0.0,6.1,0.0,0.0,0,0
Lincoln,Blues,0.0,2.0797196,0.0,0.0,0.0,0.0,0,0
Lincoln,Reforms,0.0,6.3050336635708994,18.0,0.0,0.0,0.0,0,0
Liverpool Garston,Muslim,0.0,0.0,0.0,0.0,0.0,1.8713338,0,0
Liverpool Garston,Left,2.983974119031074,0.0,0.0,0.0,6.7,0.0,0,0
Liverpool Garston,Progressives,7.857591713426565,0.0,0.0,0.0,0.0,0.0,0,0
Liverpool Garston,Average,32.33797169319682,0.0,0.0,0.0,0.0,0.0,0,0
Liverpool Garston,Liberal,15.07643845672169,0.0,0.0,7.7,0.0,0.0,0,0
Liverpool Garston,Blues,0.0,1.5663521,0.0,0.0,0.0,0.0,0,0
Liverpool Garston,Reforms,0.14402401762384986,5.4336479,10.5,0.0,0.0,7.828666199999999,0,0
Liverpool Riverside,Muslim,6.606423599999999,0.0,0.0,0.0,0.0,3.5,0,0
Liverpool Riverside,Left,14.28360869291788,0.0,0.0,0.0,16.2,0.0,0,0
Liverpool Riverside,Progressives,21.52631401933575,0.0,0.0,0.0,0.0,0.0,0,0
Liverpool Riverside,Average,14.884006719842844,0.0,0.0,0.0,0.0,0.0,0,0
Liverpool Riverside,Liberal,0.8485460854981799,0.0,0.0,4.8,0.0,0.0,0,0
Liverpool Riverside,Blues,0.0,1.3937844999999998,0.0,0.0,0.0,0.0,0,0
Liverpool Riverside,Reforms,3.651100882405354,2.2062155000000003,10.1,0.0,0.0,0.0,0,0
Liverpool Walton,Muslim,0.23147479999999998,0.0,0.0,0.0,0.0,1.2,0,0
Liverpool Walton,Left,4.785104668873741,0.0,0.0,0.0,6.5,0.0,0,0
Liverpool Walton,Progressives,8.277395028687193,0.0,0.0,0.0,0.0,0.0,0,0
Liverpool Walton,Average,38.49123486004967,0.0,0.0,0.0,0.0,0.0,0,0
Liverpool Walton,Liberal,7.372310641353316,0.0,0.0,2.6,0.0,0.0,0,0
Liverpool Walton,Blues,0.0,0.5115215,0.0,0.0,0.0,0.0,0,0
Liverpool Walton,Reforms,11.342480001036076,2.9884785000000003,15.7,0.0,0.0,0.0,0,0
Liverpool Wavertree,Muslim,3.5952942000000006,0.0,0.0,0.0,0.0,4.7,0,0
Liverpool Wavertree,Left,6.244041579291512,0.0,0.0,0.0,17.0,0.0,0,0
Liverpool Wavertree,Progressives,18.776223708323343,0.0,0.0,0.0,0.0,0.0,0,0
Liverpool Wavertree,Average,19.07359692510292,0.0,0.0,0.0,0.0,0.0,0,0
Liverpool Wavertree,Liberal,7.198846513341328,0.0,0.0,6.9,0.0,0.0,0,0
Liverpool Wavertree,Blues,0.0,1.4881503,0.0,0.0,0.0,0.0,0,0
Liverpool Wavertree,Reforms,3.1119970739408966,3.2118497,8.7,0.0,0.0,0.0,0,0
Liverpool West Derby,Muslim,0.0,0.0,0.0,0.0,0.0,2.3937018,0,0
Liverpool West Derby,Left,3.70381785017924,0.0,0.0,0.0,7.0,0.0,0,0
Liverpool West Derby,Progressives,9.517303933966437,0.0,0.0,0.0,0.0,0.0,0,0
Liverpool West Derby,Average,40.38389735635434,0.0,0.0,0.0,0.0,0.0,0,0
Liverpool West Derby,Liberal,6.138362467497785,0.0,0.0,3.4,0.0,0.0,0,0
Liverpool West Derby,Blues,0.0,0.5560295000000001,0.0,0.0,0.0,0.0,0,0
Liverpool West Derby,Reforms,6.856618392002192,3.5439704999999995,12.8,0.0,0.0,3.7062981999999995,0,0
Loughborough,Muslim,4.3117827,0.0,0.0,0.0,0.0,0.0,0,0
Loughborough,Left,7.3722949254198245,7.547512952526114,0.0,0.0,7.0,0.0,0,0
Loughborough,Progressives,10.593463677517004,0.0,0.0,0.0,0.0,0.0,0,0
Loughborough,Average,18.52245869706317,0.0,0.0,0.0,0.0,0.0,0,0
Loughborough,Liberal,0.0,13.204900114335372,0.0,6.1,0.0,0.0,0,0
Loughborough,Blues,0.0,7.4463972,0.0,0.0,0.0,0.0,0,0
Loughborough,Reforms,0.0,0.9011897331385157,17.0,0.0,0.0,0.0,0,0
Louth and Horncastle,Muslim,0.0,0.0,0.0,0.0,0.0,0.2867198,0,0
Louth and Horncastle,Left,0.0,0.0,0.0,0.0,5.4,1.0319197645263136,0,0
Louth and Horncastle,Progressives,6.09569903372139,0.0,0.0,0.0,0.0,0.0,0,0
Louth and Horncastle,Average,16.404300966278612,5.201877959648547,0.0,0.0,0.0,2.4813604354736842,0,0
Louth and Horncastle,Liberal,0.0,13.778903623999602,0.0,5.1,0.0,0.0,0,0
Louth and Horncastle,Blues,0.0,13.901837100000002,0.0,0.0,0.0,0.0,0,0
Louth and Horncastle,Reforms,0.0,4.61738131635185,25.7,0.0,0.0,0.0,0,0
Lowestoft,Muslim,0.0,0.4198881,0.0,0.0,0.0,0.0,0,0
Lowestoft,Left,0.0,0.27596931156995375,0.0,0.0,7.4,0.0,0,0
Lowestoft,Progressives,6.3787334098794,0.0,0.0,0.0,0.0,0.0,0,0
Lowestoft,Average,28.2212665901206,5.918987794409794,0.0,0.0,0.0,0.0,0,0
Lowestoft,Liberal,0.0,12.066234676898894,0.0,3.6,0.0,0.0,0,0
Lowestoft,Blues,0.0,1.9718504,0.0,0.0,0.0,0.0,0,0
Lowestoft,Reforms,0.0,9.047069717121364,24.7,0.0,0.0,0.0,0,0
Luton North,Muslim,8.410859642397043,2.4346027576029634,0.0,0.0,0.0,21.7,0,0
Luton North,Left,0.0,4.607815604152677,2.189943582161746,0.0,5.0,0.0,0,0
Luton North,Progressives,19.41992279500868,0.0,0.0,0.0,0.0,0.0,0,0
Luton North,Average,10.069217562594275,0.0,0.0,0.0,0.0,0.0,0,0
Luton North,Liberal,0.0,7.741111538244359,0.0,4.9,0.0,0.0,0,0
Luton North,Blues,0.0,3.7164701,0.0,0.0,0.0,0.0,0,0
Luton North,Reforms,0.0,0.0,9.810056417838254,0.0,0.0,0.0,0,0
Luton South and South Bedfordshire,Muslim,6.244980077491071,1.3864347225089269,0.0,0.0,0.0,22.1,0,0
Luton South and South Bedfordshire,Left,0.0,4.795016028365162,1.9074278906477158,0.0,6.3,0.0,0,0
Luton South and South Bedfordshire,Progressives,21.08384909271878,0.0,0.0,0.0,0.0,0.0,0,0
Luton South and South Bedfordshire,Average,8.071170829790148,0.0,0.0,0.0,0.0,0.0,0,0
Luton South and South Bedfordshire,Liberal,0.0,5.692695949125912,0.0,6.3,0.0,0.0,0,0
Luton South and South Bedfordshire,Blues,0.0,5.625853299999999,0.0,0.0,0.0,0.0,0,0
Luton South and South Bedfordshire,Reforms,0.0,0.0,10.492572109352285,0.0,0.0,0.0,0,0
Macclesfield,Muslim,0.0,0.0,0.0,0.0,0.0,0.7104666,0,0
Macclesfield,Left,0.5644891591991978,0.0,0.0,0.0,4.7,1.1895334,0,0
Macclesfield,Progressives,8.277688819059737,0.0,0.0,0.0,0.0,0.0,0,0
Macclesfield,Average,32.81409124891586,0.0,0.0,0.0,0.0,0.0,0,0
Macclesfield,Liberal,5.043730772825214,19.4323879188552,0.0,4.7,0.0,0.0,0,0
Macclesfield,Blues,0.0,3.1678055,0.0,0.0,0.0,0.0,0,0
Macclesfield,Reforms,0.0,6.8998065811448015,12.5,0.0,0.0,0.0,0,0
Maidenhead,Muslim,0.0,2.5986143000000004,0.0,0.0,0.0,3.5,0,0
Maidenhead,Left,0.0,3.45624745624745,0.0,0.0,4.0,0.0,0,0
Maidenhead,Progressives,11.5,0.0,0.0,2.7522244638815394,0.0,0.0,0,0
Maidenhead,Average,0.0,10.559720865852455,0.0,6.720178436889469,0.0,0.0,0,0
Maidenhead,Liberal,0.0,0.0,0.0,34.02759709922899,0.0,0.0,0,0
Maidenhead,Blues,0.0,8.7922982,0.0,0.0,0.0,0.0,0,0
Maidenhead,Reforms,0.0,12.093119177900098,0.0,0.0,0.0,0.0,0,0
Maidstone and Malling,Muslim,0.0,1.5158108,0.0,0.0,0.0,0.8,0,0
Maidstone and Malling,Left,0.0,0.20330935471161804,0.34483780663743535,0.0,8.0,0.0,0,0
Maidstone and Malling,Progressives,11.91262827619274,0.0,0.0,0.0,0.0,0.0,0,0
Maidstone and Malling,Average,14.987371723807259,16.97856952667101,0.0,0.0,0.0,0.0,0,0
Maidstone and Malling,Liberal,0.0,6.501606818617372,0.0,13.7,0.0,0.0,0,0
Maidstone and Malling,Blues,0.0,5.3007035,0.0,0.0,0.0,0.0,0,0
Maidstone and Malling,Reforms,0.0,0.0,19.755162193362565,0.0,0.0,0.0,0,0
Makerfield,Muslim,0.0,0.0,0.0,0.0,0.0,0.8336806999999999,0,0
Makerfield,Left,3.2811705917514775,0.0,1.0891287902322997,0.0,4.4,0.06631930000000008,0,0
Makerfield,Progressives,5.289826788433419,0.0,0.0,0.0,0.0,0.0,0,0
Makerfield,Average,35.40857398817751,0.0,0.0,0.0,0.0,0.0,0,0
Makerfield,Liberal,1.220428631637601,10.4083104,0.0,6.8,0.0,0.0,0,0
Makerfield,Blues,0.0,0.4916896,0.0,0.0,0.0,0.0,0,0
Makerfield,Reforms,0.0,0.0,30.71087120976769,0.0,0.0,0.0,0,0
Maldon,Muslim,0.0,0.5891414,0.0,0.0,0.0,0.0,0,0
Maldon,Left,0.0,0.4232214245470488,2.650456381201039,0.0,4.6,0.0,0,0
Maldon,Progressives,5.7947866859455335,0.0,0.0,0.0,0.0,0.0,0,0
Maldon,Average,13.905213314054466,11.34304132780393,0.0,0.0,0.0,0.0,0,0
Maldon,Liberal,0.0,16.71147274764902,0.0,11.8,0.0,0.0,0,0
Maldon,Blues,0.0,9.8331231,0.0,0.0,0.0,0.0,0,0
Maldon,Reforms,0.0,0.0,22.34954361879896,0.0,0.0,0.0,0,0
Manchester Central,Muslim,9.685133100000002,0.0,0.0,0.0,0.0,6.3,0,0
Manchester Central,Left,5.8381798121441975,0.6892874017646697,0.0,0.0,16.1,0.0,0,0
Manchester Central,Progressives,30.774404145867145,0.0,0.0,0.0,0.0,0.0,0,0
Manchester Central,Average,4.502282941988653,0.0,0.0,0.0,0.0,0.0,0,0
Manchester Central,Liberal,0.0,4.189854331636911,0.0,7.7,0.0,0.0,0,0
Manchester Central,Blues,0.0,1.4681882,0.0,0.0,0.0,0.0,0,0
Manchester Central,Reforms,0.0,0.7526700665984176,12.0,0.0,0.0,0.0,0,0
Manchester Rusholme,Muslim,19.308647,0.0,0.0,0.0,0.0,14.4,0,0
Manchester Rusholme,Left,12.390530948824317,0.667163923312426,0.0,0.0,23.5,0.0,0,0
Manchester Rusholme,Progressives,20.20082205117568,0.0,0.0,0.0,0.0,0.0,0,0
Manchester Rusholme,Average,0.0,0.0,0.0,0.0,0.0,0.0,0,0
Manchester Rusholme,Liberal,0.0,0.6179766289603525,0.0,0.0,0.0,0.0,0,0
Manchester Rusholme,Blues,0.0,2.9112079,0.0,0.0,0.0,0.0,0,0
Manchester Rusholme,Reforms,0.0,1.5036515477272223,4.5,0.0,0.0,0.0,0,0
Manchester Withington,Muslim,9.5397607,0.0,0.0,0.0,0.0,4.6,0,0
Manchester Withington,Left,1.463938211848692,0.0,0.0,0.0,19.4,0.0,0,0
Manchester Withington,Progressives,23.82843816656941,0.0,0.0,0.0,0.0,0.0,0,0
Manchester Withington,Average,9.20691017811066,0.0,0.0,0.0,0.0,0.0,0,0
Manchester Withington,Liberal,7.013194072741559,0.0,0.0,13.0,0.0,0.0,0,0
Manchester Withington,Blues,0.0,3.0499413,0.0,0.0,0.0,0.0,0,0
Manchester Withington,Reforms,1.747758670729676,2.4500587,4.7,0.0,0.0,0.0,0,0
Mansfield,Muslim,0.0,0.0,0.0,0.0,0.0,1.0823436,0,0
Mansfield,Left,0.0,3.3769871534758265,0.0,0.0,3.2,1.3176564,0,0
Mansfield,Progressives,7.062876817670668,0.0,0.0,0.0,0.0,0.0,0,0
Mansfield,Average,32.03712318232933,1.0006667288391142,0.0,0.0,0.0,0.0,0,0
Mansfield,Liberal,0.0,13.191655381510051,0.0,1.9,0.0,0.0,0,0
Mansfield,Blues,0.0,2.7683479,0.0,0.0,0.0,0.0,0,0
Mansfield,Reforms,0.0,10.262342836175005,22.8,0.0,0.0,0.0,0,0
Melksham and Devizes,Muslim,0.0,0.5010998,0.0,0.0,0.0,0.0,0,0
Melksham and Devizes,Left,0.0,2.5362516816723333,0.0,0.0,4.4,0.0,0,0
Melksham and Devizes,Progressives,6.681520368671003,0.0,0.0,0.0,0.0,0.0,0,0
Melksham and Devizes,Average,2.318479631328997,11.388796308702162,0.0,11.44278650005706,0.0,0.0,0,0
Melksham and Devizes,Liberal,0.0,0.0,0.0,27.65721349994294,0.0,0.0,0,0
Melksham and Devizes,Blues,0.0,10.001492700000002,0.0,0.0,0.0,0.0,0,0
Melksham and Devizes,Reforms,0.0,9.972359509625504,13.1,0.0,0.0,0.0,0,0
Melton and Syston,Muslim,0.0,0.0,0.0,0.0,0.0,0.9432463,0,0
Melton and Syston,Left,0.0,0.0,0.0,0.0,8.0,0.10859081978923335,0,0
Melton and Syston,Progressives,7.933730503975485,0.0,0.0,0.0,0.0,0.0,0,0
Melton and Syston,Average,18.466269496024513,0.10541458284303218,0.0,0.0,0.0,1.448162880210763,0,0
Melton and Syston,Liberal,0.0,18.953485681422062,0.0,5.5,0.0,0.0,0,0
Melton and Syston,Blues,0.0,13.9931434,0.0,0.0,0.0,0.0,0,0
Melton and Syston,Reforms,0.0,5.047956335734906,19.5,0.0,0.0,0.0,0,0
Meriden and Solihull East,Muslim,0.0,3.4516745,0.0,0.0,0.0,0.0,0,0
Meriden and Solihull East,Left,0.0,2.0512781186093845,0.0,0.0,6.7,0.0,0,0
Meriden and Solihull East,Progressives,10.36064760966538,0.0,0.0,0.0,0.0,0.0,0,0
Meriden and Solihull East,Average,17.339352390334618,4.585681302655395,0.0,0.0,0.0,0.0,0,0
Meriden and Solihull East,Liberal,0.0,21.72115986510785,0.0,7.6,0.0,0.0,0,0
Meriden and Solihull East,Blues,0.0,6.2718093,0.0,0.0,0.0,0.0,0,0
Meriden and Solihull East,Reforms,0.0,0.01839691362737028,19.9,0.0,0.0,0.0,0,0
Mid Bedfordshire,Muslim,0.0,0.0,0.0,0.0,0.0,1.5488391,0,0
Mid Bedfordshire,Left,0.37354152404663665,0.0,0.4532279127072072,0.0,5.2,2.2511609,0,0
Mid Bedfordshire,Progressives,9.281675931010994,0.0,0.0,0.0,0.0,0.0,0,0
Mid Bedfordshire,Average,14.886908845472476,0.0,0.0,0.0,0.0,0.0,0,0
Mid Bedfordshire,Liberal,6.8578736994698914,18.259474,0.0,8.2,0.0,0.0,0,0
Mid Bedfordshire,Blues,0.0,15.840526,0.0,0.0,0.0,0.0,0,0
Mid Bedfordshire,Reforms,0.0,0.0,16.84677208729279,0.0,0.0,0.0,0,0
Mid Buckinghamshire,Muslim,0.0,0.7237716999999998,0.0,0.0,0.0,0.9,0,0
Mid Buckinghamshire,Left,0.0,1.8576057616956643,0.0,0.0,5.5,0.0,0,0
Mid Buckinghamshire,Progressives,8.965038287326376,0.0,0.0,0.0,0.0,0.0,0,0
Mid Buckinghamshire,Average,8.034961712673624,2.9533199809880095,0.0,0.0,0.0,0.0,0,0
Mid Buckinghamshire,Liberal,0.0,8.473587407152785,0.0,26.5,0.0,0.0,0,0
Mid Buckinghamshire,Blues,0.0,21.6607902,0.0,0.0,0.0,0.0,0,0
Mid Buckinghamshire,Reforms,0.0,1.6309249501635268,12.8,0.0,0.0,0.0,0,0
Mid Cheshire,Muslim,0.0,0.0,0.0,0.0,0.0,0.559864,0,0
Mid Cheshire,Left,1.3877282837053428,0.0,0.0,0.0,4.7,2.140136,0,0
Mid Cheshire,Progressives,6.807863753207278,0.0,0.0,0.0,0.0,0.0,0,0
Mid Cheshire,Average,34.10614807978574,0.0,0.0,0.0,0.0,0.0,0,0
Mid Cheshire,Liberal,2.1982598833016382,13.96978601606839,0.0,5.9,0.0,0.0,0,0
Mid Cheshire,Blues,0.0,0.8840756000000001,0.0,0.0,0.0,0.0,0,0
Mid Cheshire,Reforms,0.0,8.14613838393161,19.2,0.0,0.0,0.0,0,0
Mid Derbyshire,Muslim,0.0,0.0,0.0,0.0,0.0,0.6023001,0,0
Mid Derbyshire,Left,0.0,0.0,0.0,0.0,7.5,0.27982311663504866,0,0
Mid Derbyshire,Progressives,6.856580188565882,0.0,0.0,0.0,0.0,0.0,0,0
Mid Derbyshire,Average,27.295674728818227,0.0,0.0,0.0,0.0,0.0,0,0
Mid Derbyshire,Liberal,2.3477450826158908,22.711990711195533,0.0,5.0,0.0,0.017876783364947357,0,0
Mid Derbyshire,Blues,0.0,4.4270414,0.0,0.0,0.0,0.0,0,0
Mid Derbyshire,Reforms,0.0,5.360967888804467,17.6,0.0,0.0,0.0,0,0
Mid Dorset and North Poole,Muslim,0.0,0.0,0.0,0.0,0.0,0.4540104,0,0
Mid Dorset and North Poole,Left,0.0,0.9919851475385606,0.0,0.0,4.8,1.6459896,0,0
Mid Dorset and North Poole,Progressives,6.055096999708261,0.0,0.0,0.0,0.0,0.0,0,0
Mid Dorset and North Poole,Average,3.1449030002917384,10.764069671127324,0.0,15.078877575743267,0.0,0.0,0,0
Mid Dorset and North Poole,Liberal,0.0,0.0,0.0,28.22112242425673,0.0,0.0,0,0
Mid Dorset and North Poole,Blues,0.0,6.206653800000001,0.0,0.0,0.0,0.0,0,0
Mid Dorset and North Poole,Reforms,0.0,22.63729138133412,0.0,0.0,0.0,0.0,0,0
Mid Leicestershire,Muslim,0.7968126540986731,0.9761637459013268,0.0,0.0,0.0,0.0,0,0
Mid Leicestershire,Left,0.0,1.0868662481892717,0.0,0.0,7.1,0.0,0,0
Mid Leicestershire,Progressives,10.644196223795902,0.0,0.0,0.0,0.0,0.0,0,0
Mid Leicestershire,Average,20.858991122105422,0.0,0.0,0.0,0.0,0.0,0,0
Mid Leicestershire,Liberal,0.0,19.492674227201242,0.0,5.1,0.0,0.0,0,0
Mid Leicestershire,Blues,0.0,14.1570999,0.0,0.0,0.0,0.0,0,0
Mid Leicestershire,Reforms,0.0,1.1871958787081596,18.6,0.0,0.0,0.0,0,0
Mid Norfolk,Muslim,0.0,0.4377073,0.0,0.0,0.0,0.0,0,0
Mid Norfolk,Left,0.0,0.8369753579548802,0.0,0.0,6.2,0.0,0,0
Mid Norfolk,Progressives,6.654816632548847,0.0,0.0,0.0,0.0,0.0,0,0
Mid Norfolk,Average,23.24518336745115,2.863315176307733,0.0,0.0,0.0,0.0,0,0
Mid Norfolk,Liberal,0.0,14.3667924701825,0.0,6.8,0.0,0.0,0,0
Mid Norfolk,Blues,0.0,10.5536831,0.0,0.0,0.0,0.0,0,0
Mid Norfolk,Reforms,0.0,7.441526595554887,20.5,0.0,0.0,0.0,0,0
Mid Sussex,Muslim,0.0,0.5205409000000001,0.0,0.0,0.0,0.7,0,0
Mid Sussex,Left,0.0,3.156154141817403,0.0,0.0,3.8,0.0,0,0
Mid Sussex,Progressives,9.255658307942529,0.0,0.0,0.0,0.0,0.0,0,0
Mid Sussex,Average,8.344341692057473,14.036388857895016,0.0,7.641269149830574,0.0,0.0,0,0
Mid Sussex,Liberal,0.0,0.0,0.0,31.958730850169427,0.0,0.0,0,0
Mid Sussex,Blues,0.0,4.6275347,0.0,0.0,0.0,0.0,0,0
Mid Sussex,Reforms,0.0,4.759381400287584,11.1,0.0,0.0,0.0,0,0
Middlesbrough and Thornaby East,Muslim,6.205139299999999,0.0,0.0,0.0,0.0,6.9,0,0
Middlesbrough and Thornaby East,Left,1.4973641846843009,6.829764853146054,0.0,0.0,4.4,0.0,0,0
Middlesbrough and Thornaby East,Progressives,11.623727108445353,0.0,0.0,0.0,0.0,0.0,0,0
Middlesbrough and Thornaby East,Average,27.873769406870352,0.0,0.0,0.0,0.0,0.0,0,0
Middlesbrough and Thornaby East,Liberal,0.0,5.216118932257158,0.0,3.0,0.0,0.0,0,0
Middlesbrough and Thornaby East,Blues,0.0,1.2133827,0.0,0.0,0.0,0.0,0,0
Middlesbrough and Thornaby East,Reforms,0.0,4.640733514596786,20.5,0.0,0.0,0.0,0,0
Middlesbrough South and East Cleveland,Muslim,0.0,0.0,0.0,0.0,0.0,1.166553,0,0
Middlesbrough South and East Cleveland,Left,0.8242020204251652,0.0,0.0,0.0,3.8,3.633447,0,0
Middlesbrough South and East Cleveland,Progressives,5.735812235562351,0.0,0.0,0.0,0.0,0.0,0,0
Middlesbrough South and East Cleveland,Average,30.24528282682826,0.0,0.0,0.0,0.0,0.0,0,0
Middlesbrough South and East Cleveland,Liberal,6.494702917184224,6.384650174365898,0.0,5.3,0.0,0.0,0,0
Middlesbrough South and East Cleveland,Blues,0.0,5.759164800000001,0.0,0.0,0.0,0.0,0,0
Middlesbrough South and East Cleveland,Reforms,0.0,30.556185025634104,0.0,0.0,0.0,0.0,0,0
Milton Keynes Central,Muslim,1.1006669833379057,6.590449516662094,0.0,0.0,0.0,0.4,0,0
Milton Keynes Central,Left,0.0,2.7356445928759117,0.0,0.0,6.8,0.0,0,0
Milton Keynes Central,Progressives,27.175324531601472,0.0,0.0,0.0,0.0,0.0,0,0
Milton Keynes Central,Average,14.02400848506062,0.0,0.0,0.0,0.0,0.0,0,0
Milton Keynes Central,Liberal,0.0,10.142542596822736,0.0,10.3,0.0,0.0,0,0
Milton Keynes Central,Blues,0.0,7.2054179,0.0,0.0,0.0,0.0,0,0
Milton Keynes Central,Reforms,0.0,0.4259453936392532,13.1,0.0,0.0,0.0,0,0
Milton Keynes North,Muslim,5.6504889,0.0,0.0,0.0,0.0,0.0,0,0
Milton Keynes North,Left,0.7627519631871076,0.0,0.0,0.0,7.1,0.0,0,0
Milton Keynes North,Progressives,15.889845854304186,0.0,0.0,0.0,0.0,0.0,0,0
Milton Keynes North,Average,17.557187457955735,0.0,0.0,0.0,0.0,0.0,0,0
Milton Keynes North,Liberal,2.139725824552972,17.37766718303022,0.0,7.3,0.0,0.0,0,0
Milton Keynes North,Blues,0.0,8.7864433,0.0,0.0,0.0,0.0,0,0
Milton Keynes North,Reforms,0.0,4.03588951696978,13.4,0.0,0.0,0.0,0,0
Mitcham and Morden,Muslim,9.416602901447979,0.0,0.0,0.0,0.07630769855201969,3.2,0,0
Mitcham and Morden,Left,0.0,0.0,0.0,0.0,10.12369230144798,0.0,0,0
Mitcham and Morden,Progressives,29.364147758097307,0.0,0.0,0.0,0.0,0.0,0,0
Mitcham and Morden,Average,13.949427722300925,0.0,0.0,0.0,0.0,0.0,0,0
Mitcham and Morden,Liberal,2.6698216181537884,6.204545800000001,0.9087391824634938,8.0,0.0,0.0,0,0
Mitcham and Morden,Blues,0.0,7.795454199999999,0.0,0.0,0.0,0.0,0,0
Mitcham and Morden,Reforms,0.0,0.0,8.191260817536506,0.0,0.0,0.0,0,0
Morecambe and Lunesdale,Muslim,0.4312975999999999,0.0,0.0,0.0,0.0,0.0,0,0
Morecambe and Lunesdale,Left,4.659255924112132,0.0,0.0,0.0,4.3,0.0,0,0
Morecambe and Lunesdale,Progressives,7.172512821290883,0.0,0.0,0.0,0.0,0.0,0,0
Morecambe and Lunesdale,Average,24.5908166758982,0.0,0.0,0.0,0.0,0.0,0,0
Morecambe and Lunesdale,Liberal,3.946116978698784,8.319644334565236,0.0,9.9,0.0,0.0,0,0
Morecambe and Lunesdale,Blues,0.0,10.2610932,0.0,0.0,0.0,0.0,0,0
Morecambe and Lunesdale,Reforms,0.0,10.119262465434762,16.3,0.0,0.0,0.0,0,0
New Forest East,Muslim,0.0,0.0,0.0,0.0,0.0,0.3040485,0,0
New Forest East,Left,0.0,0.0,0.0,0.0,6.9,0.24179958274445656,0,0
New Forest East,Progressives,6.247811670872167,0.0,0.0,0.0,0.0,0.0,0,0
New Forest East,Average,13.452188329127832,13.767093345085135,0.0,0.0,0.0,1.5541519172555436,0,0
New Forest East,Liberal,0.0,9.627910817049935,0.0,15.9,0.0,0.0,0,0
New Forest East,Blues,0.0,7.107353300000001,0.0,0.0,0.0,0.0,0,0
New Forest East,Reforms,0.0,7.99764253786493,16.9,0.0,0.0,0.0,0,0
New Forest West,Muslim,0.0,0.0,0.0,0.0,0.0,0.3693857,0,0
New Forest West,Left,0.0,0.0,0.0,0.0,6.0,0.19876692692023212,0,0
New Forest West,Progressives,6.719296091824887,0.0,0.0,0.0,0.0,0.0,0,0
New Forest West,Average,16.580703908175114,13.088586819462343,0.0,0.0,0.0,0.6318473730797678,0,0
New Forest West,Liberal,0.0,9.725346313775852,0.0,17.7,0.0,0.0,0,0
New Forest West,Blues,0.0,6.8011566000000006,0.0,0.0,0.0,0.0,0,0
New Forest West,Reforms,0.0,5.7849102667618055,16.4,0.0,0.0,0.0,0,0
Newark,Muslim,0.0,0.0,0.0,0.0,0.0,0.6215437,0,0
Newark,Left,0.0,1.2719800984458463,0.0,0.0,4.4,2.0784563,0,0
Newark,Progressives,7.634548372729072,0.0,0.0,0.0,0.0,0.0,0,0
Newark,Average,24.86545162727093,1.0116885619985538,0.0,0.0,0.0,0.0,0,0
Newark,Liberal,0.0,18.806781270680293,0.0,5.7,0.0,0.0,0,0
Newark,Blues,0.0,9.7093241,0.0,0.0,0.0,0.0,0,0
Newark,Reforms,0.0,8.400225968875304,15.5,0.0,0.0,0.0,0,0
Newbury,Muslim,0.0,0.5253789000000001,0.0,0.0,0.0,0.6,0,0
Newbury,Left,0.0,2.128856509344295,0.0,0.0,5.5,0.0,0,0
Newbury,Progressives,7.5,0.0,0.0,3.1945583679195195,0.0,0.0,0,0
Newbury,Average,0.0,14.393644741559825,0.0,8.989596653208054,0.0,0.0,0,0
Newbury,Liberal,0.0,0.0,0.0,27.91584497887243,0.0,0.0,0,0
Newbury,Blues,0.0,8.697860200000001,0.0,0.0,0.0,0.0,0,0
Newbury,Reforms,0.0,9.554259649095874,10.9,0.0,0.0,0.0,0,0
Newcastle upon Tyne Central and West,Muslim,1.9178792000000016,0.0,0.0,0.0,0.0,12.7,0,0
Newcastle upon Tyne Central and West,Left,10.123624699453998,3.126651935345092,0.07627004686558081,0.0,7.8,0.0,0,0
Newcastle upon Tyne Central and West,Progressives,13.877165412296172,0.0,0.0,0.0,0.0,0.0,0,0
Newcastle upon Tyne Central and West,Average,19.68133068824983,0.0,0.0,0.0,0.0,0.0,0,0
Newcastle upon Tyne Central and West,Liberal,0.0,5.661428564654908,0.0,4.7,0.0,0.0,0,0
Newcastle upon Tyne Central and West,Blues,0.0,1.4119195,0.0,0.0,0.0,0.0,0,0
Newcastle upon Tyne Central and West,Reforms,0.0,0.0,18.823729953134418,0.0,0.0,0.0,0,0
Newcastle upon Tyne East and Wallsend,Muslim,1.1096249000000005,0.0,0.0,0.0,0.0,2.3,0,0
Newcastle upon Tyne East and Wallsend,Left,5.960850475648311,0.0,0.0,0.0,12.4,0.0,0,0
Newcastle upon Tyne East and Wallsend,Progressives,11.547083664276354,0.0,0.0,0.0,0.0,0.0,0,0
Newcastle upon Tyne East and Wallsend,Average,27.50384854974249,0.0,0.0,0.0,0.0,0.0,0,0
Newcastle upon Tyne East and Wallsend,Liberal,3.978592410332851,2.9602819266033045,0.0,7.0,0.0,0.0,0,0
Newcastle upon Tyne East and Wallsend,Blues,0.0,0.9946834,0.0,0.0,0.0,0.0,0,0
Newcastle upon Tyne East and Wallsend,Reforms,0.0,4.345034673396697,19.8,0.0,0.0,0.0,0,0
Newcastle upon Tyne North,Muslim,3.0059008,0.0,0.0,0.0,0.0,1.2,0,0
Newcastle upon Tyne North,Left,5.964431452844834,4.025830499335498,0.0,0.0,10.4,0.0,0,0
Newcastle upon Tyne North,Progressives,13.365098484683736,0.0,0.0,0.0,0.0,0.0,0,0
Newcastle upon Tyne North,Average,27.96456926247143,0.0,0.0,0.0,0.0,0.0,0,0
Newcastle upon Tyne North,Liberal,0.0,5.617683854496072,0.0,12.2,0.0,0.0,0,0
Newcastle upon Tyne North,Blues,0.0,1.857005,0.0,0.0,0.0,0.0,0,0
Newcastle upon Tyne North,Reforms,0.0,2.1994806461684284,12.2,0.0,0.0,0.0,0,0
Newcastle-under-Lyme,Muslim,2.1829925,0.0,0.0,0.0,0.0,0.0,0,0
Newcastle-under-Lyme,Left,6.065675221646331,3.8709818711020487,0.0,0.0,4.7,0.0,0,0
Newcastle-under-Lyme,Progressives,7.400688351046225,0.0,0.0,0.0,0.0,0.0,0,0
Newcastle-under-Lyme,Average,24.75064392730744,0.0,0.0,0.0,0.0,0.0,0,0
Newcastle-under-Lyme,Liberal,0.0,15.286992879079325,0.0,5.0,0.0,0.0,0,0
Newcastle-under-Lyme,Blues,0.0,4.3162485,0.0,0.0,0.0,0.0,0,0
Newcastle-under-Lyme,Reforms,0.0,4.0257767498186325,22.4,0.0,0.0,0.0,0,0
Newton Abbot,Muslim,0.0,0.0,0.0,0.0,0.0,0.3288522,0,0
Newton Abbot,Left,0.0,0.0,0.0,0.0,4.3,2.3997771410378705,0,0
Newton Abbot,Progressives,7.126586978290629,0.0,0.0,0.0,0.0,0.0,0,0
Newton Abbot,Average,7.673413021709372,14.67530152693707,0.0,10.172814764198318,0.0,1.7713706589621294,0,0
Newton Abbot,Liberal,0.0,0.0,0.0,21.52718523580168,0.0,0.0,0,0
Newton Abbot,Blues,0.0,3.880700000000001,0.0,0.0,0.0,0.0,0,0
Newton Abbot,Reforms,0.0,8.44399847306293,17.7,0.0,0.0,0.0,0,0
Newton Aycliffe and Spennymoor,Muslim,0.0,0.0,0.0,0.0,0.0,0.3777138,0,0
Newton Aycliffe and Spennymoor,Left,4.297001517116856,0.0,0.0,0.0,4.3,0.8222862000000051,0,0
Newton Aycliffe and Spennymoor,Progressives,6.060711471567512,0.0,0.0,0.0,0.0,0.0,0,0
Newton Aycliffe and Spennymoor,Average,23.47751705993487,0.0,0.0,0.0,0.0,0.0,0,0
Newton Aycliffe and Spennymoor,Liberal,12.364769951380763,1.4466663937182016,0.0,3.7,0.0,0.0,0,0
Newton Aycliffe and Spennymoor,Blues,0.0,10.3829565,0.0,0.0,0.0,0.0,0,0
Newton Aycliffe and Spennymoor,Reforms,0.0,8.7703771062818,24.0,0.0,0.0,0.0,0,0
Normanton and Hemsworth,Muslim,0.6223301,0.0,0.0,0.0,0.0,0.0,0,0
Normanton and Hemsworth,Left,2.4065424995551297,0.0,0.0,0.0,5.9,0.0,0,0
Normanton and Hemsworth,Progressives,5.5925954692176685,0.0,0.0,0.0,0.0,0.0,0,0
Normanton and Hemsworth,Average,21.92768527588919,0.0,0.0,0.0,0.0,0.0,0,0
Normanton and Hemsworth,Liberal,13.968332063780627,0.0,0.0,3.6,0.0,0.0,0,0
Normanton and Hemsworth,Blues,0.0,10.6551689,0.0,0.0,0.0,0.0,0,0
Normanton and Hemsworth,Reforms,2.9825145915573845,3.0448310999999997,29.2,0.0,0.0,0.0,0,0
North Bedfordshire,Muslim,0.0,1.5458131,0.0,0.0,0.0,0.0,0,0
North Bedfordshire,Left,0.0,1.8861749413442936,0.0,0.0,5.9,0.0,0,0
North Bedfordshire,Progressives,9.88158265451398,0.0,0.0,0.0,0.0,0.0,0,0
North Bedfordshire,Average,18.41841734548602,0.9729558869162673,0.0,0.0,0.0,0.0,0,0
North Bedfordshire,Liberal,0.0,20.078537224482556,0.0,10.8,0.0,0.0,0,0
North Bedfordshire,Blues,0.0,12.4983686,0.0,0.0,0.0,0.0,0,0
North Bedfordshire,Reforms,0.0,1.6181502472568816,16.4,0.0,0.0,0.0,0,0
North Cornwall,Muslim,0.0,0.0,0.0,0.0,0.0,0.2430415,0,0
North Cornwall,Left,0.0,1.3072920257029277,0.0,2.92520614848452,2.6,0.2569585,0,0
North Cornwall,Progressives,5.7,0.0,0.0,1.2864137786650636,0.0,0.0,0,0
North Cornwall,Average,0.0,0.0,0.0,25.674266172929062,0.0,0.0,0,0
North Cornwall,Liberal,0.0,0.0,0.0,17.91411389992135,0.0,0.0,0,0
North Cornwall,Blues,0.0,14.6511,0.0,0.0,0.0,0.0,0,0
North Cornwall,Reforms,0.0,11.241607974297072,16.2,0.0,0.0,0.0,0,0
North Cotswolds,Muslim,0.0,0.0,0.0,0.0,0.0,0.342284,0,0
North Cotswolds,Left,0.0,0.0,0.0,0.0,6.4,0.551410859891452,0,0
North Cotswolds,Progressives,8.405203735928835,0.0,0.0,0.0,0.0,0.0,0,0
North Cotswolds,Average,8.694796264071167,13.029338124394153,0.0,0.0,0.0,0.006305140108548102,0,0
North Cotswolds,Liberal,0.0,2.4321326073047587,0.0,28.0,0.0,0.0,0,0
North Cotswolds,Blues,0.0,13.123097,0.0,0.0,0.0,0.0,0,0
North Cotswolds,Reforms,0.0,6.11543226830109,12.9,0.0,0.0,0.0,0,0
North Devon,Muslim,0.0,0.0,0.0,0.0,0.0,0.4370709,0,0
North Devon,Left,0.0,1.628575642498108,0.0,0.0,4.6,1.1629291000000002,0,0
North Devon,Progressives,6.3,0.0,0.0,1.1090482070134131,0.0,0.0,0,0
North Devon,Average,0.0,5.178322462518434,0.0,23.41935059852719,0.0,0.0,0,0
North Devon,Liberal,0.0,0.0,0.0,17.871601194459398,0.0,0.0,0,0
North Devon,Blues,0.0,11.028765,0.0,0.0,0.0,0.0,0,0
North Devon,Reforms,0.0,11.464336894983447,15.8,0.0,0.0,0.0,0,0
North Dorset,Muslim,0.0,0.0,0.0,0.0,0.0,0.290913,0,0
North Dorset,Left,0.0,2.209609186961848,0.0,0.0,4.2,0.709087,0,0
North Dorset,Progressives,7.014062389792596,0.0,0.0,0.0,0.0,0.0,0,0
North Dorset,Average,1.7859376102074043,14.04501047215312,0.0,8.959716639221636,0.0,0.0,0,0
North Dorset,Liberal,0.0,0.0,0.0,24.540283360778364,0.0,0.0,0,0
North Dorset,Blues,0.0,12.8285996,0.0,0.0,0.0,0.0,0,0
North Dorset,Reforms,0.0,7.5167807408850305,15.9,0.0,0.0,0.0,0,0
North Durham,Muslim,0.0,0.0,0.0,0.0,0.0,0.4969991,0,0
North Durham,Left,0.6199048905979883,0.0,0.0,0.0,5.7,2.5030009,0,0
North Durham,Progressives,6.219059819789675,0.0,0.0,0.0,0.0,0.0,0,0
North Durham,Average,29.917619097158266,0.0,0.0,0.0,0.0,0.0,0,0
North Durham,Liberal,3.0434161924540657,5.433473267620499,0.0,10.1,0.0,0.0,0,0
North Durham,Blues,0.0,5.383179,0.0,0.0,0.0,0.0,0,0
North Durham,Reforms,0.0,4.7833477323795,25.7,0.0,0.0,0.0,0,0
North East Cambridgeshire,Muslim,0.0,0.0,0.0,0.0,0.0,0.6656321,0,0
North East Cambridgeshire,Left,0.0,0.16043346856109153,0.0,0.0,5.1,2.2343679,0,0
North East Cambridgeshire,Progressives,6.80412132351605,0.0,0.0,0.0,0.0,0.0,0,0
North East Cambridgeshire,Average,13.595878676483949,19.498190238436308,0.0,0.0,0.0,0.0,0,0
North East Cambridgeshire,Liberal,0.0,8.52172774748168,0.0,6.9,0.0,0.0,0,0
North East Cambridgeshire,Blues,0.0,5.015248,0.0,0.0,0.0,0.0,0,0
North East Cambridgeshire,Reforms,0.0,8.30440054552092,23.1,0.0,0.0,0.0,0,0
North East Derbyshire,Muslim,0.17753809999999998,0.0,0.0,0.0,0.0,0.2,0,0
North East Derbyshire,Left,2.2353447943320606,0.0,0.0,0.0,5.0,0.0,0,0
North East Derbyshire,Progressives,4.678324775556029,0.0,0.0,0.0,0.0,0.0,0,0
North East Derbyshire,Average,30.41828633803064,0.0,0.0,0.0,0.0,0.0,0,0
North East Derbyshire,Liberal,0.8905059920812697,16.816108416718354,0.0,4.7,0.0,0.0,0,0
North East Derbyshire,Blues,0.0,6.244985400000001,0.0,0.0,0.0,0.0,0,0
North East Derbyshire,Reforms,0.0,11.438906183281645,17.2,0.0,0.0,0.0,0,0
North East Hampshire,Muslim,0.0,0.0,0.0,0.0,0.0,0.7201157,0,0
North East Hampshire,Left,0.0,4.347290178693907,0.0,0.0,2.6,0.47988429999999993,0,0
North East Hampshire,Progressives,8.989793617322846,0.0,0.0,0.0,0.0,0.0,0,0
North East Hampshire,Average,0.11020638267715377,19.66784918458182,0.0,0.0,0.0,0.0,0,0
North East Hampshire,Liberal,0.0,0.7193183517165096,0.0,38.1,0.0,0.0,0,0
North East Hampshire,Blues,0.0,9.9535457,0.0,0.0,0.0,0.0,0,0
North East Hampshire,Reforms,0.0,2.31199658500776,12.0,0.0,0.0,0.0,0,0
North East Hertfordshire,Muslim,0.8259799,0.0,0.0,0.0,0.0,0.0,0,0
North East Hertfordshire,Left,0.26035747296143796,0.0,0.0,0.0,7.2,0.0,0,0
North East Hertfordshire,Progressives,10.066349182118104,0.0,0.0,0.0,0.0,0.0,0,0
North East Hertfordshire,Average,22.416150481138743,0.0,0.0,0.0,0.0,0.0,0,0
North East Hertfordshire,Liberal,1.4311629637817163,19.387960533490805,0.0,10.4,0.0,0.0,0,0
North East Hertfordshire,Blues,0.0,9.1301742,0.0,0.0,0.0,0.0,0,0
North East Hertfordshire,Reforms,0.0,2.781865266509193,16.1,0.0,0.0,0.0,0,0
North East Somerset and Hanham,Muslim,0.0,0.0,0.0,0.0,0.0,0.4929717999999999,0,0
North East Somerset and Hanham,Left,3.1340369492871183,0.0,0.0,0.0,6.3,0.30702820000001463,0,0
North East Somerset and Hanham,Progressives,5.700318251696785,0.0,0.0,0.0,0.0,0.0,0,0
North East Somerset and Hanham,Average,26.52043484485728,0.0,0.0,0.0,0.0,0.0,0,0
North East Somerset and Hanham,Liberal,5.245209954158817,15.207464284864976,0.0,7.6,0.0,0.0,0,0
North East Somerset and Hanham,Blues,0.0,7.538430099999999,0.0,0.0,0.0,0.0,0,0
North East Somerset and Hanham,Reforms,0.0,7.454105615135024,14.5,0.0,0.0,0.0,0,0
North Herefordshire,Muslim,0.0,0.0,0.0,0.0,0.0948484,0.2,0,0
North Herefordshire,Left,0.0,0.0,0.0,0.0,6.381790796717561,0.0,0,0
North Herefordshire,Progressives,6.4,0.0,0.0,0.0,1.3335822906793773,0.0,0,0
North Herefordshire,Average,0.0,0.0,0.0,0.0,20.766945290968664,0.0,0,0
North Herefordshire,Liberal,0.0,8.099541598940586,0.0,2.9,14.422833221634388,0.0,0,0
North Herefordshire,Blues,0.0,16.180776400000003,0.0,0.0,0.0,0.0,0,0
North Herefordshire,Reforms,0.0,7.219682001059411,16.0,0.0,0.0,0.0,0,0
North Norfolk,Muslim,0.0,0.1713274,0.0,0.0,0.0,0.0,0,0
North Norfolk,Left,0.0,2.692843183502915,0.0,0.0,3.0,0.0,0,0
North Norfolk,Progressives,6.1,0.0,0.0,0.20373542120603272,0.0,0.0,0,0
North Norfolk,Average,0.0,0.9806537482348112,0.0,20.402852043243218,0.0,0.0,0,0
North Norfolk,Liberal,0.0,0.0,0.0,20.793412535550747,0.0,0.0,0,0
North Norfolk,Blues,0.0,17.250382400000003,0.0,0.0,0.0,0.0,0,0
North Norfolk,Reforms,0.0,14.80479326826227,13.5,0.0,0.0,0.0,0,0
North Northumberland,Muslim,0.0,0.0,0.0,0.0,0.0,0.3788208999999999,0,0
North Northumberland,Left,0.0,0.0,0.0,0.0,3.6,2.5969762200217708,0,0
North Northumberland,Progressives,7.274660378216222,0.0,0.0,0.0,0.0,0.0,0,0
North Northumberland,Average,24.88762011478964,0.0,0.0,0.0,0.0,0.0,0,0
North Northumberland,Liberal,4.437719506994139,0.7777995440189738,0.0,10.6,0.0,4.32420287997823,0,0
North Northumberland,Blues,0.0,14.0539,0.0,0.0,0.0,0.0,0,0
North Northumberland,Reforms,0.0,11.368300455981025,15.7,0.0,0.0,0.0,0,0
North Shropshire,Muslim,0.0,0.0,0.0,0.13390820000000003,0.0,0.3,0,0
North Shropshire,Left,0.0,0.0,0.0,5.214411761199004,2.5,0.0,0,0
North Shropshire,Progressives,6.80113028196673,0.0,0.0,0.0,0.0,0.0,0,0
North Shropshire,Average,0.09886971803327071,0.0,0.0,22.243149959349537,0.0,0.0,0,0
North Shropshire,Liberal,0.0,0.0,0.0,21.924569561188942,0.0,0.0,0,0
North Shropshire,Blues,0.0,13.8173762,0.0,0.0,0.0,0.0,0,0
North Shropshire,Reforms,0.0,8.1826238,15.5,3.2839605182625125,0.0,0.0,0,0
North Somerset,Muslim,0.05851470162737371,0.2254537983726262,0.0,0.0,0.0,0.2,0,0
North Somerset,Left,0.0,0.8557525226945129,0.0,0.0,6.1,0.0,0,0
North Somerset,Progressives,7.403135738527275,0.0,0.0,0.0,0.0,0.0,0,0
North Somerset,Average,28.138349559845352,0.0,0.0,0.0,0.0,0.0,0,0
North Somerset,Liberal,0.0,18.85012101848128,0.0,13.2,0.0,0.0,0,0
North Somerset,Blues,0.0,6.0014122,0.0,0.0,0.0,0.0,0,0
North Somerset,Reforms,0.0,8.467260460451582,10.4,0.0,0.0,0.0,0,0
North Warwickshire and Bedworth,Muslim,0.7387953,0.0,0.0,0.0,0.0,0.0,0,0
North Warwickshire and Bedworth,Left,3.2208521788725473,0.8363285998706202,0.0,0.0,4.3,0.0,0,0
North Warwickshire and Bedworth,Progressives,8.910888928769955,0.0,0.0,0.0,0.0,0.0,0,0
North Warwickshire and Bedworth,Average,23.129463592357496,0.0,0.0,0.0,0.0,0.0,0,0
North Warwickshire and Bedworth,Liberal,0.0,18.53730605795624,0.0,3.0,0.0,0.0,0,0
North Warwickshire and Bedworth,Blues,0.0,7.8881564,0.0,0.0,0.0,0.0,0,0
North Warwickshire and Bedworth,Reforms,0.0,3.3382089421731393,26.1,0.0,0.0,0.0,0,0
North West Cambridgeshire,Muslim,0.0,2.9128254,0.0,0.0,0.0,0.0,0,0
North West Cambridgeshire,Left,0.0,1.873745165284272,0.0,0.0,6.7,0.0,0,0
North West Cambridgeshire,Progressives,13.41928873607746,0.0,0.0,0.0,0.0,0.0,0,0
North West Cambridgeshire,Average,19.880711263922535,2.796415697215508,0.0,0.0,0.0,0.0,0,0
North West Cambridgeshire,Liberal,0.0,15.41772978425184,0.0,7.2,0.0,0.0,0,0
North West Cambridgeshire,Blues,0.0,9.0073833,0.0,0.0,0.0,0.0,0,0
North West Cambridgeshire,Reforms,0.0,1.0919006532483806,19.7,0.0,0.0,0.0,0,0
North West Essex,Muslim,0.0,0.0,0.0,0.0,0.0,0.9050553,0,0
North West Essex,Left,0.415088448139489,0.0,0.0,0.0,5.2,2.1949447,0,0
North West Essex,Progressives,8.667495434585014,0.0,0.0,0.0,0.0,0.0,0,0
North West Essex,Average,20.9421500029284,0.0,0.0,0.0,0.0,0.0,0,0
North West Essex,Liberal,0.7752661143470974,17.115184704293192,0.0,11.1,0.0,0.0,0,0
North West Essex,Blues,0.0,15.201866,0.0,0.0,0.0,0.0,0,0
North West Essex,Reforms,0.0,3.282949295706805,14.1,0.0,0.0,0.0,0,0
North West Hampshire,Muslim,0.0,0.05734459999999997,0.0,0.0,0.0,0.9,0,0
North West Hampshire,Left,0.0,2.3158387918486203,0.0,0.0,5.4,0.0,0,0
North West Hampshire,Progressives,9.413699909685358,0.0,0.0,0.0,0.0,0.0,0,0
North West Hampshire,Average,19.086300090314644,10.500722254726885,0.0,0.0,0.0,0.0,0,0
North West Hampshire,Liberal,0.0,8.957390694832835,0.0,15.0,0.0,0.0,0,0
North West Hampshire,Blues,0.0,7.598495300000001,0.0,0.0,0.0,0.0,0,0
North West Hampshire,Reforms,0.0,5.57020835859166,15.2,0.0,0.0,0.0,0,0
North West Leicestershire,Muslim,0.0,0.0,0.0,0.0,0.0,0.4146997,0,0
North West Leicestershire,Left,0.0,0.0,0.0,0.0,5.8,2.9264095513408046,0,0
North West Leicestershire,Progressives,6.541164680988295,0.0,0.0,0.0,0.0,0.0,0,0
North West Leicestershire,Average,21.94750734832084,0.0,0.0,0.0,0.0,0.0,0,0
North West Leicestershire,Liberal,6.211327970690867,16.260499805330834,0.0,3.4,0.0,0.15889074865918928,0,0
North West Leicestershire,Blues,0.0,8.9133601,0.0,0.0,0.0,0.0,0,0
North West Leicestershire,Reforms,0.0,7.52614009466917,19.9,0.0,0.0,0.0,0,0
North West Norfolk,Muslim,0.0,0.5965082,0.0,0.0,0.0,0.0,0,0
North West Norfolk,Left,0.0,2.2645352279455127,0.0,0.0,4.8,0.0,0,0
North West Norfolk,Progressives,7.058871327253085,0.0,0.0,0.0,0.0,0.0,0,0
North West Norfolk,Average,17.941128672746913,10.704094648402304,0.0,0.0,0.0,0.0,0,0
North West Norfolk,Liberal,0.0,1.4289883332876538,0.0,14.6,0.0,0.0,0,0
North West Norfolk,Blues,0.0,10.7377644,0.0,0.0,0.0,0.0,0,0
North West Norfolk,Reforms,0.0,10.368109190364528,19.5,0.0,0.0,0.0,0,0
Northampton North,Muslim,0.0,1.0435971999999998,0.0,0.0,0.0,6.2,0,0
Northampton North,Left,0.0,5.600580695486361,0.0,0.0,6.1,0.0,0,0
Northampton North,Progressives,18.295537658600114,0.0,0.0,0.0,0.0,0.0,0,0
Northampton North,Average,25.204462341399886,2.2059854352672694,0.0,0.0,0.0,0.0,0,0
Northampton North,Liberal,0.0,8.445507599603904,0.0,5.4,0.0,0.0,0,0
Northampton North,Blues,0.0,1.776771,0.0,0.0,0.0,0.0,0,0
Northampton North,Reforms,0.0,2.927558069642462,16.8,0.0,0.0,0.0,0,0
Northampton South,Muslim,0.0,2.769882700000001,0.0,0.0,0.0,0.9,0,0
Northampton South,Left,0.0,4.887443924511071,0.10448667752427898,0.0,5.5,0.0,0,0
Northampton South,Progressives,15.510515001413063,0.0,0.0,0.0,0.0,0.0,0,0
Northampton South,Average,22.98948499858694,5.7157192896476445,0.0,0.0,0.0,0.0,0,0
Northampton South,Liberal,0.0,13.481059385841284,0.0,7.3,0.0,0.0,0,0
Northampton South,Blues,0.0,2.3458947,0.0,0.0,0.0,0.0,0,0
Northampton South,Reforms,0.0,0.0,18.49551332247572,0.0,0.0,0.0,0,0
Norwich North,Muslim,0.12335459887175215,0.0,0.0,0.0,0.8036531011282477,0.8,0,0
Norwich North,Left,0.0,0.0,0.0,0.0,8.796346898871752,0.0,0,0
Norwich North,Progressives,7.877072560085969,0.0,0.0,0.0,0.0,0.0,0,0
Norwich North,Average,34.346556277323984,0.0,0.0,0.0,0.0,0.0,0,0
Norwich North,Liberal,3.053016563718292,12.102985567708629,0.0,4.5,0.0,0.0,0,0
Norwich North,Blues,0.0,0.4993393,0.0,0.0,0.0,0.0,0,0
Norwich North,Reforms,0.0,9.097675132291371,18.0,0.0,0.0,0.0,0,0
Norwich South,Muslim,1.201319,0.0,0.0,0.0,0.0,1.7,0,0
Norwich South,Left,2.6344640119978138,0.0,0.0,0.0,18.3,0.0,0,0
Norwich South,Progressives,15.50376638855614,0.0,0.0,0.0,0.0,0.0,0,0
Norwich South,Average,25.195307223287852,0.0,0.0,0.0,0.0,0.0,0,0
Norwich South,Liberal,3.065143376158188,3.308618849768024,0.0,7.9,0.0,0.0,0,0
Norwich South,Blues,0.0,2.7637891000000003,0.0,0.0,0.0,0.0,0,0
Norwich South,Reforms,0.0,6.827592050231976,11.6,0.0,0.0,0.0,0,0
Nottingham East,Muslim,7.763526700000002,0.0,0.0,0.0,0.0,9.1,0,0
Nottingham East,Left,13.71645228340734,2.467039177693197,0.0,0.0,11.9,0.0,0,0
Nottingham East,Progressives,25.608420405972154,0.0,0.0,0.0,0.0,0.0,0,0
Nottingham East,Average,6.511600610620505,0.0,0.0,0.0,0.0,0.0,0,0
Nottingham East,Liberal,0.0,4.641587020341716,0.0,4.8,0.0,0.0,0,0
Nottingham East,Blues,0.0,1.815214,0.0,0.0,0.0,0.0,0,0
Nottingham East,Reforms,0.0,1.876159801965077,9.8,0.0,0.0,0.0,0,0
Nottingham North and Kimberley,Muslim,4.564034239401327,3.039923560598673,0.0,0.0,0.0,0.0,0,0
Nottingham North and Kimberley,Left,0.0,1.6335361207532273,0.0,0.0,9.6,0.0,0,0
Nottingham North and Kimberley,Progressives,17.69065291499564,0.0,0.0,0.0,0.0,0.0,0,0
Nottingham North and Kimberley,Average,24.845312845603036,0.0,0.0,0.0,0.0,0.0,0,0
Nottingham North and Kimberley,Liberal,0.0,10.128504899703575,0.0,3.8,0.0,0.0,0,0
Nottingham North and Kimberley,Blues,0.0,1.3728777,0.0,0.0,0.0,0.0,0,0
Nottingham North and Kimberley,Reforms,0.0,3.225157718944523,20.1,0.0,0.0,0.0,0,0
Nottingham South,Muslim,3.7790383999999992,0.0,0.0,0.0,0.0,6.4,0,0
Nottingham South,Left,14.053629654227437,10.930302378149264,0.5117877864375924,0.0,8.9,0.0,0,0
Nottingham South,Progressives,18.321243058691177,0.0,0.0,0.0,0.0,0.0,0,0
Nottingham South,Average,11.246088887081385,0.0,0.0,0.0,0.0,0.0,0,0
Nottingham South,Liberal,0.0,2.0398993218507355,0.0,6.3,0.0,0.0,0,0
Nottingham South,Blues,0.0,3.1297983,0.0,0.0,0.0,0.0,0,0
Nottingham South,Reforms,0.0,0.0,14.388212213562406,0.0,0.0,0.0,0,0
Nuneaton,Muslim,0.0,1.2351708000000006,0.0,0.0,0.0,2.3,0,0
Nuneaton,Left,0.0,1.5546479114008864,0.0,0.0,7.0,0.0,0,0
Nuneaton,Progressives,9.542972735651256,0.0,0.0,0.0,0.0,0.0,0,0
Nuneaton,Average,27.357027264348744,3.5396082620998044,0.0,0.0,0.0,0.0,0,0
Nuneaton,Liberal,0.0,14.05272232104852,0.0,3.3,0.0,0.0,0,0
Nuneaton,Blues,0.0,2.6314492,0.0,0.0,0.0,0.0,0,0
Nuneaton,Reforms,0.0,5.486401505450782,22.0,0.0,0.0,0.0,0,0
Old Bexley and Sidcup,Muslim,0.0,0.1291444537357087,2.1778987462642916,0.0,0.0,0.9,0,0
Old Bexley and Sidcup,Left,0.0,0.0,4.073786646957361,0.0,5.5,0.0,0,0
Old Bexley and Sidcup,Progressives,12.773070712910584,0.0,0.0,0.0,0.0,0.0,0,0
Old Bexley and Sidcup,Average,17.426929287089415,10.228780230480076,0.0,0.0,0.0,0.0,0,0
Old Bexley and Sidcup,Liberal,0.0,21.786738415784217,0.0,4.0,0.0,0.0,0,0
Old Bexley and Sidcup,Blues,0.0,5.4553369,0.0,0.0,0.0,0.0,0,0
Old Bexley and Sidcup,Reforms,0.0,0.0,15.548314606778348,0.0,0.0,0.0,0,0
Oldham East and Saddleworth,Muslim,4.541198099999999,0.0,0.0,0.0,0.0,16.3,0,0
Oldham East and Saddleworth,Left,0.1272219535688457,6.8279178869209245,0.0,0.0,3.7,0.0,0,0
Oldham East and Saddleworth,Progressives,9.55053181008838,0.0,0.0,0.0,0.0,0.0,0,0
Oldham East and Saddleworth,Average,20.98104813634278,0.0,0.0,0.0,0.0,0.0,0,0
Oldham East and Saddleworth,Liberal,0.0,8.22550656732841,0.0,8.5,0.0,0.0,0,0
Oldham East and Saddleworth,Blues,0.0,0.8001217,0.0,0.0,0.0,0.0,0,0
Oldham East and Saddleworth,Reforms,0.0,1.1464538457506492,19.3,0.0,0.0,0.0,0,0
"Oldham West, Chadderton and Royton",Muslim,2.825258899999998,0.0,0.0,0.0,0.0,29.3,0,0
"Oldham West, Chadderton and Royton",Left,7.0685406278839835,0.8654552121899624,0.0,0.0,4.8,0.0,0,0
"Oldham West, Chadderton and Royton",Progressives,9.698299561859503,0.0,0.0,0.0,0.0,0.0,0,0
"Oldham West, Chadderton and Royton",Average,14.707900910256512,0.0,0.0,0.0,0.0,0.0,0,0
"Oldham West, Chadderton and Royton",Liberal,0.0,8.431622227579755,0.0,3.3,0.0,0.0,0,0
"Oldham West, Chadderton and Royton",Blues,0.0,0.8819572,0.0,0.0,0.0,0.0,0,0
"Oldham West, Chadderton and Royton",Reforms,0.0,0.3209653602302822,17.8,0.0,0.0,0.0,0,0
Orpington,Muslim,0.0,0.0,2.0247127000000003,0.0,0.0,0.5,0,0
Orpington,Left,0.0,0.0,3.2984150118418594,0.0,5.0,0.0,0,0
Orpington,Progressives,12.850226754364192,0.0,0.0,0.0,0.0,0.0,0,0
Orpington,Average,14.049773245635807,13.799583146447716,0.11214901813387534,0.0,0.0,0.0,0,0
Orpington,Liberal,0.0,17.836125153552285,0.0,10.3,0.0,0.0,0,0
Orpington,Blues,0.0,6.3642917,0.0,0.0,0.0,0.0,0,0
Orpington,Reforms,0.0,0.0,13.864723270024262,0.0,0.0,0.0,0,0
Ossett and Denby Dale,Muslim,0.6264918999999998,0.0,0.0,0.0,0.0,1.8,0,0
Ossett and Denby Dale,Left,3.187918402528341,0.0,0.0,0.0,4.9,0.0,0,0
Ossett and Denby Dale,Progressives,7.137253082107148,0.0,0.0,0.0,0.0,0.0,0,0
Ossett and Denby Dale,Average,25.33645429012057,0.0,0.0,0.0,0.0,0.0,0,0
Ossett and Denby Dale,Liberal,3.011882325243935,19.283669044322853,0.0,4.1,0.0,0.0,0,0
Ossett and Denby Dale,Blues,0.0,6.761770800000002,0.0,0.0,0.0,0.0,0,0
Ossett and Denby Dale,Reforms,0.0,2.854560155677145,21.0,0.0,0.0,0.0,0,0
Oxford East,Muslim,0.0,0.0,0.0,0.0,0.0,10.5052105,0,0
Oxford East,Left,3.699181480221254,0.0,0.0,0.0,12.9,2.2947894999999967,0,0
Oxford East,Progressives,22.028364684107743,0.0,0.0,0.0,0.0,0.0,0,0
Oxford East,Average,20.113227082674896,0.0,0.0,0.0,0.0,0.0,0,0
Oxford East,Liberal,3.8592267529961095,0.810912578492772,0.0,8.7,0.0,0.0,0,0
Oxford East,Blues,0.0,3.0382101,0.0,0.0,0.0,0.0,0,0
Oxford East,Reforms,0.0,5.650877321507227,6.4,0.0,0.0,0.0,0,0
Oxford West and Abingdon,Muslim,0.0,1.4257597,0.0,0.0,0.0,1.5,0,0
Oxford West and Abingdon,Left,0.0,9.084106517392371,0.0,5.141403367911295,7.0,0.0,0,0
Oxford West and Abingdon,Progressives,13.0,0.0,0.0,1.7309271392059618,0.0,0.0,0,0
Oxford West and Abingdon,Average,0.0,0.0,0.0,17.817256117560163,0.0,0.0,0,0
Oxford West and Abingdon,Liberal,0.0,0.0,0.0,26.210413375322577,0.0,0.0,0,0
Oxford West and Abingdon,Blues,0.0,7.044222899999999,0.0,0.0,0.0,0.0,0,0
Oxford West and Abingdon,Reforms,0.0,0.9459108826076292,9.1,0.0,0.0,0.0,0,0
Peckham,Muslim,2.152858286178951,0.0,0.0,0.0,5.05210091382105,4.1,0,0
Peckham,Left,0.0,0.0,0.0,0.0,14.547899086178951,0.0,0,0
Peckham,Progressives,56.28880707749619,0.0,0.0,0.0,0.0,0.0,0,0
Peckham,Average,0.0,0.0,0.0,0.0,0.0,0.0,0,0
Peckham,Liberal,0.35833463632485874,1.7830583510919542,0.0,7.0,0.0,0.0,0,0
Peckham,Blues,0.0,1.8945173,0.0,0.0,0.0,0.0,0,0
Peckham,Reforms,0.0,2.2224243489080457,4.6,0.0,0.0,0.0,0,0
Pendle and Clitheroe,Muslim,5.739953938243083,2.593705661756916,0.0,0.0,0.0,8.1,0,0
Pendle and Clitheroe,Left,0.0,6.272225040870389,0.0,0.0,3.0,0.0,0,0
Pendle and Clitheroe,Progressives,7.643350534451663,0.0,0.0,0.0,0.0,0.0,0,0
Pendle and Clitheroe,Average,21.116695527305254,0.0,0.0,0.0,0.0,0.0,0,0
Pendle and Clitheroe,Liberal,0.0,13.782936113060599,0.0,4.4,0.0,0.0,0,0
Pendle and Clitheroe,Blues,0.0,3.8997034,0.0,0.0,0.0,0.0,0,0
Pendle and Clitheroe,Reforms,0.0,5.951429784312094,17.5,0.0,0.0,0.0,0,0
Penistone and Stocksbridge,Muslim,0.5830216,0.0,0.0,0.0,0.0,0.0,0,0
Penistone and Stocksbridge,Left,3.0631419287861714,0.0,0.0,0.0,4.6,0.0,0,0
Penistone and Stocksbridge,Progressives,5.268397976024403,0.0,0.0,0.0,0.0,0.0,0,0
Penistone and Stocksbridge,Average,28.50571012054988,0.0,0.0,0.0,0.0,0.0,0,0
Penistone and Stocksbridge,Liberal,6.179728374639545,14.210003359698739,0.0,6.5,0.0,0.0,0,0
Penistone and Stocksbridge,Blues,0.0,4.622166200000001,0.0,0.0,0.0,0.0,0,0
Penistone and Stocksbridge,Reforms,0.0,4.867830440301262,21.5,0.0,0.0,0.0,0,0
Penrith and Solway,Muslim,0.0,0.0,0.0,0.0,0.0,0.2838367,0,0
Penrith and Solway,Left,2.640478647738261,0.0,0.0,0.0,3.5,0.6161633000000135,0,0
Penrith and Solway,Progressives,5.4306696059076325,0.0,0.0,0.0,0.0,0.0,0,0
Penrith and Solway,Average,20.708719852979986,0.0,0.0,0.0,0.0,0.0,0,0
Penrith and Solway,Liberal,11.820131893374123,0.3271364616043897,0.0,9.6,0.0,0.0,0,0
Penrith and Solway,Blues,0.0,16.4599,0.0,0.0,0.0,0.0,0,0
Penrith and Solway,Reforms,0.0,13.112963538395608,15.5,0.0,0.0,0.0,0,0
Peterborough,Muslim,0.0,4.728745900000002,0.0,0.0,0.0,13.1,0,0
Peterborough,Left,0.0,4.313384426171192,0.0,0.0,6.1,0.0,0,0
Peterborough,Progressives,13.643557754241742,0.0,0.0,0.0,0.0,0.0,0,0
Peterborough,Average,18.35644224575826,5.215286275602821,0.0,0.0,0.0,0.0,0,0
Peterborough,Liberal,0.0,7.852978154691443,0.0,4.2,0.0,0.0,0,0
Peterborough,Blues,0.0,3.7535619,0.0,0.0,0.0,0.0,0,0
Peterborough,Reforms,0.0,5.936043343534543,12.8,0.0,0.0,0.0,0,0
Plymouth Moor View,Muslim,0.0,0.7176296000000001,0.0,0.0,0.0,0.0,0,0
Plymouth Moor View,Left,0.0,6.11511511511511,0.0,0.0,4.0,0.0,0,0
Plymouth Moor View,Progressives,5.678895421781435,0.0,0.0,0.0,0.0,0.0,0,0
Plymouth Moor View,Average,35.52110457821857,3.334615372259762,0.0,0.0,0.0,0.0,0,0
Plymouth Moor View,Liberal,0.0,8.248355341713324,0.0,4.1,0.0,0.0,0,0
Plymouth Moor View,Blues,0.0,0.3329595999999999,0.0,0.0,0.0,0.0,0,0
Plymouth Moor View,Reforms,0.0,9.351324970911797,22.6,0.0,0.0,0.0,0,0
Plymouth Sutton and Devonport,Muslim,0.0,0.0,0.0,0.0,0.0,2.3717734,0,0
Plymouth Sutton and Devonport,Left,6.559696717547681,4.511222108624566,0.0,0.0,7.6,0.8282266000000003,0,0
Plymouth Sutton and Devonport,Progressives,13.758181196263,0.0,0.0,0.0,0.0,0.0,0,0
Plymouth Sutton and Devonport,Average,29.082122086189315,0.0,0.0,0.0,0.0,0.0,0,0
Plymouth Sutton and Devonport,Liberal,0.0,6.429556010676444,0.0,5.8,0.0,0.0,0,0
Plymouth Sutton and Devonport,Blues,0.0,0.5754833,0.0,0.0,0.0,0.0,0,0
Plymouth Sutton and Devonport,Reforms,0.0,4.783738580698991,17.7,0.0,0.0,0.0,0,0
"Pontefract, Castleford and Knottingley",Muslim,0.1450400999999999,0.0,0.0,0.0,0.0,0.4,0,0
"Pontefract, Castleford and Knottingley",Left,3.673011806503835,0.0,0.0,0.0,4.6,0.0,0,0
"Pontefract, Castleford and Knottingley",Progressives,5.572824180632023,0.0,0.0,0.0,0.0,0.0,0,0
"Pontefract, Castleford and Knottingley",Average,31.59791608246684,0.0,0.0,0.0,0.0,0.0,0,0
"Pontefract, Castleford and Knottingley",Liberal,6.511207830397302,8.14023126264652,0.0,3.4,0.0,0.0,0,0
"Pontefract, Castleford and Knottingley",Blues,0.0,0.5830144,0.0,0.0,0.0,0.0,0,0
"Pontefract, Castleford and Knottingley",Reforms,0.0,6.276754337353481,29.1,0.0,0.0,0.0,0,0
Poole,Muslim,0.0,0.0,0.0,0.0,0.0,1.0134058,0,0
Poole,Left,0.0,1.5392767557225209,0.0,0.0,5.0,1.2865942,0,0
Poole,Progressives,9.84809846609542,0.0,0.0,0.0,0.0,0.0,0,0
Poole,Average,21.951901533904582,13.001181455179228,0.0,0.0,0.0,0.0,0,0
Poole,Liberal,0.0,10.072791264479848,0.0,12.4,0.0,0.0,0,0
Poole,Blues,0.0,1.3199841,0.0,0.0,0.0,0.0,0,0
Poole,Reforms,0.0,5.8667664246183975,16.7,0.0,0.0,0.0,0,0
Poplar and Limehouse,Muslim,16.343863872157826,2.734210600000001,2.383899927842176,0.0,0.0,14.4,0,0
Poplar and Limehouse,Left,0.0,0.0,1.9539396454329019,0.6402837815045199,13.9,0.0,0,0
Poplar and Limehouse,Progressives,26.756136127842176,0.0,0.0,0.0,0.0,0.0,0,0
Poplar and Limehouse,Average,0.0,0.0,0.0,0.0,0.0,0.0,0,0
Poplar and Limehouse,Liberal,0.0,0.0,0.0,9.05971621849548,0.0,0.0,0,0
Poplar and Limehouse,Blues,0.0,8.2657894,0.0,0.0,0.0,0.0,0,0
Poplar and Limehouse,Reforms,0.0,0.0,3.562160426724923,0.0,0.0,0.0,0,0
Portsmouth North,Muslim,0.0,2.6395158,0.0,0.0,0.0,0.0,0,0
Portsmouth North,Left,0.0,5.76097491624324,0.0,0.0,4.5,0.0,0,0
Portsmouth North,Progressives,9.832380476570414,0.0,0.0,0.0,0.0,0.0,0,0
Portsmouth North,Average,24.967619523429583,9.333871417377857,0.0,0.0,0.0,0.0,0,0
Portsmouth North,Liberal,0.0,9.600078725337891,0.0,7.3,0.0,0.0,0,0
Portsmouth North,Blues,0.0,1.0512686,0.0,0.0,0.0,0.0,0,0
Portsmouth North,Reforms,0.0,4.6142905410410116,20.4,0.0,0.0,0.0,0,0
Portsmouth South,Muslim,5.081551900000001,0.0,0.0,0.0,0.0,1.9,0,0
Portsmouth South,Left,0.1392903890163879,10.80464148146763,0.0,1.4541826732000303,8.0,0.0,0,0
Portsmouth South,Progressives,18.977732885789514,0.0,0.0,0.0,0.0,0.0,0,0
Portsmouth South,Average,24.201424825194096,0.0,0.0,0.0,0.0,0.0,0,0
Portsmouth South,Liberal,0.0,0.0,0.0,11.14581732679997,0.0,0.0,0,0
Portsmouth South,Blues,0.0,1.652313,0.0,0.0,0.0,0.0,0,0
Portsmouth South,Reforms,0.0,2.0430455185323613,14.6,0.0,0.0,0.0,0,0
Preston,Muslim,0.0,0.0,0.0,0.0,0.0,18.1504091,0,0
Preston,Left,3.0092752416421007,2.0838959233026753,0.0,0.0,4.4,7.049590899999998,0,0
Preston,Progressives,12.09063710267033,0.0,0.0,0.0,0.0,0.0,0,0
Preston,Average,19.90008765568757,0.0,0.0,0.0,0.0,0.0,0,0
Preston,Liberal,0.0,3.2779059970506594,0.0,8.0,0.0,0.0,0,0
Preston,Blues,0.0,3.0211509,0.0,0.0,0.0,0.0,0,0
Preston,Reforms,0.0,4.617047179646665,14.3,0.0,0.0,0.0,0,0
Putney,Muslim,8.470404451483311,0.480164148516689,0.0,0.0,0.0,1.7,0,0
Putney,Left,0.0,2.861781677508578,0.0,0.0,7.4,0.0,0,0
Putney,Progressives,32.918921868279774,0.0,0.0,0.0,0.0,0.0,0,0
Putney,Average,7.610673680236914,0.0,0.0,0.0,0.0,0.0,0,0
Putney,Liberal,0.0,12.148797476962189,0.0,12.1,0.0,0.0,0,0
Putney,Blues,0.0,7.5245441,0.0,0.0,0.0,0.0,0,0
Putney,Reforms,0.0,0.3847125970125429,6.3,0.0,0.0,0.0,0,0
Queen's Park and Maida Vale,Muslim,12.159033172644946,5.353151144498261,0.23017178500191093,0.0,0.7339637978548801,6.2,0,0
Queen's Park and Maida Vale,Left,0.0,0.0,0.0,0.0,12.86603620214512,0.0,0,0
Queen's Park and Maida Vale,Progressives,40.340966827355054,0.0,0.0,0.0,0.0,0.0,0,0
Queen's Park and Maida Vale,Average,0.0,0.0,0.0,0.0,0.0,0.0,0,0
Queen's Park and Maida Vale,Liberal,0.0,2.5434688555017395,0.0,8.9,0.0,0.0,0,0
Queen's Park and Maida Vale,Blues,0.0,5.40338,0.0,0.0,0.0,0.0,0,0
Queen's Park and Maida Vale,Reforms,0.0,0.0,5.269828214998089,0.0,0.0,0.0,0,0
Rawmarsh and Conisbrough,Muslim,0.0,0.0,0.0,0.0,0.0,0.7553415,0,0
Rawmarsh and Conisbrough,Left,3.719099354432359,0.0,0.0,0.0,5.0,0.0,0,0
Rawmarsh and Conisbrough,Progressives,5.52129085,0.0,0.0,0.0,0.0,0.0,0,0
Rawmarsh and Conisbrough,Average,33.93987296030963,0.0,0.0,0.0,0.0,0.0,0,0
Rawmarsh and Conisbrough,Liberal,5.764395335258001,7.295457164741995,0.0,3.4,0.0,0.0,0,0
Rawmarsh and Conisbrough,Blues,0.0,0.6591656,0.0,0.0,0.0,0.0,0,0
Rawmarsh and Conisbrough,Reforms,0.0,5.345377235258006,28.6,0.0,0.0,0.0,0,0
Rayleigh and Wickford,Muslim,0.0,0.6259002,0.0,0.0,0.0,0.0,0,0
Rayleigh and Wickford,Left,0.0,0.43071079788629896,3.159090156630107,0.0,4.6,0.0,0,0
Rayleigh and Wickford,Progressives,5.655311367997161,0.0,0.0,0.0,0.0,0.0,0,0
Rayleigh and Wickford,Average,18.94468863200284,14.5671331579512,0.0,0.0,0.0,0.0,0,0
Rayleigh and Wickford,Liberal,0.0,19.161445444162503,0.0,8.5,0.0,0.0,0,0
Rayleigh and Wickford,Blues,0.0,2.2148104,0.0,0.0,0.0,0.0,0,0
Rayleigh and Wickford,Reforms,0.0,0.0,22.14090984336989,0.0,0.0,0.0,0,0
Reading Central,Muslim,7.579570484659607,0.6652827153403926,0.0,0.0,0.0,1.0,0,0
Reading Central,Left,0.0,0.5388460711763603,0.0,0.0,14.2,0.0,0,0
Reading Central,Progressives,26.3522362266982,0.0,0.0,0.0,0.0,0.0,0,0
Reading Central,Average,13.768193288642196,0.0,0.0,0.0,0.0,0.0,0,0
Reading Central,Liberal,0.0,9.09586522637446,0.0,8.8,0.0,0.0,0,0
Reading Central,Blues,0.0,7.101345200000001,0.0,0.0,0.0,0.0,0,0
Reading Central,Reforms,0.0,2.298660787108794,8.6,0.0,0.0,0.0,0,0
Reading West and Mid Berkshire,Muslim,0.0439152904158675,1.2608726095841323,0.0,0.0,0.0,1.8,0,0
Reading West and Mid Berkshire,Left,0.0,1.6871142220807773,0.0,0.0,6.8,0.0,0,0
Reading West and Mid Berkshire,Progressives,11.777219337254648,0.0,0.0,0.0,0.0,0.0,0,0
Reading West and Mid Berkshire,Average,23.178865372329483,0.0,0.0,0.0,0.0,0.0,0,0
Reading West and Mid Berkshire,Liberal,0.0,14.478174562941373,0.0,11.0,0.0,0.0,0,0
Reading West and Mid Berkshire,Blues,0.0,10.512919,0.0,0.0,0.0,0.0,0,0
Reading West and Mid Berkshire,Reforms,0.0,4.060919605393716,13.4,0.0,0.0,0.0,0,0
Redcar,Muslim,0.5594254,0.0,0.0,0.0,0.0,0.4,0,0
Redcar,Left,2.367107404664639,2.7436422583860924,0.0,0.0,3.3,0.0,0,0
Redcar,Progressives,5.355788289019394,0.0,0.0,0.0,0.0,0.0,0,0
Redcar,Average,32.71767890631597,0.0,0.0,0.0,0.0,0.0,0,0
Redcar,Liberal,0.0,11.42748704267468,0.0,4.0,0.0,0.0,0,0
Redcar,Blues,0.0,4.0193423,0.0,0.0,0.0,0.0,0,0
Redcar,Reforms,0.0,14.109528398939226,18.9,0.0,0.0,0.0,0,0
Redditch,Muslim,0.0,1.8990932,0.0,0.0,0.0,1.8,0,0
Redditch,Left,0.0,3.2253606835873008,0.0,0.0,5.0,0.0,0,0
Redditch,Progressives,7.172720566796772,0.0,0.0,0.0,0.0,0.0,0,0
Redditch,Average,27.727279433203226,2.122653863929596,0.0,0.0,0.0,0.0,0,0
Redditch,Liberal,0.0,17.288179524386805,0.0,5.1,0.0,0.0,0,0
Redditch,Blues,0.0,2.8855604,0.0,0.0,0.0,0.0,0,0
Redditch,Reforms,0.0,5.67915232809629,20.1,0.0,0.0,0.0,0,0
Reigate,Muslim,0.0,1.5727815501350513,0.3876206751134461,0.0,1.0465208747515131,0.0,0,0
Reigate,Left,0.0,0.0,0.0,0.0,7.753479125248488,0.0,0,0
Reigate,Progressives,11.8587070361326,0.0,0.0,0.0,0.0,0.0,0,0
Reigate,Average,17.5412929638674,12.980761025325727,0.0,0.0,0.0,0.0,0,0
Reigate,Liberal,0.0,15.51204752453922,0.0,12.7,0.0,0.0,0,0
Reigate,Blues,0.0,5.334409900000001,0.0,0.0,0.0,0.0,0,0
Reigate,Reforms,0.0,0.0,13.212379324886554,0.0,0.0,0.0,0,0
Ribble Valley,Muslim,0.6613766642171086,0.6592954357828913,0.0,0.0,0.0,2.4,0,0
Ribble Valley,Left,0.0,4.752298982832416,0.0,0.0,3.3,0.0,0,0
Ribble Valley,Progressives,6.990213069508442,0.0,0.0,0.0,0.0,0.0,0,0
Ribble Valley,Average,27.248410266274448,0.0,0.0,0.0,0.0,0.0,0,0
Ribble Valley,Liberal,0.0,14.92092741725884,0.0,9.6,0.0,0.0,0,0
Ribble Valley,Blues,0.0,10.0199802,0.0,0.0,0.0,0.0,0,0
Ribble Valley,Reforms,0.0,2.9474979641258514,16.4,0.0,0.0,0.0,0,0
Richmond and Northallerton,Muslim,0.0,0.0,0.0,0.0,0.0,0.2912507,0,0
Richmond and Northallerton,Left,0.0,2.2910598360223933,0.0,0.0,4.2,1.9087493000000002,0,0
Richmond and Northallerton,Progressives,10.957559922218056,0.0,0.0,0.0,0.0,0.0,0,0
Richmond and Northallerton,Average,11.442440077781942,10.527285152919728,0.0,0.0,0.0,0.0,0,0
Richmond and Northallerton,Liberal,0.0,12.923918455114281,0.0,8.9,0.0,0.0,0,0
Richmond and Northallerton,Blues,0.0,13.5834377,0.0,0.0,0.0,0.0,0,0
Richmond and Northallerton,Reforms,0.0,8.1742988559436,14.7,0.0,0.0,0.0,0,0
Richmond Park,Muslim,0.0,4.6021635,0.0,0.0,0.0,1.1,0,0
Richmond Park,Left,0.0,2.1863357027474066,0.36608224629612973,0.0,5.3,0.0,0,0
Richmond Park,Progressives,9.8,0.0,0.0,10.93146844554336,0.0,0.0,0,0
Richmond Park,Average,0.0,3.7325692972525957,0.0,14.106699510891318,0.0,0.0,0,0
Richmond Park,Liberal,0.0,0.0,0.0,30.36183204356532,0.0,0.0,0,0
Richmond Park,Blues,0.0,11.5789315,0.0,0.0,0.0,0.0,0,0
Richmond Park,Reforms,0.0,0.0,5.9339177537038665,0.0,0.0,0.0,0,0
Rochdale,Muslim,0.9899811000000014,0.0,0.0,0.0,0.0,29.2,0,0
Rochdale,Left,5.632005725298656,2.7402862469560034,0.0,0.0,3.1,0.0,0,0
Rochdale,Progressives,10.437368934359606,0.0,0.0,0.0,0.0,0.0,0,0
Rochdale,Average,15.740644240341735,0.0,0.0,0.0,0.0,0.0,0,0
Rochdale,Liberal,0.0,6.444474531886694,0.0,7.1,0.0,0.0,0,0
Rochdale,Blues,0.0,0.4578166999999999,0.0,0.0,0.0,0.0,0,0
Rochdale,Reforms,0.0,1.0574225211572994,17.1,0.0,0.0,0.0,0,0
Rochester and Strood,Muslim,0.0,1.1195241,0.0,0.0,0.0,1.0,0,0
Rochester and Strood,Left,0.0,2.1635385884989353,1.3975745088672866,0.0,5.7,0.0,0,0
Rochester and Strood,Progressives,14.02084856276558,0.0,0.0,0.0,0.0,0.0,0,0
Rochester and Strood,Average,22.179151437234424,3.387559087968839,0.0,0.0,0.0,0.0,0,0
Rochester and Strood,Liberal,0.0,15.391346723532225,0.0,4.4,0.0,0.0,0,0
Rochester and Strood,Blues,0.0,7.238031500000001,0.0,0.0,0.0,0.0,0,0
Rochester and Strood,Reforms,0.0,0.0,22.002425491132712,0.0,0.0,0.0,0,0
Romford,Muslim,0.0,2.000299613679484,3.0229767863205153,0.0,0.0,2.5,0,0
Romford,Left,0.0,0.0,4.215723556871233,0.0,5.0,0.0,0,0
Romford,Progressives,18.62664943276264,0.0,0.0,0.0,0.0,0.0,0,0
Romford,Average,12.87335056723736,15.36418569794386,0.0,0.0,0.0,0.0,0,0
Romford,Liberal,0.0,12.813812188376652,0.0,4.3,0.0,0.0,0,0
Romford,Blues,0.0,4.6217025000000005,0.0,0.0,0.0,0.0,0,0
Romford,Reforms,0.0,0.0,14.561299656808252,0.0,0.0,0.0,0,0
Romsey and Southampton North,Muslim,0.0,2.3390731000000002,0.0,0.0,0.0,0.4,0,0
Romsey and Southampton North,Left,0.0,10.49327064354981,0.0,0.0,3.8,0.0,0,0
Romsey and Southampton North,Progressives,9.3,0.0,0.0,1.7198637750540389,0.0,0.0,0,0
Romsey and Southampton North,Average,0.0,11.82099841971211,0.0,6.8840728237429705,0.0,0.0,0,0
Romsey and Southampton North,Liberal,0.0,0.0,0.0,26.79606340120299,0.0,0.0,0,0
Romsey and Southampton North,Blues,0.0,9.872518,0.0,0.0,0.0,0.0,0,0
Romsey and Southampton North,Reforms,0.0,5.174139836738087,11.4,0.0,0.0,0.0,0,0
Rossendale and Darwen,Muslim,2.0319337,0.0,0.0,0.0,0.0,1.1,0,0
Rossendale and Darwen,Left,0.4076846150495146,3.0991993901898947,0.0,0.0,5.2,0.0,0,0
Rossendale and Darwen,Progressives,7.245390876454972,0.0,0.0,0.0,0.0,0.0,0,0
Rossendale and Darwen,Average,31.214990808495514,0.0,0.0,0.0,0.0,0.0,0,0
Rossendale and Darwen,Liberal,0.0,18.839051607513277,0.0,2.8,0.0,0.0,0,0
Rossendale and Darwen,Blues,0.0,2.3329882,0.0,0.0,0.0,0.0,0,0
Rossendale and Darwen,Reforms,0.0,4.02876080229683,21.7,0.0,0.0,0.0,0,0
Rother Valley,Muslim,1.9449653,0.0,0.0,0.0,0.0,0.0,0,0
Rother Valley,Left,1.522793088513225,2.649238739317431,0.0,0.0,4.1,0.0,0,0
Rother Valley,Progressives,5.727420423259848,0.0,0.0,0.0,0.0,0.0,0,0
Rother Valley,Average,29.304821188226924,0.0,0.0,0.0,0.0,0.0,0,0
Rother Valley,Liberal,0.0,18.333988002461727,0.0,2.8,0.0,0.0,0,0
Rother Valley,Blues,0.0,5.024916800000001,0.0,0.0,0.0,0.0,0,0
Rother Valley,Reforms,0.0,10.091856458220835,18.5,0.0,0.0,0.0,0,0
Rotherham,Muslim,0.4664091999999993,0.0,0.0,0.0,0.0,9.8,0,0
Rotherham,Left,2.7425371702096193,0.0,0.0,0.0,7.1,0.0,0,0
Rotherham,Progressives,8.244053977184183,0.0,0.0,0.0,0.0,0.0,0,0
Rotherham,Average,29.98687670623883,0.0,0.0,0.0,0.0,0.0,0,0
Rotherham,Liberal,3.6601229463673643,3.736477206060023,0.0,4.9,0.0,0.0,0,0
Rotherham,Blues,0.0,1.2598664,0.0,0.0,0.0,0.0,0,0
Rotherham,Reforms,0.0,4.503656393939977,23.5,0.0,0.0,0.0,0,0
Rugby,Muslim,1.1691674,0.0,0.0,0.0,0.0,0.7,0,0
Rugby,Left,1.0767393904397222,1.809576329463777,0.0,0.0,5.2,0.0,0,0
Rugby,Progressives,12.041710524470648,0.0,0.0,0.0,0.0,0.0,0,0
Rugby,Average,25.612382685089628,0.0,0.0,0.0,0.0,0.0,0,0
Rugby,Liberal,0.0,17.76424949297642,0.0,6.6,0.0,0.0,0,0
Rugby,Blues,0.0,6.2681322,0.0,0.0,0.0,0.0,0,0
Rugby,Reforms,0.0,4.958041977559798,16.8,0.0,0.0,0.0,0,0
"Ruislip, Northwood and Pinner",Muslim,5.279938117075378,2.682077793840673,1.3226827890839488,0.0,0.0,0.0,0,0
"Ruislip, Northwood and Pinner",Left,0.0,0.0,1.821095619276675,0.0,6.2,0.0,0,0
"Ruislip, Northwood and Pinner",Progressives,17.73244484466754,0.0,0.0,0.0,0.0,0.0,0,0
"Ruislip, Northwood and Pinner",Average,6.287617038257082,0.0,0.0,0.0,0.0,0.0,0,0
"Ruislip, Northwood and Pinner",Liberal,0.0,18.552884306159324,0.0,9.2,0.0,0.0,0,0
"Ruislip, Northwood and Pinner",Blues,0.0,24.1650379,0.0,0.0,0.0,0.0,0,0
"Ruislip, Northwood and Pinner",Reforms,0.0,0.0,6.75622159163937,0.0,0.0,0.0,0,0
Runcorn and Helsby,Muslim,0.0,0.0,0.0,0.0,0.0,0.6055726,0,0
Runcorn and Helsby,Left,1.5647495861427174,0.0,0.0,0.0,6.4,0.7944273999999999,0,0
Runcorn and Helsby,Progressives,6.126512457924961,0.0,0.0,0.0,0.0,0.0,0,0
Runcorn and Helsby,Average,28.10140649717455,0.0,0.0,0.0,0.0,0.0,0,0
Runcorn and Helsby,Liberal,17.10733145875777,0.7275561081890203,0.0,5.1,0.0,0.0,0,0
Runcorn and Helsby,Blues,0.0,5.346957000000001,0.0,0.0,0.0,0.0,0,0
Runcorn and Helsby,Reforms,0.0,9.92548689181098,18.1,0.0,0.0,0.0,0,0
Runnymede and Weybridge,Muslim,0.0,1.0003845,0.0,0.0,0.0,1.4,0,0
Runnymede and Weybridge,Left,0.0,5.703079708042753,0.0,0.0,4.0,0.0,0,0
Runnymede and Weybridge,Progressives,12.768202402504082,0.0,0.0,0.0,0.0,0.0,0,0
Runnymede and Weybridge,Average,7.831797597495919,16.654336004156363,0.0,0.0,0.0,0.0,0,0
Runnymede and Weybridge,Liberal,0.0,6.0811131128715346,0.0,22.4,0.0,0.0,0,0
Runnymede and Weybridge,Blues,0.0,8.281530499999999,0.0,0.0,0.0,0.0,0,0
Runnymede and Weybridge,Reforms,0.0,0.47955617492935154,13.3,0.0,0.0,0.0,0,0
Rushcliffe,Muslim,1.2508524,0.0,0.0,0.0,0.0,1.3,0,0
Rushcliffe,Left,1.3578855374731074,0.0,0.0,0.0,7.6,0.0,0,0
Rushcliffe,Progressives,10.275573340656416,0.0,0.0,0.0,0.0,0.0,0,0
Rushcliffe,Average,18.73496639741093,0.0,0.0,0.0,0.0,0.0,0,0
Rushcliffe,Liberal,12.180722324459547,14.92338016079563,0.0,5.4,0.0,0.0,0,0
Rushcliffe,Blues,0.0,12.382078600000002,0.0,0.0,0.0,0.0,0,0
Rushcliffe,Reforms,0.0,3.5945412392043696,11.0,0.0,0.0,0.0,0,0
Rutland and Stamford,Muslim,0.0,0.16880309999999998,0.0,0.0,0.0,0.8,0,0
Rutland and Stamford,Left,0.0,1.38627400603764,0.0,0.0,5.8,0.0,0,0
Rutland and Stamford,Progressives,9.553069895588015,0.0,0.0,0.0,0.0,0.0,0,0
Rutland and Stamford,Average,12.746930104411986,7.447033851579436,0.0,0.0,0.0,0.0,0,0
Rutland and Stamford,Liberal,0.0,15.551900051882543,0.0,12.9,0.0,0.0,0,0
Rutland and Stamford,Blues,0.0,13.7106197,0.0,0.0,0.0,0.0,0,0
Rutland and Stamford,Reforms,0.0,5.435369290500384,14.4,0.0,0.0,0.0,0,0
Salford,Muslim,3.6140334,0.0,0.0,0.0,0.0,2.6,0,0
Salford,Left,5.477320827036067,0.721996011305853,0.0,0.0,13.1,0.0,0,0
Salford,Progressives,26.392345523005982,0.0,0.0,0.0,0.0,0.0,0,0
Salford,Average,17.716300249957953,0.0,0.0,0.0,0.0,0.0,0,0
Salford,Liberal,0.0,3.0329919885859873,0.0,6.9,0.0,0.0,0,0
Salford,Blues,0.0,3.7902785,0.0,0.0,0.0,0.0,0,0
Salford,Reforms,0.0,1.454733500108155,15.2,0.0,0.0,0.0,0,0
Salisbury,Muslim,0.0,0.0,0.0,0.0,0.0,0.8755904999999999,0,0
Salisbury,Left,0.0,2.35549236482923,0.0,0.0,4.2,0.3244095,0,0
Salisbury,Progressives,9.61648362969636,0.0,0.0,0.0,0.0,0.0,0,0
Salisbury,Average,16.88351637030364,11.106986939029099,0.0,1.6892957857874507,0.0,0.0,0,0
Salisbury,Liberal,0.0,0.0,0.0,21.91070421421255,0.0,0.0,0,0
Salisbury,Blues,0.0,10.7318528,0.0,0.0,0.0,0.0,0,0
Salisbury,Reforms,0.0,9.905667896141674,10.4,0.0,0.0,0.0,0,0
Scarborough and Whitby,Muslim,0.0,0.0,0.0,0.0,0.0,0.7171815,0,0
Scarborough and Whitby,Left,0.0,2.283494288754518,0.0,0.0,3.9,1.1828184999999998,0,0
Scarborough and Whitby,Progressives,7.6965237392739425,0.0,0.0,0.0,0.0,0.0,0,0
Scarborough and Whitby,Average,32.50347626072606,0.6633589958794772,0.0,0.0,0.0,0.0,0,0
Scarborough and Whitby,Liberal,0.0,11.723174528580845,0.0,4.3,0.0,0.0,0,0
Scarborough and Whitby,Blues,0.0,4.6836853,0.0,0.0,0.0,0.0,0,0
Scarborough and Whitby,Reforms,0.0,8.546286886785158,21.8,0.0,0.0,0.0,0,0
Scunthorpe,Muslim,0.4467994000000002,0.0,0.0,0.0,0.0,3.3,0,0
Scunthorpe,Left,3.1673960198834332,2.389498271619342,0.0,0.0,3.1,0.0,0,0
Scunthorpe,Progressives,6.83517061746732,0.0,0.0,0.0,0.0,0.0,0,0
Scunthorpe,Average,29.25063396264925,0.0,0.0,0.0,0.0,0.0,0,0
Scunthorpe,Liberal,0.0,11.683357675700819,0.0,2.4,0.0,0.0,0,0
Scunthorpe,Blues,0.0,4.8490164,0.0,0.0,0.0,0.0,0,0
Scunthorpe,Reforms,0.0,11.67812765267984,20.9,0.0,0.0,0.0,0,0
Sefton Central,Muslim,0.0,0.0,0.0,0.0,0.0,0.4383887999999999,0,0
Sefton Central,Left,0.0,0.0,0.0,0.0,6.9,0.33827966556320277,0,0
Sefton Central,Progressives,4.909442196376724,0.0,0.0,0.0,0.0,0.0,0,0
Sefton Central,Average,40.24984236228204,0.0,0.0,0.0,0.0,0.0,0,0
Sefton Central,Liberal,11.240715441341237,8.40113268436696,0.0,5.5,0.0,0.22333153443679732,0,0
Sefton Central,Blues,0.0,1.2996636,0.0,0.0,0.0,0.0,0,0
Sefton Central,Reforms,0.0,8.19920371563304,12.2,0.0,0.0,0.0,0,0
Selby,Muslim,0.2914238,0.0,0.0,0.0,0.0,0.0,0,0
Selby,Left,2.785227719938465,0.0,0.0,0.0,5.0,0.0,0,0
Selby,Progressives,5.775990323372206,0.0,0.0,0.0,0.0,0.0,0,0
Selby,Average,20.148221907783423,0.0,0.0,0.0,0.0,0.0,0,0
Selby,Liberal,17.299136248905903,5.537057650059111,0.0,3.6,0.0,0.0,0,0
Selby,Blues,0.0,12.6580959,0.0,0.0,0.0,0.0,0,0
Selby,Reforms,0.0,7.404846449940891,19.4,0.0,0.0,0.0,0,0
Sevenoaks,Muslim,0.0,0.0927479,0.0,0.0,0.0,1.0,0,0
Sevenoaks,Left,0.0,1.431576077321103,1.8086308570180023,0.0,4.1,0.0,0,0
Sevenoaks,Progressives,9.142518904537573,0.0,0.0,0.0,0.0,0.0,0,0
Sevenoaks,Average,4.457481095462427,17.35849630485346,0.0,0.0,0.0,0.0,0,0
Sevenoaks,Liberal,0.0,6.676230317825439,0.0,25.8,0.0,0.0,0,0
Sevenoaks,Blues,0.0,11.1409494,0.0,0.0,0.0,0.0,0,0
Sevenoaks,Reforms,0.0,0.0,16.891369142981997,0.0,0.0,0.0,0,0
Sheffield Brightside and Hillsborough,Muslim,0.6528191524123379,0.0,0.0,0.0,2.5910095475876602,15.3,0,0
Sheffield Brightside and Hillsborough,Left,0.0,0.0,0.0,0.0,12.30899045241234,0.0,0,0
Sheffield Brightside and Hillsborough,Progressives,16.29425644955279,0.0,0.0,0.0,0.0,0.0,0,0
Sheffield Brightside and Hillsborough,Average,20.88150862823332,0.0,0.0,0.0,0.0,0.0,0,0
Sheffield Brightside and Hillsborough,Liberal,3.4920437797727946,0.0,0.0,5.4,0.0,0.0,0,0
Sheffield Brightside and Hillsborough,Blues,0.0,0.4698173,0.0,0.0,0.0,0.0,0,0
Sheffield Brightside and Hillsborough,Reforms,10.17937199002876,12.4301827,0.0,0.0,0.0,0.0,0,0
Sheffield Central,Muslim,11.740057799999999,0.0,0.0,0.0,0.0,2.9,0,0
Sheffield Central,Left,8.712175019573131,1.5726627752666467,0.0,0.0,25.3,0.0,0,0
Sheffield Central,Progressives,24.239565624164054,0.0,0.0,0.0,0.0,0.0,0,0
Sheffield Central,Average,5.808201556262816,0.0,0.0,0.0,0.0,0.0,0,0
Sheffield Central,Liberal,0.0,2.612784453360236,0.0,6.6,0.0,0.0,0,0
Sheffield Central,Blues,0.0,2.3889321,0.0,0.0,0.0,0.0,0,0
Sheffield Central,Reforms,0.0,0.5256206713731046,7.6,0.0,0.0,0.0,0,0
Sheffield Hallam,Muslim,1.0474524,0.0,0.0,0.0,0.0,2.6,0,0
Sheffield Hallam,Left,6.27699156574668,0.0,0.0,0.0,8.7,0.0,0,0
Sheffield Hallam,Progressives,9.276052374939743,0.0,0.0,0.0,0.0,0.0,0,0
Sheffield Hallam,Average,24.011905906894413,0.0,0.0,0.0,0.0,0.0,0,0
Sheffield Hallam,Liberal,3.1295348142988075,0.0,0.0,30.4,0.0,0.0,0,0
Sheffield Hallam,Blues,0.0,3.136131,0.0,0.0,0.0,0.0,0,0
Sheffield Hallam,Reforms,2.558062938120349,8.863869000000001,0.0,0.0,0.0,0.0,0,0
Sheffield Heeley,Muslim,0.5886202727639009,0.0,0.0,0.0,4.114271727236099,1.7,0,0
Sheffield Heeley,Left,0.0,0.0,0.0,0.0,10.5857282727639,0.0,0,0
Sheffield Heeley,Progressives,13.55804430725727,0.0,0.0,0.0,0.0,0.0,0,0
Sheffield Heeley,Average,28.44373316200698,0.0,0.0,0.0,0.0,0.0,0,0
Sheffield Heeley,Liberal,6.9869042514119055,0.0,0.0,9.6,0.0,0.0,0,0
Sheffield Heeley,Blues,0.0,0.4845234,0.0,0.0,0.0,0.0,0,0
Sheffield Heeley,Reforms,2.8226980065599507,7.5154766,13.6,0.0,0.0,0.0,0,0
Sheffield South East,Muslim,7.7513581,0.0,0.0,0.0,0.0,4.7,0,0
Sheffield South East,Left,1.8985233313644212,0.0,0.0,0.0,8.6,0.0,0,0
Sheffield South East,Progressives,8.07890946020112,0.0,0.0,0.0,0.0,0.0,0,0
Sheffield South East,Average,24.45964574439006,0.0,0.0,0.0,0.0,0.0,0,0
Sheffield South East,Liberal,8.711563364044398,0.08201795177459204,0.0,9.3,0.0,0.0,0,0
Sheffield South East,Blues,0.0,0.3487656,0.0,0.0,0.0,0.0,0,0
Sheffield South East,Reforms,0.0,12.469216448225408,13.6,0.0,0.0,0.0,0,0
Sherwood Forest,Muslim,0.0,0.0,0.0,0.0,0.0,0.6255768,0,0
Sherwood Forest,Left,1.7949489518397037,0.0,0.0,0.0,4.6,1.4744231999999995,0,0
Sherwood Forest,Progressives,6.897156704907928,0.0,0.0,0.0,0.0,0.0,0,0
Sherwood Forest,Average,26.357437831945205,0.0,0.0,0.0,0.0,0.0,0,0
Sherwood Forest,Liberal,3.6504565113071656,13.282378337619242,0.0,3.8,0.0,0.0,0,0
Sherwood Forest,Blues,0.0,8.316874000000002,0.0,0.0,0.0,0.0,0,0
Sherwood Forest,Reforms,0.0,5.9007476623807555,23.3,0.0,0.0,0.0,0,0
Shipley,Muslim,2.705647163867741,0.0,0.0,0.0,0.17360803613225873,2.6,0,0
Shipley,Left,0.0,0.0,0.0,0.0,7.326391963867741,0.0,0,0
Shipley,Progressives,9.551781912181664,0.0,0.0,0.0,0.0,0.0,0,0
Shipley,Average,26.08463701742417,0.0,0.0,0.0,0.0,0.0,0,0
Shipley,Liberal,6.557933906526422,17.068282963240982,0.0,2.8,0.0,0.0,0,0
Shipley,Blues,0.0,5.1034726,0.0,0.0,0.0,0.0,0,0
Shipley,Reforms,0.0,5.028244436759017,15.0,0.0,0.0,0.0,0,0
Shrewsbury,Muslim,0.0,0.0,0.0,0.0,0.0,0.6552595999999999,0,0
Shrewsbury,Left,1.062099334109874,1.8253660781816927,0.0,0.0,4.6,0.1447404000000001,0,0
Shrewsbury,Progressives,8.069249994030319,0.0,0.0,0.0,0.0,0.0,0,0
Shrewsbury,Average,35.36865067185981,0.0,0.0,0.0,0.0,0.0,0,0
Shrewsbury,Liberal,0.0,5.987778355619081,0.0,13.0,0.0,0.0,0,0
Shrewsbury,Blues,0.0,5.0175693,0.0,0.0,0.0,0.0,0,0
Shrewsbury,Reforms,0.0,9.669286266199228,14.6,0.0,0.0,0.0,0,0
Sittingbourne and Sheppey,Muslim,0.0,0.0,0.0,0.0,0.0,1.1759605,0,0
Sittingbourne and Sheppey,Left,0.0,0.0,0.0,0.0,4.1,4.838392619533396,0,0
Sittingbourne and Sheppey,Progressives,9.131508066493328,0.0,0.0,0.0,0.0,0.0,0,0
Sittingbourne and Sheppey,Average,19.968491933506673,7.562728226572812,0.0,0.0,0.0,3.685646880466603,0,0
Sittingbourne and Sheppey,Liberal,0.0,14.15792100348067,0.0,3.2,0.0,0.0,0,0
Sittingbourne and Sheppey,Blues,0.0,3.9212018,0.0,0.0,0.0,0.0,0,0
Sittingbourne and Sheppey,Reforms,0.0,2.5581489699465187,25.6,0.0,0.0,0.0,0,0
Skipton and Ripon,Muslim,0.0,0.0,0.0,0.0,0.0,0.7758054999999999,0,0
Skipton and Ripon,Left,0.0,0.0,0.0,0.0,6.4,0.5790700196406817,0,0
Skipton and Ripon,Progressives,8.268507884154815,0.0,0.0,0.0,0.0,0.0,0,0
Skipton and Ripon,Average,22.90251799825701,0.0,0.0,0.0,0.0,0.0,0,0
Skipton and Ripon,Liberal,0.9289741175881758,16.95260609131318,0.0,7.8,0.0,1.0451244803593183,0,0
Skipton and Ripon,Blues,0.0,12.2464278,0.0,0.0,0.0,0.0,0,0
Skipton and Ripon,Reforms,0.0,6.000966108686827,15.9,0.0,0.0,0.0,0,0
Sleaford and North Hykeham,Muslim,0.0,0.0,0.0,0.0,0.0,0.4514837,0,0
Sleaford and North Hykeham,Left,0.0,0.0,0.0,0.0,5.0,2.786986947243024,0,0
Sleaford and North Hykeham,Progressives,6.788027814654756,0.0,0.0,0.0,0.0,0.0,0,0
Sleaford and North Hykeham,Average,20.011972185345243,0.6714236172413095,0.0,0.0,0.0,2.961529352756976,0,0
Sleaford and North Hykeham,Liberal,0.0,19.58360568369,0.0,4.7,0.0,0.0,0,0
Sleaford and North Hykeham,Blues,0.0,12.1329197,0.0,0.0,0.0,0.0,0,0
Sleaford and North Hykeham,Reforms,0.0,3.312050999068692,21.6,0.0,0.0,0.0,0,0
Slough,Muslim,0.0,0.0,0.0,0.0,0.0,31.0531099,0,0
Slough,Left,3.3993532055752382,1.4478129975084615,1.3751815175147941,0.0,4.3,0.946890100000001,0,0
Slough,Progressives,30.50064679442476,0.0,0.0,0.0,0.0,0.0,0,0
Slough,Average,0.0,0.0,0.0,0.0,0.0,0.0,0,0
Slough,Liberal,0.0,7.229550502491537,0.0,4.8,0.0,0.0,0,0
Slough,Blues,0.0,8.5226365,0.0,0.0,0.0,0.0,0,0
Slough,Reforms,0.0,0.0,6.324818482485206,0.0,0.0,0.0,0,0
Smethwick,Muslim,7.632020499999999,0.0,0.0,0.0,0.0,12.2,0,0
Smethwick,Left,1.5732985448037375,0.9662755798804081,1.802750498442732,0.0,7.8,0.0,0,0
Smethwick,Progressives,32.86077914869815,0.0,0.0,0.0,0.0,0.0,0,0
Smethwick,Average,5.933901806498113,0.0,0.0,0.0,0.0,0.0,0,0
Smethwick,Liberal,0.0,9.643785120119592,0.0,2.9,0.0,0.0,0,0
Smethwick,Blues,0.0,2.2899393000000003,0.0,0.0,0.0,0.0,0,0
Smethwick,Reforms,0.0,0.0,14.29724950155727,0.0,0.0,0.0,0,0
Solihull West and Shirley,Muslim,0.0,6.2258223,0.0,0.0,0.0,1.3,0,0
Solihull West and Shirley,Left,0.0,0.2843485896756208,0.6735573647668849,0.0,7.0,0.0,0,0
Solihull West and Shirley,Progressives,12.02594776679894,0.0,0.0,0.0,0.0,0.0,0,0
Solihull West and Shirley,Average,12.87405223320106,5.941196926275431,0.0,0.0,0.0,0.0,0,0
Solihull West and Shirley,Liberal,0.0,16.01977308404895,0.0,16.9,0.0,0.0,0,0
Solihull West and Shirley,Blues,0.0,6.2288591,0.0,0.0,0.0,0.0,0,0
Solihull West and Shirley,Reforms,0.0,0.0,14.526442635233115,0.0,0.0,0.0,0,0
South Basildon and East Thurrock,Muslim,0.0,0.0,0.0,0.0,0.0,2.0144878,0,0
South Basildon and East Thurrock,Left,0.0,0.0,1.1464706146075763,0.0,4.3,3.8855122000000004,0,0
South Basildon and East Thurrock,Progressives,11.863028494931722,0.0,0.0,0.0,0.0,0.0,0,0
South Basildon and East Thurrock,Average,18.636971505068278,7.7921428323508515,4.7002083823644725,0.0,0.0,0.0,0,0
South Basildon and East Thurrock,Liberal,0.0,13.865522367649149,0.0,2.7,0.0,0.0,0,0
South Basildon and East Thurrock,Blues,0.0,4.0423348,0.0,0.0,0.0,0.0,0,0
South Basildon and East Thurrock,Reforms,0.0,0.0,24.953321003027952,0.0,0.0,0.0,0,0
South Cambridgeshire,Muslim,0.0,1.2436174999999998,0.0,0.0,0.0,0.8,0,0
South Cambridgeshire,Left,0.0,4.231620316479778,0.0,0.0,4.8,0.0,0,0
South Cambridgeshire,Progressives,10.418952247735891,0.0,0.0,0.0,0.0,0.0,0,0
South Cambridgeshire,Average,0.6810477522641083,0.7565292605088025,0.0,19.932911708415116,0.0,0.0,0,0
South Cambridgeshire,Liberal,0.0,0.0,0.0,26.86708829158488,0.0,0.0,0,0
South Cambridgeshire,Blues,0.0,16.3256078,0.0,0.0,0.0,0.0,0,0
South Cambridgeshire,Reforms,0.0,4.842625123011418,8.9,0.0,0.0,0.0,0,0
South Cotswolds,Muslim,0.0,0.0,0.0,0.0,0.0,0.449607,0,0
South Cotswolds,Left,0.0,3.6007922412148528,0.0,0.0,3.0,0.8503930000000001,0,0
South Cotswolds,Progressives,7.5,0.0,0.0,1.2548377922285336,0.0,0.0,0,0
South Cotswolds,Average,0.0,4.439571819069863,0.0,10.995335984544004,0.0,0.0,0,0
South Cotswolds,Liberal,0.0,0.0,0.0,31.64982622322746,0.0,0.0,0,0
South Cotswolds,Blues,0.0,17.0263762,0.0,0.0,0.0,0.0,0,0
South Cotswolds,Reforms,0.0,9.333259739715281,9.8,0.0,0.0,0.0,0,0
South Derbyshire,Muslim,0.0,0.0,0.0,0.0,0.0,0.7469545999999999,0,0
South Derbyshire,Left,1.2784576817965174,0.0,0.0,0.0,4.2,2.2530454,0,0
South Derbyshire,Progressives,8.97007358155123,0.0,0.0,0.0,0.0,0.0,0,0
South Derbyshire,Average,23.29616873199575,0.0,0.0,0.0,0.0,0.0,0,0
South Derbyshire,Liberal,5.255300004656501,15.585469023578423,0.0,4.7,0.0,0.0,0,0
South Derbyshire,Blues,0.0,7.7601474,0.0,0.0,0.0,0.0,0,0
South Derbyshire,Reforms,0.0,6.354383576421576,19.6,0.0,0.0,0.0,0,0
South Devon,Muslim,0.0,0.07269819999999999,0.0,0.0,0.0,0.3,0,0
South Devon,Left,0.0,3.35312683327465,0.0,0.0,3.1,0.0,0,0
South Devon,Progressives,6.3,0.0,0.0,0.8512889937166443,0.0,0.0,0,0
South Devon,Average,0.0,4.809931668316164,0.0,21.666771770879667,0.0,0.0,0,0
South Devon,Liberal,0.0,0.0,0.0,23.48193923540369,0.0,0.0,0,0
South Devon,Blues,0.0,13.1547139,0.0,0.0,0.0,0.0,0,0
South Devon,Reforms,0.0,9.90952939840918,13.0,0.0,0.0,0.0,0,0
South Dorset,Muslim,0.0,0.0,0.0,0.0,0.0,0.4895488,0,0
South Dorset,Left,0.0,2.4288698445100945,0.0,0.0,4.4,0.4104512,0,0
South Dorset,Progressives,7.836599363373686,0.0,0.0,0.0,0.0,0.0,0,0
South Dorset,Average,24.063400636626312,4.316404755465779,0.0,0.0,0.0,0.0,0,0
South Dorset,Liberal,0.0,3.354743017667314,0.0,16.3,0.0,0.0,0,0
South Dorset,Blues,0.0,9.0078214,0.0,0.0,0.0,0.0,0,0
South Dorset,Reforms,0.0,10.692160982356803,16.7,0.0,0.0,0.0,0,0
South East Cornwall,Muslim,0.0,0.0,0.0,0.0,0.0,0.1231377999999999,0,0
South East Cornwall,Left,1.6191751187517092,0.6676591019858051,0.0,0.0,4.1,0.3768622000000001,0,0
South East Cornwall,Progressives,6.6327816530646135,0.0,0.0,0.0,0.0,0.0,0,0
South East Cornwall,Average,23.548043228183676,0.0,0.0,0.0,0.0,0.0,0,0
South East Cornwall,Liberal,0.0,5.630005345272487,0.0,16.8,0.0,0.0,0,0
South East Cornwall,Blues,0.0,14.3127,0.0,0.0,0.0,0.0,0,0
South East Cornwall,Reforms,0.0,7.289635552741707,18.9,0.0,0.0,0.0,0,0
South Holland and The Deepings,Muslim,0.0,0.0,0.0,0.0,0.0,0.4594362999999999,0,0
South Holland and The Deepings,Left,0.0,0.0,0.0,0.0,3.9,3.3483294398869856,0,0
South Holland and The Deepings,Progressives,6.01108006475937,0.0,0.0,0.0,0.0,0.0,0,0
South Holland and The Deepings,Average,13.788919935240632,3.821468446208378,0.0,0.0,0.0,7.1922342601130005,0,0
South Holland and The Deepings,Liberal,0.0,15.644306974421372,0.0,4.2,0.0,0.0,0,0
South Holland and The Deepings,Blues,0.0,11.3850355,0.0,0.0,0.0,0.0,0,0
South Holland and The Deepings,Reforms,0.0,7.149189079370249,23.1,0.0,0.0,0.0,0,0
South Leicestershire,Muslim,0.0,0.5181652999999999,0.0,0.0,0.0,0.0,0,0
South Leicestershire,Left,0.0,2.8956241598294277,0.0,0.0,4.8,0.0,0,0
South Leicestershire,Progressives,6.602405645017361,0.0,0.0,0.0,0.0,0.0,0,0
South Leicestershire,Average,18.19759435498264,3.8876659666262015,0.0,0.0,0.0,0.0,0,0
South Leicestershire,Liberal,0.0,15.0618765035342,0.0,14.8,0.0,0.0,0,0
South Leicestershire,Blues,0.0,11.045741200000002,0.0,0.0,0.0,0.0,0,0
South Leicestershire,Reforms,0.0,2.19092687001017,19.9,0.0,0.0,0.0,0,0
South Norfolk,Muslim,0.0,0.0,0.0,0.0,0.0,0.7066756000000001,0,0
South Norfolk,Left,0.0,0.0,0.0,0.0,7.022225660066003,0.0,0,0
South Norfolk,Progressives,7.355797441526629,0.0,0.0,0.0,0.0,0.0,0,0
South Norfolk,Average,27.64420255847337,0.0,0.0,0.0,0.8738478286215605,0.09332439999999997,0,0
South Norfolk,Liberal,0.0,9.173556414941059,0.0,11.6,0.10392651131243014,0.0,0,0
South Norfolk,Blues,0.0,14.6688764,0.0,0.0,0.0,0.0,0,0
South Norfolk,Reforms,0.0,5.457567185058942,15.3,0.0,0.0,0.0,0,0
South Northamptonshire,Muslim,0.0,0.0,0.0,0.0,0.0,0.5513928,0,0
South Northamptonshire,Left,0.0,0.0,0.0,0.0,5.7,1.9886435254170864,0,0
South Northamptonshire,Progressives,7.742543366796961,0.0,0.0,0.0,0.0,0.0,0,0
South Northamptonshire,Average,18.555892709327665,0.0,0.0,0.0,0.0,0.0,0,0
South Northamptonshire,Liberal,2.6015639238753714,18.42038351142445,0.0,9.3,0.0,1.159963674582908,0,0
South Northamptonshire,Blues,0.0,14.3714552,0.0,0.0,0.0,0.0,0,0
South Northamptonshire,Reforms,0.0,2.9081612885755526,16.7,0.0,0.0,0.0,0,0
South Ribble,Muslim,0.8530945999999999,0.0,0.0,0.0,0.0,0.0,0,0
South Ribble,Left,4.146685981793668,0.21482821378990735,0.0,0.0,3.4,0.0,0,0
South Ribble,Progressives,5.544973370395612,0.0,0.0,0.0,0.0,0.0,0,0
South Ribble,Average,31.95524604781072,0.0,0.0,0.0,0.0,0.0,0,0
South Ribble,Liberal,0.0,19.75842199607164,0.0,6.4,0.0,0.0,0,0
South Ribble,Blues,0.0,4.1853255,0.0,0.0,0.0,0.0,0,0
South Ribble,Reforms,0.0,4.241424290138465,19.3,0.0,0.0,0.0,0,0
South Shields,Muslim,0.0,0.0,0.0,0.0,0.0,3.6080384,0,0
South Shields,Left,0.0,0.0,0.0,0.0,8.661958284096835,0.0,0,0
South Shields,Progressives,6.8243352772295225,0.0,0.0,0.0,0.0,0.0,0,0
South Shields,Average,34.27566472277048,0.0,0.0,0.0,1.0703648398890921,2.5919616000000003,0,0
South Shields,Liberal,0.0,5.412708587242141,0.0,3.8,4.96767687601408,0.0,0,0
South Shields,Blues,0.0,0.2743092,0.0,0.0,0.0,0.0,0,0
South Shields,Reforms,0.0,5.5129822127578585,23.0,0.0,0.0,0.0,0,0
South Shropshire,Muslim,0.0,0.3001705999999999,0.0,0.0,0.0,0.0,0,0
South Shropshire,Left,0.0,2.5171056686100215,0.0,0.0,3.7,0.0,0,0
South Shropshire,Progressives,7.639844034788366,0.0,0.0,0.0,0.0,0.0,0,0
South Shropshire,Average,5.760155965211634,11.368768528130257,0.0,6.0110052281574085,0.0,0.0,0,0
South Shropshire,Liberal,0.0,0.0,0.0,24.98899477184259,0.0,0.0,0,0
South Shropshire,Blues,0.0,13.9569,0.0,0.0,0.0,0.0,0,0
South Shropshire,Reforms,0.0,5.957055203259721,17.8,0.0,0.0,0.0,0,0
South Suffolk,Muslim,0.0,0.0,0.0,0.0,0.4689141,0.0,0,0
South Suffolk,Left,0.0,0.0,0.0,0.0,7.153932456792764,0.0,0,0
South Suffolk,Progressives,6.839409240189229,0.0,0.0,0.0,0.0,0.0,0,0
South Suffolk,Average,19.86059075981077,0.0639146004509179,0.0,0.0,0.4771534432072464,0.0,0,0
South Suffolk,Liberal,0.0,13.316540286427795,0.0,13.2,0.0,0.0,0,0
South Suffolk,Blues,0.0,14.4664727,0.0,0.0,0.0,0.0,0,0
South Suffolk,Reforms,0.0,5.153072413121286,19.0,0.0,0.0,0.0,0,0
South West Devon,Muslim,0.0,0.0,0.0,0.0,0.0,0.3186224,0,0
South West Devon,Left,0.0,1.2732066164627547,0.0,0.0,5.6,0.9813776000000001,0,0
South West Devon,Progressives,6.2924929748835225,0.0,0.0,0.0,0.0,0.0,0,0
South West Devon,Average,24.007507025116478,5.807002576818338,0.0,0.0,0.0,0.0,0,0
South West Devon,Liberal,0.0,16.894926973853664,0.0,10.6,0.0,0.0,0,0
South West Devon,Blues,0.0,4.8443000000000005,0.0,0.0,0.0,0.0,0,0
South West Devon,Reforms,0.0,5.48056383286524,17.9,0.0,0.0,0.0,0,0
South West Hertfordshire,Muslim,0.0,1.8796848,0.0,0.0,0.0,1.7,0,0
South West Hertfordshire,Left,0.0,1.5975790320880365,1.795081192619649,0.0,5.2,0.0,0,0
South West Hertfordshire,Progressives,10.898799670163642,0.0,0.0,0.0,0.0,0.0,0,0
South West Hertfordshire,Average,9.101200329836358,8.59018409276088,0.0,0.0,0.0,0.0,0,0
South West Hertfordshire,Liberal,0.0,8.609314775151084,0.0,24.9,0.0,0.0,0,0
South West Hertfordshire,Blues,0.0,13.4232373,0.0,0.0,0.0,0.0,0,0
South West Hertfordshire,Reforms,0.0,0.0,12.304918807380348,0.0,0.0,0.0,0,0
South West Norfolk,Muslim,0.0,0.0,0.0,0.0,0.0,0.4278126999999999,0,0
South West Norfolk,Left,0.0,0.0,0.0,0.0,4.1,3.5781433485043106,0,0
South West Norfolk,Progressives,7.205593689507246,0.0,0.0,0.0,0.0,0.0,0,0
South West Norfolk,Average,19.494406310492753,0.0,0.0,0.0,0.0,3.9952534880037085,0,0
South West Norfolk,Liberal,0.0,5.645653695951516,0.0,5.9,0.0,7.498790463491966,0,0
South West Norfolk,Blues,0.0,12.3727378,0.0,0.0,0.0,0.0,0,0
South West Norfolk,Reforms,0.0,7.281608504048485,22.5,0.0,0.0,0.0,0,0
South West Wiltshire,Muslim,0.0,0.0,0.0,0.0,0.0,0.8840702,0,0
South West Wiltshire,Left,0.0,1.8406154904002197,0.0,0.0,4.9,1.0159297999999999,0,0
South West Wiltshire,Progressives,7.965403710107719,0.0,0.0,0.0,0.0,0.0,0,0
South West Wiltshire,Average,18.834596289892282,12.045782072029407,0.0,0.0,0.0,0.0,0,0
South West Wiltshire,Liberal,0.0,6.078421161509519,0.0,15.6,0.0,0.0,0,0
South West Wiltshire,Blues,0.0,4.2888655,0.0,0.0,0.0,0.0,0,0
South West Wiltshire,Reforms,0.0,9.546315776060851,17.0,0.0,0.0,0.0,0,0
Southampton Itchen,Muslim,0.7029989159702481,2.102329984029752,0.0,0.0,0.0,0.7,0,0
Southampton Itchen,Left,0.0,9.55056591393722,0.0,0.0,7.3,0.0,0,0
Southampton Itchen,Progressives,13.449694581039331,0.0,0.0,0.0,0.0,0.0,0,0
Southampton Itchen,Average,27.34730650299042,0.0,0.0,0.0,0.0,0.0,0,0
Southampton Itchen,Liberal,0.0,8.414170521116564,0.0,7.1,0.0,0.0,0,0
Southampton Itchen,Blues,0.0,1.5221502,0.0,0.0,0.0,0.0,0,0
Southampton Itchen,Reforms,0.0,3.8107833809164653,18.0,0.0,0.0,0.0,0,0
Southampton Test,Muslim,0.0,3.891095,0.0,0.0,0.0,3.2,0,0
Southampton Test,Left,0.0,7.457468479876566,0.0,0.0,10.0,0.0,0,0
Southampton Test,Progressives,18.92743128955963,0.0,0.0,0.0,0.0,0.0,0,0
Southampton Test,Average,25.57256871044037,0.6031800604819431,0.0,0.0,0.0,0.0,0,0
Southampton Test,Liberal,0.0,1.569202013099451,0.0,9.1,0.0,0.0,0,0
Southampton Test,Blues,0.0,2.1212363,0.0,0.0,0.0,0.0,0,0
Southampton Test,Reforms,0.0,2.8578181465420407,14.7,0.0,0.0,0.0,0,0
Southend East and Rochford,Muslim,0.0,1.1598868,0.0,0.0,0.0,1.8,0,0
Southend East and Rochford,Left,0.0,2.24716193135773,0.0,0.0,6.8,0.0,0,0
Southend East and Rochford,Progressives,14.249690056106678,0.0,0.0,0.0,0.0,0.0,0,0
Southend East and Rochford,Average,24.550309943893318,7.604451618010167,0.0,0.0,0.0,0.0,0,0
Southend East and Rochford,Liberal,0.0,11.012761301553589,0.0,5.7,0.0,0.0,0,0
Southend East and Rochford,Blues,0.0,2.5965979,0.0,0.0,0.0,0.0,0,0
Southend East and Rochford,Reforms,0.0,4.0791404490785155,18.2,0.0,0.0,0.0,0,0
Southend West and Leigh,Muslim,0.0,1.2848236,0.0,0.0,0.0,1.3,0,0
Southend West and Leigh,Left,0.0,0.646075176308063,0.0,0.0,7.0,0.0,0,0
Southend West and Leigh,Progressives,11.652742314602447,0.0,0.0,0.0,0.0,0.0,0,0
Southend West and Leigh,Average,24.047257685397554,12.888220029834763,0.0,0.0,0.0,0.0,0,0
Southend West and Leigh,Liberal,0.0,12.011423004778283,0.0,6.8,0.0,0.0,0,0
Southend West and Leigh,Blues,0.0,2.2989177,0.0,0.0,0.0,0.0,0,0
Southend West and Leigh,Reforms,0.0,2.3705404890788806,17.7,0.0,0.0,0.0,0,0
Southgate and Wood Green,Muslim,6.800136925775259,1.3398900637174993,0.2999735132051473,0.0,2.447570297302091,3.5,0,0
Southgate and Wood Green,Left,0.0,0.0,0.0,0.0,9.85242970269791,0.0,0,0
Southgate and Wood Green,Progressives,31.28618743360185,0.0,0.0,0.0,0.0,0.0,0,0
Southgate and Wood Green,Average,13.013675640622893,0.0,0.0,0.0,0.0,0.0,0,0
Southgate and Wood Green,Liberal,0.0,7.506046736282501,0.0,8.6,0.0,0.0,0,0
Southgate and Wood Green,Blues,0.0,8.754063200000001,0.0,0.0,0.0,0.0,0,0
Southgate and Wood Green,Reforms,0.0,0.0,6.600026486794853,0.0,0.0,0.0,0,0
Southport,Muslim,0.0,0.0,0.0,0.0,0.0,1.0598638,0,0
Southport,Left,0.0,1.731874274250785,0.0,0.0,4.8,0.9401362,0,0
Southport,Progressives,9.184877872901549,0.0,0.0,0.0,0.0,0.0,0,0
Southport,Average,29.11512212709845,5.244747230367505,0.0,0.0,0.0,0.0,0,0
Southport,Liberal,0.0,6.523379701678763,0.0,13.0,0.0,0.0,0,0
Southport,Blues,0.0,4.0145269,0.0,0.0,0.0,0.0,0,0
Southport,Reforms,0.0,7.885471893702945,16.4,0.0,0.0,0.0,0,0
Spelthorne,Muslim,0.0,3.4270021000000006,0.0,0.0,0.0,0.6,0,0
Spelthorne,Left,0.0,1.1612958429309157,2.061312210264488,0.0,5.2,0.0,0,0
Spelthorne,Progressives,14.028117196290497,0.0,0.0,0.0,0.0,0.0,0,0
Spelthorne,Average,12.971882803709503,11.716750118767626,0.0,0.0,0.0,0.0,0,0
Spelthorne,Liberal,0.0,7.499430538301457,0.0,18.9,0.0,0.0,0,0
Spelthorne,Blues,0.0,6.5955214,0.0,0.0,0.0,0.0,0,0
Spelthorne,Reforms,0.0,0.0,15.838687789735507,0.0,0.0,0.0,0,0
Spen Valley,Muslim,3.6666064,0.0,0.0,0.0,0.0,3.7,0,0
Spen Valley,Left,0.27208447888612763,2.942806721886602,0.0,0.0,5.6,0.0,0,0
Spen Valley,Progressives,7.449009988191996,0.0,0.0,0.0,0.0,0.0,0,0
Spen Valley,Average,27.81229913292188,0.0,0.0,0.0,0.0,0.0,0,0
Spen Valley,Liberal,0.0,19.394134573509124,0.0,3.5,0.0,0.0,0,0
Spen Valley,Blues,0.0,0.5404078999999999,0.0,0.0,0.0,0.0,0,0
Spen Valley,Reforms,0.0,1.0226508046042753,24.1,0.0,0.0,0.0,0,0
St Albans,Muslim,0.0,5.7804809,0.0,0.0,0.0,0.4,0,0
St Albans,Left,0.0,1.4291477758904536,0.0,0.0,6.3,0.0,0,0
St Albans,Progressives,10.1,0.0,0.0,4.181146554433216,0.0,0.0,0,0
St Albans,Average,0.0,0.13898932880259807,0.0,17.690087553468015,0.0,0.0,0,0
St Albans,Liberal,0.0,0.0,0.0,34.72876589209877,0.0,0.0,0,0
St Albans,Blues,0.0,8.3941475,0.0,0.0,0.0,0.0,0,0
St Albans,Reforms,0.0,2.457234495306947,8.4,0.0,0.0,0.0,0,0
St Austell and Newquay,Muslim,0.0,0.0,0.0,0.0,0.0,0.1162849,0,0
St Austell and Newquay,Left,0.0,1.1047295163515827,0.0,0.0,5.0,1.8837151,0,0
St Austell and Newquay,Progressives,7.262269827491186,0.0,0.0,0.0,0.0,0.0,0,0
St Austell and Newquay,Average,26.837730172508817,1.1075408453865059,0.0,0.0,0.0,0.0,0,0
St Austell and Newquay,Liberal,0.0,6.938800080357581,0.0,10.3,0.0,0.0,0,0
St Austell and Newquay,Blues,0.0,9.6344,0.0,0.0,0.0,0.0,0,0
St Austell and Newquay,Reforms,0.0,10.11452955790433,19.7,0.0,0.0,0.0,0,0
St Helens North,Muslim,0.0,0.0,0.0,0.0,0.00281930000000008,0.7,0,0
St Helens North,Left,0.0,0.0,0.0,0.0,8.468238016931588,0.0,0,0
St Helens North,Progressives,5.473331112676572,0.0,0.0,0.0,0.0,0.0,0,0
St Helens North,Average,32.2048107729879,0.0,0.0,0.0,0.0,0.0,0,0
St Helens North,Liberal,14.921858114335535,1.1805986274406681,0.0,4.4,0.1289426830684115,0.0,0,0
St Helens North,Blues,0.0,1.8956193,0.0,0.0,0.0,0.0,0,0
St Helens North,Reforms,0.0,8.023782072559332,22.5,0.0,0.0,0.0,0,0
St Helens South and Whiston,Muslim,0.0,0.0,0.0,0.0,0.0,0.7327591,0,0
St Helens South and Whiston,Left,0.0,0.0,0.0,0.0,6.9,2.149134419551915,0,0
St Helens South and Whiston,Progressives,6.770296455281331,0.0,0.0,0.0,0.0,0.0,0,0
St Helens South and Whiston,Average,38.6848791124484,0.0,0.0,0.0,0.0,0.0,0,0
St Helens South and Whiston,Liberal,4.244824432270271,0.0,0.0,5.8,0.0,3.9215642683496874,0,0
St Helens South and Whiston,Blues,0.0,0.6703633,0.0,0.0,0.0,0.0,0,0
St Helens South and Whiston,Reforms,0.0,7.3296367,18.3,0.0,0.0,4.396542212098398,0,0
St Ives,Muslim,0.0,0.0,0.0,0.0,0.0,0.1841662,0,0
St Ives,Left,0.0,0.0,0.0,3.42887805760126,3.7,0.11745987232306954,0,0
St Ives,Progressives,5.8,0.0,0.0,2.1919421961815635,0.0,0.0,0,0
St Ives,Average,0.0,0.0,0.0,26.206703588895135,0.0,0.0,0,0
St Ives,Liberal,0.0,0.0,0.0,20.17247615732204,0.0,0.0,0,0
St Ives,Blues,0.0,12.799,0.0,0.0,0.0,0.0,0,0
St Ives,Reforms,0.0,10.600999999999999,13.5,0.0,0.0,1.2983739276769306,0,0
St Neots and Mid Cambridgeshire,Muslim,0.0,0.0,0.0,0.0,0.0,1.7965601000000002,0,0
St Neots and Mid Cambridgeshire,Left,0.0,0.0,0.0,0.0,5.0,2.885267455539398,0,0
St Neots and Mid Cambridgeshire,Progressives,10.10955819105775,0.0,0.0,0.0,0.0,0.0,0,0
St Neots and Mid Cambridgeshire,Average,2.990441808942249,11.516047516919436,0.0,5.938938110720237,0.0,1.418172444460601,0,0
St Neots and Mid Cambridgeshire,Liberal,0.0,0.0,0.0,30.96106188927976,0.0,0.0,0,0
St Neots and Mid Cambridgeshire,Blues,0.0,10.4982869,0.0,0.0,0.0,0.0,0,0
St Neots and Mid Cambridgeshire,Reforms,0.0,6.185665583080564,10.7,0.0,0.0,0.0,0,0
Stafford,Muslim,0.2591518594900428,0.15872514050995712,0.0,0.0,0.0,0.9,0,0
Stafford,Left,0.0,1.0675517041589915,0.0,0.0,6.2,0.0,0,0
Stafford,Progressives,9.503794602820424,0.0,0.0,0.0,0.0,0.0,0,0
Stafford,Average,30.53705353768953,0.0,0.0,0.0,0.0,0.0,0,0
Stafford,Liberal,0.0,17.624234800441087,0.0,3.6,0.0,0.0,0,0
Stafford,Blues,0.0,6.710736000000001,0.0,0.0,0.0,0.0,0,0
Stafford,Reforms,0.0,4.738752354889964,18.7,0.0,0.0,0.0,0,0
Staffordshire Moorlands,Muslim,0.0,0.2710409,0.0,0.0,0.0,0.0,0,0
Staffordshire Moorlands,Left,0.0,1.8642635001413437,0.0,0.0,5.3,0.0,0,0
Staffordshire Moorlands,Progressives,4.788591201056259,0.0,0.0,0.0,0.0,0.0,0,0
Staffordshire Moorlands,Average,27.81140879894374,1.9472664081333768,0.0,0.0,0.0,0.0,0,0
Staffordshire Moorlands,Liberal,0.0,19.942988051070493,0.0,3.5,0.0,0.0,0,0
Staffordshire Moorlands,Blues,0.0,5.797273700000001,0.0,0.0,0.0,0.0,0,0
Staffordshire Moorlands,Reforms,0.0,5.577167440654783,23.2,0.0,0.0,0.0,0,0
Stalybridge and Hyde,Muslim,0.0,0.0,0.0,0.0,0.0,5.819937299999999,0,0
Stalybridge and Hyde,Left,0.8260211596446219,0.0,0.0,0.0,7.4,0.6800627000000024,0,0
Stalybridge and Hyde,Progressives,7.811620398989795,0.0,0.0,0.0,0.0,0.0,0,0
Stalybridge and Hyde,Average,31.636860200916203,0.0,0.0,0.0,0.0,0.0,0,0
Stalybridge and Hyde,Liberal,3.5254982404493767,12.942832462399192,0.0,2.9,0.0,0.0,0,0
Stalybridge and Hyde,Blues,0.0,0.6039364,0.0,0.0,0.0,0.0,0,0
Stalybridge and Hyde,Reforms,0.0,4.95323113760081,20.9,0.0,0.0,0.0,0,0
Stevenage,Muslim,0.0,2.6228184000000003,0.0,0.0,0.0,0.3,0,0
Stevenage,Left,0.0,2.4506368585834486,0.0,0.0,6.2,0.0,0,0
Stevenage,Progressives,12.353453571311942,0.0,0.0,0.0,0.0,0.0,0,0
Stevenage,Average,29.046546428688057,2.441229174273623,0.0,0.0,0.0,0.0,0,0
Stevenage,Liberal,0.0,12.789743783802924,0.0,8.1,0.0,0.0,0,0
Stevenage,Blues,0.0,3.2684728,0.0,0.0,0.0,0.0,0,0
Stevenage,Reforms,0.0,2.327098983340001,17.9,0.0,0.0,0.0,0,0
Stockport,Muslim,0.0,0.0,0.0,0.0,2.1627866000000004,4.2,0,0
Stockport,Left,0.0,0.0,0.0,0.0,8.373941429720384,0.0,0,0
Stockport,Progressives,11.649846711905068,0.0,0.0,0.0,0.0,0.0,0,0
Stockport,Average,30.1575137380016,0.0,0.0,0.0,0.0,0.0,0,0
Stockport,Liberal,8.092639550093327,4.50529367162679,0.0,8.5,0.5632719702796152,0.0,0,0
Stockport,Blues,0.0,0.8393423,0.0,0.0,0.0,0.0,0,0
Stockport,Reforms,0.0,6.05536402837321,14.9,0.0,0.0,0.0,0,0
Stockton North,Muslim,3.6662631,0.0,0.0,0.0,0.0,0.0,0,0
Stockton North,Left,0.9289330840369932,2.994167525681709,0.0,0.0,5.1,0.0,0,0
Stockton North,Progressives,8.189802842658125,0.0,0.0,0.0,0.0,0.0,0,0
Stockton North,Average,33.01500097330488,0.0,0.0,0.0,0.0,0.0,0,0
Stockton North,Liberal,0.0,11.54015173230008,0.0,3.0,0.0,0.0,0,0
Stockton North,Blues,0.0,1.2693952,0.0,0.0,0.0,0.0,0,0
Stockton North,Reforms,0.0,5.6962855420182095,24.6,0.0,0.0,0.0,0,0
Stockton West,Muslim,1.3161940999999997,0.0,0.0,0.0,0.0,1.1,0,0
Stockton West,Left,0.03664992580133575,4.592281390050667,0.0,0.0,3.0,0.0,0,0
Stockton West,Progressives,6.714393884537966,0.0,0.0,0.0,0.0,0.0,0,0
Stockton West,Average,29.4327620896607,0.0,0.0,0.0,0.0,0.0,0,0
Stockton West,Liberal,0.0,25.813571312988103,0.0,2.5,0.0,0.0,0,0
Stockton West,Blues,0.0,4.6717274,0.0,0.0,0.0,0.0,0,0
Stockton West,Reforms,0.0,6.822419896961222,14.0,0.0,0.0,0.0,0,0
Stoke-on-Trent Central,Muslim,1.8009199999999996,0.0,0.0,0.0,0.0,8.1,0,0
Stoke-on-Trent Central,Left,1.7604189316906211,6.616475555197657,0.0,0.0,4.8,0.0,0,0
Stoke-on-Trent Central,Progressives,10.97235161360733,0.0,0.0,0.0,0.0,0.0,0,0
Stoke-on-Trent Central,Average,27.866309454702048,0.0,0.0,0.0,0.0,0.0,0,0
Stoke-on-Trent Central,Liberal,0.0,5.982468459338796,0.0,2.8,0.0,0.0,0,0
Stoke-on-Trent Central,Blues,0.0,0.7145568,0.0,0.0,0.0,0.0,0,0
Stoke-on-Trent Central,Reforms,0.0,4.286499185463548,24.2,0.0,0.0,0.0,0,0
Stoke-on-Trent North,Muslim,4.072597836276927,0.5249240637230734,0.0,0.0,0.0,3.1,0,0
Stoke-on-Trent North,Left,0.0,6.6431711631473895,0.0,0.0,3.4,0.0,0,0
Stoke-on-Trent North,Progressives,7.417601474349706,0.0,0.0,0.0,0.0,0.0,0,0
Stoke-on-Trent North,Average,28.80980068937336,0.0,0.0,0.0,0.0,0.0,0,0
Stoke-on-Trent North,Liberal,0.0,11.237042459546249,0.0,2.5,0.0,0.0,0,0
Stoke-on-Trent North,Blues,0.0,0.4280093,0.0,0.0,0.0,0.0,0,0
Stoke-on-Trent North,Reforms,0.0,7.46685301358329,24.4,0.0,0.0,0.0,0,0
Stoke-on-Trent South,Muslim,1.8566620999999999,0.0,0.0,0.0,0.0,3.6,0,0
Stoke-on-Trent South,Left,0.1738505131337198,5.46181901453728,0.0,0.0,2.9,0.0,0,0
Stoke-on-Trent South,Progressives,6.00438283429175,0.0,0.0,0.0,0.0,0.0,0,0
Stoke-on-Trent South,Average,26.665104552574533,0.0,0.0,0.0,0.0,0.0,0,0
Stoke-on-Trent South,Liberal,0.0,16.76974441666618,0.0,3.9,0.0,0.0,0,0
Stoke-on-Trent South,Blues,0.0,3.6720662,0.0,0.0,0.0,0.0,0,0
Stoke-on-Trent South,Reforms,0.0,7.296370368796541,21.6,0.0,0.0,0.0,0,0
"Stone, Great Wyrley and Penkridge",Muslim,0.0,0.0,0.0,0.0,0.0,0.9220462,0,0
"Stone, Great Wyrley and Penkridge",Left,0.0,0.0,0.0,0.0,5.2,2.3374211686041972,0,0
"Stone, Great Wyrley and Penkridge",Progressives,6.550235430516271,0.0,0.0,0.0,0.0,0.0,0,0
"Stone, Great Wyrley and Penkridge",Average,25.51291633339112,0.0,0.0,0.0,0.0,0.0,0,0
"Stone, Great Wyrley and Penkridge",Liberal,1.6368482360926109,12.468846423183066,0.0,6.9,0.0,4.440532631395803,0,0
"Stone, Great Wyrley and Penkridge",Blues,0.0,9.5240699,0.0,0.0,0.0,0.0,0,0
"Stone, Great Wyrley and Penkridge",Reforms,0.0,24.507083676816933,0.0,0.0,0.0,0.0,0,0
Stourbridge,Muslim,0.23607557245210842,3.5274834275478923,0.0,0.0,0.0,2.7,0,0
Stourbridge,Left,0.0,4.974909264312401,0.0,0.0,4.3,0.0,0,0
Stourbridge,Progressives,8.856177055109256,0.0,0.0,0.0,0.0,0.0,0,0
Stourbridge,Average,29.407747372438635,0.0,0.0,0.0,0.0,0.0,0,0
Stourbridge,Liberal,0.0,15.946891709810409,0.0,4.0,0.0,0.0,0,0
Stourbridge,Blues,0.0,0.5565291,0.0,0.0,0.0,0.0,0,0
Stourbridge,Reforms,0.0,5.794186498329292,19.7,0.0,0.0,0.0,0,0
Stratford and Bow,Muslim,8.143755249721973,0.0,0.0,0.0,1.8213611502780296,22.2,0,0
Stratford and Bow,Left,0.0,0.0,0.0,0.0,15.478638849721971,0.0,0,0
Stratford and Bow,Progressives,33.33189043105571,0.0,0.0,0.0,0.0,0.0,0,0
Stratford and Bow,Average,0.0,0.0,0.0,0.0,0.0,0.0,0,0
Stratford and Bow,Liberal,2.6243543192223164,1.2756678999999993,0.14549393043733438,4.4,0.0,0.0,0,0
Stratford and Bow,Blues,0.0,5.924332100000001,0.0,0.0,0.0,0.0,0,0
Stratford and Bow,Reforms,0.0,0.0,4.654506069562665,0.0,0.0,0.0,0,0
Stratford-on-Avon,Muslim,0.0,0.0,0.0,0.0,0.0,0.5206033,0,0
Stratford-on-Avon,Left,0.0,3.938206577243861,0.0,0.0,2.3,0.37939670000000003,0,0
Stratford-on-Avon,Progressives,7.1,0.0,0.0,1.1395727275445804,0.0,0.0,0,0
Stratford-on-Avon,Average,0.0,8.230835974659035,0.0,11.456694562071887,0.0,0.0,0,0
Stratford-on-Avon,Liberal,0.0,0.0,0.0,31.70373271038353,0.0,0.0,0,0
Stratford-on-Avon,Blues,0.0,13.9342067,0.0,0.0,0.0,0.0,0,0
Stratford-on-Avon,Reforms,0.0,4.696750748097104,14.6,0.0,0.0,0.0,0,0
Streatham and Croydon North,Muslim,1.276117340928879,0.0,0.0,0.0,7.474797659071122,3.0,0,0
Streatham and Croydon North,Left,0.0,0.0,0.0,0.0,9.62520234092888,0.0,0,0
Streatham and Croydon North,Progressives,41.94900101685779,0.0,0.0,0.0,0.0,0.0,0,0
Streatham and Croydon North,Average,3.548527248500392,0.0,0.0,0.0,0.0,0.0,0,0
Streatham and Croydon North,Liberal,5.326354393712926,3.7636000794579374,0.0,11.3,0.0,0.0,0,0
Streatham and Croydon North,Blues,0.0,6.346227799999999,0.0,0.0,0.0,0.0,0,0
Streatham and Croydon North,Reforms,0.0,1.8901721205420632,4.5,0.0,0.0,0.0,0,0
Stretford and Urmston,Muslim,2.1304613999999997,0.0,0.0,0.0,0.0,10.4,0,0
Stretford and Urmston,Left,0.3916736053288741,0.0,0.0,0.0,9.6,0.0,0,0
Stretford and Urmston,Progressives,15.17193159713788,0.0,0.0,0.0,0.0,0.0,0,0
Stretford and Urmston,Average,19.16219055143449,0.0,0.0,0.0,0.0,0.0,0,0
Stretford and Urmston,Liberal,12.34374284609874,8.362375980534408,0.0,4.8,0.0,0.0,0,0
Stretford and Urmston,Blues,0.0,0.8922255,0.0,0.0,0.0,0.0,0,0
Stretford and Urmston,Reforms,0.0,4.845398519465592,11.9,0.0,0.0,0.0,0,0
Stroud,Muslim,0.0,0.0,0.0,0.0,0.0,0.3030587,0,0
Stroud,Left,0.0,0.0,0.0,0.0,7.163109983584527,0.0,0,0
Stroud,Progressives,6.7230600540024446,0.0,0.0,0.0,0.0,0.0,0,0
Stroud,Average,29.38792782614246,0.0,0.0,0.0,0.0,0.0,0,0
Stroud,Liberal,10.289012119855094,8.91145624820728,0.0,5.3,3.2368900164154732,0.3969413000000044,0,0
Stroud,Blues,0.0,5.3093074,0.0,0.0,0.0,0.0,0,0
Stroud,Reforms,0.0,11.479236351792721,11.5,0.0,0.0,0.0,0,0
Suffolk Coastal,Muslim,0.0,0.0,0.0,0.0,0.5480363,0.0,0,0
Suffolk Coastal,Left,0.0,0.0,0.0,0.0,6.750404272122131,0.0,0,0
Suffolk Coastal,Progressives,7.778811339914762,0.0,0.0,0.0,0.0,0.0,0,0
Suffolk Coastal,Average,23.921188660085235,0.0,0.0,0.0,1.4515772659069732,0.0,0,0
Suffolk Coastal,Liberal,0.0,10.69530143210582,0.0,14.0,0.14998216197089498,0.0,0,0
Suffolk Coastal,Blues,0.0,10.165715,0.0,0.0,0.0,0.0,0,0
Suffolk Coastal,Reforms,0.0,8.638983567894181,15.9,0.0,0.0,0.0,0,0
Sunderland Central,Muslim,0.0,4.2396805,0.0,0.0,0.0,0.0,0,0
Sunderland Central,Left,0.0,2.506946104105131,0.5292832207521201,0.0,7.5,0.0,0,0
Sunderland Central,Progressives,9.29698368726202,0.0,0.0,0.0,0.0,0.0,0,0
Sunderland Central,Average,32.90301631273798,2.119965532468761,0.0,0.0,0.0,0.0,0,0
Sunderland Central,Liberal,0.0,4.975519463426108,0.0,9.0,0.0,0.0,0,0
Sunderland Central,Blues,0.0,0.4578884,0.0,0.0,0.0,0.0,0,0
Sunderland Central,Reforms,0.0,0.0,26.47071677924788,0.0,0.0,0.0,0,0
Surrey Heath,Muslim,0.0,2.7715986,0.0,0.0,0.0,0.2,0,0
Surrey Heath,Left,0.0,6.334242662989935,0.0,0.0,2.4,0.0,0,0
Surrey Heath,Progressives,6.6,0.0,0.0,4.736352936286346,0.0,0.0,0,0
Surrey Heath,Average,0.0,16.47836612598676,0.0,11.212505772742722,0.0,0.0,0,0
Surrey Heath,Liberal,0.0,0.0,0.0,28.85114129097093,0.0,0.0,0,0
Surrey Heath,Blues,0.0,5.7786332,0.0,0.0,0.0,0.0,0,0
Surrey Heath,Reforms,0.0,1.5371594110233122,13.1,0.0,0.0,0.0,0,0
Sussex Weald,Muslim,0.0,0.0,0.0,0.0,0.0,0.4181797999999999,0,0
Sussex Weald,Left,0.0,0.0,0.0,0.0,6.737773832214936,0.0,0,0
Sussex Weald,Progressives,6.222174467808719,0.0,0.0,0.0,0.0,0.0,0,0
Sussex Weald,Average,10.577825532191282,16.86888535766787,0.0,0.0,0.8622261677850585,2.7818202000000003,0,0
Sussex Weald,Liberal,0.0,7.9147684243283365,0.0,20.2,0.0,0.0,0,0
Sussex Weald,Blues,0.0,7.9981798,0.0,0.0,0.0,0.0,0,0
Sussex Weald,Reforms,0.0,1.3181664180037949,18.1,0.0,0.0,0.0,0,0
Sutton and Cheam,Muslim,0.0,7.0677419,0.0,0.0,0.0,0.7,0,0
Sutton and Cheam,Left,0.0,2.5941443421429344,1.6210553269004304,0.0,3.6,0.0,0,0
Sutton and Cheam,Progressives,16.675897473694352,0.0,0.0,0.0,0.0,0.0,0,0
Sutton and Cheam,Average,1.0241025263056471,9.410156757857067,0.0,13.124512724692416,0.0,0.0,0,0
Sutton and Cheam,Liberal,0.0,0.0,0.0,23.775487275307583,0.0,0.0,0,0
Sutton and Cheam,Blues,0.0,9.827957,0.0,0.0,0.0,0.0,0,0
Sutton and Cheam,Reforms,0.0,0.0,10.578944673099569,0.0,0.0,0.0,0,0
Sutton Coldfield,Muslim,0.0,2.6079019999999997,0.0,0.0,0.0,1.4,0,0
Sutton Coldfield,Left,0.0,0.9676383773672508,2.2287405436190704,0.0,5.0,0.0,0,0
Sutton Coldfield,Progressives,14.5739077970799,0.0,0.0,0.0,0.0,0.0,0,0
Sutton Coldfield,Average,18.426092202920103,4.914775117709066,0.0,0.0,0.0,0.0,0,0
Sutton Coldfield,Liberal,0.0,26.350800704923678,0.0,5.4,0.0,0.0,0,0
Sutton Coldfield,Blues,0.0,3.4588838,0.0,0.0,0.0,0.0,0,0
Sutton Coldfield,Reforms,0.0,0.0,14.671259456380918,0.0,0.0,0.0,0,0
Swindon North,Muslim,0.3558000749791006,0.6719402250208995,0.0,0.0,0.0,0.9,0,0
Swindon North,Left,0.0,3.2353095500222437,0.0,0.0,5.4,0.0,0,0
Swindon North,Progressives,9.713546704942054,0.0,0.0,0.0,0.0,0.0,0,0
Swindon North,Average,30.530653220078847,0.0,0.0,0.0,0.0,0.0,0,0
Swindon North,Liberal,0.0,16.288079974496934,0.0,4.7,0.0,0.0,0,0
Swindon North,Blues,0.0,4.5210975,0.0,0.0,0.0,0.0,0,0
Swindon North,Reforms,0.0,6.583572750459922,17.1,0.0,0.0,0.0,0,0
Swindon South,Muslim,2.5391144999999997,0.0,0.0,0.0,0.0,1.1,0,0
Swindon South,Left,2.3058415595629183,0.8537095507285404,0.0,0.0,5.7,0.0,0,0
Swindon South,Progressives,13.347358337177788,0.0,0.0,0.0,0.0,0.0,0,0
Swindon South,Average,30.207685603259293,0.0,0.0,0.0,0.0,0.0,0,0
Swindon South,Liberal,0.0,14.3586871960271,0.0,4.1,0.0,0.0,0,0
Swindon South,Blues,0.0,4.6338058,0.0,0.0,0.0,0.0,0,0
Swindon South,Reforms,0.0,7.053797453244357,13.8,0.0,0.0,0.0,0,0
Tamworth,Muslim,0.0,0.0,0.0,0.0,0.0,0.6495835,0,0
Tamworth,Left,0.0,4.727327679014195,0.0,0.0,3.6,0.4504165000000001,0,0
Tamworth,Progressives,6.713937681346088,0.0,0.0,0.0,0.0,0.0,0,0
Tamworth,Average,28.28606231865391,1.81202933446135,0.0,0.0,0.0,0.0,0,0
Tamworth,Liberal,0.0,18.472370504415444,0.0,3.3,0.0,0.0,0,0
Tamworth,Blues,0.0,2.7182359,0.0,0.0,0.0,0.0,0,0
Tamworth,Reforms,0.0,4.1700365821090095,25.1,0.0,0.0,0.0,0,0
Tatton,Muslim,1.748291,0.0,0.0,0.0,0.0,0.0,0,0
Tatton,Left,1.6890374793357754,0.0,0.0,0.0,5.0,0.0,0,0
Tatton,Progressives,8.691102665665525,0.0,0.0,0.0,0.0,0.0,0,0
Tatton,Average,22.622676538450836,0.0,0.0,0.0,0.0,0.0,0,0
Tatton,Liberal,1.4488923165478624,25.988952701726546,0.0,8.9,0.0,0.0,0,0
Tatton,Blues,0.0,8.1749141,0.0,0.0,0.0,0.0,0,0
Tatton,Reforms,0.0,4.236133198273452,11.5,0.0,0.0,0.0,0,0
Taunton and Wellington,Muslim,0.0,0.4608615,0.0,0.0,0.0,0.3,0,0
Taunton and Wellington,Left,0.0,4.444474242932149,0.0,0.0,3.6,0.0,0,0
Taunton and Wellington,Progressives,7.1,0.0,0.0,1.7697265553387709,0.0,0.0,0,0
Taunton and Wellington,Average,0.0,7.387490752796644,0.0,27.290429804505145,0.0,0.0,0,0
Taunton and Wellington,Liberal,0.0,0.0,0.0,19.339843640156083,0.0,0.0,0,0
Taunton and Wellington,Blues,0.0,4.1810859,0.0,0.0,0.0,0.0,0,0
Taunton and Wellington,Reforms,0.0,8.12608760427121,16.0,0.0,0.0,0.0,0,0
Telford,Muslim,1.3110687,0.0,0.0,0.0,0.0,0.0,0,0
Telford,Left,0.3307490281089718,3.809942997012488,0.0,0.0,5.2,0.0,0,0
Telford,Progressives,12.99262360306641,0.0,0.0,0.0,0.0,0.0,0,0
Telford,Average,30.06555866882462,0.0,0.0,0.0,0.0,0.0,0,0
Telford,Liberal,0.0,12.435089500362889,0.0,3.8,0.0,0.0,0,0
Telford,Blues,0.0,1.0331832,0.0,0.0,0.0,0.0,0,0
Telford,Reforms,0.0,4.121784302624622,24.8,0.0,0.0,0.0,0,0
Tewkesbury,Muslim,0.0,0.5512473,0.0,0.0,0.0,0.4,0,0
Tewkesbury,Left,0.0,1.5382642800934132,0.0,0.0,5.9,0.0,0,0
Tewkesbury,Progressives,7.648380023666302,0.0,0.0,0.0,0.0,0.0,0,0
Tewkesbury,Average,1.2516199763336981,13.012487476790149,0.0,14.437295791299675,0.0,0.0,0,0
Tewkesbury,Liberal,0.0,0.0,0.0,28.262704208700328,0.0,0.0,0,0
Tewkesbury,Blues,0.0,5.5651509,0.0,0.0,0.0,0.0,0,0
Tewkesbury,Reforms,0.0,9.032850043116438,12.4,0.0,0.0,0.0,0,0
The Wrekin,Muslim,0.0,2.5901663,0.0,0.0,0.0,1.1,0,0
The Wrekin,Left,0.0,4.64170490645958,0.0,0.0,6.1,0.0,0,0
The Wrekin,Progressives,10.980068863602504,0.0,0.0,0.0,0.0,0.0,0,0
The Wrekin,Average,19.919931136397494,3.564796684022866,0.0,0.0,0.0,0.0,0,0
The Wrekin,Liberal,0.0,10.904314566254023,0.0,9.5,0.0,0.0,0,0
The Wrekin,Blues,0.0,7.558716600000001,0.0,0.0,0.0,0.0,0,0
The Wrekin,Reforms,0.0,3.340300943263532,19.8,0.0,0.0,0.0,0,0
Thirsk and Malton,Muslim,0.0,0.0,0.0,0.0,0.0,0.2520922,0,0
Thirsk and Malton,Left,0.0,0.0,0.0,0.0,6.0,0.8936026692684669,0,0
Thirsk and Malton,Progressives,7.856287704269101,0.0,0.0,0.0,0.0,0.0,0,0
Thirsk and Malton,Average,16.2437122957309,4.38789509542341,0.0,0.0,0.0,0.7543051307315274,0,0
Thirsk and Malton,Liberal,0.0,11.584243591200494,0.0,10.8,0.0,0.0,0,0
Thirsk and Malton,Blues,0.0,14.7651,0.0,0.0,0.0,0.0,0,0
Thirsk and Malton,Reforms,0.0,8.462761313376099,18.0,0.0,0.0,0.0,0,0
Thornbury and Yate,Muslim,0.0,0.5949287999999999,0.0,0.0,0.0,0.0,0,0
Thornbury and Yate,Left,0.0,4.2128273845779045,0.0,0.0,4.1,0.0,0,0
Thornbury and Yate,Progressives,6.107522511284736,0.0,0.0,0.0,0.0,0.0,0,0
Thornbury and Yate,Average,3.3924774887152642,13.006106933440623,0.0,9.496091767043417,0.0,0.0,0,0
Thornbury and Yate,Liberal,0.0,0.0,0.0,29.503908232956583,0.0,0.0,0,0
Thornbury and Yate,Blues,0.0,7.098497700000001,0.0,0.0,0.0,0.0,0,0
Thornbury and Yate,Reforms,0.0,8.387639181981479,14.1,0.0,0.0,0.0,0,0
Thurrock,Muslim,0.0,1.4042774903160922,1.9014919096839078,0.0,0.0,3.0,0,0
Thurrock,Left,0.0,0.0,5.8532265969612896,0.0,4.3,0.0,0,0
Thurrock,Progressives,24.18552484516129,0.0,0.0,0.0,0.0,0.0,0,0
Thurrock,Average,18.514475154838713,2.644328439619393,0.0,0.0,0.0,0.0,0,0
Thurrock,Liberal,0.0,13.797936570064516,0.0,3.1,0.0,0.0,0,0
Thurrock,Blues,0.0,3.4534575,0.0,0.0,0.0,0.0,0,0
Thurrock,Reforms,0.0,0.0,17.745281493354803,0.0,0.0,0.0,0,0
Tipton and Wednesbury,Muslim,0.0,2.6871792999999986,0.0,0.0,0.0,5.0,0,0
Tipton and Wednesbury,Left,0.0,6.486960472512472,0.0,0.0,4.7,0.0,0,0
Tipton and Wednesbury,Progressives,19.38155096548544,0.0,0.0,0.0,0.0,0.0,0,0
Tipton and Wednesbury,Average,17.518449034514557,3.623386811276763,0.0,0.0,0.0,0.0,0,0
Tipton and Wednesbury,Liberal,0.0,10.455772960908254,0.0,1.9,0.0,0.0,0,0
Tipton and Wednesbury,Blues,0.0,2.1948429,0.0,0.0,0.0,0.0,0,0
Tipton and Wednesbury,Reforms,0.0,0.8518575553025123,25.2,0.0,0.0,0.0,0,0
Tiverton and Minehead,Muslim,0.0,0.1720303,0.0,0.0,0.0,0.0,0,0
Tiverton and Minehead,Left,0.0,2.139386329034852,0.0,0.0,4.7,0.0,0,0
Tiverton and Minehead,Progressives,7.178743405857818,0.0,0.0,0.0,0.0,0.0,0,0
Tiverton and Minehead,Average,1.9212565941421813,6.305846270659188,0.0,17.04774952609631,0.0,0.0,0,0
Tiverton and Minehead,Liberal,0.0,0.0,0.0,21.55225047390369,0.0,0.0,0,0
Tiverton and Minehead,Blues,0.0,12.9523,0.0,0.0,0.0,0.0,0,0
Tiverton and Minehead,Reforms,0.0,9.630437100305958,16.4,0.0,0.0,0.0,0,0
Tonbridge,Muslim,0.0,0.0,0.0,0.0,0.0,0.9731009,0,0
Tonbridge,Left,0.0,0.0,0.0,0.0,7.571526017065845,0.0,0,0
Tonbridge,Progressives,7.813594748741282,0.0,0.0,0.0,0.0,0.0,0,0
Tonbridge,Average,10.78640525125872,4.401798079653673,0.0,0.0,7.528473982934137,1.1268991000000002,0,0
Tonbridge,Liberal,0.0,21.663824599120254,0.0,8.4,0.0,0.0,0,0
Tonbridge,Blues,0.0,11.2113953,0.0,0.0,0.0,0.0,0,0
Tonbridge,Reforms,0.0,3.5229820212260705,15.0,0.0,0.0,0.0,0,0
Tooting,Muslim,5.361807049137781,2.391871062286169,0.0,0.0,0.21610198857604956,2.6,0,0
Tooting,Left,0.0,0.0,0.0,0.0,10.48389801142395,0.0,0,0
Tooting,Progressives,35.033129857037395,0.0,0.0,0.0,0.0,0.0,0,0
Tooting,Average,14.805063093824828,0.0,0.0,0.0,0.0,0.0,0,0
Tooting,Liberal,0.0,6.712014327910932,0.0,8.4,0.0,0.0,0,0
Tooting,Blues,0.0,7.198491000000001,0.0,0.0,0.0,0.0,0,0
Tooting,Reforms,0.0,1.997623609802897,4.8,0.0,0.0,0.0,0,0
Torbay,Muslim,0.0,0.13122,0.0,0.0,0.0,0.5,0,0
Torbay,Left,0.0,4.12091254311296,0.0,0.0,3.1,0.0,0,0
Torbay,Progressives,7.1,0.0,0.0,2.198988879449816,0.0,0.0,0,0
Torbay,Average,0.0,15.32432013375977,0.0,26.407485051370557,0.0,0.0,0,0
Torbay,Liberal,0.0,0.0,0.0,12.493526069179628,0.0,0.0,0,0
Torbay,Blues,0.0,0.279722,0.0,0.0,0.0,0.0,0,0
Torbay,Reforms,0.0,9.543825323127276,18.8,0.0,0.0,0.0,0,0
Torridge and Tavistock,Muslim,0.0,0.0,0.0,0.0,0.0,0.1697206,0,0
Torridge and Tavistock,Left,0.0,1.2426514197812688,0.0,0.0,4.6,0.6302794,0,0
Torridge and Tavistock,Progressives,6.638394213539479,0.0,0.0,0.0,0.0,0.0,0,0
Torridge and Tavistock,Average,14.56160578646052,10.399124523108872,0.0,3.6989753917793493,0.0,0.0,0,0
Torridge and Tavistock,Liberal,0.0,0.0,0.0,20.10102460822065,0.0,0.0,0,0
Torridge and Tavistock,Blues,0.0,11.0666,0.0,0.0,0.0,0.0,0,0
Torridge and Tavistock,Reforms,0.0,8.891624057109858,18.0,0.0,0.0,0.0,0,0
Tottenham,Muslim,0.2129985142192794,0.0,0.0,0.0,6.655416585780721,9.0,0,0
Tottenham,Left,0.0,0.0,0.0,0.0,12.34458341421928,0.0,0,0
Tottenham,Progressives,47.67072413404259,0.0,0.0,0.0,0.0,0.0,0,0
Tottenham,Average,2.3625886210109,0.0,0.0,0.0,0.0,0.0,0,0
Tottenham,Liberal,4.884253169606356,0.0,0.0,4.8,0.0,0.0,0,0
Tottenham,Blues,0.2607329000000007,5.8,0.0,0.0,0.0,0.0,0,0
Tottenham,Reforms,2.00870266112086,0.0,4.0,0.0,0.0,0.0,0,0
Truro and Falmouth,Muslim,0.0,0.0,0.0,0.0,0.0,0.4942773,0,0
Truro and Falmouth,Left,2.026893637648989,2.7581437588318565,0.0,0.0,6.9,0.8057227,0,0
Truro and Falmouth,Progressives,9.300800045968437,0.0,0.0,0.0,0.0,0.0,0,0
Truro and Falmouth,Average,29.97230631638257,0.0,0.0,0.0,0.0,0.0,0,0
Truro and Falmouth,Liberal,0.0,5.60922187044304,0.0,13.0,0.0,0.0,0,0
Truro and Falmouth,Blues,0.0,8.1067078,0.0,0.0,0.0,0.0,0,0
Truro and Falmouth,Reforms,0.0,8.625926570725102,12.3,0.0,0.0,0.0,0,0
Tunbridge Wells,Muslim,0.0,0.6490941999999997,0.0,0.0,0.0,1.1,0,0
Tunbridge Wells,Left,0.0,2.41527154133382,0.0,0.0,4.3,0.0,0,0
Tunbridge Wells,Progressives,11.4,0.0,0.0,0.1341431308431389,0.0,0.0,0,0
Tunbridge Wells,Average,0.0,9.70175205778796,0.0,14.964067479681969,0.0,0.0,0,0
Tunbridge Wells,Liberal,0.0,0.0,0.0,28.501789389474894,0.0,0.0,0,0
Tunbridge Wells,Blues,0.0,10.3587836,0.0,0.0,0.0,0.0,0,0
Tunbridge Wells,Reforms,0.0,4.475098600878205,12.0,0.0,0.0,0.0,0,0
Twickenham,Muslim,0.0,3.5673266,0.0,0.0,0.0,0.6,0,0
Twickenham,Left,0.0,1.8185624481081666,0.0,0.0,6.7,0.0,0,0
Twickenham,Progressives,12.5,0.0,0.0,6.109893473694889,0.0,0.0,0,0
Twickenham,Average,0.0,4.096396672664987,0.0,18.09682078547187,0.0,0.0,0,0
Twickenham,Liberal,0.0,0.0,0.0,32.09328574083324,0.0,0.0,0,0
Twickenham,Blues,0.0,6.1338101,0.0,0.0,0.0,0.0,0,0
Twickenham,Reforms,0.0,0.6839041792268468,7.6,0.0,0.0,0.0,0,0
Tynemouth,Muslim,0.0,0.0,0.0,0.0,0.0,1.3312056,0,0
Tynemouth,Left,0.0,0.0,0.0,0.0,7.4,0.3275971046997572,0,0
Tynemouth,Progressives,8.388745338781522,0.0,0.0,0.0,0.0,0.0,0,0
Tynemouth,Average,35.38670934622323,0.0,0.0,0.0,0.0,0.0,0,0
Tynemouth,Liberal,6.824545314995248,11.68449392229148,0.0,5.6,0.0,0.741197295300239,0,0
Tynemouth,Blues,0.0,0.3412659999999999,0.0,0.0,0.0,0.0,0,0
Tynemouth,Reforms,0.0,6.674240077708518,15.3,0.0,0.0,0.0,0,0
Uxbridge and South Ruislip,Muslim,0.81385727606812,8.4039245008704,1.6327776230614806,0.0,0.0,1.3,0,0
Uxbridge and South Ruislip,Left,0.0,0.0,3.4004257429835008,0.0,9.5,0.0,0,0
Uxbridge and South Ruislip,Progressives,24.08059579141012,0.0,0.0,0.0,0.0,0.0,0,0
Uxbridge and South Ruislip,Average,11.305546932521764,0.0,0.0,0.0,0.0,0.0,0,0
Uxbridge and South Ruislip,Liberal,0.0,16.864428999129597,0.0,3.8,0.0,0.0,0,0
Uxbridge and South Ruislip,Blues,0.0,9.6316465,0.0,0.0,0.0,0.0,0,0
Uxbridge and South Ruislip,Reforms,0.0,0.0,9.266796633955025,0.0,0.0,0.0,0,0
Vauxhall and Camberwell Green,Muslim,4.897863152053262,1.9760599422863905,0.0,0.0,2.1587347056603488,0.5,0,0
Vauxhall and Camberwell Green,Left,0.0,0.0,0.0,0.0,14.941265294339653,0.0,0,0
Vauxhall and Camberwell Green,Progressives,52.50213684794674,0.0,0.0,0.0,0.0,0.0,0,0
Vauxhall and Camberwell Green,Average,0.0,0.0,0.0,0.0,0.0,0.0,0,0
Vauxhall and Camberwell Green,Liberal,0.0,1.1916860838248926,0.0,12.1,0.0,0.0,0,0
Vauxhall and Camberwell Green,Blues,0.0,3.2736018,0.0,0.0,0.0,0.0,0,0
Vauxhall and Camberwell Green,Reforms,0.0,1.0586521738887127,5.4,0.0,0.0,0.0,0,0
Wakefield and Rothwell,Muslim,1.4724444488628308,2.4782926511371697,0.0,0.0,0.0,3.7,0,0
Wakefield and Rothwell,Left,0.0,2.800793277233713,0.0,0.0,5.9,0.0,0,0
Wakefield and Rothwell,Progressives,9.578203268275145,0.0,0.0,0.0,0.0,0.0,0,0
Wakefield and Rothwell,Average,32.649352282862026,0.0,0.0,0.0,0.0,0.0,0,0
Wakefield and Rothwell,Liberal,0.0,6.680576948303909,0.0,8.0,0.0,0.0,0,0
Wakefield and Rothwell,Blues,0.0,1.1710792,0.0,0.0,0.0,0.0,0,0
Wakefield and Rothwell,Reforms,0.0,4.869257923325208,20.7,0.0,0.0,0.0,0,0
Wallasey,Muslim,0.0,0.0,0.0,0.0,0.0,0.7683932,0,0
Wallasey,Left,0.0,0.0,0.0,0.0,8.26851603509712,0.0,0,0
Wallasey,Progressives,8.093813741812061,0.0,0.0,0.0,0.0,0.0,0,0
Wallasey,Average,38.32872868732748,0.0,0.0,0.0,0.0,0.0,0,0
Wallasey,Liberal,11.277457570860463,0.0,0.0,4.3,0.6107552454442491,0.0,0,0
Wallasey,Blues,0.0,0.4552193,0.0,0.0,0.0,0.0,0,0
Wallasey,Reforms,0.0,11.2447807,15.6,0.0,0.2207287194586307,0.7316068,0,0
Walsall and Bloxwich,Muslim,0.0,1.458244900000004,0.0,0.0,0.0,20.4,0,0
Walsall and Bloxwich,Left,0.0,5.6729088506489065,0.6812131223281828,0.0,6.2,0.0,0,0
Walsall and Bloxwich,Progressives,18.759757000406463,0.0,0.0,0.0,0.0,0.0,0,0
Walsall and Bloxwich,Average,14.840242999593539,0.6272331996559508,0.0,0.0,0.0,0.0,0,0
Walsall and Bloxwich,Liberal,0.0,7.913659849695139,0.0,2.2,0.0,0.0,0,0
Walsall and Bloxwich,Blues,0.0,2.3279532,0.0,0.0,0.0,0.0,0,0
Walsall and Bloxwich,Reforms,0.0,0.0,18.91878687767181,0.0,0.0,0.0,0,0
Walthamstow,Muslim,5.566034303802661,0.0,0.0,0.0,9.94772109619734,7.8,0,0
Walthamstow,Left,0.0,0.0,0.0,0.0,10.05227890380266,0.0,0,0
Walthamstow,Progressives,33.136550963861666,0.0,0.0,0.0,0.0,0.0,0,0
Walthamstow,Average,7.603514835965441,0.0,0.0,0.0,0.0,0.0,0,0
Walthamstow,Liberal,12.460980314603749,0.0,0.0,3.8,0.0,0.0,0,0
Walthamstow,Blues,0.0,3.0568344,0.0,0.0,0.0,0.0,0,0
Walthamstow,Reforms,0.53291958176648,2.0431655999999996,4.0,0.0,0.0,0.0,0,0
Warrington North,Muslim,0.0,0.0,0.0,0.0,0.0,1.421698,0,0
Warrington North,Left,3.3382920573396095,0.0,0.0,0.0,4.7,0.17830200000000018,0,0
Warrington North,Progressives,6.867704919366281,0.0,0.0,0.0,0.0,0.0,0,0
Warrington North,Average,30.826929847756944,0.0,0.0,0.0,0.0,0.0,0,0
Warrington North,Liberal,5.767073175537162,9.563061955420517,0.0,6.8,0.0,0.0,0,0
Warrington North,Blues,0.0,3.5469983000000003,0.0,0.0,0.0,0.0,0,0
Warrington North,Reforms,0.0,3.089939744579482,23.8,0.0,0.0,0.0,0,0
Warrington South,Muslim,1.0884958999999998,0.0,0.0,0.0,0.0,1.1,0,0
Warrington South,Left,3.0902532250358314,0.0,0.0,0.0,4.7,0.0,0,0
Warrington South,Progressives,8.696044223203614,0.0,0.0,0.0,0.0,0.0,0,0
Warrington South,Average,30.441961643317413,0.0,0.0,0.0,0.0,0.0,0,0
Warrington South,Liberal,3.3832450084431382,15.756785932369718,0.0,7.7,0.0,0.0,0,0
Warrington South,Blues,0.0,2.1337522,0.0,0.0,0.0,0.0,0,0
Warrington South,Reforms,0.0,6.0094618676302805,15.9,0.0,0.0,0.0,0,0
Warwick and Leamington,Muslim,1.3707281,0.0,0.0,0.0,0.0,0.3,0,0
Warwick and Leamington,Left,3.943134240629332,0.0,0.0,0.0,9.1,0.0,0,0
Warwick and Leamington,Progressives,18.4922200239282,0.0,0.0,0.0,0.0,0.0,0,0
Warwick and Leamington,Average,21.24632099810124,0.0,0.0,0.0,0.0,0.0,0,0
Warwick and Leamington,Liberal,3.647596637341227,13.498034263276931,0.0,7.9,0.0,0.0,0,0
Warwick and Leamington,Blues,0.0,5.3826679,0.0,0.0,0.0,0.0,0,0
Warwick and Leamington,Reforms,0.0,4.619297836723067,10.5,0.0,0.0,0.0,0,0
Washington and Gateshead South,Muslim,0.0,0.0,0.0,0.0,0.0,0.6619925,0,0
Washington and Gateshead South,Left,3.3858838252198975,0.0,0.0,0.0,4.6,0.9380075000000101,0,0
Washington and Gateshead South,Progressives,5.274332553221699,0.0,0.0,0.0,0.0,0.0,0,0
Washington and Gateshead South,Average,33.700843539586415,0.0,0.0,0.0,0.0,0.0,0,0
Washington and Gateshead South,Liberal,5.438940081971987,7.9613396991929175,0.0,4.3,0.0,0.0,0,0
Washington and Gateshead South,Blues,0.0,0.5851094,0.0,0.0,0.0,0.0,0,0
Washington and Gateshead South,Reforms,0.0,4.053550900807082,29.1,0.0,0.0,0.0,0,0
Watford,Muslim,0.0,6.045238599999999,0.0,0.0,0.0,6.4,0,0
Watford,Left,0.0,2.8045969511048003,0.6665377235372123,0.0,5.5,0.0,0,0
Watford,Progressives,20.930336477924563,0.0,0.0,0.0,0.0,0.0,0,0
Watford,Average,14.369663522075435,0.6758479919103237,0.0,0.0,0.0,0.0,0,0
Watford,Liberal,0.0,4.5390296569848765,0.0,17.0,0.0,0.0,0,0
Watford,Blues,0.0,10.6352868,0.0,0.0,0.0,0.0,0,0
Watford,Reforms,0.0,0.0,10.433462276462784,0.0,0.0,0.0,0,0
Waveney Valley,Muslim,0.0,0.0,0.0,0.0,0.08346919999999997,0.2,0,0
Waveney Valley,Left,0.0,0.0,0.0,0.0,6.337475474166116,0.0,0,0
Waveney Valley,Progressives,5.962223783335885,0.0,0.0,0.0,0.0,0.0,0,0
Waveney Valley,Average,3.4377762166641155,0.0,0.0,0.0,14.964593823476733,0.0,0,0
Waveney Valley,Liberal,0.0,2.1469729929738275,0.0,2.5,20.314461502357155,0.0,0,0
Waveney Valley,Blues,0.0,17.646051300000003,0.0,0.0,0.0,0.0,0,0
Waveney Valley,Reforms,0.0,10.50697570702617,15.9,0.0,0.0,0.0,0,0
Weald of Kent,Muslim,0.0,0.0,0.0,0.0,0.5385668,0.0,0,0
Weald of Kent,Left,0.0,0.0,0.0,0.0,6.900099110514494,0.0,0,0
Weald of Kent,Progressives,6.729338576820577,0.0,0.0,0.0,0.0,0.0,0,0
Weald of Kent,Average,16.470661423179422,0.0,0.6728344144221268,0.0,1.3168567518922245,0.0,0,0
Weald of Kent,Liberal,0.0,21.6939206,0.0,7.8,0.24447733759328116,0.0,0,0
Weald of Kent,Blues,0.0,18.1060794,0.0,0.0,0.0,0.0,0,0
Weald of Kent,Reforms,0.0,0.0,19.427165585577875,0.0,0.0,0.0,0,0
Wellingborough and Rushden,Muslim,1.1641827999999999,0.0,0.0,0.0,0.0,0.6,0,0
Wellingborough and Rushden,Left,0.6310892602522946,1.8847678919772353,0.0,0.0,6.1,0.0,0,0
Wellingborough and Rushden,Progressives,11.214290079947553,0.0,0.0,0.0,0.0,0.0,0,0
Wellingborough and Rushden,Average,27.29043785980015,0.0,0.0,0.0,0.0,0.0,0,0
Wellingborough and Rushden,Liberal,0.0,15.190424352747725,0.0,3.6,0.0,0.0,0,0
Wellingborough and Rushden,Blues,0.0,5.8329895,0.0,0.0,0.0,0.0,0,0
Wellingborough and Rushden,Reforms,0.0,4.891818255275041,21.5,0.0,0.0,0.0,0,0
Wells and Mendip Hills,Muslim,0.0,0.0,0.0,0.0,0.0,0.2245898,0,0
Wells and Mendip Hills,Left,0.0,0.0,0.0,0.0,4.1,3.1529069767441715,0,0
Wells and Mendip Hills,Progressives,6.545669078614043,0.0,0.0,0.0,0.0,0.0,0,0
Wells and Mendip Hills,Average,0.45433092138595743,0.9686262317979448,0.0,17.70371865232492,0.0,0.6225032232558285,0,0
Wells and Mendip Hills,Liberal,0.0,0.0,0.0,29.19628134767508,0.0,0.0,0,0
Wells and Mendip Hills,Blues,0.0,15.103445200000005,0.0,0.0,0.0,0.0,0,0
Wells and Mendip Hills,Reforms,0.0,8.727928568202051,13.1,0.0,0.0,0.0,0,0
Welwyn Hatfield,Muslim,0.6763064140501669,2.6160012859498334,0.0,0.0,0.0,0.0,0,0
Welwyn Hatfield,Left,0.0,7.14658109913018,0.0,0.0,6.2,0.0,0,0
Welwyn Hatfield,Progressives,15.728823649559263,0.0,0.0,0.0,0.0,0.0,0,0
Welwyn Hatfield,Average,24.59486993639057,0.0,0.0,0.0,0.0,0.0,0,0
Welwyn Hatfield,Liberal,0.0,15.144840525857001,0.0,6.4,0.0,0.0,0,0
Welwyn Hatfield,Blues,0.0,6.9701098,0.0,0.0,0.0,0.0,0,0
Welwyn Hatfield,Reforms,0.0,1.3224672890629883,13.2,0.0,0.0,0.0,0,0
West Bromwich,Muslim,2.682171397230306,3.9917699027696933,0.0,0.0,0.0,5.0,0,0
West Bromwich,Left,0.0,3.5503132228169925,2.3144067487618543,0.0,5.6,0.0,0,0
West Bromwich,Progressives,29.896225327819835,0.0,0.0,0.0,0.0,0.0,0,0
West Bromwich,Average,13.621603274949862,0.0,0.0,0.0,0.0,0.0,0,0
West Bromwich,Liberal,0.0,8.573670974413314,0.0,3.6,0.0,0.0,0,0
West Bromwich,Blues,0.0,3.9842459,0.0,0.0,0.0,0.0,0,0
West Bromwich,Reforms,0.0,0.0,17.185593251238146,0.0,0.0,0.0,0,0
West Dorset,Muslim,0.0,0.0,0.0,0.0,0.0,0.531051,0,0
West Dorset,Left,0.0,0.42829363106203644,0.0,0.0,4.3,1.3689489999999997,0,0
West Dorset,Progressives,5.9,0.0,0.0,2.0794621272551197,0.0,0.0,0,0
West Dorset,Average,0.0,3.4903718567930397,0.0,27.16332074491367,0.0,0.0,0,0
West Dorset,Liberal,0.0,0.0,0.0,22.05721712783121,0.0,0.0,0,0
West Dorset,Blues,0.0,10.9732376,0.0,0.0,0.0,0.0,0,0
West Dorset,Reforms,0.0,21.608096912144926,0.0,0.0,0.0,0.0,0,0
West Ham and Beckton,Muslim,2.2618833670020564,1.3162718329979448,0.0,0.0,0.0,21.5,0,0
West Ham and Beckton,Left,0.0,0.4361309447536019,3.060779716779929,0.0,10.7,0.0,0,0
West Ham and Beckton,Progressives,41.93180546883774,0.0,0.0,0.0,0.0,0.0,0,0
West Ham and Beckton,Average,1.0063111641602092,0.0,0.0,0.0,0.0,0.0,0,0
West Ham and Beckton,Liberal,0.0,4.321721122248453,0.0,4.4,0.0,0.0,0,0
West Ham and Beckton,Blues,0.0,4.3258761,0.0,0.0,0.0,0.0,0,0
West Ham and Beckton,Reforms,0.0,0.0,4.639220283220071,0.0,0.0,0.0,0,0
West Lancashire,Muslim,0.4569982999999999,0.0,0.0,0.0,0.0,0.0,0,0
West Lancashire,Left,6.80472701880622,0.0,0.0,0.0,7.4,0.0,0,0
West Lancashire,Progressives,5.919818828583163,0.0,0.0,0.0,0.0,0.0,0,0
West Lancashire,Average,27.512869063246058,0.0,0.0,0.0,0.0,0.0,0,0
West Lancashire,Liberal,9.805586789364556,7.583231622268093,0.0,4.6,0.0,0.0,0,0
West Lancashire,Blues,0.0,5.432688300000001,0.0,0.0,0.0,0.0,0,0
West Lancashire,Reforms,0.0,6.584080077731908,17.9,0.0,0.0,0.0,0,0
West Suffolk,Muslim,0.0,0.0,0.0,0.0,0.0,1.2662085,0,0
West Suffolk,Left,0.0,2.2550227442486435,0.0,0.0,6.3,0.8337915,0,0
West Suffolk,Progressives,11.67594921633435,0.0,0.0,0.0,0.0,0.0,0,0
West Suffolk,Average,15.524050783665649,6.174724592388229,0.0,0.0,0.0,0.0,0,0
West Suffolk,Liberal,0.0,10.800948420299086,0.0,9.3,0.0,0.0,0,0
West Suffolk,Blues,0.0,11.1376808,0.0,0.0,0.0,0.0,0,0
West Suffolk,Reforms,0.0,3.9316234430640407,20.8,0.0,0.0,0.0,0,0
West Worcestershire,Muslim,0.0,0.0,0.0,0.0,0.0,0.426576,0,0
West Worcestershire,Left,0.0,0.0,0.0,0.0,6.842130188723909,0.0,0,0
West Worcestershire,Progressives,6.707999131804798,0.0,0.0,0.0,0.0,0.0,0,0
West Worcestershire,Average,8.492000868195202,11.393933506275108,0.0,0.0,2.457869811276089,0.27342399999999994,0,0
West Worcestershire,Liberal,0.0,5.583651956375686,0.0,24.2,0.0,0.0,0,0
West Worcestershire,Blues,0.0,12.8274387,0.0,0.0,0.0,0.0,0,0
West Worcestershire,Reforms,0.0,6.394975837349209,14.4,0.0,0.0,0.0,0,0
Westmorland and Lonsdale,Muslim,0.0,0.0,0.0,0.0,0.0,0.293668,0,0
Westmorland and Lonsdale,Left,0.0,0.0,0.0,3.841596286506343,3.0,0.0,0,0
Westmorland and Lonsdale,Progressives,4.7,0.0,0.0,2.631728149678419,0.0,0.0,0,0
Westmorland and Lonsdale,Average,0.0,0.0,0.0,23.61696554014865,0.0,0.0,0,0
Westmorland and Lonsdale,Liberal,0.0,0.0,0.0,23.63747315628299,0.0,0.0,0,0
Westmorland and Lonsdale,Blues,0.0,13.5474,0.0,0.0,0.0,0.0,0,0
Westmorland and Lonsdale,Reforms,0.0,5.852599999999999,9.8,8.872236867383602,0.0,0.20633200000000002,0,0
Weston-super-Mare,Muslim,0.0,0.8430068000000001,0.0,0.0,0.0,0.0,0,0
Weston-super-Mare,Left,0.0,2.0609927672644193,0.0,0.0,6.3,0.0,0,0
Weston-super-Mare,Progressives,9.196648140560333,0.0,0.0,0.0,0.0,0.0,0,0
Weston-super-Mare,Average,29.303351859439665,6.199618113702051,0.0,0.0,0.0,0.0,0,0
Weston-super-Mare,Liberal,0.0,8.37270688755173,0.0,8.9,0.0,0.0,0,0
Weston-super-Mare,Blues,0.0,1.4802622000000003,0.0,0.0,0.0,0.0,0,0
Weston-super-Mare,Reforms,0.0,9.143413231481802,18.2,0.0,0.0,0.0,0,0
Wetherby and Easingwold,Muslim,0.0,0.0,0.0,0.0,0.0,0.6369636,0,0
Wetherby and Easingwold,Left,0.0,0.0,0.0,0.0,6.705661713596246,0.0,0,0
Wetherby and Easingwold,Progressives,7.594542317867567,0.0,0.0,0.0,0.0,0.0,0,0
Wetherby and Easingwold,Average,15.940292357215384,0.0,0.0,0.0,0.0,0.0,0,0
Wetherby and Easingwold,Liberal,6.56516532491705,17.018543276777066,0.0,6.4,1.994338286403753,0.7630364,0,0
Wetherby and Easingwold,Blues,0.0,18.161120500000003,0.0,0.0,0.0,0.0,0,0
Wetherby and Easingwold,Reforms,0.0,4.220336223222928,13.9,0.0,0.0,0.0,0,0
Whitehaven and Workington,Muslim,0.3826476,0.0,0.0,0.0,0.0,0.0,0,0
Whitehaven and Workington,Left,4.945538517659623,0.0,0.0,0.0,2.9,0.0,0,0
Whitehaven and Workington,Progressives,4.107839963430624,0.0,0.0,0.0,0.0,0.0,0,0
Whitehaven and Workington,Average,30.793805446696027,0.0,0.0,0.0,0.0,0.0,0,0
Whitehaven and Workington,Liberal,10.824525027344546,0.0,0.0,2.8,0.0,0.0,0,0
Whitehaven and Workington,Blues,0.0,8.421000000000001,0.0,0.0,0.0,0.0,0,0
Whitehaven and Workington,Reforms,1.845643444869177,11.778999999999998,21.2,0.0,0.0,0.0,0,0
Widnes and Halewood,Muslim,0.0,0.0,0.0,0.0,0.0,0.5834217,0,0
Widnes and Halewood,Left,3.6487145876247205,0.0,0.0,0.0,5.4,0.0,0,0
Widnes and Halewood,Progressives,5.477665114937776,0.0,0.0,0.0,0.0,0.0,0,0
Widnes and Halewood,Average,35.06818864414137,0.0,0.0,0.0,0.0,0.0,0,0
Widnes and Halewood,Liberal,14.614700549452266,0.0,0.0,4.2,0.0,0.0,0,0
Widnes and Halewood,Blues,0.0,0.4917827999999999,0.0,0.0,0.0,0.0,0,0
Widnes and Halewood,Reforms,2.7907311038438642,8.7082172,18.5,0.0,0.0,0.5165783,0,0
Wigan,Muslim,0.0,0.0,0.0,0.0,0.0,1.4872724,0,0
Wigan,Left,0.0,0.0,0.0,0.0,4.0,4.951684730431559,0,0
Wigan,Progressives,7.496709322525816,0.0,0.0,0.0,0.0,0.0,0,0
Wigan,Average,34.826290418029885,0.0,0.0,0.0,0.0,0.0,0,0
Wigan,Liberal,5.077000259444297,3.149053810768672,0.0,4.1,0.0,3.3610428695684416,0,0
Wigan,Blues,0.0,1.5461519,0.0,0.0,0.0,0.0,0,0
Wigan,Reforms,0.0,5.804794289231328,24.1,0.0,0.0,0.0,0,0
Wimbledon,Muslim,0.0,6.3922550000000005,0.0,0.0,0.0,1.1,0,0
Wimbledon,Left,0.0,1.7757916255988393,0.0,1.6592857459325145,4.4,0.0,0,0
Wimbledon,Progressives,21.3,0.0,0.0,2.040741476399905,0.0,0.0,0,0
Wimbledon,Average,0.0,0.0,0.0,9.6276233021635,0.0,0.0,0,0
Wimbledon,Liberal,0.0,0.0,0.0,31.772349475504083,0.0,0.0,0,0
Wimbledon,Blues,0.0,13.51751,0.0,0.0,0.0,0.0,0,0
Wimbledon,Reforms,0.0,0.5144433744011518,5.9,0.0,0.0,0.0,0,0
Winchester,Muslim,0.0,0.0,0.0,0.0,0.0,0.7578722,0,0
Winchester,Left,0.0,7.804247611231469,0.0,0.0,4.8,0.04212780000000005,0,0
Winchester,Progressives,5.3,0.0,0.0,5.343538381440562,0.0,0.0,0,0
Winchester,Average,0.0,4.062014796235307,0.0,21.161221757011045,0.0,0.0,0,0
Winchester,Liberal,0.0,0.0,0.0,25.99523986154839,0.0,0.0,0,0
Winchester,Blues,0.0,10.178317,0.0,0.0,0.0,0.0,0,0
Winchester,Reforms,0.0,6.155420592533222,8.4,0.0,0.0,0.0,0,0
Windsor,Muslim,0.0,1.6454412000000005,0.0,0.0,0.0,5.0,0,0
Windsor,Left,0.0,8.7050409282276,0.0,0.0,5.1,0.0,0,0
Windsor,Progressives,20.44753300908809,0.0,0.0,0.0,0.0,0.0,0,0
Windsor,Average,1.752466990911909,9.591760829504254,0.0,0.0,0.0,0.0,0,0
Windsor,Liberal,0.0,6.2191705474572,0.0,21.1,0.0,0.0,0,0
Windsor,Blues,0.0,9.3324988,0.0,0.0,0.0,0.0,0,0
Windsor,Reforms,0.0,0.8060876948109481,10.3,0.0,0.0,0.0,0,0
Wirral West,Muslim,0.0,0.0,0.0,0.0,0.4642483,0.0,0,0
Wirral West,Left,0.0,0.0,0.0,0.0,6.853864734299507,0.0,0,0
Wirral West,Progressives,5.908573668558024,0.0,0.0,0.0,0.0,0.0,0,0
Wirral West,Average,40.49142633144197,3.1330771105557815,0.0,0.0,0.9818869657004896,0.0,0,0
Wirral West,Liberal,0.0,16.28525667886518,0.0,6.1,0.0,0.0,0,0
Wirral West,Blues,0.0,0.861623,0.0,0.0,0.0,0.0,0,0
Wirral West,Reforms,0.0,6.020043210579038,12.9,0.0,0.0,0.0,0,0
Witham,Muslim,0.0,0.0,0.0,0.0,0.0,0.5938254,0,0
Witham,Left,0.0,0.0,0.0,0.0,7.0,0.5298790898637487,0,0
Witham,Progressives,7.191016665817995,0.0,0.0,0.0,0.0,0.0,0,0
Witham,Average,19.808983334182006,0.5171413807766392,0.0,0.0,0.0,1.3762955101362513,0,0
Witham,Liberal,0.0,21.109294371447444,0.0,6.8,0.0,0.0,0,0
Witham,Blues,0.0,12.188564,0.0,0.0,0.0,0.0,0,0
Witham,Reforms,0.0,3.3850002477759205,19.5,0.0,0.0,0.0,0,0
Witney,Muslim,0.0,0.0,0.0,0.0,0.0,0.7495604,0,0
Witney,Left,0.0,4.63999986642244,0.0,0.0,3.3,0.2504396,0,0
Witney,Progressives,9.4,0.0,0.0,0.932014030839019,0.0,0.0,0,0
Witney,Average,0.0,9.27041471848207,0.0,11.6517042119161,0.0,0.0,0,0
Witney,Liberal,0.0,0.0,0.0,28.616281757244884,0.0,0.0,0,0
Witney,Blues,0.0,11.030253300000002,0.0,0.0,0.0,0.0,0,0
Witney,Reforms,0.0,7.659332115095484,12.5,0.0,0.0,0.0,0,0
Woking,Muslim,0.0,9.060899699999998,0.0,0.0,0.0,0.3,0,0
Woking,Left,0.0,4.114891054418029,0.0,0.0,3.8,0.0,0,0
Woking,Progressives,9.2,0.0,0.0,4.6418816959942575,0.0,0.0,0,0
Woking,Average,0.0,4.529689940319429,0.0,14.547092363860514,0.0,0.0,0,0
Woking,Liberal,0.0,0.0,0.0,30.711025940145227,0.0,0.0,0,0
Woking,Blues,0.0,6.2681603,0.0,0.0,0.0,0.0,0,0
Woking,Reforms,0.0,2.5263590052625453,10.2,0.0,0.0,0.0,0,0
Wokingham,Muslim,0.0,2.3629422,0.0,0.0,0.0,0.0,0,0
Wokingham,Left,0.0,3.745281186545403,0.0,0.0,3.6,0.0,0,0
Wokingham,Progressives,6.7,0.0,0.0,4.931867354484411,0.0,0.0,0,0
Wokingham,Average,0.0,13.939620007478574,0.0,3.18680641059641,0.0,0.0,0,0
Wokingham,Liberal,0.0,0.0,0.0,39.58132623491918,0.0,0.0,0,0
Wokingham,Blues,0.0,10.2449529,0.0,0.0,0.0,0.0,0,0
Wokingham,Reforms,0.0,1.9072037059760145,9.8,0.0,0.0,0.0,0,0
Wolverhampton North East,Muslim,0.0,3.0864316,0.0,0.0,0.0,0.0,0,0
Wolverhampton North East,Left,0.0,6.070843527412529,0.0,0.0,4.3,0.0,0,0
Wolverhampton North East,Progressives,21.78907083943614,0.0,0.0,0.0,0.0,0.0,0,0
Wolverhampton North East,Average,21.11092916056386,7.083888419804392,0.0,0.0,0.0,0.0,0,0
Wolverhampton North East,Liberal,0.0,6.934021206338311,0.0,3.0,0.0,0.0,0,0
Wolverhampton North East,Blues,0.0,1.5221924,0.0,0.0,0.0,0.0,0,0
Wolverhampton North East,Reforms,0.0,1.902622846444764,23.2,0.0,0.0,0.0,0,0
Wolverhampton South East,Muslim,2.6688193,0.0,0.0,0.0,0.0,2.7,0,0
Wolverhampton South East,Left,1.9785172832021471,4.164806737671816,0.0,0.0,4.9,0.0,0,0
Wolverhampton South East,Progressives,25.84331503405302,0.0,0.0,0.0,0.0,0.0,0,0
Wolverhampton South East,Average,19.80934838274483,0.0,0.0,0.0,0.0,0.0,0,0
Wolverhampton South East,Liberal,0.0,9.101674914033339,0.0,2.3,0.0,0.0,0,0
Wolverhampton South East,Blues,0.0,3.5608019,0.0,0.0,0.0,0.0,0,0
Wolverhampton South East,Reforms,0.0,0.07271644829484458,22.8,0.0,0.0,0.0,0,0
Wolverhampton West,Muslim,0.0,1.6967068000000012,0.0,0.0,0.0,6.5,0,0
Wolverhampton West,Left,0.0,4.726258739363701,0.0,0.0,5.8,0.0,0,0
Wolverhampton West,Progressives,32.62059422055744,0.0,0.0,0.0,0.0,0.0,0,0
Wolverhampton West,Average,11.679405779442554,1.6257115245891,0.0,0.0,0.0,0.0,0,0
Wolverhampton West,Liberal,0.0,13.09537770355405,0.0,3.2,0.0,0.0,0,0
Wolverhampton West,Blues,0.0,4.7258882,0.0,0.0,0.0,0.0,0,0
Wolverhampton West,Reforms,0.0,0.4300570324931492,13.9,0.0,0.0,0.0,0,0
Worcester,Muslim,0.0,3.1694708000000005,0.0,0.0,0.0,0.9,0,0
Worcester,Left,0.0,1.5604075691411694,0.0,0.0,10.4,0.0,0,0
Worcester,Progressives,10.227186767122404,0.0,0.0,0.0,0.0,0.0,0,0
Worcester,Average,30.272813232877596,2.0264288472790355,0.0,0.0,0.0,0.0,0,0
Worcester,Liberal,0.0,9.279936756329423,0.0,8.7,0.0,0.0,0,0
Worcester,Blues,0.0,0.4659632,0.0,0.0,0.0,0.0,0,0
Worcester,Reforms,0.0,8.39779282725039,14.6,0.0,0.0,0.0,0,0
Worsley and Eccles,Muslim,0.9959925999999997,0.0,0.0,0.0,0.0,2.7,0,0
Worsley and Eccles,Left,1.6798288705920337,0.0,0.0,0.0,7.7,0.0,0,0
Worsley and Eccles,Progressives,10.553174047848454,0.0,0.0,0.0,0.0,0.0,0,0
Worsley and Eccles,Average,29.7937279768464,0.0,0.0,0.0,0.0,0.0,0,0
Worsley and Eccles,Liberal,4.577276504713113,13.824058977180242,0.0,4.4,0.0,0.0,0,0
Worsley and Eccles,Blues,0.0,0.9940798,0.0,0.0,0.0,0.0,0,0
Worsley and Eccles,Reforms,0.0,1.1818612228197587,21.6,0.0,0.0,0.0,0,0
Worthing West,Muslim,0.0,0.7418931,0.0,0.0,0.0,0.7,0,0
Worthing West,Left,0.0,0.34588235294116965,0.0,0.0,6.4,0.0,0,0
Worthing West,Progressives,9.65694089237908,0.0,0.0,0.0,0.0,0.0,0,0
Worthing West,Average,30.543059107620923,8.489370653218177,0.0,0.0,0.0,0.0,0,0
Worthing West,Liberal,0.0,15.155783627563274,0.0,5.3,0.0,0.0,0,0
Worthing West,Blues,0.0,1.4601604,0.0,0.0,0.0,0.0,0,0
Worthing West,Reforms,0.0,6.30690986627738,14.8,0.0,0.0,0.0,0,0
Wycombe,Muslim,4.8193663,0.0,0.0,0.0,0.0,13.4,0,0
Wycombe,Left,2.0275354804270744,2.9406320600626454,0.0,0.0,4.9,0.0,0,0
Wycombe,Progressives,16.585580840167104,0.0,0.0,0.0,0.0,0.0,0,0
Wycombe,Average,12.46751737940582,0.0,0.0,0.0,0.0,0.0,0,0
Wycombe,Liberal,0.0,15.268586169447929,0.0,9.5,0.0,0.0,0,0
Wycombe,Blues,0.0,5.516205,0.0,0.0,0.0,0.0,0,0
Wycombe,Reforms,0.0,1.8745767704894263,10.7,0.0,0.0,0.0,0,0
Wyre Forest,Muslim,0.0,0.0,0.0,0.0,0.0,1.0392985,0,0
Wyre Forest,Left,0.0,0.0,0.0,0.0,5.4,2.2268783668840113,0,0
Wyre Forest,Progressives,6.446598785601701,0.0,0.0,0.0,0.0,0.0,0,0
Wyre Forest,Average,23.8534012143983,5.445475777069358,0.0,0.0,0.0,1.333823133115981,0,0
Wyre Forest,Liberal,0.0,14.59543684238254,0.0,6.2,0.0,0.0,0,0
Wyre Forest,Blues,0.0,4.425307200000001,0.0,0.0,0.0,0.0,0,0
Wyre Forest,Reforms,0.0,7.633780180548104,21.4,0.0,0.0,0.0,0,0
Wythenshawe and Sale East,Muslim,1.5639609587040946,0.0,0.0,0.0,1.0730648412959045,2.7,0,0
Wythenshawe and Sale East,Left,0.0,0.0,0.0,0.0,9.526935158704095,0.0,0,0
Wythenshawe and Sale East,Progressives,14.121098245823443,0.0,0.0,0.0,0.0,0.0,0,0
Wythenshawe and Sale East,Average,28.501649227150292,0.0,0.0,0.0,0.0,0.0,0,0
Wythenshawe and Sale East,Liberal,8.313291568322155,5.96591197514438,0.0,5.1,0.0,0.0,0,0
Wythenshawe and Sale East,Blues,0.0,2.4089614,0.0,0.0,0.0,0.0,0,0
Wythenshawe and Sale East,Reforms,0.0,5.425126624855622,15.3,0.0,0.0,0.0,0,0
Yeovil,Muslim,0.0,0.0,0.0,0.0,0.0,0.5454164,0,0
Yeovil,Left,0.0,1.9612566043897282,0.0,0.0,4.9,0.6545835999999999,0,0
Yeovil,Progressives,6.1,0.0,0.0,1.1357697384015575,0.0,0.0,0,0
Yeovil,Average,0.0,0.7324288541695481,0.0,27.547810337087714,0.0,0.0,0,0
Yeovil,Liberal,0.0,0.0,0.0,19.81641992451073,0.0,0.0,0,0
Yeovil,Blues,0.0,8.4946348,0.0,0.0,0.0,0.0,0,0
Yeovil,Reforms,0.0,12.311679741440724,15.7,0.0,0.0,0.0,0,0
York Central,Muslim,0.6280771999999999,0.0,0.0,0.0,0.0,1.0,0,0
York Central,Left,14.863372466198655,0.0,0.0,0.0,12.0,0.0,0,0
York Central,Progressives,12.088013161519088,0.0,0.0,0.0,0.0,0.0,0,0
York Central,Average,26.455092842686497,0.0,0.0,0.0,0.0,0.0,0,0
York Central,Liberal,2.5654443295957634,3.9475119019560694,0.0,7.0,0.0,0.0,0,0
York Central,Blues,0.0,0.7769744000000001,0.0,0.0,0.0,0.0,0,0
York Central,Reforms,0.0,7.675513698043931,10.9,0.0,0.0,0.0,0,0
York Outer,Muslim,0.0,0.0,0.0,0.0,0.0,0.7557617,0,0
York Outer,Left,4.407834208948136,0.0,0.0,0.0,4.3,0.3442383000000001,0,0
York Outer,Progressives,5.480919930155898,0.0,0.0,0.0,0.0,0.0,0,0
York Outer,Average,26.192933494534344,0.0,0.0,0.0,0.0,0.0,0,0
York Outer,Liberal,9.218312366361618,11.092231731101192,0.0,10.8,0.0,0.0,0,0
York Outer,Blues,0.0,6.461346900000001,0.0,0.0,0.0,0.0,0,0
York Outer,Reforms,0.0,9.346421368898804,11.6,0.0,0.0,0.0,0,0
